ISO-10303-21;
HEADER;
/* Generated by software containing ST-Developer
 * from STEP Tools, Inc. (www.steptools.com) 
 */
/* OPTION: using custom renumber hook */

FILE_DESCRIPTION(
/* description */ ('STEP AP242 Edition 2',
'CAx-IF Rec.Pracs.---Representation and Presentation of Product Manufa
cturing Information (PMI)---4.0---2014-10-13',
'CAx-IF Rec.Pracs.---3D Tessellated Geometry---0.4---2014-09-14','2;1',
'CAx-IF Rec.Pracs.---User Defined Attributes---1.5---2016-08-15'),
/* implementation_level */ '2;1');

FILE_NAME(
/* name */ 'Dish',
/* time_stamp */ '2026-09-04T21:59:32Z',
/* author */ (''),
/* organization */ (''),
/* preprocessor_version */ 'ST-DEVELOPER v20',
/* originating_system */ 'ONSHAPE BY PTC INC, 1.220',
/* authorisation */ '  ');

FILE_SCHEMA (('AP242_MANAGED_MODEL_BASED_3D_ENGINEERING_MIM_LF { 1 0 10303 442 3 1 4 }'));
ENDSEC;

DATA;
#10=SHAPE_REPRESENTATION_RELATIONSHIP('','',#1157,#11);
#11=ADVANCED_BREP_SHAPE_REPRESENTATION('',(#1155),#2167);
#12=B_SPLINE_CURVE_WITH_KNOTS('',3,(#2055,#2056,#2057,#2058,#2059),
 .UNSPECIFIED.,.F.,.F.,(4,1,4),(0.,0.000414243213332075,0.00082848642666415),
 .UNSPECIFIED.);
#13=B_SPLINE_CURVE_WITH_KNOTS('',3,(#2060,#2061,#2062,#2063,#2064),
 .UNSPECIFIED.,.F.,.F.,(4,1,4),(0.,0.000414243213332076,0.000828486426664152),
 .UNSPECIFIED.);
#14=B_SPLINE_CURVE_WITH_KNOTS('',3,(#2066,#2067,#2068,#2069,#2070),
 .UNSPECIFIED.,.F.,.F.,(4,1,4),(0.,0.000414243213332076,0.000828486426664152),
 .UNSPECIFIED.);
#15=B_SPLINE_CURVE_WITH_KNOTS('',3,(#2072,#2073,#2074,#2075,#2076),
 .UNSPECIFIED.,.F.,.F.,(4,1,4),(0.,0.000414243213332075,0.00082848642666415),
 .UNSPECIFIED.);
#16=B_SPLINE_CURVE_WITH_KNOTS('',3,(#2078,#2079,#2080,#2081,#2082),
 .UNSPECIFIED.,.F.,.F.,(4,1,4),(0.,0.000414243213332071,0.000828486426664142),
 .UNSPECIFIED.);
#17=B_SPLINE_CURVE_WITH_KNOTS('',3,(#2084,#2085,#2086,#2087,#2088),
 .UNSPECIFIED.,.F.,.F.,(4,1,4),(0.,0.000414243213332076,0.000828486426664153),
 .UNSPECIFIED.);
#18=B_SPLINE_CURVE_WITH_KNOTS('',3,(#2090,#2091,#2092,#2093,#2094),
 .UNSPECIFIED.,.F.,.F.,(4,1,4),(0.,0.000414243213332075,0.00082848642666415),
 .UNSPECIFIED.);
#19=B_SPLINE_CURVE_WITH_KNOTS('',3,(#2096,#2097,#2098,#2099,#2100),
 .UNSPECIFIED.,.F.,.F.,(4,1,4),(0.,0.000414243213332074,0.000828486426664148),
 .UNSPECIFIED.);
#20=B_SPLINE_CURVE_WITH_KNOTS('',3,(#2102,#2103,#2104,#2105,#2106),
 .UNSPECIFIED.,.F.,.F.,(4,1,4),(0.,0.000414243213332075,0.00082848642666415),
 .UNSPECIFIED.);
#21=B_SPLINE_CURVE_WITH_KNOTS('',3,(#2108,#2109,#2110,#2111,#2112),
 .UNSPECIFIED.,.F.,.F.,(4,1,4),(0.,0.000414243213332077,0.000828486426664153),
 .UNSPECIFIED.);
#22=B_SPLINE_CURVE_WITH_KNOTS('',3,(#2114,#2115,#2116,#2117,#2118),
 .UNSPECIFIED.,.F.,.F.,(4,1,4),(0.,0.000414243213332075,0.00082848642666415),
 .UNSPECIFIED.);
#23=B_SPLINE_CURVE_WITH_KNOTS('',3,(#2120,#2121,#2122,#2123,#2124),
 .UNSPECIFIED.,.F.,.F.,(4,1,4),(0.,0.000414243213332074,0.000828486426664148),
 .UNSPECIFIED.);
#24=B_SPLINE_CURVE_WITH_KNOTS('',3,(#2126,#2127,#2128,#2129,#2130),
 .UNSPECIFIED.,.F.,.F.,(4,1,4),(0.,0.000422917271143483,0.000845834542286966),
 .UNSPECIFIED.);
#25=B_SPLINE_CURVE_WITH_KNOTS('',3,(#2132,#2133,#2134,#2135,#2136),
 .UNSPECIFIED.,.F.,.F.,(4,1,4),(0.,0.000414243213332073,0.000828486426664147),
 .UNSPECIFIED.);
#26=B_SPLINE_CURVE_WITH_KNOTS('',3,(#2138,#2139,#2140,#2141,#2142),
 .UNSPECIFIED.,.F.,.F.,(4,1,4),(0.,0.000422917271143486,0.000845834542286971),
 .UNSPECIFIED.);
#27=B_SPLINE_CURVE_WITH_KNOTS('',3,(#2144,#2145,#2146,#2147,#2148),
 .UNSPECIFIED.,.F.,.F.,(4,1,4),(0.,0.000414243213332076,0.000828486426664152),
 .UNSPECIFIED.);
#28=TOROIDAL_SURFACE('',#1306,0.000703429836804435,0.000405);
#29=TOROIDAL_SURFACE('',#1307,0.000703429836804433,0.000405);
#30=TOROIDAL_SURFACE('',#1308,0.000703429836804432,0.000405);
#31=TOROIDAL_SURFACE('',#1309,0.000703429836804433,0.000405);
#32=TOROIDAL_SURFACE('',#1310,0.000703429836804433,0.000405);
#33=TOROIDAL_SURFACE('',#1311,0.000703429836804432,0.000405);
#34=TOROIDAL_SURFACE('',#1312,0.000703429836804433,0.000405);
#35=TOROIDAL_SURFACE('',#1313,0.000703429836804435,0.000405);
#36=TOROIDAL_SURFACE('',#1314,0.000703429836804435,0.000405);
#37=TOROIDAL_SURFACE('',#1315,0.000703429836804433,0.000405);
#38=TOROIDAL_SURFACE('',#1316,0.000703429836804432,0.000405);
#39=TOROIDAL_SURFACE('',#1317,0.000703429836804432,0.000405);
#40=TOROIDAL_SURFACE('',#1318,0.000703429836804433,0.000405);
#41=TOROIDAL_SURFACE('',#1319,0.000716329239906345,0.000405);
#42=TOROIDAL_SURFACE('',#1320,0.000703429836804434,0.000405);
#43=TOROIDAL_SURFACE('',#1321,0.000703429836804434,0.000405);
#44=PLANE('',#1207);
#45=PLANE('',#1240);
#46=PLANE('',#1289);
#47=CIRCLE('',#1160,0.00110842983680443);
#48=CIRCLE('',#1161,0.00110842983680443);
#49=CIRCLE('',#1163,0.00112132923990634);
#50=CIRCLE('',#1164,0.00112132923990634);
#51=CIRCLE('',#1166,0.00110842983680443);
#52=CIRCLE('',#1167,0.00110842983680443);
#53=CIRCLE('',#1169,0.00110842983680443);
#54=CIRCLE('',#1170,0.00110842983680443);
#55=CIRCLE('',#1172,0.00110842983680443);
#56=CIRCLE('',#1173,0.00110842983680443);
#57=CIRCLE('',#1175,0.00110842983680443);
#58=CIRCLE('',#1176,0.00110842983680443);
#59=CIRCLE('',#1178,0.00110842983680443);
#60=CIRCLE('',#1179,0.00110842983680443);
#61=CIRCLE('',#1181,0.00110842983680443);
#62=CIRCLE('',#1182,0.00110842983680443);
#63=CIRCLE('',#1184,0.00110842983680443);
#64=CIRCLE('',#1185,0.00110842983680443);
#65=CIRCLE('',#1187,0.00110842983680443);
#66=CIRCLE('',#1188,0.00110842983680443);
#67=CIRCLE('',#1190,0.00110842983680443);
#68=CIRCLE('',#1191,0.00110842983680443);
#69=CIRCLE('',#1193,0.00110842983680443);
#70=CIRCLE('',#1194,0.00110842983680443);
#71=CIRCLE('',#1196,0.00110842983680443);
#72=CIRCLE('',#1197,0.00110842983680443);
#73=CIRCLE('',#1199,0.00110842983680443);
#74=CIRCLE('',#1200,0.00110842983680443);
#75=CIRCLE('',#1202,0.00110842983680443);
#76=CIRCLE('',#1203,0.00110842983680443);
#77=CIRCLE('',#1205,0.00110842983680443);
#78=CIRCLE('',#1206,0.00110842983680443);
#79=CIRCLE('',#1208,0.000658429836804433);
#80=CIRCLE('',#1209,0.000225);
#81=CIRCLE('',#1210,0.000658429836804434);
#82=CIRCLE('',#1211,0.000225);
#83=CIRCLE('',#1212,0.000658429836804434);
#84=CIRCLE('',#1213,0.000225);
#85=CIRCLE('',#1214,0.000671329239906345);
#86=CIRCLE('',#1215,0.000225);
#87=CIRCLE('',#1216,0.000658429836804433);
#88=CIRCLE('',#1217,0.000225);
#89=CIRCLE('',#1218,0.000658429836804433);
#90=CIRCLE('',#1219,0.000225);
#91=CIRCLE('',#1220,0.000658429836804435);
#92=CIRCLE('',#1221,0.000225);
#93=CIRCLE('',#1222,0.000658429836804432);
#94=CIRCLE('',#1223,0.000225);
#95=CIRCLE('',#1224,0.000658429836804433);
#96=CIRCLE('',#1225,0.000225);
#97=CIRCLE('',#1226,0.000658429836804433);
#98=CIRCLE('',#1227,0.000225);
#99=CIRCLE('',#1228,0.000658429836804435);
#100=CIRCLE('',#1229,0.000225);
#101=CIRCLE('',#1230,0.000658429836804432);
#102=CIRCLE('',#1231,0.000225);
#103=CIRCLE('',#1232,0.000658429836804433);
#104=CIRCLE('',#1233,0.000225);
#105=CIRCLE('',#1234,0.000658429836804433);
#106=CIRCLE('',#1235,0.000225);
#107=CIRCLE('',#1236,0.000658429836804435);
#108=CIRCLE('',#1237,0.000225);
#109=CIRCLE('',#1238,0.000658429836804432);
#110=CIRCLE('',#1239,0.000225);
#111=CIRCLE('',#1241,0.000703429836804433);
#112=CIRCLE('',#1242,0.000703429836804433);
#113=CIRCLE('',#1243,0.000703429836804435);
#114=CIRCLE('',#1244,0.000703429836804432);
#115=CIRCLE('',#1245,0.000703429836804433);
#116=CIRCLE('',#1246,0.000703429836804434);
#117=CIRCLE('',#1247,0.000703429836804434);
#118=CIRCLE('',#1248,0.000716329239906345);
#119=CIRCLE('',#1249,0.000703429836804432);
#120=CIRCLE('',#1250,0.000703429836804433);
#121=CIRCLE('',#1251,0.000703429836804435);
#122=CIRCLE('',#1252,0.000703429836804432);
#123=CIRCLE('',#1253,0.000703429836804433);
#124=CIRCLE('',#1254,0.000703429836804433);
#125=CIRCLE('',#1255,0.000703429836804435);
#126=CIRCLE('',#1256,0.000703429836804432);
#127=CIRCLE('',#1258,0.000658429836804433);
#128=CIRCLE('',#1260,0.000671329239906345);
#129=CIRCLE('',#1262,0.000658429836804434);
#130=CIRCLE('',#1264,0.000658429836804434);
#131=CIRCLE('',#1266,0.000658429836804433);
#132=CIRCLE('',#1268,0.000658429836804432);
#133=CIRCLE('',#1270,0.000658429836804435);
#134=CIRCLE('',#1272,0.000658429836804433);
#135=CIRCLE('',#1274,0.000658429836804433);
#136=CIRCLE('',#1276,0.000658429836804432);
#137=CIRCLE('',#1278,0.000658429836804435);
#138=CIRCLE('',#1280,0.000658429836804433);
#139=CIRCLE('',#1282,0.000658429836804433);
#140=CIRCLE('',#1284,0.000658429836804432);
#141=CIRCLE('',#1286,0.000658429836804435);
#142=CIRCLE('',#1288,0.000658429836804433);
#143=CIRCLE('',#1290,0.000225);
#144=CIRCLE('',#1291,0.000225);
#145=CIRCLE('',#1292,0.000225);
#146=CIRCLE('',#1293,0.000225);
#147=CIRCLE('',#1294,0.000225);
#148=CIRCLE('',#1295,0.000225);
#149=CIRCLE('',#1296,0.000225);
#150=CIRCLE('',#1297,0.000225);
#151=CIRCLE('',#1298,0.000225);
#152=CIRCLE('',#1299,0.000225);
#153=CIRCLE('',#1300,0.000225);
#154=CIRCLE('',#1301,0.000225);
#155=CIRCLE('',#1302,0.000225);
#156=CIRCLE('',#1303,0.000225);
#157=CIRCLE('',#1304,0.000225);
#158=CIRCLE('',#1305,0.000225);
#159=ORIENTED_EDGE('',*,*,#511,.T.);
#160=ORIENTED_EDGE('',*,*,#512,.T.);
#161=ORIENTED_EDGE('',*,*,#513,.F.);
#162=ORIENTED_EDGE('',*,*,#514,.F.);
#163=ORIENTED_EDGE('',*,*,#513,.T.);
#164=ORIENTED_EDGE('',*,*,#515,.T.);
#165=ORIENTED_EDGE('',*,*,#516,.F.);
#166=ORIENTED_EDGE('',*,*,#517,.F.);
#167=ORIENTED_EDGE('',*,*,#516,.T.);
#168=ORIENTED_EDGE('',*,*,#518,.T.);
#169=ORIENTED_EDGE('',*,*,#519,.F.);
#170=ORIENTED_EDGE('',*,*,#520,.F.);
#171=ORIENTED_EDGE('',*,*,#519,.T.);
#172=ORIENTED_EDGE('',*,*,#521,.T.);
#173=ORIENTED_EDGE('',*,*,#522,.F.);
#174=ORIENTED_EDGE('',*,*,#523,.F.);
#175=ORIENTED_EDGE('',*,*,#522,.T.);
#176=ORIENTED_EDGE('',*,*,#524,.T.);
#177=ORIENTED_EDGE('',*,*,#525,.F.);
#178=ORIENTED_EDGE('',*,*,#526,.F.);
#179=ORIENTED_EDGE('',*,*,#525,.T.);
#180=ORIENTED_EDGE('',*,*,#527,.T.);
#181=ORIENTED_EDGE('',*,*,#528,.F.);
#182=ORIENTED_EDGE('',*,*,#529,.F.);
#183=ORIENTED_EDGE('',*,*,#528,.T.);
#184=ORIENTED_EDGE('',*,*,#530,.T.);
#185=ORIENTED_EDGE('',*,*,#531,.F.);
#186=ORIENTED_EDGE('',*,*,#532,.F.);
#187=ORIENTED_EDGE('',*,*,#531,.T.);
#188=ORIENTED_EDGE('',*,*,#533,.T.);
#189=ORIENTED_EDGE('',*,*,#534,.F.);
#190=ORIENTED_EDGE('',*,*,#535,.F.);
#191=ORIENTED_EDGE('',*,*,#534,.T.);
#192=ORIENTED_EDGE('',*,*,#536,.T.);
#193=ORIENTED_EDGE('',*,*,#537,.F.);
#194=ORIENTED_EDGE('',*,*,#538,.F.);
#195=ORIENTED_EDGE('',*,*,#537,.T.);
#196=ORIENTED_EDGE('',*,*,#539,.T.);
#197=ORIENTED_EDGE('',*,*,#540,.F.);
#198=ORIENTED_EDGE('',*,*,#541,.F.);
#199=ORIENTED_EDGE('',*,*,#540,.T.);
#200=ORIENTED_EDGE('',*,*,#542,.T.);
#201=ORIENTED_EDGE('',*,*,#543,.F.);
#202=ORIENTED_EDGE('',*,*,#544,.F.);
#203=ORIENTED_EDGE('',*,*,#543,.T.);
#204=ORIENTED_EDGE('',*,*,#545,.T.);
#205=ORIENTED_EDGE('',*,*,#546,.F.);
#206=ORIENTED_EDGE('',*,*,#547,.F.);
#207=ORIENTED_EDGE('',*,*,#546,.T.);
#208=ORIENTED_EDGE('',*,*,#548,.T.);
#209=ORIENTED_EDGE('',*,*,#549,.F.);
#210=ORIENTED_EDGE('',*,*,#550,.F.);
#211=ORIENTED_EDGE('',*,*,#549,.T.);
#212=ORIENTED_EDGE('',*,*,#551,.T.);
#213=ORIENTED_EDGE('',*,*,#552,.F.);
#214=ORIENTED_EDGE('',*,*,#553,.F.);
#215=ORIENTED_EDGE('',*,*,#552,.T.);
#216=ORIENTED_EDGE('',*,*,#554,.T.);
#217=ORIENTED_EDGE('',*,*,#555,.F.);
#218=ORIENTED_EDGE('',*,*,#556,.F.);
#219=ORIENTED_EDGE('',*,*,#555,.T.);
#220=ORIENTED_EDGE('',*,*,#557,.T.);
#221=ORIENTED_EDGE('',*,*,#511,.F.);
#222=ORIENTED_EDGE('',*,*,#558,.F.);
#223=ORIENTED_EDGE('',*,*,#559,.F.);
#224=ORIENTED_EDGE('',*,*,#560,.T.);
#225=ORIENTED_EDGE('',*,*,#561,.F.);
#226=ORIENTED_EDGE('',*,*,#562,.T.);
#227=ORIENTED_EDGE('',*,*,#563,.F.);
#228=ORIENTED_EDGE('',*,*,#564,.T.);
#229=ORIENTED_EDGE('',*,*,#565,.F.);
#230=ORIENTED_EDGE('',*,*,#566,.T.);
#231=ORIENTED_EDGE('',*,*,#567,.F.);
#232=ORIENTED_EDGE('',*,*,#568,.T.);
#233=ORIENTED_EDGE('',*,*,#569,.F.);
#234=ORIENTED_EDGE('',*,*,#570,.T.);
#235=ORIENTED_EDGE('',*,*,#571,.F.);
#236=ORIENTED_EDGE('',*,*,#572,.T.);
#237=ORIENTED_EDGE('',*,*,#573,.F.);
#238=ORIENTED_EDGE('',*,*,#574,.T.);
#239=ORIENTED_EDGE('',*,*,#575,.F.);
#240=ORIENTED_EDGE('',*,*,#576,.T.);
#241=ORIENTED_EDGE('',*,*,#577,.F.);
#242=ORIENTED_EDGE('',*,*,#578,.T.);
#243=ORIENTED_EDGE('',*,*,#579,.F.);
#244=ORIENTED_EDGE('',*,*,#580,.T.);
#245=ORIENTED_EDGE('',*,*,#581,.F.);
#246=ORIENTED_EDGE('',*,*,#582,.T.);
#247=ORIENTED_EDGE('',*,*,#583,.F.);
#248=ORIENTED_EDGE('',*,*,#584,.T.);
#249=ORIENTED_EDGE('',*,*,#585,.F.);
#250=ORIENTED_EDGE('',*,*,#586,.T.);
#251=ORIENTED_EDGE('',*,*,#587,.F.);
#252=ORIENTED_EDGE('',*,*,#588,.T.);
#253=ORIENTED_EDGE('',*,*,#589,.F.);
#254=ORIENTED_EDGE('',*,*,#590,.T.);
#255=ORIENTED_EDGE('',*,*,#514,.T.);
#256=ORIENTED_EDGE('',*,*,#517,.T.);
#257=ORIENTED_EDGE('',*,*,#520,.T.);
#258=ORIENTED_EDGE('',*,*,#523,.T.);
#259=ORIENTED_EDGE('',*,*,#526,.T.);
#260=ORIENTED_EDGE('',*,*,#529,.T.);
#261=ORIENTED_EDGE('',*,*,#532,.T.);
#262=ORIENTED_EDGE('',*,*,#535,.T.);
#263=ORIENTED_EDGE('',*,*,#538,.T.);
#264=ORIENTED_EDGE('',*,*,#541,.T.);
#265=ORIENTED_EDGE('',*,*,#544,.T.);
#266=ORIENTED_EDGE('',*,*,#547,.T.);
#267=ORIENTED_EDGE('',*,*,#550,.T.);
#268=ORIENTED_EDGE('',*,*,#553,.T.);
#269=ORIENTED_EDGE('',*,*,#556,.T.);
#270=ORIENTED_EDGE('',*,*,#558,.T.);
#271=ORIENTED_EDGE('',*,*,#591,.T.);
#272=ORIENTED_EDGE('',*,*,#592,.T.);
#273=ORIENTED_EDGE('',*,*,#593,.T.);
#274=ORIENTED_EDGE('',*,*,#594,.T.);
#275=ORIENTED_EDGE('',*,*,#595,.T.);
#276=ORIENTED_EDGE('',*,*,#596,.T.);
#277=ORIENTED_EDGE('',*,*,#597,.T.);
#278=ORIENTED_EDGE('',*,*,#598,.T.);
#279=ORIENTED_EDGE('',*,*,#599,.T.);
#280=ORIENTED_EDGE('',*,*,#600,.T.);
#281=ORIENTED_EDGE('',*,*,#601,.T.);
#282=ORIENTED_EDGE('',*,*,#602,.T.);
#283=ORIENTED_EDGE('',*,*,#603,.T.);
#284=ORIENTED_EDGE('',*,*,#604,.T.);
#285=ORIENTED_EDGE('',*,*,#605,.T.);
#286=ORIENTED_EDGE('',*,*,#606,.T.);
#287=ORIENTED_EDGE('',*,*,#567,.T.);
#288=ORIENTED_EDGE('',*,*,#607,.T.);
#289=ORIENTED_EDGE('',*,*,#608,.F.);
#290=ORIENTED_EDGE('',*,*,#609,.T.);
#291=ORIENTED_EDGE('',*,*,#565,.T.);
#292=ORIENTED_EDGE('',*,*,#610,.T.);
#293=ORIENTED_EDGE('',*,*,#611,.F.);
#294=ORIENTED_EDGE('',*,*,#612,.T.);
#295=ORIENTED_EDGE('',*,*,#563,.T.);
#296=ORIENTED_EDGE('',*,*,#613,.T.);
#297=ORIENTED_EDGE('',*,*,#614,.F.);
#298=ORIENTED_EDGE('',*,*,#615,.T.);
#299=ORIENTED_EDGE('',*,*,#561,.T.);
#300=ORIENTED_EDGE('',*,*,#616,.T.);
#301=ORIENTED_EDGE('',*,*,#617,.F.);
#302=ORIENTED_EDGE('',*,*,#618,.T.);
#303=ORIENTED_EDGE('',*,*,#619,.F.);
#304=ORIENTED_EDGE('',*,*,#620,.T.);
#305=ORIENTED_EDGE('',*,*,#559,.T.);
#306=ORIENTED_EDGE('',*,*,#621,.T.);
#307=ORIENTED_EDGE('',*,*,#622,.F.);
#308=ORIENTED_EDGE('',*,*,#623,.T.);
#309=ORIENTED_EDGE('',*,*,#589,.T.);
#310=ORIENTED_EDGE('',*,*,#624,.T.);
#311=ORIENTED_EDGE('',*,*,#587,.T.);
#312=ORIENTED_EDGE('',*,*,#625,.T.);
#313=ORIENTED_EDGE('',*,*,#626,.F.);
#314=ORIENTED_EDGE('',*,*,#627,.T.);
#315=ORIENTED_EDGE('',*,*,#585,.T.);
#316=ORIENTED_EDGE('',*,*,#628,.T.);
#317=ORIENTED_EDGE('',*,*,#629,.F.);
#318=ORIENTED_EDGE('',*,*,#630,.T.);
#319=ORIENTED_EDGE('',*,*,#583,.T.);
#320=ORIENTED_EDGE('',*,*,#631,.T.);
#321=ORIENTED_EDGE('',*,*,#632,.F.);
#322=ORIENTED_EDGE('',*,*,#633,.T.);
#323=ORIENTED_EDGE('',*,*,#581,.T.);
#324=ORIENTED_EDGE('',*,*,#634,.T.);
#325=ORIENTED_EDGE('',*,*,#635,.F.);
#326=ORIENTED_EDGE('',*,*,#636,.T.);
#327=ORIENTED_EDGE('',*,*,#579,.T.);
#328=ORIENTED_EDGE('',*,*,#637,.T.);
#329=ORIENTED_EDGE('',*,*,#638,.F.);
#330=ORIENTED_EDGE('',*,*,#639,.T.);
#331=ORIENTED_EDGE('',*,*,#577,.T.);
#332=ORIENTED_EDGE('',*,*,#640,.T.);
#333=ORIENTED_EDGE('',*,*,#641,.F.);
#334=ORIENTED_EDGE('',*,*,#642,.T.);
#335=ORIENTED_EDGE('',*,*,#575,.T.);
#336=ORIENTED_EDGE('',*,*,#643,.T.);
#337=ORIENTED_EDGE('',*,*,#644,.F.);
#338=ORIENTED_EDGE('',*,*,#645,.T.);
#339=ORIENTED_EDGE('',*,*,#573,.T.);
#340=ORIENTED_EDGE('',*,*,#646,.T.);
#341=ORIENTED_EDGE('',*,*,#647,.F.);
#342=ORIENTED_EDGE('',*,*,#648,.T.);
#343=ORIENTED_EDGE('',*,*,#571,.T.);
#344=ORIENTED_EDGE('',*,*,#649,.T.);
#345=ORIENTED_EDGE('',*,*,#650,.F.);
#346=ORIENTED_EDGE('',*,*,#651,.T.);
#347=ORIENTED_EDGE('',*,*,#569,.T.);
#348=ORIENTED_EDGE('',*,*,#652,.T.);
#349=ORIENTED_EDGE('',*,*,#653,.F.);
#350=ORIENTED_EDGE('',*,*,#654,.T.);
#351=ORIENTED_EDGE('',*,*,#653,.T.);
#352=ORIENTED_EDGE('',*,*,#655,.T.);
#353=ORIENTED_EDGE('',*,*,#608,.T.);
#354=ORIENTED_EDGE('',*,*,#656,.T.);
#355=ORIENTED_EDGE('',*,*,#611,.T.);
#356=ORIENTED_EDGE('',*,*,#657,.T.);
#357=ORIENTED_EDGE('',*,*,#614,.T.);
#358=ORIENTED_EDGE('',*,*,#658,.T.);
#359=ORIENTED_EDGE('',*,*,#617,.T.);
#360=ORIENTED_EDGE('',*,*,#659,.T.);
#361=ORIENTED_EDGE('',*,*,#619,.T.);
#362=ORIENTED_EDGE('',*,*,#660,.T.);
#363=ORIENTED_EDGE('',*,*,#622,.T.);
#364=ORIENTED_EDGE('',*,*,#661,.T.);
#365=ORIENTED_EDGE('',*,*,#626,.T.);
#366=ORIENTED_EDGE('',*,*,#662,.T.);
#367=ORIENTED_EDGE('',*,*,#629,.T.);
#368=ORIENTED_EDGE('',*,*,#663,.T.);
#369=ORIENTED_EDGE('',*,*,#632,.T.);
#370=ORIENTED_EDGE('',*,*,#664,.T.);
#371=ORIENTED_EDGE('',*,*,#635,.T.);
#372=ORIENTED_EDGE('',*,*,#665,.T.);
#373=ORIENTED_EDGE('',*,*,#638,.T.);
#374=ORIENTED_EDGE('',*,*,#666,.T.);
#375=ORIENTED_EDGE('',*,*,#641,.T.);
#376=ORIENTED_EDGE('',*,*,#667,.T.);
#377=ORIENTED_EDGE('',*,*,#644,.T.);
#378=ORIENTED_EDGE('',*,*,#668,.T.);
#379=ORIENTED_EDGE('',*,*,#647,.T.);
#380=ORIENTED_EDGE('',*,*,#669,.T.);
#381=ORIENTED_EDGE('',*,*,#650,.T.);
#382=ORIENTED_EDGE('',*,*,#670,.T.);
#383=ORIENTED_EDGE('',*,*,#671,.F.);
#384=ORIENTED_EDGE('',*,*,#605,.F.);
#385=ORIENTED_EDGE('',*,*,#672,.F.);
#386=ORIENTED_EDGE('',*,*,#542,.F.);
#387=ORIENTED_EDGE('',*,*,#672,.T.);
#388=ORIENTED_EDGE('',*,*,#604,.F.);
#389=ORIENTED_EDGE('',*,*,#673,.F.);
#390=ORIENTED_EDGE('',*,*,#545,.F.);
#391=ORIENTED_EDGE('',*,*,#671,.T.);
#392=ORIENTED_EDGE('',*,*,#539,.F.);
#393=ORIENTED_EDGE('',*,*,#674,.F.);
#394=ORIENTED_EDGE('',*,*,#606,.F.);
#395=ORIENTED_EDGE('',*,*,#673,.T.);
#396=ORIENTED_EDGE('',*,*,#603,.F.);
#397=ORIENTED_EDGE('',*,*,#675,.F.);
#398=ORIENTED_EDGE('',*,*,#548,.F.);
#399=ORIENTED_EDGE('',*,*,#674,.T.);
#400=ORIENTED_EDGE('',*,*,#536,.F.);
#401=ORIENTED_EDGE('',*,*,#676,.F.);
#402=ORIENTED_EDGE('',*,*,#591,.F.);
#403=ORIENTED_EDGE('',*,*,#675,.T.);
#404=ORIENTED_EDGE('',*,*,#602,.F.);
#405=ORIENTED_EDGE('',*,*,#677,.F.);
#406=ORIENTED_EDGE('',*,*,#551,.F.);
#407=ORIENTED_EDGE('',*,*,#676,.T.);
#408=ORIENTED_EDGE('',*,*,#533,.F.);
#409=ORIENTED_EDGE('',*,*,#678,.F.);
#410=ORIENTED_EDGE('',*,*,#592,.F.);
#411=ORIENTED_EDGE('',*,*,#677,.T.);
#412=ORIENTED_EDGE('',*,*,#601,.F.);
#413=ORIENTED_EDGE('',*,*,#679,.F.);
#414=ORIENTED_EDGE('',*,*,#554,.F.);
#415=ORIENTED_EDGE('',*,*,#678,.T.);
#416=ORIENTED_EDGE('',*,*,#530,.F.);
#417=ORIENTED_EDGE('',*,*,#680,.F.);
#418=ORIENTED_EDGE('',*,*,#593,.F.);
#419=ORIENTED_EDGE('',*,*,#679,.T.);
#420=ORIENTED_EDGE('',*,*,#600,.F.);
#421=ORIENTED_EDGE('',*,*,#681,.F.);
#422=ORIENTED_EDGE('',*,*,#557,.F.);
#423=ORIENTED_EDGE('',*,*,#680,.T.);
#424=ORIENTED_EDGE('',*,*,#527,.F.);
#425=ORIENTED_EDGE('',*,*,#682,.F.);
#426=ORIENTED_EDGE('',*,*,#594,.F.);
#427=ORIENTED_EDGE('',*,*,#681,.T.);
#428=ORIENTED_EDGE('',*,*,#599,.F.);
#429=ORIENTED_EDGE('',*,*,#683,.F.);
#430=ORIENTED_EDGE('',*,*,#512,.F.);
#431=ORIENTED_EDGE('',*,*,#682,.T.);
#432=ORIENTED_EDGE('',*,*,#524,.F.);
#433=ORIENTED_EDGE('',*,*,#684,.F.);
#434=ORIENTED_EDGE('',*,*,#595,.F.);
#435=ORIENTED_EDGE('',*,*,#683,.T.);
#436=ORIENTED_EDGE('',*,*,#598,.F.);
#437=ORIENTED_EDGE('',*,*,#685,.F.);
#438=ORIENTED_EDGE('',*,*,#515,.F.);
#439=ORIENTED_EDGE('',*,*,#684,.T.);
#440=ORIENTED_EDGE('',*,*,#521,.F.);
#441=ORIENTED_EDGE('',*,*,#686,.F.);
#442=ORIENTED_EDGE('',*,*,#596,.F.);
#443=ORIENTED_EDGE('',*,*,#685,.T.);
#444=ORIENTED_EDGE('',*,*,#597,.F.);
#445=ORIENTED_EDGE('',*,*,#686,.T.);
#446=ORIENTED_EDGE('',*,*,#518,.F.);
#447=ORIENTED_EDGE('',*,*,#560,.F.);
#448=ORIENTED_EDGE('',*,*,#620,.F.);
#449=ORIENTED_EDGE('',*,*,#659,.F.);
#450=ORIENTED_EDGE('',*,*,#616,.F.);
#451=ORIENTED_EDGE('',*,*,#562,.F.);
#452=ORIENTED_EDGE('',*,*,#618,.F.);
#453=ORIENTED_EDGE('',*,*,#658,.F.);
#454=ORIENTED_EDGE('',*,*,#613,.F.);
#455=ORIENTED_EDGE('',*,*,#564,.F.);
#456=ORIENTED_EDGE('',*,*,#615,.F.);
#457=ORIENTED_EDGE('',*,*,#657,.F.);
#458=ORIENTED_EDGE('',*,*,#610,.F.);
#459=ORIENTED_EDGE('',*,*,#566,.F.);
#460=ORIENTED_EDGE('',*,*,#612,.F.);
#461=ORIENTED_EDGE('',*,*,#656,.F.);
#462=ORIENTED_EDGE('',*,*,#607,.F.);
#463=ORIENTED_EDGE('',*,*,#568,.F.);
#464=ORIENTED_EDGE('',*,*,#609,.F.);
#465=ORIENTED_EDGE('',*,*,#655,.F.);
#466=ORIENTED_EDGE('',*,*,#652,.F.);
#467=ORIENTED_EDGE('',*,*,#570,.F.);
#468=ORIENTED_EDGE('',*,*,#654,.F.);
#469=ORIENTED_EDGE('',*,*,#670,.F.);
#470=ORIENTED_EDGE('',*,*,#649,.F.);
#471=ORIENTED_EDGE('',*,*,#572,.F.);
#472=ORIENTED_EDGE('',*,*,#651,.F.);
#473=ORIENTED_EDGE('',*,*,#669,.F.);
#474=ORIENTED_EDGE('',*,*,#646,.F.);
#475=ORIENTED_EDGE('',*,*,#574,.F.);
#476=ORIENTED_EDGE('',*,*,#648,.F.);
#477=ORIENTED_EDGE('',*,*,#668,.F.);
#478=ORIENTED_EDGE('',*,*,#643,.F.);
#479=ORIENTED_EDGE('',*,*,#576,.F.);
#480=ORIENTED_EDGE('',*,*,#645,.F.);
#481=ORIENTED_EDGE('',*,*,#667,.F.);
#482=ORIENTED_EDGE('',*,*,#640,.F.);
#483=ORIENTED_EDGE('',*,*,#578,.F.);
#484=ORIENTED_EDGE('',*,*,#642,.F.);
#485=ORIENTED_EDGE('',*,*,#666,.F.);
#486=ORIENTED_EDGE('',*,*,#637,.F.);
#487=ORIENTED_EDGE('',*,*,#580,.F.);
#488=ORIENTED_EDGE('',*,*,#639,.F.);
#489=ORIENTED_EDGE('',*,*,#665,.F.);
#490=ORIENTED_EDGE('',*,*,#634,.F.);
#491=ORIENTED_EDGE('',*,*,#582,.F.);
#492=ORIENTED_EDGE('',*,*,#636,.F.);
#493=ORIENTED_EDGE('',*,*,#664,.F.);
#494=ORIENTED_EDGE('',*,*,#631,.F.);
#495=ORIENTED_EDGE('',*,*,#584,.F.);
#496=ORIENTED_EDGE('',*,*,#633,.F.);
#497=ORIENTED_EDGE('',*,*,#663,.F.);
#498=ORIENTED_EDGE('',*,*,#628,.F.);
#499=ORIENTED_EDGE('',*,*,#586,.F.);
#500=ORIENTED_EDGE('',*,*,#630,.F.);
#501=ORIENTED_EDGE('',*,*,#662,.F.);
#502=ORIENTED_EDGE('',*,*,#625,.F.);
#503=ORIENTED_EDGE('',*,*,#590,.F.);
#504=ORIENTED_EDGE('',*,*,#623,.F.);
#505=ORIENTED_EDGE('',*,*,#660,.F.);
#506=ORIENTED_EDGE('',*,*,#621,.F.);
#507=ORIENTED_EDGE('',*,*,#588,.F.);
#508=ORIENTED_EDGE('',*,*,#627,.F.);
#509=ORIENTED_EDGE('',*,*,#661,.F.);
#510=ORIENTED_EDGE('',*,*,#624,.F.);
#511=EDGE_CURVE('',#687,#688,#799,.T.);
#512=EDGE_CURVE('',#688,#689,#47,.T.);
#513=EDGE_CURVE('',#690,#689,#800,.T.);
#514=EDGE_CURVE('',#687,#690,#48,.T.);
#515=EDGE_CURVE('',#689,#691,#49,.T.);
#516=EDGE_CURVE('',#692,#691,#801,.T.);
#517=EDGE_CURVE('',#690,#692,#50,.T.);
#518=EDGE_CURVE('',#691,#693,#51,.T.);
#519=EDGE_CURVE('',#694,#693,#802,.T.);
#520=EDGE_CURVE('',#692,#694,#52,.T.);
#521=EDGE_CURVE('',#693,#695,#53,.T.);
#522=EDGE_CURVE('',#696,#695,#803,.T.);
#523=EDGE_CURVE('',#694,#696,#54,.T.);
#524=EDGE_CURVE('',#695,#697,#55,.T.);
#525=EDGE_CURVE('',#698,#697,#804,.T.);
#526=EDGE_CURVE('',#696,#698,#56,.T.);
#527=EDGE_CURVE('',#697,#699,#57,.T.);
#528=EDGE_CURVE('',#700,#699,#805,.T.);
#529=EDGE_CURVE('',#698,#700,#58,.T.);
#530=EDGE_CURVE('',#699,#701,#59,.T.);
#531=EDGE_CURVE('',#702,#701,#806,.T.);
#532=EDGE_CURVE('',#700,#702,#60,.T.);
#533=EDGE_CURVE('',#701,#703,#61,.T.);
#534=EDGE_CURVE('',#704,#703,#807,.T.);
#535=EDGE_CURVE('',#702,#704,#62,.T.);
#536=EDGE_CURVE('',#703,#705,#63,.T.);
#537=EDGE_CURVE('',#706,#705,#808,.T.);
#538=EDGE_CURVE('',#704,#706,#64,.T.);
#539=EDGE_CURVE('',#705,#707,#65,.T.);
#540=EDGE_CURVE('',#708,#707,#809,.T.);
#541=EDGE_CURVE('',#706,#708,#66,.T.);
#542=EDGE_CURVE('',#707,#709,#67,.T.);
#543=EDGE_CURVE('',#710,#709,#810,.T.);
#544=EDGE_CURVE('',#708,#710,#68,.T.);
#545=EDGE_CURVE('',#709,#711,#69,.T.);
#546=EDGE_CURVE('',#712,#711,#811,.T.);
#547=EDGE_CURVE('',#710,#712,#70,.T.);
#548=EDGE_CURVE('',#711,#713,#71,.T.);
#549=EDGE_CURVE('',#714,#713,#812,.T.);
#550=EDGE_CURVE('',#712,#714,#72,.T.);
#551=EDGE_CURVE('',#713,#715,#73,.T.);
#552=EDGE_CURVE('',#716,#715,#813,.T.);
#553=EDGE_CURVE('',#714,#716,#74,.T.);
#554=EDGE_CURVE('',#715,#717,#75,.T.);
#555=EDGE_CURVE('',#718,#717,#814,.T.);
#556=EDGE_CURVE('',#716,#718,#76,.T.);
#557=EDGE_CURVE('',#717,#688,#77,.T.);
#558=EDGE_CURVE('',#718,#687,#78,.T.);
#559=EDGE_CURVE('',#719,#720,#79,.T.);
#560=EDGE_CURVE('',#719,#721,#80,.T.);
#561=EDGE_CURVE('',#722,#721,#81,.T.);
#562=EDGE_CURVE('',#722,#723,#82,.T.);
#563=EDGE_CURVE('',#724,#723,#83,.T.);
#564=EDGE_CURVE('',#724,#725,#84,.T.);
#565=EDGE_CURVE('',#726,#725,#85,.T.);
#566=EDGE_CURVE('',#726,#727,#86,.T.);
#567=EDGE_CURVE('',#728,#727,#87,.T.);
#568=EDGE_CURVE('',#728,#729,#88,.T.);
#569=EDGE_CURVE('',#730,#729,#89,.T.);
#570=EDGE_CURVE('',#730,#731,#90,.T.);
#571=EDGE_CURVE('',#732,#731,#91,.T.);
#572=EDGE_CURVE('',#732,#733,#92,.T.);
#573=EDGE_CURVE('',#734,#733,#93,.T.);
#574=EDGE_CURVE('',#734,#735,#94,.T.);
#575=EDGE_CURVE('',#736,#735,#95,.T.);
#576=EDGE_CURVE('',#736,#737,#96,.T.);
#577=EDGE_CURVE('',#738,#737,#97,.T.);
#578=EDGE_CURVE('',#738,#739,#98,.T.);
#579=EDGE_CURVE('',#740,#739,#99,.T.);
#580=EDGE_CURVE('',#740,#741,#100,.T.);
#581=EDGE_CURVE('',#742,#741,#101,.T.);
#582=EDGE_CURVE('',#742,#743,#102,.T.);
#583=EDGE_CURVE('',#744,#743,#103,.T.);
#584=EDGE_CURVE('',#744,#745,#104,.T.);
#585=EDGE_CURVE('',#746,#745,#105,.T.);
#586=EDGE_CURVE('',#746,#747,#106,.T.);
#587=EDGE_CURVE('',#748,#747,#107,.T.);
#588=EDGE_CURVE('',#748,#749,#108,.T.);
#589=EDGE_CURVE('',#750,#749,#109,.T.);
#590=EDGE_CURVE('',#750,#720,#110,.T.);
#591=EDGE_CURVE('',#751,#752,#111,.F.);
#592=EDGE_CURVE('',#752,#753,#112,.F.);
#593=EDGE_CURVE('',#753,#754,#113,.F.);
#594=EDGE_CURVE('',#754,#755,#114,.F.);
#595=EDGE_CURVE('',#755,#756,#115,.F.);
#596=EDGE_CURVE('',#756,#757,#116,.F.);
#597=EDGE_CURVE('',#757,#758,#117,.F.);
#598=EDGE_CURVE('',#758,#759,#118,.F.);
#599=EDGE_CURVE('',#759,#760,#119,.F.);
#600=EDGE_CURVE('',#760,#761,#120,.F.);
#601=EDGE_CURVE('',#761,#762,#121,.F.);
#602=EDGE_CURVE('',#762,#763,#122,.F.);
#603=EDGE_CURVE('',#763,#764,#123,.F.);
#604=EDGE_CURVE('',#764,#765,#124,.F.);
#605=EDGE_CURVE('',#765,#766,#125,.F.);
#606=EDGE_CURVE('',#766,#751,#126,.F.);
#607=EDGE_CURVE('',#727,#767,#815,.T.);
#608=EDGE_CURVE('',#768,#767,#127,.T.);
#609=EDGE_CURVE('',#768,#728,#816,.F.);
#610=EDGE_CURVE('',#725,#769,#817,.T.);
#611=EDGE_CURVE('',#770,#769,#128,.T.);
#612=EDGE_CURVE('',#770,#726,#818,.F.);
#613=EDGE_CURVE('',#723,#771,#819,.T.);
#614=EDGE_CURVE('',#772,#771,#129,.T.);
#615=EDGE_CURVE('',#772,#724,#820,.F.);
#616=EDGE_CURVE('',#721,#773,#821,.T.);
#617=EDGE_CURVE('',#774,#773,#130,.T.);
#618=EDGE_CURVE('',#774,#722,#822,.F.);
#619=EDGE_CURVE('',#775,#776,#131,.T.);
#620=EDGE_CURVE('',#775,#719,#823,.F.);
#621=EDGE_CURVE('',#720,#776,#824,.T.);
#622=EDGE_CURVE('',#777,#778,#132,.T.);
#623=EDGE_CURVE('',#777,#750,#825,.F.);
#624=EDGE_CURVE('',#749,#778,#826,.T.);
#625=EDGE_CURVE('',#747,#779,#827,.T.);
#626=EDGE_CURVE('',#780,#779,#133,.T.);
#627=EDGE_CURVE('',#780,#748,#828,.F.);
#628=EDGE_CURVE('',#745,#781,#829,.T.);
#629=EDGE_CURVE('',#782,#781,#134,.T.);
#630=EDGE_CURVE('',#782,#746,#830,.F.);
#631=EDGE_CURVE('',#743,#783,#831,.T.);
#632=EDGE_CURVE('',#784,#783,#135,.T.);
#633=EDGE_CURVE('',#784,#744,#832,.F.);
#634=EDGE_CURVE('',#741,#785,#833,.T.);
#635=EDGE_CURVE('',#786,#785,#136,.T.);
#636=EDGE_CURVE('',#786,#742,#834,.F.);
#637=EDGE_CURVE('',#739,#787,#835,.T.);
#638=EDGE_CURVE('',#788,#787,#137,.T.);
#639=EDGE_CURVE('',#788,#740,#836,.F.);
#640=EDGE_CURVE('',#737,#789,#837,.T.);
#641=EDGE_CURVE('',#790,#789,#138,.T.);
#642=EDGE_CURVE('',#790,#738,#838,.F.);
#643=EDGE_CURVE('',#735,#791,#839,.T.);
#644=EDGE_CURVE('',#792,#791,#139,.T.);
#645=EDGE_CURVE('',#792,#736,#840,.F.);
#646=EDGE_CURVE('',#733,#793,#841,.T.);
#647=EDGE_CURVE('',#794,#793,#140,.T.);
#648=EDGE_CURVE('',#794,#734,#842,.F.);
#649=EDGE_CURVE('',#731,#795,#843,.T.);
#650=EDGE_CURVE('',#796,#795,#141,.T.);
#651=EDGE_CURVE('',#796,#732,#844,.F.);
#652=EDGE_CURVE('',#729,#797,#845,.T.);
#653=EDGE_CURVE('',#798,#797,#142,.T.);
#654=EDGE_CURVE('',#798,#730,#846,.F.);
#655=EDGE_CURVE('',#797,#768,#143,.F.);
#656=EDGE_CURVE('',#767,#770,#144,.F.);
#657=EDGE_CURVE('',#769,#772,#145,.F.);
#658=EDGE_CURVE('',#771,#774,#146,.F.);
#659=EDGE_CURVE('',#773,#775,#147,.F.);
#660=EDGE_CURVE('',#776,#777,#148,.F.);
#661=EDGE_CURVE('',#778,#780,#149,.F.);
#662=EDGE_CURVE('',#779,#782,#150,.F.);
#663=EDGE_CURVE('',#781,#784,#151,.F.);
#664=EDGE_CURVE('',#783,#786,#152,.F.);
#665=EDGE_CURVE('',#785,#788,#153,.F.);
#666=EDGE_CURVE('',#787,#790,#154,.F.);
#667=EDGE_CURVE('',#789,#792,#155,.F.);
#668=EDGE_CURVE('',#791,#794,#156,.F.);
#669=EDGE_CURVE('',#793,#796,#157,.F.);
#670=EDGE_CURVE('',#795,#798,#158,.F.);
#671=EDGE_CURVE('',#766,#707,#12,.F.);
#672=EDGE_CURVE('',#709,#765,#13,.T.);
#673=EDGE_CURVE('',#711,#764,#14,.T.);
#674=EDGE_CURVE('',#751,#705,#15,.F.);
#675=EDGE_CURVE('',#713,#763,#16,.T.);
#676=EDGE_CURVE('',#752,#703,#17,.F.);
#677=EDGE_CURVE('',#715,#762,#18,.T.);
#678=EDGE_CURVE('',#753,#701,#19,.F.);
#679=EDGE_CURVE('',#717,#761,#20,.T.);
#680=EDGE_CURVE('',#754,#699,#21,.F.);
#681=EDGE_CURVE('',#688,#760,#22,.T.);
#682=EDGE_CURVE('',#755,#697,#23,.F.);
#683=EDGE_CURVE('',#689,#759,#24,.T.);
#684=EDGE_CURVE('',#756,#695,#25,.F.);
#685=EDGE_CURVE('',#691,#758,#26,.T.);
#686=EDGE_CURVE('',#757,#693,#27,.F.);
#687=VERTEX_POINT('',#1749);
#688=VERTEX_POINT('',#1750);
#689=VERTEX_POINT('',#1752);
#690=VERTEX_POINT('',#1754);
#691=VERTEX_POINT('',#1758);
#692=VERTEX_POINT('',#1760);
#693=VERTEX_POINT('',#1764);
#694=VERTEX_POINT('',#1766);
#695=VERTEX_POINT('',#1770);
#696=VERTEX_POINT('',#1772);
#697=VERTEX_POINT('',#1776);
#698=VERTEX_POINT('',#1778);
#699=VERTEX_POINT('',#1782);
#700=VERTEX_POINT('',#1784);
#701=VERTEX_POINT('',#1788);
#702=VERTEX_POINT('',#1790);
#703=VERTEX_POINT('',#1794);
#704=VERTEX_POINT('',#1796);
#705=VERTEX_POINT('',#1800);
#706=VERTEX_POINT('',#1802);
#707=VERTEX_POINT('',#1806);
#708=VERTEX_POINT('',#1808);
#709=VERTEX_POINT('',#1812);
#710=VERTEX_POINT('',#1814);
#711=VERTEX_POINT('',#1818);
#712=VERTEX_POINT('',#1820);
#713=VERTEX_POINT('',#1824);
#714=VERTEX_POINT('',#1826);
#715=VERTEX_POINT('',#1830);
#716=VERTEX_POINT('',#1832);
#717=VERTEX_POINT('',#1836);
#718=VERTEX_POINT('',#1838);
#719=VERTEX_POINT('',#1845);
#720=VERTEX_POINT('',#1846);
#721=VERTEX_POINT('',#1848);
#722=VERTEX_POINT('',#1850);
#723=VERTEX_POINT('',#1852);
#724=VERTEX_POINT('',#1854);
#725=VERTEX_POINT('',#1856);
#726=VERTEX_POINT('',#1858);
#727=VERTEX_POINT('',#1860);
#728=VERTEX_POINT('',#1862);
#729=VERTEX_POINT('',#1864);
#730=VERTEX_POINT('',#1866);
#731=VERTEX_POINT('',#1868);
#732=VERTEX_POINT('',#1870);
#733=VERTEX_POINT('',#1872);
#734=VERTEX_POINT('',#1874);
#735=VERTEX_POINT('',#1876);
#736=VERTEX_POINT('',#1878);
#737=VERTEX_POINT('',#1880);
#738=VERTEX_POINT('',#1882);
#739=VERTEX_POINT('',#1884);
#740=VERTEX_POINT('',#1886);
#741=VERTEX_POINT('',#1888);
#742=VERTEX_POINT('',#1890);
#743=VERTEX_POINT('',#1892);
#744=VERTEX_POINT('',#1894);
#745=VERTEX_POINT('',#1896);
#746=VERTEX_POINT('',#1898);
#747=VERTEX_POINT('',#1900);
#748=VERTEX_POINT('',#1902);
#749=VERTEX_POINT('',#1904);
#750=VERTEX_POINT('',#1906);
#751=VERTEX_POINT('',#1910);
#752=VERTEX_POINT('',#1911);
#753=VERTEX_POINT('',#1913);
#754=VERTEX_POINT('',#1915);
#755=VERTEX_POINT('',#1917);
#756=VERTEX_POINT('',#1919);
#757=VERTEX_POINT('',#1921);
#758=VERTEX_POINT('',#1923);
#759=VERTEX_POINT('',#1925);
#760=VERTEX_POINT('',#1927);
#761=VERTEX_POINT('',#1929);
#762=VERTEX_POINT('',#1931);
#763=VERTEX_POINT('',#1933);
#764=VERTEX_POINT('',#1935);
#765=VERTEX_POINT('',#1937);
#766=VERTEX_POINT('',#1939);
#767=VERTEX_POINT('',#1943);
#768=VERTEX_POINT('',#1945);
#769=VERTEX_POINT('',#1949);
#770=VERTEX_POINT('',#1951);
#771=VERTEX_POINT('',#1955);
#772=VERTEX_POINT('',#1957);
#773=VERTEX_POINT('',#1961);
#774=VERTEX_POINT('',#1963);
#775=VERTEX_POINT('',#1967);
#776=VERTEX_POINT('',#1968);
#777=VERTEX_POINT('',#1973);
#778=VERTEX_POINT('',#1974);
#779=VERTEX_POINT('',#1979);
#780=VERTEX_POINT('',#1981);
#781=VERTEX_POINT('',#1985);
#782=VERTEX_POINT('',#1987);
#783=VERTEX_POINT('',#1991);
#784=VERTEX_POINT('',#1993);
#785=VERTEX_POINT('',#1997);
#786=VERTEX_POINT('',#1999);
#787=VERTEX_POINT('',#2003);
#788=VERTEX_POINT('',#2005);
#789=VERTEX_POINT('',#2009);
#790=VERTEX_POINT('',#2011);
#791=VERTEX_POINT('',#2015);
#792=VERTEX_POINT('',#2017);
#793=VERTEX_POINT('',#2021);
#794=VERTEX_POINT('',#2023);
#795=VERTEX_POINT('',#2027);
#796=VERTEX_POINT('',#2029);
#797=VERTEX_POINT('',#2033);
#798=VERTEX_POINT('',#2035);
#799=LINE('',#1748,#847);
#800=LINE('',#1753,#848);
#801=LINE('',#1759,#849);
#802=LINE('',#1765,#850);
#803=LINE('',#1771,#851);
#804=LINE('',#1777,#852);
#805=LINE('',#1783,#853);
#806=LINE('',#1789,#854);
#807=LINE('',#1795,#855);
#808=LINE('',#1801,#856);
#809=LINE('',#1807,#857);
#810=LINE('',#1813,#858);
#811=LINE('',#1819,#859);
#812=LINE('',#1825,#860);
#813=LINE('',#1831,#861);
#814=LINE('',#1837,#862);
#815=LINE('',#1942,#863);
#816=LINE('',#1946,#864);
#817=LINE('',#1948,#865);
#818=LINE('',#1952,#866);
#819=LINE('',#1954,#867);
#820=LINE('',#1958,#868);
#821=LINE('',#1960,#869);
#822=LINE('',#1964,#870);
#823=LINE('',#1969,#871);
#824=LINE('',#1970,#872);
#825=LINE('',#1975,#873);
#826=LINE('',#1976,#874);
#827=LINE('',#1978,#875);
#828=LINE('',#1982,#876);
#829=LINE('',#1984,#877);
#830=LINE('',#1988,#878);
#831=LINE('',#1990,#879);
#832=LINE('',#1994,#880);
#833=LINE('',#1996,#881);
#834=LINE('',#2000,#882);
#835=LINE('',#2002,#883);
#836=LINE('',#2006,#884);
#837=LINE('',#2008,#885);
#838=LINE('',#2012,#886);
#839=LINE('',#2014,#887);
#840=LINE('',#2018,#888);
#841=LINE('',#2020,#889);
#842=LINE('',#2024,#890);
#843=LINE('',#2026,#891);
#844=LINE('',#2030,#892);
#845=LINE('',#2032,#893);
#846=LINE('',#2036,#894);
#847=VECTOR('',#1342,1.);
#848=VECTOR('',#1345,1.);
#849=VECTOR('',#1352,1.);
#850=VECTOR('',#1359,1.);
#851=VECTOR('',#1366,1.);
#852=VECTOR('',#1373,1.);
#853=VECTOR('',#1380,1.);
#854=VECTOR('',#1387,1.);
#855=VECTOR('',#1394,1.);
#856=VECTOR('',#1401,1.);
#857=VECTOR('',#1408,1.);
#858=VECTOR('',#1415,1.);
#859=VECTOR('',#1422,1.);
#860=VECTOR('',#1429,1.);
#861=VECTOR('',#1436,1.);
#862=VECTOR('',#1443,1.);
#863=VECTOR('',#1554,1.);
#864=VECTOR('',#1557,1.);
#865=VECTOR('',#1560,1.);
#866=VECTOR('',#1563,1.);
#867=VECTOR('',#1566,1.);
#868=VECTOR('',#1569,1.);
#869=VECTOR('',#1572,1.);
#870=VECTOR('',#1575,1.);
#871=VECTOR('',#1580,1.);
#872=VECTOR('',#1581,1.);
#873=VECTOR('',#1586,1.);
#874=VECTOR('',#1587,1.);
#875=VECTOR('',#1590,1.);
#876=VECTOR('',#1593,1.);
#877=VECTOR('',#1596,1.);
#878=VECTOR('',#1599,1.);
#879=VECTOR('',#1602,1.);
#880=VECTOR('',#1605,1.);
#881=VECTOR('',#1608,1.);
#882=VECTOR('',#1611,1.);
#883=VECTOR('',#1614,1.);
#884=VECTOR('',#1617,1.);
#885=VECTOR('',#1620,1.);
#886=VECTOR('',#1623,1.);
#887=VECTOR('',#1626,1.);
#888=VECTOR('',#1629,1.);
#889=VECTOR('',#1632,1.);
#890=VECTOR('',#1635,1.);
#891=VECTOR('',#1638,1.);
#892=VECTOR('',#1641,1.);
#893=VECTOR('',#1644,1.);
#894=VECTOR('',#1647,1.);
#895=EDGE_LOOP('',(#159,#160,#161,#162));
#896=EDGE_LOOP('',(#163,#164,#165,#166));
#897=EDGE_LOOP('',(#167,#168,#169,#170));
#898=EDGE_LOOP('',(#171,#172,#173,#174));
#899=EDGE_LOOP('',(#175,#176,#177,#178));
#900=EDGE_LOOP('',(#179,#180,#181,#182));
#901=EDGE_LOOP('',(#183,#184,#185,#186));
#902=EDGE_LOOP('',(#187,#188,#189,#190));
#903=EDGE_LOOP('',(#191,#192,#193,#194));
#904=EDGE_LOOP('',(#195,#196,#197,#198));
#905=EDGE_LOOP('',(#199,#200,#201,#202));
#906=EDGE_LOOP('',(#203,#204,#205,#206));
#907=EDGE_LOOP('',(#207,#208,#209,#210));
#908=EDGE_LOOP('',(#211,#212,#213,#214));
#909=EDGE_LOOP('',(#215,#216,#217,#218));
#910=EDGE_LOOP('',(#219,#220,#221,#222));
#911=EDGE_LOOP('',(#223,#224,#225,#226,#227,#228,#229,#230,#231,#232,#233,
#234,#235,#236,#237,#238,#239,#240,#241,#242,#243,#244,#245,#246,#247,#248,
#249,#250,#251,#252,#253,#254));
#912=EDGE_LOOP('',(#255,#256,#257,#258,#259,#260,#261,#262,#263,#264,#265,
#266,#267,#268,#269,#270));
#913=EDGE_LOOP('',(#271,#272,#273,#274,#275,#276,#277,#278,#279,#280,#281,
#282,#283,#284,#285,#286));
#914=EDGE_LOOP('',(#287,#288,#289,#290));
#915=EDGE_LOOP('',(#291,#292,#293,#294));
#916=EDGE_LOOP('',(#295,#296,#297,#298));
#917=EDGE_LOOP('',(#299,#300,#301,#302));
#918=EDGE_LOOP('',(#303,#304,#305,#306));
#919=EDGE_LOOP('',(#307,#308,#309,#310));
#920=EDGE_LOOP('',(#311,#312,#313,#314));
#921=EDGE_LOOP('',(#315,#316,#317,#318));
#922=EDGE_LOOP('',(#319,#320,#321,#322));
#923=EDGE_LOOP('',(#323,#324,#325,#326));
#924=EDGE_LOOP('',(#327,#328,#329,#330));
#925=EDGE_LOOP('',(#331,#332,#333,#334));
#926=EDGE_LOOP('',(#335,#336,#337,#338));
#927=EDGE_LOOP('',(#339,#340,#341,#342));
#928=EDGE_LOOP('',(#343,#344,#345,#346));
#929=EDGE_LOOP('',(#347,#348,#349,#350));
#930=EDGE_LOOP('',(#351,#352,#353,#354,#355,#356,#357,#358,#359,#360,#361,
#362,#363,#364,#365,#366,#367,#368,#369,#370,#371,#372,#373,#374,#375,#376,
#377,#378,#379,#380,#381,#382));
#931=EDGE_LOOP('',(#383,#384,#385,#386));
#932=EDGE_LOOP('',(#387,#388,#389,#390));
#933=EDGE_LOOP('',(#391,#392,#393,#394));
#934=EDGE_LOOP('',(#395,#396,#397,#398));
#935=EDGE_LOOP('',(#399,#400,#401,#402));
#936=EDGE_LOOP('',(#403,#404,#405,#406));
#937=EDGE_LOOP('',(#407,#408,#409,#410));
#938=EDGE_LOOP('',(#411,#412,#413,#414));
#939=EDGE_LOOP('',(#415,#416,#417,#418));
#940=EDGE_LOOP('',(#419,#420,#421,#422));
#941=EDGE_LOOP('',(#423,#424,#425,#426));
#942=EDGE_LOOP('',(#427,#428,#429,#430));
#943=EDGE_LOOP('',(#431,#432,#433,#434));
#944=EDGE_LOOP('',(#435,#436,#437,#438));
#945=EDGE_LOOP('',(#439,#440,#441,#442));
#946=EDGE_LOOP('',(#443,#444,#445,#446));
#947=EDGE_LOOP('',(#447,#448,#449,#450));
#948=EDGE_LOOP('',(#451,#452,#453,#454));
#949=EDGE_LOOP('',(#455,#456,#457,#458));
#950=EDGE_LOOP('',(#459,#460,#461,#462));
#951=EDGE_LOOP('',(#463,#464,#465,#466));
#952=EDGE_LOOP('',(#467,#468,#469,#470));
#953=EDGE_LOOP('',(#471,#472,#473,#474));
#954=EDGE_LOOP('',(#475,#476,#477,#478));
#955=EDGE_LOOP('',(#479,#480,#481,#482));
#956=EDGE_LOOP('',(#483,#484,#485,#486));
#957=EDGE_LOOP('',(#487,#488,#489,#490));
#958=EDGE_LOOP('',(#491,#492,#493,#494));
#959=EDGE_LOOP('',(#495,#496,#497,#498));
#960=EDGE_LOOP('',(#499,#500,#501,#502));
#961=EDGE_LOOP('',(#503,#504,#505,#506));
#962=EDGE_LOOP('',(#507,#508,#509,#510));
#963=FACE_BOUND('',#895,.T.);
#964=FACE_BOUND('',#896,.T.);
#965=FACE_BOUND('',#897,.T.);
#966=FACE_BOUND('',#898,.T.);
#967=FACE_BOUND('',#899,.T.);
#968=FACE_BOUND('',#900,.T.);
#969=FACE_BOUND('',#901,.T.);
#970=FACE_BOUND('',#902,.T.);
#971=FACE_BOUND('',#903,.T.);
#972=FACE_BOUND('',#904,.T.);
#973=FACE_BOUND('',#905,.T.);
#974=FACE_BOUND('',#906,.T.);
#975=FACE_BOUND('',#907,.T.);
#976=FACE_BOUND('',#908,.T.);
#977=FACE_BOUND('',#909,.T.);
#978=FACE_BOUND('',#910,.T.);
#979=FACE_BOUND('',#911,.T.);
#980=FACE_BOUND('',#912,.T.);
#981=FACE_BOUND('',#913,.T.);
#982=FACE_BOUND('',#914,.T.);
#983=FACE_BOUND('',#915,.T.);
#984=FACE_BOUND('',#916,.T.);
#985=FACE_BOUND('',#917,.T.);
#986=FACE_BOUND('',#918,.T.);
#987=FACE_BOUND('',#919,.T.);
#988=FACE_BOUND('',#920,.T.);
#989=FACE_BOUND('',#921,.T.);
#990=FACE_BOUND('',#922,.T.);
#991=FACE_BOUND('',#923,.T.);
#992=FACE_BOUND('',#924,.T.);
#993=FACE_BOUND('',#925,.T.);
#994=FACE_BOUND('',#926,.T.);
#995=FACE_BOUND('',#927,.T.);
#996=FACE_BOUND('',#928,.T.);
#997=FACE_BOUND('',#929,.T.);
#998=FACE_BOUND('',#930,.T.);
#999=FACE_BOUND('',#931,.T.);
#1000=FACE_BOUND('',#932,.T.);
#1001=FACE_BOUND('',#933,.T.);
#1002=FACE_BOUND('',#934,.T.);
#1003=FACE_BOUND('',#935,.T.);
#1004=FACE_BOUND('',#936,.T.);
#1005=FACE_BOUND('',#937,.T.);
#1006=FACE_BOUND('',#938,.T.);
#1007=FACE_BOUND('',#939,.T.);
#1008=FACE_BOUND('',#940,.T.);
#1009=FACE_BOUND('',#941,.T.);
#1010=FACE_BOUND('',#942,.T.);
#1011=FACE_BOUND('',#943,.T.);
#1012=FACE_BOUND('',#944,.T.);
#1013=FACE_BOUND('',#945,.T.);
#1014=FACE_BOUND('',#946,.T.);
#1015=FACE_BOUND('',#947,.T.);
#1016=FACE_BOUND('',#948,.T.);
#1017=FACE_BOUND('',#949,.T.);
#1018=FACE_BOUND('',#950,.T.);
#1019=FACE_BOUND('',#951,.T.);
#1020=FACE_BOUND('',#952,.T.);
#1021=FACE_BOUND('',#953,.T.);
#1022=FACE_BOUND('',#954,.T.);
#1023=FACE_BOUND('',#955,.T.);
#1024=FACE_BOUND('',#956,.T.);
#1025=FACE_BOUND('',#957,.T.);
#1026=FACE_BOUND('',#958,.T.);
#1027=FACE_BOUND('',#959,.T.);
#1028=FACE_BOUND('',#960,.T.);
#1029=FACE_BOUND('',#961,.T.);
#1030=FACE_BOUND('',#962,.T.);
#1031=CYLINDRICAL_SURFACE('',#1159,0.00110842983680443);
#1032=CYLINDRICAL_SURFACE('',#1162,0.00112132923990634);
#1033=CYLINDRICAL_SURFACE('',#1165,0.00110842983680443);
#1034=CYLINDRICAL_SURFACE('',#1168,0.00110842983680443);
#1035=CYLINDRICAL_SURFACE('',#1171,0.00110842983680443);
#1036=CYLINDRICAL_SURFACE('',#1174,0.00110842983680443);
#1037=CYLINDRICAL_SURFACE('',#1177,0.00110842983680443);
#1038=CYLINDRICAL_SURFACE('',#1180,0.00110842983680443);
#1039=CYLINDRICAL_SURFACE('',#1183,0.00110842983680443);
#1040=CYLINDRICAL_SURFACE('',#1186,0.00110842983680443);
#1041=CYLINDRICAL_SURFACE('',#1189,0.00110842983680443);
#1042=CYLINDRICAL_SURFACE('',#1192,0.00110842983680443);
#1043=CYLINDRICAL_SURFACE('',#1195,0.00110842983680443);
#1044=CYLINDRICAL_SURFACE('',#1198,0.00110842983680443);
#1045=CYLINDRICAL_SURFACE('',#1201,0.00110842983680443);
#1046=CYLINDRICAL_SURFACE('',#1204,0.00110842983680443);
#1047=CYLINDRICAL_SURFACE('',#1257,0.000658429836804433);
#1048=CYLINDRICAL_SURFACE('',#1259,0.000671329239906345);
#1049=CYLINDRICAL_SURFACE('',#1261,0.000658429836804434);
#1050=CYLINDRICAL_SURFACE('',#1263,0.000658429836804434);
#1051=CYLINDRICAL_SURFACE('',#1265,0.000658429836804433);
#1052=CYLINDRICAL_SURFACE('',#1267,0.000658429836804432);
#1053=CYLINDRICAL_SURFACE('',#1269,0.000658429836804435);
#1054=CYLINDRICAL_SURFACE('',#1271,0.000658429836804433);
#1055=CYLINDRICAL_SURFACE('',#1273,0.000658429836804433);
#1056=CYLINDRICAL_SURFACE('',#1275,0.000658429836804432);
#1057=CYLINDRICAL_SURFACE('',#1277,0.000658429836804435);
#1058=CYLINDRICAL_SURFACE('',#1279,0.000658429836804433);
#1059=CYLINDRICAL_SURFACE('',#1281,0.000658429836804433);
#1060=CYLINDRICAL_SURFACE('',#1283,0.000658429836804432);
#1061=CYLINDRICAL_SURFACE('',#1285,0.000658429836804435);
#1062=CYLINDRICAL_SURFACE('',#1287,0.000658429836804433);
#1063=CYLINDRICAL_SURFACE('',#1322,0.000225);
#1064=CYLINDRICAL_SURFACE('',#1323,0.000225);
#1065=CYLINDRICAL_SURFACE('',#1324,0.000225);
#1066=CYLINDRICAL_SURFACE('',#1325,0.000225);
#1067=CYLINDRICAL_SURFACE('',#1326,0.000225);
#1068=CYLINDRICAL_SURFACE('',#1327,0.000225);
#1069=CYLINDRICAL_SURFACE('',#1328,0.000225);
#1070=CYLINDRICAL_SURFACE('',#1329,0.000225);
#1071=CYLINDRICAL_SURFACE('',#1330,0.000225);
#1072=CYLINDRICAL_SURFACE('',#1331,0.000225);
#1073=CYLINDRICAL_SURFACE('',#1332,0.000225);
#1074=CYLINDRICAL_SURFACE('',#1333,0.000225);
#1075=CYLINDRICAL_SURFACE('',#1334,0.000225);
#1076=CYLINDRICAL_SURFACE('',#1335,0.000225);
#1077=CYLINDRICAL_SURFACE('',#1336,0.000225);
#1078=CYLINDRICAL_SURFACE('',#1337,0.000225);
#1079=ADVANCED_FACE('',(#963),#1031,.T.);
#1080=ADVANCED_FACE('',(#964),#1032,.T.);
#1081=ADVANCED_FACE('',(#965),#1033,.T.);
#1082=ADVANCED_FACE('',(#966),#1034,.T.);
#1083=ADVANCED_FACE('',(#967),#1035,.T.);
#1084=ADVANCED_FACE('',(#968),#1036,.T.);
#1085=ADVANCED_FACE('',(#969),#1037,.T.);
#1086=ADVANCED_FACE('',(#970),#1038,.T.);
#1087=ADVANCED_FACE('',(#971),#1039,.T.);
#1088=ADVANCED_FACE('',(#972),#1040,.T.);
#1089=ADVANCED_FACE('',(#973),#1041,.T.);
#1090=ADVANCED_FACE('',(#974),#1042,.T.);
#1091=ADVANCED_FACE('',(#975),#1043,.T.);
#1092=ADVANCED_FACE('',(#976),#1044,.T.);
#1093=ADVANCED_FACE('',(#977),#1045,.T.);
#1094=ADVANCED_FACE('',(#978),#1046,.T.);
#1095=ADVANCED_FACE('',(#979,#980),#44,.T.);
#1096=ADVANCED_FACE('',(#981),#45,.F.);
#1097=ADVANCED_FACE('',(#982),#1047,.F.);
#1098=ADVANCED_FACE('',(#983),#1048,.F.);
#1099=ADVANCED_FACE('',(#984),#1049,.F.);
#1100=ADVANCED_FACE('',(#985),#1050,.F.);
#1101=ADVANCED_FACE('',(#986),#1051,.F.);
#1102=ADVANCED_FACE('',(#987),#1052,.F.);
#1103=ADVANCED_FACE('',(#988),#1053,.F.);
#1104=ADVANCED_FACE('',(#989),#1054,.F.);
#1105=ADVANCED_FACE('',(#990),#1055,.F.);
#1106=ADVANCED_FACE('',(#991),#1056,.F.);
#1107=ADVANCED_FACE('',(#992),#1057,.F.);
#1108=ADVANCED_FACE('',(#993),#1058,.F.);
#1109=ADVANCED_FACE('',(#994),#1059,.F.);
#1110=ADVANCED_FACE('',(#995),#1060,.F.);
#1111=ADVANCED_FACE('',(#996),#1061,.F.);
#1112=ADVANCED_FACE('',(#997),#1062,.F.);
#1113=ADVANCED_FACE('',(#998),#46,.T.);
#1114=ADVANCED_FACE('',(#999),#28,.T.);
#1115=ADVANCED_FACE('',(#1000),#29,.T.);
#1116=ADVANCED_FACE('',(#1001),#30,.T.);
#1117=ADVANCED_FACE('',(#1002),#31,.T.);
#1118=ADVANCED_FACE('',(#1003),#32,.T.);
#1119=ADVANCED_FACE('',(#1004),#33,.T.);
#1120=ADVANCED_FACE('',(#1005),#34,.T.);
#1121=ADVANCED_FACE('',(#1006),#35,.T.);
#1122=ADVANCED_FACE('',(#1007),#36,.T.);
#1123=ADVANCED_FACE('',(#1008),#37,.T.);
#1124=ADVANCED_FACE('',(#1009),#38,.T.);
#1125=ADVANCED_FACE('',(#1010),#39,.T.);
#1126=ADVANCED_FACE('',(#1011),#40,.T.);
#1127=ADVANCED_FACE('',(#1012),#41,.T.);
#1128=ADVANCED_FACE('',(#1013),#42,.T.);
#1129=ADVANCED_FACE('',(#1014),#43,.T.);
#1130=ADVANCED_FACE('',(#1015),#1063,.T.);
#1131=ADVANCED_FACE('',(#1016),#1064,.T.);
#1132=ADVANCED_FACE('',(#1017),#1065,.T.);
#1133=ADVANCED_FACE('',(#1018),#1066,.T.);
#1134=ADVANCED_FACE('',(#1019),#1067,.T.);
#1135=ADVANCED_FACE('',(#1020),#1068,.T.);
#1136=ADVANCED_FACE('',(#1021),#1069,.T.);
#1137=ADVANCED_FACE('',(#1022),#1070,.T.);
#1138=ADVANCED_FACE('',(#1023),#1071,.T.);
#1139=ADVANCED_FACE('',(#1024),#1072,.T.);
#1140=ADVANCED_FACE('',(#1025),#1073,.T.);
#1141=ADVANCED_FACE('',(#1026),#1074,.T.);
#1142=ADVANCED_FACE('',(#1027),#1075,.T.);
#1143=ADVANCED_FACE('',(#1028),#1076,.T.);
#1144=ADVANCED_FACE('',(#1029),#1077,.T.);
#1145=ADVANCED_FACE('',(#1030),#1078,.T.);
#1146=CLOSED_SHELL('',(#1079,#1080,#1081,#1082,#1083,#1084,#1085,#1086,
#1087,#1088,#1089,#1090,#1091,#1092,#1093,#1094,#1095,#1096,#1097,#1098,
#1099,#1100,#1101,#1102,#1103,#1104,#1105,#1106,#1107,#1108,#1109,#1110,
#1111,#1112,#1113,#1114,#1115,#1116,#1117,#1118,#1119,#1120,#1121,#1122,
#1123,#1124,#1125,#1126,#1127,#1128,#1129,#1130,#1131,#1132,#1133,#1134,
#1135,#1136,#1137,#1138,#1139,#1140,#1141,#1142,#1143,#1144,#1145));
#1147=STYLED_ITEM('',(#1148),#1155);
#1148=PRESENTATION_STYLE_ASSIGNMENT((#1149));
#1149=SURFACE_STYLE_USAGE(.BOTH.,#1150);
#1150=SURFACE_SIDE_STYLE('',(#1151));
#1151=SURFACE_STYLE_FILL_AREA(#1152);
#1152=FILL_AREA_STYLE('',(#1153));
#1153=FILL_AREA_STYLE_COLOUR('',#1154);
#1154=COLOUR_RGB('',0.615686274509804,0.811764705882353,0.929411764705882);
#1155=MANIFOLD_SOLID_BREP('Part 1',#1146);
#1156=SHAPE_DEFINITION_REPRESENTATION(#2172,#1157);
#1157=SHAPE_REPRESENTATION('Part 1',(#1158),#2167);
#1158=AXIS2_PLACEMENT_3D('',#1746,#1338,#1339);
#1159=AXIS2_PLACEMENT_3D('',#1747,#1340,#1341);
#1160=AXIS2_PLACEMENT_3D('',#1751,#1343,#1344);
#1161=AXIS2_PLACEMENT_3D('',#1755,#1346,#1347);
#1162=AXIS2_PLACEMENT_3D('',#1756,#1348,#1349);
#1163=AXIS2_PLACEMENT_3D('',#1757,#1350,#1351);
#1164=AXIS2_PLACEMENT_3D('',#1761,#1353,#1354);
#1165=AXIS2_PLACEMENT_3D('',#1762,#1355,#1356);
#1166=AXIS2_PLACEMENT_3D('',#1763,#1357,#1358);
#1167=AXIS2_PLACEMENT_3D('',#1767,#1360,#1361);
#1168=AXIS2_PLACEMENT_3D('',#1768,#1362,#1363);
#1169=AXIS2_PLACEMENT_3D('',#1769,#1364,#1365);
#1170=AXIS2_PLACEMENT_3D('',#1773,#1367,#1368);
#1171=AXIS2_PLACEMENT_3D('',#1774,#1369,#1370);
#1172=AXIS2_PLACEMENT_3D('',#1775,#1371,#1372);
#1173=AXIS2_PLACEMENT_3D('',#1779,#1374,#1375);
#1174=AXIS2_PLACEMENT_3D('',#1780,#1376,#1377);
#1175=AXIS2_PLACEMENT_3D('',#1781,#1378,#1379);
#1176=AXIS2_PLACEMENT_3D('',#1785,#1381,#1382);
#1177=AXIS2_PLACEMENT_3D('',#1786,#1383,#1384);
#1178=AXIS2_PLACEMENT_3D('',#1787,#1385,#1386);
#1179=AXIS2_PLACEMENT_3D('',#1791,#1388,#1389);
#1180=AXIS2_PLACEMENT_3D('',#1792,#1390,#1391);
#1181=AXIS2_PLACEMENT_3D('',#1793,#1392,#1393);
#1182=AXIS2_PLACEMENT_3D('',#1797,#1395,#1396);
#1183=AXIS2_PLACEMENT_3D('',#1798,#1397,#1398);
#1184=AXIS2_PLACEMENT_3D('',#1799,#1399,#1400);
#1185=AXIS2_PLACEMENT_3D('',#1803,#1402,#1403);
#1186=AXIS2_PLACEMENT_3D('',#1804,#1404,#1405);
#1187=AXIS2_PLACEMENT_3D('',#1805,#1406,#1407);
#1188=AXIS2_PLACEMENT_3D('',#1809,#1409,#1410);
#1189=AXIS2_PLACEMENT_3D('',#1810,#1411,#1412);
#1190=AXIS2_PLACEMENT_3D('',#1811,#1413,#1414);
#1191=AXIS2_PLACEMENT_3D('',#1815,#1416,#1417);
#1192=AXIS2_PLACEMENT_3D('',#1816,#1418,#1419);
#1193=AXIS2_PLACEMENT_3D('',#1817,#1420,#1421);
#1194=AXIS2_PLACEMENT_3D('',#1821,#1423,#1424);
#1195=AXIS2_PLACEMENT_3D('',#1822,#1425,#1426);
#1196=AXIS2_PLACEMENT_3D('',#1823,#1427,#1428);
#1197=AXIS2_PLACEMENT_3D('',#1827,#1430,#1431);
#1198=AXIS2_PLACEMENT_3D('',#1828,#1432,#1433);
#1199=AXIS2_PLACEMENT_3D('',#1829,#1434,#1435);
#1200=AXIS2_PLACEMENT_3D('',#1833,#1437,#1438);
#1201=AXIS2_PLACEMENT_3D('',#1834,#1439,#1440);
#1202=AXIS2_PLACEMENT_3D('',#1835,#1441,#1442);
#1203=AXIS2_PLACEMENT_3D('',#1839,#1444,#1445);
#1204=AXIS2_PLACEMENT_3D('',#1840,#1446,#1447);
#1205=AXIS2_PLACEMENT_3D('',#1841,#1448,#1449);
#1206=AXIS2_PLACEMENT_3D('',#1842,#1450,#1451);
#1207=AXIS2_PLACEMENT_3D('',#1843,#1452,#1453);
#1208=AXIS2_PLACEMENT_3D('',#1844,#1454,#1455);
#1209=AXIS2_PLACEMENT_3D('',#1847,#1456,#1457);
#1210=AXIS2_PLACEMENT_3D('',#1849,#1458,#1459);
#1211=AXIS2_PLACEMENT_3D('',#1851,#1460,#1461);
#1212=AXIS2_PLACEMENT_3D('',#1853,#1462,#1463);
#1213=AXIS2_PLACEMENT_3D('',#1855,#1464,#1465);
#1214=AXIS2_PLACEMENT_3D('',#1857,#1466,#1467);
#1215=AXIS2_PLACEMENT_3D('',#1859,#1468,#1469);
#1216=AXIS2_PLACEMENT_3D('',#1861,#1470,#1471);
#1217=AXIS2_PLACEMENT_3D('',#1863,#1472,#1473);
#1218=AXIS2_PLACEMENT_3D('',#1865,#1474,#1475);
#1219=AXIS2_PLACEMENT_3D('',#1867,#1476,#1477);
#1220=AXIS2_PLACEMENT_3D('',#1869,#1478,#1479);
#1221=AXIS2_PLACEMENT_3D('',#1871,#1480,#1481);
#1222=AXIS2_PLACEMENT_3D('',#1873,#1482,#1483);
#1223=AXIS2_PLACEMENT_3D('',#1875,#1484,#1485);
#1224=AXIS2_PLACEMENT_3D('',#1877,#1486,#1487);
#1225=AXIS2_PLACEMENT_3D('',#1879,#1488,#1489);
#1226=AXIS2_PLACEMENT_3D('',#1881,#1490,#1491);
#1227=AXIS2_PLACEMENT_3D('',#1883,#1492,#1493);
#1228=AXIS2_PLACEMENT_3D('',#1885,#1494,#1495);
#1229=AXIS2_PLACEMENT_3D('',#1887,#1496,#1497);
#1230=AXIS2_PLACEMENT_3D('',#1889,#1498,#1499);
#1231=AXIS2_PLACEMENT_3D('',#1891,#1500,#1501);
#1232=AXIS2_PLACEMENT_3D('',#1893,#1502,#1503);
#1233=AXIS2_PLACEMENT_3D('',#1895,#1504,#1505);
#1234=AXIS2_PLACEMENT_3D('',#1897,#1506,#1507);
#1235=AXIS2_PLACEMENT_3D('',#1899,#1508,#1509);
#1236=AXIS2_PLACEMENT_3D('',#1901,#1510,#1511);
#1237=AXIS2_PLACEMENT_3D('',#1903,#1512,#1513);
#1238=AXIS2_PLACEMENT_3D('',#1905,#1514,#1515);
#1239=AXIS2_PLACEMENT_3D('',#1907,#1516,#1517);
#1240=AXIS2_PLACEMENT_3D('',#1908,#1518,#1519);
#1241=AXIS2_PLACEMENT_3D('',#1909,#1520,#1521);
#1242=AXIS2_PLACEMENT_3D('',#1912,#1522,#1523);
#1243=AXIS2_PLACEMENT_3D('',#1914,#1524,#1525);
#1244=AXIS2_PLACEMENT_3D('',#1916,#1526,#1527);
#1245=AXIS2_PLACEMENT_3D('',#1918,#1528,#1529);
#1246=AXIS2_PLACEMENT_3D('',#1920,#1530,#1531);
#1247=AXIS2_PLACEMENT_3D('',#1922,#1532,#1533);
#1248=AXIS2_PLACEMENT_3D('',#1924,#1534,#1535);
#1249=AXIS2_PLACEMENT_3D('',#1926,#1536,#1537);
#1250=AXIS2_PLACEMENT_3D('',#1928,#1538,#1539);
#1251=AXIS2_PLACEMENT_3D('',#1930,#1540,#1541);
#1252=AXIS2_PLACEMENT_3D('',#1932,#1542,#1543);
#1253=AXIS2_PLACEMENT_3D('',#1934,#1544,#1545);
#1254=AXIS2_PLACEMENT_3D('',#1936,#1546,#1547);
#1255=AXIS2_PLACEMENT_3D('',#1938,#1548,#1549);
#1256=AXIS2_PLACEMENT_3D('',#1940,#1550,#1551);
#1257=AXIS2_PLACEMENT_3D('',#1941,#1552,#1553);
#1258=AXIS2_PLACEMENT_3D('',#1944,#1555,#1556);
#1259=AXIS2_PLACEMENT_3D('',#1947,#1558,#1559);
#1260=AXIS2_PLACEMENT_3D('',#1950,#1561,#1562);
#1261=AXIS2_PLACEMENT_3D('',#1953,#1564,#1565);
#1262=AXIS2_PLACEMENT_3D('',#1956,#1567,#1568);
#1263=AXIS2_PLACEMENT_3D('',#1959,#1570,#1571);
#1264=AXIS2_PLACEMENT_3D('',#1962,#1573,#1574);
#1265=AXIS2_PLACEMENT_3D('',#1965,#1576,#1577);
#1266=AXIS2_PLACEMENT_3D('',#1966,#1578,#1579);
#1267=AXIS2_PLACEMENT_3D('',#1971,#1582,#1583);
#1268=AXIS2_PLACEMENT_3D('',#1972,#1584,#1585);
#1269=AXIS2_PLACEMENT_3D('',#1977,#1588,#1589);
#1270=AXIS2_PLACEMENT_3D('',#1980,#1591,#1592);
#1271=AXIS2_PLACEMENT_3D('',#1983,#1594,#1595);
#1272=AXIS2_PLACEMENT_3D('',#1986,#1597,#1598);
#1273=AXIS2_PLACEMENT_3D('',#1989,#1600,#1601);
#1274=AXIS2_PLACEMENT_3D('',#1992,#1603,#1604);
#1275=AXIS2_PLACEMENT_3D('',#1995,#1606,#1607);
#1276=AXIS2_PLACEMENT_3D('',#1998,#1609,#1610);
#1277=AXIS2_PLACEMENT_3D('',#2001,#1612,#1613);
#1278=AXIS2_PLACEMENT_3D('',#2004,#1615,#1616);
#1279=AXIS2_PLACEMENT_3D('',#2007,#1618,#1619);
#1280=AXIS2_PLACEMENT_3D('',#2010,#1621,#1622);
#1281=AXIS2_PLACEMENT_3D('',#2013,#1624,#1625);
#1282=AXIS2_PLACEMENT_3D('',#2016,#1627,#1628);
#1283=AXIS2_PLACEMENT_3D('',#2019,#1630,#1631);
#1284=AXIS2_PLACEMENT_3D('',#2022,#1633,#1634);
#1285=AXIS2_PLACEMENT_3D('',#2025,#1636,#1637);
#1286=AXIS2_PLACEMENT_3D('',#2028,#1639,#1640);
#1287=AXIS2_PLACEMENT_3D('',#2031,#1642,#1643);
#1288=AXIS2_PLACEMENT_3D('',#2034,#1645,#1646);
#1289=AXIS2_PLACEMENT_3D('',#2037,#1648,#1649);
#1290=AXIS2_PLACEMENT_3D('',#2038,#1650,#1651);
#1291=AXIS2_PLACEMENT_3D('',#2039,#1652,#1653);
#1292=AXIS2_PLACEMENT_3D('',#2040,#1654,#1655);
#1293=AXIS2_PLACEMENT_3D('',#2041,#1656,#1657);
#1294=AXIS2_PLACEMENT_3D('',#2042,#1658,#1659);
#1295=AXIS2_PLACEMENT_3D('',#2043,#1660,#1661);
#1296=AXIS2_PLACEMENT_3D('',#2044,#1662,#1663);
#1297=AXIS2_PLACEMENT_3D('',#2045,#1664,#1665);
#1298=AXIS2_PLACEMENT_3D('',#2046,#1666,#1667);
#1299=AXIS2_PLACEMENT_3D('',#2047,#1668,#1669);
#1300=AXIS2_PLACEMENT_3D('',#2048,#1670,#1671);
#1301=AXIS2_PLACEMENT_3D('',#2049,#1672,#1673);
#1302=AXIS2_PLACEMENT_3D('',#2050,#1674,#1675);
#1303=AXIS2_PLACEMENT_3D('',#2051,#1676,#1677);
#1304=AXIS2_PLACEMENT_3D('',#2052,#1678,#1679);
#1305=AXIS2_PLACEMENT_3D('',#2053,#1680,#1681);
#1306=AXIS2_PLACEMENT_3D('',#2054,#1682,#1683);
#1307=AXIS2_PLACEMENT_3D('',#2065,#1684,#1685);
#1308=AXIS2_PLACEMENT_3D('',#2071,#1686,#1687);
#1309=AXIS2_PLACEMENT_3D('',#2077,#1688,#1689);
#1310=AXIS2_PLACEMENT_3D('',#2083,#1690,#1691);
#1311=AXIS2_PLACEMENT_3D('',#2089,#1692,#1693);
#1312=AXIS2_PLACEMENT_3D('',#2095,#1694,#1695);
#1313=AXIS2_PLACEMENT_3D('',#2101,#1696,#1697);
#1314=AXIS2_PLACEMENT_3D('',#2107,#1698,#1699);
#1315=AXIS2_PLACEMENT_3D('',#2113,#1700,#1701);
#1316=AXIS2_PLACEMENT_3D('',#2119,#1702,#1703);
#1317=AXIS2_PLACEMENT_3D('',#2125,#1704,#1705);
#1318=AXIS2_PLACEMENT_3D('',#2131,#1706,#1707);
#1319=AXIS2_PLACEMENT_3D('',#2137,#1708,#1709);
#1320=AXIS2_PLACEMENT_3D('',#2143,#1710,#1711);
#1321=AXIS2_PLACEMENT_3D('',#2149,#1712,#1713);
#1322=AXIS2_PLACEMENT_3D('',#2150,#1714,#1715);
#1323=AXIS2_PLACEMENT_3D('',#2151,#1716,#1717);
#1324=AXIS2_PLACEMENT_3D('',#2152,#1718,#1719);
#1325=AXIS2_PLACEMENT_3D('',#2153,#1720,#1721);
#1326=AXIS2_PLACEMENT_3D('',#2154,#1722,#1723);
#1327=AXIS2_PLACEMENT_3D('',#2155,#1724,#1725);
#1328=AXIS2_PLACEMENT_3D('',#2156,#1726,#1727);
#1329=AXIS2_PLACEMENT_3D('',#2157,#1728,#1729);
#1330=AXIS2_PLACEMENT_3D('',#2158,#1730,#1731);
#1331=AXIS2_PLACEMENT_3D('',#2159,#1732,#1733);
#1332=AXIS2_PLACEMENT_3D('',#2160,#1734,#1735);
#1333=AXIS2_PLACEMENT_3D('',#2161,#1736,#1737);
#1334=AXIS2_PLACEMENT_3D('',#2162,#1738,#1739);
#1335=AXIS2_PLACEMENT_3D('',#2163,#1740,#1741);
#1336=AXIS2_PLACEMENT_3D('',#2164,#1742,#1743);
#1337=AXIS2_PLACEMENT_3D('',#2165,#1744,#1745);
#1338=DIRECTION('',(0.,0.,1.));
#1339=DIRECTION('',(1.,0.,0.));
#1340=DIRECTION('',(0.,0.,-1.));
#1341=DIRECTION('',(-1.,0.,0.));
#1342=DIRECTION('',(0.,0.,-1.));
#1343=DIRECTION('',(0.,0.,1.));
#1344=DIRECTION('',(1.,0.,0.));
#1345=DIRECTION('',(0.,0.,-1.));
#1346=DIRECTION('',(0.,0.,1.));
#1347=DIRECTION('',(1.,0.,0.));
#1348=DIRECTION('',(0.,0.,-1.));
#1349=DIRECTION('',(-1.,0.,0.));
#1350=DIRECTION('',(0.,0.,1.));
#1351=DIRECTION('',(1.,0.,0.));
#1352=DIRECTION('',(0.,0.,-1.));
#1353=DIRECTION('',(0.,0.,1.));
#1354=DIRECTION('',(1.,0.,0.));
#1355=DIRECTION('',(0.,0.,-1.));
#1356=DIRECTION('',(-1.,0.,0.));
#1357=DIRECTION('',(0.,0.,1.));
#1358=DIRECTION('',(1.,0.,0.));
#1359=DIRECTION('',(0.,0.,-1.));
#1360=DIRECTION('',(0.,0.,1.));
#1361=DIRECTION('',(1.,0.,0.));
#1362=DIRECTION('',(0.,0.,-1.));
#1363=DIRECTION('',(-1.,0.,0.));
#1364=DIRECTION('',(0.,0.,1.));
#1365=DIRECTION('',(1.,0.,0.));
#1366=DIRECTION('',(0.,0.,-1.));
#1367=DIRECTION('',(0.,0.,1.));
#1368=DIRECTION('',(1.,0.,0.));
#1369=DIRECTION('',(0.,0.,-1.));
#1370=DIRECTION('',(-1.,0.,0.));
#1371=DIRECTION('',(0.,0.,1.));
#1372=DIRECTION('',(1.,0.,0.));
#1373=DIRECTION('',(0.,0.,-1.));
#1374=DIRECTION('',(0.,0.,1.));
#1375=DIRECTION('',(1.,0.,0.));
#1376=DIRECTION('',(0.,0.,-1.));
#1377=DIRECTION('',(-1.,0.,0.));
#1378=DIRECTION('',(0.,0.,1.));
#1379=DIRECTION('',(1.,0.,0.));
#1380=DIRECTION('',(0.,0.,-1.));
#1381=DIRECTION('',(0.,0.,1.));
#1382=DIRECTION('',(1.,0.,0.));
#1383=DIRECTION('',(0.,0.,-1.));
#1384=DIRECTION('',(-1.,0.,0.));
#1385=DIRECTION('',(0.,0.,1.));
#1386=DIRECTION('',(1.,0.,0.));
#1387=DIRECTION('',(0.,0.,-1.));
#1388=DIRECTION('',(0.,0.,1.));
#1389=DIRECTION('',(1.,0.,0.));
#1390=DIRECTION('',(0.,0.,-1.));
#1391=DIRECTION('',(-1.,0.,0.));
#1392=DIRECTION('',(0.,0.,1.));
#1393=DIRECTION('',(1.,0.,0.));
#1394=DIRECTION('',(0.,0.,-1.));
#1395=DIRECTION('',(0.,0.,1.));
#1396=DIRECTION('',(1.,0.,0.));
#1397=DIRECTION('',(0.,0.,-1.));
#1398=DIRECTION('',(-1.,0.,0.));
#1399=DIRECTION('',(0.,0.,1.));
#1400=DIRECTION('',(1.,0.,0.));
#1401=DIRECTION('',(0.,0.,-1.));
#1402=DIRECTION('',(0.,0.,1.));
#1403=DIRECTION('',(1.,0.,0.));
#1404=DIRECTION('',(0.,0.,-1.));
#1405=DIRECTION('',(-1.,0.,0.));
#1406=DIRECTION('',(0.,0.,1.));
#1407=DIRECTION('',(1.,0.,0.));
#1408=DIRECTION('',(0.,0.,-1.));
#1409=DIRECTION('',(0.,0.,1.));
#1410=DIRECTION('',(1.,0.,0.));
#1411=DIRECTION('',(0.,0.,-1.));
#1412=DIRECTION('',(-1.,0.,0.));
#1413=DIRECTION('',(0.,0.,1.));
#1414=DIRECTION('',(1.,0.,0.));
#1415=DIRECTION('',(0.,0.,-1.));
#1416=DIRECTION('',(0.,0.,1.));
#1417=DIRECTION('',(1.,0.,0.));
#1418=DIRECTION('',(0.,0.,-1.));
#1419=DIRECTION('',(-1.,0.,0.));
#1420=DIRECTION('',(0.,0.,1.));
#1421=DIRECTION('',(1.,0.,0.));
#1422=DIRECTION('',(0.,0.,-1.));
#1423=DIRECTION('',(0.,0.,1.));
#1424=DIRECTION('',(1.,0.,0.));
#1425=DIRECTION('',(0.,0.,-1.));
#1426=DIRECTION('',(-1.,0.,0.));
#1427=DIRECTION('',(0.,0.,1.));
#1428=DIRECTION('',(1.,0.,0.));
#1429=DIRECTION('',(0.,0.,-1.));
#1430=DIRECTION('',(0.,0.,1.));
#1431=DIRECTION('',(1.,0.,0.));
#1432=DIRECTION('',(0.,0.,-1.));
#1433=DIRECTION('',(-1.,0.,0.));
#1434=DIRECTION('',(0.,0.,1.));
#1435=DIRECTION('',(1.,0.,0.));
#1436=DIRECTION('',(0.,0.,-1.));
#1437=DIRECTION('',(0.,0.,1.));
#1438=DIRECTION('',(1.,0.,0.));
#1439=DIRECTION('',(0.,0.,-1.));
#1440=DIRECTION('',(-1.,0.,0.));
#1441=DIRECTION('',(0.,0.,1.));
#1442=DIRECTION('',(1.,0.,0.));
#1443=DIRECTION('',(0.,0.,-1.));
#1444=DIRECTION('',(0.,0.,1.));
#1445=DIRECTION('',(1.,0.,0.));
#1446=DIRECTION('',(0.,0.,-1.));
#1447=DIRECTION('',(-1.,0.,0.));
#1448=DIRECTION('',(0.,0.,1.));
#1449=DIRECTION('',(1.,0.,0.));
#1450=DIRECTION('',(0.,0.,1.));
#1451=DIRECTION('',(1.,0.,0.));
#1452=DIRECTION('',(0.,0.,1.));
#1453=DIRECTION('',(1.,0.,0.));
#1454=DIRECTION('',(0.,0.,1.));
#1455=DIRECTION('',(1.,0.,0.));
#1456=DIRECTION('',(0.,0.,1.));
#1457=DIRECTION('',(1.,0.,0.));
#1458=DIRECTION('',(0.,0.,1.));
#1459=DIRECTION('',(1.,0.,0.));
#1460=DIRECTION('',(0.,0.,1.));
#1461=DIRECTION('',(1.,0.,0.));
#1462=DIRECTION('',(0.,0.,1.));
#1463=DIRECTION('',(1.,0.,0.));
#1464=DIRECTION('',(0.,0.,1.));
#1465=DIRECTION('',(1.,0.,0.));
#1466=DIRECTION('',(0.,0.,1.));
#1467=DIRECTION('',(1.,0.,0.));
#1468=DIRECTION('',(0.,0.,1.));
#1469=DIRECTION('',(1.,0.,0.));
#1470=DIRECTION('',(0.,0.,1.));
#1471=DIRECTION('',(1.,0.,0.));
#1472=DIRECTION('',(0.,0.,1.));
#1473=DIRECTION('',(1.,0.,0.));
#1474=DIRECTION('',(0.,0.,1.));
#1475=DIRECTION('',(1.,0.,0.));
#1476=DIRECTION('',(0.,0.,1.));
#1477=DIRECTION('',(1.,0.,0.));
#1478=DIRECTION('',(0.,0.,1.));
#1479=DIRECTION('',(1.,0.,0.));
#1480=DIRECTION('',(0.,0.,1.));
#1481=DIRECTION('',(1.,0.,0.));
#1482=DIRECTION('',(0.,0.,1.));
#1483=DIRECTION('',(1.,0.,0.));
#1484=DIRECTION('',(0.,0.,1.));
#1485=DIRECTION('',(1.,0.,0.));
#1486=DIRECTION('',(0.,0.,1.));
#1487=DIRECTION('',(1.,0.,0.));
#1488=DIRECTION('',(0.,0.,1.));
#1489=DIRECTION('',(1.,0.,0.));
#1490=DIRECTION('',(0.,0.,1.));
#1491=DIRECTION('',(1.,0.,0.));
#1492=DIRECTION('',(0.,0.,1.));
#1493=DIRECTION('',(1.,0.,0.));
#1494=DIRECTION('',(0.,0.,1.));
#1495=DIRECTION('',(1.,0.,0.));
#1496=DIRECTION('',(0.,0.,1.));
#1497=DIRECTION('',(1.,0.,0.));
#1498=DIRECTION('',(0.,0.,1.));
#1499=DIRECTION('',(1.,0.,0.));
#1500=DIRECTION('',(0.,0.,1.));
#1501=DIRECTION('',(1.,0.,0.));
#1502=DIRECTION('',(0.,0.,1.));
#1503=DIRECTION('',(1.,0.,0.));
#1504=DIRECTION('',(0.,0.,1.));
#1505=DIRECTION('',(1.,0.,0.));
#1506=DIRECTION('',(0.,0.,1.));
#1507=DIRECTION('',(1.,0.,0.));
#1508=DIRECTION('',(0.,0.,1.));
#1509=DIRECTION('',(1.,0.,0.));
#1510=DIRECTION('',(0.,0.,1.));
#1511=DIRECTION('',(1.,0.,0.));
#1512=DIRECTION('',(0.,0.,1.));
#1513=DIRECTION('',(1.,0.,0.));
#1514=DIRECTION('',(0.,0.,1.));
#1515=DIRECTION('',(1.,0.,0.));
#1516=DIRECTION('',(0.,0.,1.));
#1517=DIRECTION('',(1.,0.,0.));
#1518=DIRECTION('',(0.,0.,1.));
#1519=DIRECTION('',(1.,0.,0.));
#1520=DIRECTION('',(0.,0.,1.));
#1521=DIRECTION('',(1.,0.,0.));
#1522=DIRECTION('',(0.,0.,1.));
#1523=DIRECTION('',(1.,0.,0.));
#1524=DIRECTION('',(0.,0.,1.));
#1525=DIRECTION('',(1.,0.,0.));
#1526=DIRECTION('',(0.,0.,1.));
#1527=DIRECTION('',(1.,0.,0.));
#1528=DIRECTION('',(0.,0.,1.));
#1529=DIRECTION('',(1.,0.,0.));
#1530=DIRECTION('',(0.,0.,1.));
#1531=DIRECTION('',(1.,0.,0.));
#1532=DIRECTION('',(0.,0.,1.));
#1533=DIRECTION('',(1.,0.,0.));
#1534=DIRECTION('',(0.,0.,1.));
#1535=DIRECTION('',(1.,0.,0.));
#1536=DIRECTION('',(0.,0.,1.));
#1537=DIRECTION('',(1.,0.,0.));
#1538=DIRECTION('',(0.,0.,1.));
#1539=DIRECTION('',(1.,0.,0.));
#1540=DIRECTION('',(0.,0.,1.));
#1541=DIRECTION('',(1.,0.,0.));
#1542=DIRECTION('',(0.,0.,1.));
#1543=DIRECTION('',(1.,0.,0.));
#1544=DIRECTION('',(0.,0.,1.));
#1545=DIRECTION('',(1.,0.,0.));
#1546=DIRECTION('',(0.,0.,1.));
#1547=DIRECTION('',(1.,0.,0.));
#1548=DIRECTION('',(0.,0.,1.));
#1549=DIRECTION('',(1.,0.,0.));
#1550=DIRECTION('',(0.,0.,1.));
#1551=DIRECTION('',(1.,0.,0.));
#1552=DIRECTION('',(0.,0.,-1.));
#1553=DIRECTION('',(-1.,0.,0.));
#1554=DIRECTION('',(0.,0.,-1.));
#1555=DIRECTION('',(0.,0.,1.));
#1556=DIRECTION('',(1.,0.,0.));
#1557=DIRECTION('',(0.,0.,-1.));
#1558=DIRECTION('',(0.,0.,-1.));
#1559=DIRECTION('',(-1.,0.,0.));
#1560=DIRECTION('',(0.,0.,-1.));
#1561=DIRECTION('',(0.,0.,1.));
#1562=DIRECTION('',(1.,0.,0.));
#1563=DIRECTION('',(0.,0.,-1.));
#1564=DIRECTION('',(0.,0.,-1.));
#1565=DIRECTION('',(-1.,0.,0.));
#1566=DIRECTION('',(0.,0.,-1.));
#1567=DIRECTION('',(0.,0.,1.));
#1568=DIRECTION('',(1.,0.,0.));
#1569=DIRECTION('',(0.,0.,-1.));
#1570=DIRECTION('',(0.,0.,-1.));
#1571=DIRECTION('',(-1.,0.,0.));
#1572=DIRECTION('',(0.,0.,-1.));
#1573=DIRECTION('',(0.,0.,1.));
#1574=DIRECTION('',(1.,0.,0.));
#1575=DIRECTION('',(0.,0.,-1.));
#1576=DIRECTION('',(0.,0.,-1.));
#1577=DIRECTION('',(-1.,0.,0.));
#1578=DIRECTION('',(0.,0.,1.));
#1579=DIRECTION('',(1.,0.,0.));
#1580=DIRECTION('',(0.,0.,-1.));
#1581=DIRECTION('',(0.,0.,-1.));
#1582=DIRECTION('',(0.,0.,-1.));
#1583=DIRECTION('',(-1.,0.,0.));
#1584=DIRECTION('',(0.,0.,1.));
#1585=DIRECTION('',(1.,0.,0.));
#1586=DIRECTION('',(0.,0.,-1.));
#1587=DIRECTION('',(0.,0.,-1.));
#1588=DIRECTION('',(0.,0.,-1.));
#1589=DIRECTION('',(-1.,0.,0.));
#1590=DIRECTION('',(0.,0.,-1.));
#1591=DIRECTION('',(0.,0.,1.));
#1592=DIRECTION('',(1.,0.,0.));
#1593=DIRECTION('',(0.,0.,-1.));
#1594=DIRECTION('',(0.,0.,-1.));
#1595=DIRECTION('',(-1.,0.,0.));
#1596=DIRECTION('',(0.,0.,-1.));
#1597=DIRECTION('',(0.,0.,1.));
#1598=DIRECTION('',(1.,0.,0.));
#1599=DIRECTION('',(0.,0.,-1.));
#1600=DIRECTION('',(0.,0.,-1.));
#1601=DIRECTION('',(-1.,0.,0.));
#1602=DIRECTION('',(0.,0.,-1.));
#1603=DIRECTION('',(0.,0.,1.));
#1604=DIRECTION('',(1.,0.,0.));
#1605=DIRECTION('',(0.,0.,-1.));
#1606=DIRECTION('',(0.,0.,-1.));
#1607=DIRECTION('',(-1.,0.,0.));
#1608=DIRECTION('',(0.,0.,-1.));
#1609=DIRECTION('',(0.,0.,1.));
#1610=DIRECTION('',(1.,0.,0.));
#1611=DIRECTION('',(0.,0.,-1.));
#1612=DIRECTION('',(0.,0.,-1.));
#1613=DIRECTION('',(-1.,0.,0.));
#1614=DIRECTION('',(0.,0.,-1.));
#1615=DIRECTION('',(0.,0.,1.));
#1616=DIRECTION('',(1.,0.,0.));
#1617=DIRECTION('',(0.,0.,-1.));
#1618=DIRECTION('',(0.,0.,-1.));
#1619=DIRECTION('',(-1.,0.,0.));
#1620=DIRECTION('',(0.,0.,-1.));
#1621=DIRECTION('',(0.,0.,1.));
#1622=DIRECTION('',(1.,0.,0.));
#1623=DIRECTION('',(0.,0.,-1.));
#1624=DIRECTION('',(0.,0.,-1.));
#1625=DIRECTION('',(-1.,0.,0.));
#1626=DIRECTION('',(0.,0.,-1.));
#1627=DIRECTION('',(0.,0.,1.));
#1628=DIRECTION('',(1.,0.,0.));
#1629=DIRECTION('',(0.,0.,-1.));
#1630=DIRECTION('',(0.,0.,-1.));
#1631=DIRECTION('',(-1.,0.,0.));
#1632=DIRECTION('',(0.,0.,-1.));
#1633=DIRECTION('',(0.,0.,1.));
#1634=DIRECTION('',(1.,0.,0.));
#1635=DIRECTION('',(0.,0.,-1.));
#1636=DIRECTION('',(0.,0.,-1.));
#1637=DIRECTION('',(-1.,0.,0.));
#1638=DIRECTION('',(0.,0.,-1.));
#1639=DIRECTION('',(0.,0.,1.));
#1640=DIRECTION('',(1.,0.,0.));
#1641=DIRECTION('',(0.,0.,-1.));
#1642=DIRECTION('',(0.,0.,-1.));
#1643=DIRECTION('',(-1.,0.,0.));
#1644=DIRECTION('',(0.,0.,-1.));
#1645=DIRECTION('',(0.,0.,1.));
#1646=DIRECTION('',(1.,0.,0.));
#1647=DIRECTION('',(0.,0.,-1.));
#1648=DIRECTION('',(0.,0.,1.));
#1649=DIRECTION('',(1.,0.,0.));
#1650=DIRECTION('',(0.,0.,1.));
#1651=DIRECTION('',(1.,0.,0.));
#1652=DIRECTION('',(0.,0.,1.));
#1653=DIRECTION('',(1.,0.,0.));
#1654=DIRECTION('',(0.,0.,1.));
#1655=DIRECTION('',(1.,0.,0.));
#1656=DIRECTION('',(0.,0.,1.));
#1657=DIRECTION('',(1.,0.,0.));
#1658=DIRECTION('',(0.,0.,1.));
#1659=DIRECTION('',(1.,0.,0.));
#1660=DIRECTION('',(0.,0.,1.));
#1661=DIRECTION('',(1.,0.,0.));
#1662=DIRECTION('',(0.,0.,1.));
#1663=DIRECTION('',(1.,0.,0.));
#1664=DIRECTION('',(0.,0.,1.));
#1665=DIRECTION('',(1.,0.,0.));
#1666=DIRECTION('',(0.,0.,1.));
#1667=DIRECTION('',(1.,0.,0.));
#1668=DIRECTION('',(0.,0.,1.));
#1669=DIRECTION('',(1.,0.,0.));
#1670=DIRECTION('',(0.,0.,1.));
#1671=DIRECTION('',(1.,0.,0.));
#1672=DIRECTION('',(0.,0.,1.));
#1673=DIRECTION('',(1.,0.,0.));
#1674=DIRECTION('',(0.,0.,1.));
#1675=DIRECTION('',(1.,0.,0.));
#1676=DIRECTION('',(0.,0.,1.));
#1677=DIRECTION('',(1.,0.,0.));
#1678=DIRECTION('',(0.,0.,1.));
#1679=DIRECTION('',(1.,0.,0.));
#1680=DIRECTION('',(0.,0.,1.));
#1681=DIRECTION('',(1.,0.,0.));
#1682=DIRECTION('',(0.,0.,1.));
#1683=DIRECTION('',(1.,0.,0.));
#1684=DIRECTION('',(0.,0.,1.));
#1685=DIRECTION('',(1.,0.,0.));
#1686=DIRECTION('',(0.,0.,1.));
#1687=DIRECTION('',(1.,0.,0.));
#1688=DIRECTION('',(0.,0.,1.));
#1689=DIRECTION('',(1.,0.,0.));
#1690=DIRECTION('',(0.,0.,1.));
#1691=DIRECTION('',(1.,0.,0.));
#1692=DIRECTION('',(0.,0.,1.));
#1693=DIRECTION('',(1.,0.,0.));
#1694=DIRECTION('',(0.,0.,1.));
#1695=DIRECTION('',(1.,0.,0.));
#1696=DIRECTION('',(0.,0.,1.));
#1697=DIRECTION('',(1.,0.,0.));
#1698=DIRECTION('',(0.,0.,1.));
#1699=DIRECTION('',(1.,0.,0.));
#1700=DIRECTION('',(0.,0.,1.));
#1701=DIRECTION('',(1.,0.,0.));
#1702=DIRECTION('',(0.,0.,1.));
#1703=DIRECTION('',(1.,0.,0.));
#1704=DIRECTION('',(0.,0.,1.));
#1705=DIRECTION('',(1.,0.,0.));
#1706=DIRECTION('',(0.,0.,1.));
#1707=DIRECTION('',(1.,0.,0.));
#1708=DIRECTION('',(0.,0.,1.));
#1709=DIRECTION('',(1.,0.,0.));
#1710=DIRECTION('',(0.,0.,1.));
#1711=DIRECTION('',(1.,0.,0.));
#1712=DIRECTION('',(0.,0.,1.));
#1713=DIRECTION('',(1.,0.,0.));
#1714=DIRECTION('',(0.,0.,-1.));
#1715=DIRECTION('',(-1.,0.,0.));
#1716=DIRECTION('',(0.,0.,-1.));
#1717=DIRECTION('',(-1.,0.,0.));
#1718=DIRECTION('',(0.,0.,-1.));
#1719=DIRECTION('',(-1.,0.,0.));
#1720=DIRECTION('',(0.,0.,-1.));
#1721=DIRECTION('',(-1.,0.,0.));
#1722=DIRECTION('',(0.,0.,-1.));
#1723=DIRECTION('',(-1.,0.,0.));
#1724=DIRECTION('',(0.,0.,-1.));
#1725=DIRECTION('',(-1.,0.,0.));
#1726=DIRECTION('',(0.,0.,-1.));
#1727=DIRECTION('',(-1.,0.,0.));
#1728=DIRECTION('',(0.,0.,-1.));
#1729=DIRECTION('',(-1.,0.,0.));
#1730=DIRECTION('',(0.,0.,-1.));
#1731=DIRECTION('',(-1.,0.,0.));
#1732=DIRECTION('',(0.,0.,-1.));
#1733=DIRECTION('',(-1.,0.,0.));
#1734=DIRECTION('',(0.,0.,-1.));
#1735=DIRECTION('',(-1.,0.,0.));
#1736=DIRECTION('',(0.,0.,-1.));
#1737=DIRECTION('',(-1.,0.,0.));
#1738=DIRECTION('',(0.,0.,-1.));
#1739=DIRECTION('',(-1.,0.,0.));
#1740=DIRECTION('',(0.,0.,-1.));
#1741=DIRECTION('',(-1.,0.,0.));
#1742=DIRECTION('',(0.,0.,-1.));
#1743=DIRECTION('',(-1.,0.,0.));
#1744=DIRECTION('',(0.,0.,-1.));
#1745=DIRECTION('',(-1.,0.,0.));
#1746=CARTESIAN_POINT('',(0.,0.,0.));
#1747=CARTESIAN_POINT('',(0.0032465467111128,-0.00571485696141669,0.004));
#1748=CARTESIAN_POINT('',(0.00383172384375521,-0.00665623065265237,0.004));
#1749=CARTESIAN_POINT('',(0.00383172384375521,-0.00665623065265237,0.004));
#1750=CARTESIAN_POINT('',(0.00383172384375521,-0.00665623065265237,0.002155));
#1751=CARTESIAN_POINT('',(0.0032465467111128,-0.00571485696141669,0.002155));
#1752=CARTESIAN_POINT('',(0.00420273395218903,-0.00515421209778078,0.002155));
#1753=CARTESIAN_POINT('',(0.00420273395218903,-0.00515421209778078,0.004));
#1754=CARTESIAN_POINT('',(0.00420273395218903,-0.00515421209778078,0.004));
#1755=CARTESIAN_POINT('',(0.0032465467111128,-0.00571485696141669,0.004));
#1756=CARTESIAN_POINT('',(0.003375,-0.00439774942939425,0.004));
#1757=CARTESIAN_POINT('',(0.003375,-0.00439774942939425,0.002155));
#1758=CARTESIAN_POINT('',(0.00385024072639792,-0.00338210898305424,0.002155));
#1759=CARTESIAN_POINT('',(0.00385024072639792,-0.00338210898305424,0.004));
#1760=CARTESIAN_POINT('',(0.00385024072639792,-0.00338210898305424,0.004));
#1761=CARTESIAN_POINT('',(0.003375,-0.00439774942939425,0.004));
#1762=CARTESIAN_POINT('',(0.0027522894043651,-0.00323005768393221,0.004));
#1763=CARTESIAN_POINT('',(0.0027522894043651,-0.00323005768393221,0.002155));
#1764=CARTESIAN_POINT('',(0.0029326744648068,-0.00213640420449379,0.002155));
#1765=CARTESIAN_POINT('',(0.0029326744648068,-0.00213640420449379,0.004));
#1766=CARTESIAN_POINT('',(0.0029326744648068,-0.00213640420449379,0.004));
#1767=CARTESIAN_POINT('',(0.0027522894043651,-0.00323005768393221,0.004));
#1768=CARTESIAN_POINT('',(0.00183902098536839,-0.0023167892649355,0.004));
#1769=CARTESIAN_POINT('',(0.00183902098536839,-0.0023167892649355,0.002155));
#1770=CARTESIAN_POINT('',(0.00158715198335177,-0.00123735482554538,0.002155));
#1771=CARTESIAN_POINT('',(0.00158715198335177,-0.00123735482554538,0.004));
#1772=CARTESIAN_POINT('',(0.00158715198335177,-0.00123735482554538,0.004));
#1773=CARTESIAN_POINT('',(0.00183902098536839,-0.0023167892649355,0.004));
#1774=CARTESIAN_POINT('',(0.000645778292116089,-0.0018225319581878,0.004));
#1775=CARTESIAN_POINT('',(0.000645778292116089,-0.0018225319581878,0.002155));
#1776=CARTESIAN_POINT('',(3.28424422602667E-19,-0.000921650667145563,0.002155));
#1777=CARTESIAN_POINT('',(3.28424422602667E-19,-0.000921650667145563,0.004));
#1778=CARTESIAN_POINT('',(3.28424422602667E-19,-0.000921650667145563,0.004));
#1779=CARTESIAN_POINT('',(0.000645778292116089,-0.0018225319581878,0.004));
#1780=CARTESIAN_POINT('',(-0.000645778292116088,-0.0018225319581878,0.004));
#1781=CARTESIAN_POINT('',(-0.000645778292116088,-0.0018225319581878,0.002155));
#1782=CARTESIAN_POINT('',(-0.00158715198335177,-0.00123735482554538,0.002155));
#1783=CARTESIAN_POINT('',(-0.00158715198335177,-0.00123735482554538,0.004));
#1784=CARTESIAN_POINT('',(-0.00158715198335177,-0.00123735482554538,0.004));
#1785=CARTESIAN_POINT('',(-0.000645778292116088,-0.0018225319581878,0.004));
#1786=CARTESIAN_POINT('',(-0.00183902098536839,-0.0023167892649355,0.004));
#1787=CARTESIAN_POINT('',(-0.00183902098536839,-0.0023167892649355,0.002155));
#1788=CARTESIAN_POINT('',(-0.0029326744648068,-0.0021364042044938,0.002155));
#1789=CARTESIAN_POINT('',(-0.0029326744648068,-0.0021364042044938,0.004));
#1790=CARTESIAN_POINT('',(-0.0029326744648068,-0.0021364042044938,0.004));
#1791=CARTESIAN_POINT('',(-0.00183902098536839,-0.0023167892649355,0.004));
#1792=CARTESIAN_POINT('',(-0.0027522894043651,-0.00323005768393221,0.004));
#1793=CARTESIAN_POINT('',(-0.0027522894043651,-0.00323005768393221,0.002155));
#1794=CARTESIAN_POINT('',(-0.00383172384375521,-0.00348192668594883,0.002155));
#1795=CARTESIAN_POINT('',(-0.00383172384375521,-0.00348192668594883,0.004));
#1796=CARTESIAN_POINT('',(-0.00383172384375521,-0.00348192668594883,0.004));
#1797=CARTESIAN_POINT('',(-0.0027522894043651,-0.00323005768393221,0.004));
#1798=CARTESIAN_POINT('',(-0.0032465467111128,-0.00442330037718451,0.004));
#1799=CARTESIAN_POINT('',(-0.0032465467111128,-0.00442330037718451,0.002155));
#1800=CARTESIAN_POINT('',(-0.00414742800215503,-0.0050690786693006,0.002155));
#1801=CARTESIAN_POINT('',(-0.00414742800215503,-0.0050690786693006,0.004));
#1802=CARTESIAN_POINT('',(-0.00414742800215503,-0.0050690786693006,0.004));
#1803=CARTESIAN_POINT('',(-0.0032465467111128,-0.00442330037718451,0.004));
#1804=CARTESIAN_POINT('',(-0.0032465467111128,-0.00571485696141669,0.004));
#1805=CARTESIAN_POINT('',(-0.0032465467111128,-0.00571485696141669,0.002155));
#1806=CARTESIAN_POINT('',(-0.00383172384375521,-0.00665623065265237,0.002155));
#1807=CARTESIAN_POINT('',(-0.00383172384375521,-0.00665623065265237,0.004));
#1808=CARTESIAN_POINT('',(-0.00383172384375521,-0.00665623065265237,0.004));
#1809=CARTESIAN_POINT('',(-0.0032465467111128,-0.00571485696141669,0.004));
#1810=CARTESIAN_POINT('',(-0.0027522894043651,-0.00690809965466899,0.004));
#1811=CARTESIAN_POINT('',(-0.0027522894043651,-0.00690809965466899,0.002155));
#1812=CARTESIAN_POINT('',(-0.0029326744648068,-0.0080017531341074,0.002155));
#1813=CARTESIAN_POINT('',(-0.0029326744648068,-0.0080017531341074,0.004));
#1814=CARTESIAN_POINT('',(-0.0029326744648068,-0.0080017531341074,0.004));
#1815=CARTESIAN_POINT('',(-0.0027522894043651,-0.00690809965466899,0.004));
#1816=CARTESIAN_POINT('',(-0.00183902098536838,-0.00782136807366569,0.004));
#1817=CARTESIAN_POINT('',(-0.00183902098536838,-0.00782136807366569,0.002155));
#1818=CARTESIAN_POINT('',(-0.00158715198335177,-0.00890080251305581,0.002155));
#1819=CARTESIAN_POINT('',(-0.00158715198335177,-0.00890080251305581,0.004));
#1820=CARTESIAN_POINT('',(-0.00158715198335177,-0.00890080251305581,0.004));
#1821=CARTESIAN_POINT('',(-0.00183902098536838,-0.00782136807366569,0.004));
#1822=CARTESIAN_POINT('',(-0.000645778292116088,-0.0083156253804134,0.004));
#1823=CARTESIAN_POINT('',(-0.000645778292116088,-0.0083156253804134,0.002155));
#1824=CARTESIAN_POINT('',(3.74427749059463E-19,-0.00921650667145563,0.002155));
#1825=CARTESIAN_POINT('',(3.74427749059463E-19,-0.00921650667145563,0.004));
#1826=CARTESIAN_POINT('',(3.74427749059463E-19,-0.00921650667145563,0.004));
#1827=CARTESIAN_POINT('',(-0.000645778292116088,-0.0083156253804134,0.004));
#1828=CARTESIAN_POINT('',(0.000645778292116089,-0.0083156253804134,0.004));
#1829=CARTESIAN_POINT('',(0.000645778292116089,-0.0083156253804134,0.002155));
#1830=CARTESIAN_POINT('',(0.00158715198335177,-0.00890080251305581,0.002155));
#1831=CARTESIAN_POINT('',(0.00158715198335177,-0.00890080251305581,0.004));
#1832=CARTESIAN_POINT('',(0.00158715198335177,-0.00890080251305581,0.004));
#1833=CARTESIAN_POINT('',(0.000645778292116089,-0.0083156253804134,0.004));
#1834=CARTESIAN_POINT('',(0.00183902098536839,-0.00782136807366569,0.004));
#1835=CARTESIAN_POINT('',(0.00183902098536839,-0.00782136807366569,0.002155));
#1836=CARTESIAN_POINT('',(0.0029326744648068,-0.0080017531341074,0.002155));
#1837=CARTESIAN_POINT('',(0.0029326744648068,-0.0080017531341074,0.004));
#1838=CARTESIAN_POINT('',(0.0029326744648068,-0.0080017531341074,0.004));
#1839=CARTESIAN_POINT('',(0.00183902098536839,-0.00782136807366569,0.004));
#1840=CARTESIAN_POINT('',(0.0027522894043651,-0.00690809965466899,0.004));
#1841=CARTESIAN_POINT('',(0.0027522894043651,-0.00690809965466899,0.002155));
#1842=CARTESIAN_POINT('',(0.0027522894043651,-0.00690809965466899,0.004));
#1843=CARTESIAN_POINT('',(7.06763459945585E-5,-0.0050690786693006,0.004));
#1844=CARTESIAN_POINT('',(0.000645778292116089,-0.0018225319581878,0.004));
#1845=CARTESIAN_POINT('',(0.00126238815472873,-0.00159161611351027,0.004));
#1846=CARTESIAN_POINT('',(0.000164472728532357,-0.00137322715690291,0.004));
#1847=CARTESIAN_POINT('',(0.00147309734701135,-0.00151270707544996,0.004));
#1848=CARTESIAN_POINT('',(0.00156629412982338,-0.0017174980900807,0.004));
#1849=CARTESIAN_POINT('',(0.00183902098536839,-0.0023167892649355,0.004));
#1850=CARTESIAN_POINT('',(0.00249706188500948,-0.00233941722096015,0.004));
#1851=CARTESIAN_POINT('',(0.00272192897660093,-0.00234714969269967,0.004));
#1852=CARTESIAN_POINT('',(0.00272966144834045,-0.00257201678429112,0.004));
#1853=CARTESIAN_POINT('',(0.0027522894043651,-0.00323005768393221,0.004));
#1854=CARTESIAN_POINT('',(0.00337260499036316,-0.00345082548901754,0.004));
#1855=CARTESIAN_POINT('',(0.00358458051007373,-0.00352626671808649,0.004));
#1856=CARTESIAN_POINT('',(0.00353197080744759,-0.0037450296472806,0.004));
#1857=CARTESIAN_POINT('',(0.003375,-0.00439774942939425,0.004));
#1858=CARTESIAN_POINT('',(0.00376980716279443,-0.00494071374917912,0.004));
#1859=CARTESIAN_POINT('',(0.00390212913888048,-0.0051226914803571,0.004));
#1860=CARTESIAN_POINT('',(0.00373515940330839,-0.00527350960726161,0.004));
#1861=CARTESIAN_POINT('',(0.0032465467111128,-0.00571485696141669,0.004));
#1862=CARTESIAN_POINT('',(0.00347746255579032,-0.00633146682402932,0.004));
#1863=CARTESIAN_POINT('',(0.00355637159385063,-0.00654217601631195,0.004));
#1864=CARTESIAN_POINT('',(0.0033515805792199,-0.00663537279912398,0.004));
#1865=CARTESIAN_POINT('',(0.0027522894043651,-0.00690809965466899,0.004));
#1866=CARTESIAN_POINT('',(0.00272966144834045,-0.00756614055431008,0.004));
#1867=CARTESIAN_POINT('',(0.00272192897660093,-0.00779100764590153,0.004));
#1868=CARTESIAN_POINT('',(0.00249706188500949,-0.00779874011764105,0.004));
#1869=CARTESIAN_POINT('',(0.00183902098536839,-0.00782136807366569,0.004));
#1870=CARTESIAN_POINT('',(0.00156629412982338,-0.0084206592485205,0.004));
#1871=CARTESIAN_POINT('',(0.00147309734701135,-0.00862545026315123,0.004));
#1872=CARTESIAN_POINT('',(0.00126238815472872,-0.00854654122509093,0.004));
#1873=CARTESIAN_POINT('',(0.000645778292116089,-0.0083156253804134,0.004));
#1874=CARTESIAN_POINT('',(0.000164472728532357,-0.00876493018169829,0.004));
#1875=CARTESIAN_POINT('',(4.14067096809523E-19,-0.00891846754382595,0.004));
#1876=CARTESIAN_POINT('',(-0.000164472728532356,-0.00876493018169829,0.004));
#1877=CARTESIAN_POINT('',(-0.000645778292116088,-0.0083156253804134,0.004));
#1878=CARTESIAN_POINT('',(-0.00126238815472873,-0.00854654122509093,0.004));
#1879=CARTESIAN_POINT('',(-0.00147309734701135,-0.00862545026315123,0.004));
#1880=CARTESIAN_POINT('',(-0.00156629412982338,-0.0084206592485205,0.004));
#1881=CARTESIAN_POINT('',(-0.00183902098536838,-0.00782136807366569,0.004));
#1882=CARTESIAN_POINT('',(-0.00249706188500948,-0.00779874011764105,0.004));
#1883=CARTESIAN_POINT('',(-0.00272192897660093,-0.00779100764590153,0.004));
#1884=CARTESIAN_POINT('',(-0.00272966144834045,-0.00756614055431008,0.004));
#1885=CARTESIAN_POINT('',(-0.0027522894043651,-0.00690809965466899,0.004));
#1886=CARTESIAN_POINT('',(-0.0033515805792199,-0.00663537279912398,0.004));
#1887=CARTESIAN_POINT('',(-0.00355637159385063,-0.00654217601631195,0.004));
#1888=CARTESIAN_POINT('',(-0.00347746255579032,-0.00633146682402932,0.004));
#1889=CARTESIAN_POINT('',(-0.0032465467111128,-0.00571485696141669,0.004));
#1890=CARTESIAN_POINT('',(-0.00369585151239769,-0.00523355139783295,0.004));
#1891=CARTESIAN_POINT('',(-0.00384938887452535,-0.0050690786693006,0.004));
#1892=CARTESIAN_POINT('',(-0.00369585151239769,-0.00490460594076824,0.004));
#1893=CARTESIAN_POINT('',(-0.0032465467111128,-0.00442330037718451,0.004));
#1894=CARTESIAN_POINT('',(-0.00347746255579032,-0.00380669051457187,0.004));
#1895=CARTESIAN_POINT('',(-0.00355637159385063,-0.00359598132228925,0.004));
#1896=CARTESIAN_POINT('',(-0.00335158057921989,-0.00350278453947721,0.004));
#1897=CARTESIAN_POINT('',(-0.0027522894043651,-0.00323005768393221,0.004));
#1898=CARTESIAN_POINT('',(-0.00272966144834045,-0.00257201678429112,0.004));
#1899=CARTESIAN_POINT('',(-0.00272192897660093,-0.00234714969269967,0.004));
#1900=CARTESIAN_POINT('',(-0.00249706188500948,-0.00233941722096015,0.004));
#1901=CARTESIAN_POINT('',(-0.00183902098536839,-0.0023167892649355,0.004));
#1902=CARTESIAN_POINT('',(-0.00156629412982338,-0.0017174980900807,0.004));
#1903=CARTESIAN_POINT('',(-0.00147309734701135,-0.00151270707544996,0.004));
#1904=CARTESIAN_POINT('',(-0.00126238815472872,-0.00159161611351027,0.004));
#1905=CARTESIAN_POINT('',(-0.000645778292116088,-0.0018225319581878,0.004));
#1906=CARTESIAN_POINT('',(-0.000164472728532357,-0.00137322715690291,0.004));
#1907=CARTESIAN_POINT('',(1.08357066459009E-19,-0.00121968979477524,0.004));
#1908=CARTESIAN_POINT('',(7.06763459945585E-5,-0.0050690786693006,0.00175));
#1909=CARTESIAN_POINT('',(-0.0032465467111128,-0.00442330037718451,0.00175));
#1910=CARTESIAN_POINT('',(-0.0035254444212833,-0.00506907866930061,0.00175));
#1911=CARTESIAN_POINT('',(-0.00325708594382975,-0.00371994949755155,0.00175));
#1912=CARTESIAN_POINT('',(-0.0027522894043651,-0.00323005768393221,0.00175));
#1913=CARTESIAN_POINT('',(-0.0024928656569857,-0.00257621301231489,0.00175));
#1914=CARTESIAN_POINT('',(-0.00183902098536839,-0.0023167892649355,0.00175));
#1915=CARTESIAN_POINT('',(-0.00134912917174904,-0.00181199272547085,0.00175));
#1916=CARTESIAN_POINT('',(-0.000645778292116088,-0.0018225319581878,0.00175));
#1917=CARTESIAN_POINT('',(8.67403867614533E-18,-0.0015436342480173,0.00175));
#1918=CARTESIAN_POINT('',(0.000645778292116089,-0.0018225319581878,0.00175));
#1919=CARTESIAN_POINT('',(0.00134912917174906,-0.00181199272547086,0.00175));
#1920=CARTESIAN_POINT('',(0.00183902098536839,-0.0023167892649355,0.00175));
#1921=CARTESIAN_POINT('',(0.00249286565698572,-0.00257621301231489,0.00175));
#1922=CARTESIAN_POINT('',(0.0027522894043651,-0.00323005768393221,0.00175));
#1923=CARTESIAN_POINT('',(0.00328725344028453,-0.0036868147480044,0.00175));
#1924=CARTESIAN_POINT('',(0.003375,-0.00439774942939425,0.00175));
#1925=CARTESIAN_POINT('',(0.00356599567349223,-0.00508814658513318,0.00175));
#1926=CARTESIAN_POINT('',(0.0032465467111128,-0.00571485696141669,0.00175));
#1927=CARTESIAN_POINT('',(0.00325708594382974,-0.00641820784104965,0.00175));
#1928=CARTESIAN_POINT('',(0.0027522894043651,-0.00690809965466899,0.00175));
#1929=CARTESIAN_POINT('',(0.0024928656569857,-0.00756194432628631,0.00175));
#1930=CARTESIAN_POINT('',(0.00183902098536839,-0.00782136807366569,0.00175));
#1931=CARTESIAN_POINT('',(0.00134912917174904,-0.00832616461313034,0.00175));
#1932=CARTESIAN_POINT('',(0.000645778292116089,-0.0083156253804134,0.00175));
#1933=CARTESIAN_POINT('',(8.74591925982616E-18,-0.0085945230905839,0.00175));
#1934=CARTESIAN_POINT('',(-0.000645778292116088,-0.0083156253804134,0.00175));
#1935=CARTESIAN_POINT('',(-0.00134912917174904,-0.00832616461313034,0.00175));
#1936=CARTESIAN_POINT('',(-0.00183902098536838,-0.00782136807366569,0.00175));
#1937=CARTESIAN_POINT('',(-0.00249286565698569,-0.00756194432628631,0.00175));
#1938=CARTESIAN_POINT('',(-0.0027522894043651,-0.00690809965466899,0.00175));
#1939=CARTESIAN_POINT('',(-0.00325708594382974,-0.00641820784104965,0.00175));
#1940=CARTESIAN_POINT('',(-0.0032465467111128,-0.00571485696141669,0.00175));
#1941=CARTESIAN_POINT('',(0.0032465467111128,-0.00571485696141669,0.004));
#1942=CARTESIAN_POINT('',(0.00373515940330839,-0.00527350960726161,0.004));
#1943=CARTESIAN_POINT('',(0.00373515940330839,-0.00527350960726161,0.0022));
#1944=CARTESIAN_POINT('',(0.0032465467111128,-0.00571485696141669,0.0022));
#1945=CARTESIAN_POINT('',(0.00347746255579032,-0.00633146682402932,0.0022));
#1946=CARTESIAN_POINT('',(0.00347746255579032,-0.00633146682402932,0.004));
#1947=CARTESIAN_POINT('',(0.003375,-0.00439774942939425,0.004));
#1948=CARTESIAN_POINT('',(0.00353197080744759,-0.0037450296472806,0.004));
#1949=CARTESIAN_POINT('',(0.00353197080744759,-0.0037450296472806,0.0022));
#1950=CARTESIAN_POINT('',(0.003375,-0.00439774942939425,0.0022));
#1951=CARTESIAN_POINT('',(0.00376980716279443,-0.00494071374917912,0.0022));
#1952=CARTESIAN_POINT('',(0.00376980716279443,-0.00494071374917912,0.004));
#1953=CARTESIAN_POINT('',(0.0027522894043651,-0.00323005768393221,0.004));
#1954=CARTESIAN_POINT('',(0.00272966144834045,-0.00257201678429112,0.004));
#1955=CARTESIAN_POINT('',(0.00272966144834045,-0.00257201678429112,0.0022));
#1956=CARTESIAN_POINT('',(0.0027522894043651,-0.00323005768393221,0.0022));
#1957=CARTESIAN_POINT('',(0.00337260499036316,-0.00345082548901754,0.0022));
#1958=CARTESIAN_POINT('',(0.00337260499036316,-0.00345082548901754,0.004));
#1959=CARTESIAN_POINT('',(0.00183902098536839,-0.0023167892649355,0.004));
#1960=CARTESIAN_POINT('',(0.00156629412982338,-0.0017174980900807,0.004));
#1961=CARTESIAN_POINT('',(0.00156629412982338,-0.0017174980900807,0.0022));
#1962=CARTESIAN_POINT('',(0.00183902098536839,-0.0023167892649355,0.0022));
#1963=CARTESIAN_POINT('',(0.00249706188500948,-0.00233941722096015,0.0022));
#1964=CARTESIAN_POINT('',(0.00249706188500948,-0.00233941722096015,0.004));
#1965=CARTESIAN_POINT('',(0.000645778292116089,-0.0018225319581878,0.004));
#1966=CARTESIAN_POINT('',(0.000645778292116089,-0.0018225319581878,0.0022));
#1967=CARTESIAN_POINT('',(0.00126238815472873,-0.00159161611351027,0.0022));
#1968=CARTESIAN_POINT('',(0.000164472728532357,-0.00137322715690291,0.0022));
#1969=CARTESIAN_POINT('',(0.00126238815472873,-0.00159161611351027,0.004));
#1970=CARTESIAN_POINT('',(0.000164472728532357,-0.00137322715690291,0.004));
#1971=CARTESIAN_POINT('',(-0.000645778292116088,-0.0018225319581878,0.004));
#1972=CARTESIAN_POINT('',(-0.000645778292116088,-0.0018225319581878,0.0022));
#1973=CARTESIAN_POINT('',(-0.000164472728532357,-0.00137322715690291,0.0022));
#1974=CARTESIAN_POINT('',(-0.00126238815472872,-0.00159161611351027,0.0022));
#1975=CARTESIAN_POINT('',(-0.000164472728532357,-0.00137322715690291,0.004));
#1976=CARTESIAN_POINT('',(-0.00126238815472872,-0.00159161611351027,0.004));
#1977=CARTESIAN_POINT('',(-0.00183902098536839,-0.0023167892649355,0.004));
#1978=CARTESIAN_POINT('',(-0.00249706188500949,-0.00233941722096015,0.004));
#1979=CARTESIAN_POINT('',(-0.00249706188500948,-0.00233941722096015,0.0022));
#1980=CARTESIAN_POINT('',(-0.00183902098536839,-0.0023167892649355,0.0022));
#1981=CARTESIAN_POINT('',(-0.00156629412982338,-0.0017174980900807,0.0022));
#1982=CARTESIAN_POINT('',(-0.00156629412982338,-0.0017174980900807,0.004));
#1983=CARTESIAN_POINT('',(-0.0027522894043651,-0.00323005768393221,0.004));
#1984=CARTESIAN_POINT('',(-0.0033515805792199,-0.00350278453947721,0.004));
#1985=CARTESIAN_POINT('',(-0.00335158057921989,-0.00350278453947721,0.0022));
#1986=CARTESIAN_POINT('',(-0.0027522894043651,-0.00323005768393221,0.0022));
#1987=CARTESIAN_POINT('',(-0.00272966144834045,-0.00257201678429112,0.0022));
#1988=CARTESIAN_POINT('',(-0.00272966144834045,-0.00257201678429112,0.004));
#1989=CARTESIAN_POINT('',(-0.0032465467111128,-0.00442330037718451,0.004));
#1990=CARTESIAN_POINT('',(-0.00369585151239769,-0.00490460594076824,0.004));
#1991=CARTESIAN_POINT('',(-0.00369585151239769,-0.00490460594076824,0.0022));
#1992=CARTESIAN_POINT('',(-0.0032465467111128,-0.00442330037718451,0.0022));
#1993=CARTESIAN_POINT('',(-0.00347746255579032,-0.00380669051457187,0.0022));
#1994=CARTESIAN_POINT('',(-0.00347746255579032,-0.00380669051457187,0.004));
#1995=CARTESIAN_POINT('',(-0.0032465467111128,-0.00571485696141669,0.004));
#1996=CARTESIAN_POINT('',(-0.00347746255579032,-0.00633146682402932,0.004));
#1997=CARTESIAN_POINT('',(-0.00347746255579032,-0.00633146682402932,0.0022));
#1998=CARTESIAN_POINT('',(-0.0032465467111128,-0.00571485696141669,0.0022));
#1999=CARTESIAN_POINT('',(-0.00369585151239769,-0.00523355139783295,0.0022));
#2000=CARTESIAN_POINT('',(-0.00369585151239769,-0.00523355139783295,0.004));
#2001=CARTESIAN_POINT('',(-0.0027522894043651,-0.00690809965466899,0.004));
#2002=CARTESIAN_POINT('',(-0.00272966144834045,-0.00756614055431008,0.004));
#2003=CARTESIAN_POINT('',(-0.00272966144834045,-0.00756614055431008,0.0022));
#2004=CARTESIAN_POINT('',(-0.0027522894043651,-0.00690809965466899,0.0022));
#2005=CARTESIAN_POINT('',(-0.0033515805792199,-0.00663537279912398,0.0022));
#2006=CARTESIAN_POINT('',(-0.0033515805792199,-0.00663537279912398,0.004));
#2007=CARTESIAN_POINT('',(-0.00183902098536838,-0.00782136807366569,0.004));
#2008=CARTESIAN_POINT('',(-0.00156629412982338,-0.0084206592485205,0.004));
#2009=CARTESIAN_POINT('',(-0.00156629412982338,-0.0084206592485205,0.0022));
#2010=CARTESIAN_POINT('',(-0.00183902098536838,-0.00782136807366569,0.0022));
#2011=CARTESIAN_POINT('',(-0.00249706188500948,-0.00779874011764105,0.0022));
#2012=CARTESIAN_POINT('',(-0.00249706188500948,-0.00779874011764105,0.004));
#2013=CARTESIAN_POINT('',(-0.000645778292116088,-0.0083156253804134,0.004));
#2014=CARTESIAN_POINT('',(-0.000164472728532356,-0.00876493018169829,0.004));
#2015=CARTESIAN_POINT('',(-0.000164472728532356,-0.00876493018169829,0.0022));
#2016=CARTESIAN_POINT('',(-0.000645778292116088,-0.0083156253804134,0.0022));
#2017=CARTESIAN_POINT('',(-0.00126238815472873,-0.00854654122509093,0.0022));
#2018=CARTESIAN_POINT('',(-0.00126238815472873,-0.00854654122509093,0.004));
#2019=CARTESIAN_POINT('',(0.000645778292116089,-0.0083156253804134,0.004));
#2020=CARTESIAN_POINT('',(0.00126238815472872,-0.00854654122509093,0.004));
#2021=CARTESIAN_POINT('',(0.00126238815472872,-0.00854654122509093,0.0022));
#2022=CARTESIAN_POINT('',(0.000645778292116089,-0.0083156253804134,0.0022));
#2023=CARTESIAN_POINT('',(0.000164472728532357,-0.00876493018169829,0.0022));
#2024=CARTESIAN_POINT('',(0.000164472728532357,-0.00876493018169829,0.004));
#2025=CARTESIAN_POINT('',(0.00183902098536839,-0.00782136807366569,0.004));
#2026=CARTESIAN_POINT('',(0.00249706188500949,-0.00779874011764105,0.004));
#2027=CARTESIAN_POINT('',(0.00249706188500949,-0.00779874011764105,0.0022));
#2028=CARTESIAN_POINT('',(0.00183902098536839,-0.00782136807366569,0.0022));
#2029=CARTESIAN_POINT('',(0.00156629412982338,-0.0084206592485205,0.0022));
#2030=CARTESIAN_POINT('',(0.00156629412982338,-0.0084206592485205,0.004));
#2031=CARTESIAN_POINT('',(0.0027522894043651,-0.00690809965466899,0.004));
#2032=CARTESIAN_POINT('',(0.0033515805792199,-0.00663537279912398,0.004));
#2033=CARTESIAN_POINT('',(0.0033515805792199,-0.00663537279912398,0.0022));
#2034=CARTESIAN_POINT('',(0.0027522894043651,-0.00690809965466899,0.0022));
#2035=CARTESIAN_POINT('',(0.00272966144834045,-0.00756614055431008,0.0022));
#2036=CARTESIAN_POINT('',(0.00272966144834045,-0.00756614055431008,0.004));
#2037=CARTESIAN_POINT('',(7.06763459945585E-5,-0.0050690786693006,0.0022));
#2038=CARTESIAN_POINT('',(0.00355637159385063,-0.00654217601631195,0.0022));
#2039=CARTESIAN_POINT('',(0.00390212913888048,-0.0051226914803571,0.0022));
#2040=CARTESIAN_POINT('',(0.00358458051007373,-0.00352626671808649,0.0022));
#2041=CARTESIAN_POINT('',(0.00272192897660093,-0.00234714969269967,0.0022));
#2042=CARTESIAN_POINT('',(0.00147309734701135,-0.00151270707544996,0.0022));
#2043=CARTESIAN_POINT('',(1.08357066459009E-19,-0.00121968979477524,0.0022));
#2044=CARTESIAN_POINT('',(-0.00147309734701135,-0.00151270707544996,0.0022));
#2045=CARTESIAN_POINT('',(-0.00272192897660093,-0.00234714969269967,0.0022));
#2046=CARTESIAN_POINT('',(-0.00355637159385063,-0.00359598132228925,0.0022));
#2047=CARTESIAN_POINT('',(-0.00384938887452535,-0.0050690786693006,0.0022));
#2048=CARTESIAN_POINT('',(-0.00355637159385063,-0.00654217601631195,0.0022));
#2049=CARTESIAN_POINT('',(-0.00272192897660093,-0.00779100764590153,0.0022));
#2050=CARTESIAN_POINT('',(-0.00147309734701135,-0.00862545026315123,0.0022));
#2051=CARTESIAN_POINT('',(4.14067096809523E-19,-0.00891846754382595,0.0022));
#2052=CARTESIAN_POINT('',(0.00147309734701135,-0.00862545026315123,0.0022));
#2053=CARTESIAN_POINT('',(0.00272192897660093,-0.00779100764590153,0.0022));
#2054=CARTESIAN_POINT('',(-0.0027522894043651,-0.00690809965466899,0.002155));
#2055=CARTESIAN_POINT('',(-0.00383172384375521,-0.00665623065265237,0.002155));
#2056=CARTESIAN_POINT('',(-0.00383172384375521,-0.00665623065265237,0.00201477671871956));
#2057=CARTESIAN_POINT('',(-0.00365029484077579,-0.00658108029901028,0.00176876419592429));
#2058=CARTESIAN_POINT('',(-0.00338465624377656,-0.006471049189444,0.00175));
#2059=CARTESIAN_POINT('',(-0.00325708594382972,-0.00641820784104964,0.00175));
#2060=CARTESIAN_POINT('',(-0.0029326744648068,-0.0080017531341074,0.002155));
#2061=CARTESIAN_POINT('',(-0.0029326744648068,-0.0080017531341074,0.00201477671871956));
#2062=CARTESIAN_POINT('',(-0.00279381471762542,-0.00786289338692571,0.00176876419592429));
#2063=CARTESIAN_POINT('',(-0.00259050373748847,-0.00765958240678971,0.00175));
#2064=CARTESIAN_POINT('',(-0.00249286565698569,-0.00756194432628629,0.00175));
#2065=CARTESIAN_POINT('',(-0.00183902098536838,-0.00782136807366569,0.002155));
#2066=CARTESIAN_POINT('',(-0.00158715198335177,-0.00890080251305581,0.002155));
#2067=CARTESIAN_POINT('',(-0.00158715198335177,-0.00890080251305581,0.00201477671871956));
#2068=CARTESIAN_POINT('',(-0.00151200162970964,-0.00871937351007641,0.00176876419592429));
#2069=CARTESIAN_POINT('',(-0.0014019705201435,-0.00845373491307712,0.00175));
#2070=CARTESIAN_POINT('',(-0.00134912917174904,-0.00832616461313032,0.00175));
#2071=CARTESIAN_POINT('',(-0.0032465467111128,-0.00571485696141669,0.002155));
#2072=CARTESIAN_POINT('',(-0.00414742800215503,-0.0050690786693006,0.002155));
#2073=CARTESIAN_POINT('',(-0.00414742800215503,-0.0050690786693006,0.00201477671871956));
#2074=CARTESIAN_POINT('',(-0.00395105066442321,-0.0050690786693006,0.00176876419592429));
#2075=CARTESIAN_POINT('',(-0.00366352551893484,-0.0050690786693006,0.00175));
#2076=CARTESIAN_POINT('',(-0.00352544442128328,-0.0050690786693006,0.00175));
#2077=CARTESIAN_POINT('',(-0.000645778292116088,-0.0083156253804134,0.002155));
#2078=CARTESIAN_POINT('',(3.74427749059463E-19,-0.00921650667145563,0.002155));
#2079=CARTESIAN_POINT('',(3.74427749059462E-19,-0.00921650667145563,0.00201477671871956));
#2080=CARTESIAN_POINT('',(1.09775107058353E-18,-0.00902012933372382,0.00176876419592428));
#2081=CARTESIAN_POINT('',(2.49565894028302E-18,-0.00873260418823544,0.00175));
#2082=CARTESIAN_POINT('',(3.62555558411036E-19,-0.00859452309058388,0.00175));
#2083=CARTESIAN_POINT('',(-0.0032465467111128,-0.00442330037718451,0.002155));
#2084=CARTESIAN_POINT('',(-0.00383172384375521,-0.00348192668594883,0.002155));
#2085=CARTESIAN_POINT('',(-0.00383172384375521,-0.00348192668594882,0.00201477671871956));
#2086=CARTESIAN_POINT('',(-0.00365029484077579,-0.00355707703959092,0.00176876419592429));
#2087=CARTESIAN_POINT('',(-0.00338465624377656,-0.00366710814915719,0.00175));
#2088=CARTESIAN_POINT('',(-0.00325708594382972,-0.00371994949755155,0.00175));
#2089=CARTESIAN_POINT('',(0.000645778292116089,-0.0083156253804134,0.002155));
#2090=CARTESIAN_POINT('',(0.00158715198335177,-0.00890080251305581,0.002155));
#2091=CARTESIAN_POINT('',(0.00158715198335177,-0.00890080251305581,0.00201477671871956));
#2092=CARTESIAN_POINT('',(0.0015120016297096,-0.00871937351007642,0.00176876419592429));
#2093=CARTESIAN_POINT('',(0.00140197052014358,-0.00845373491307709,0.00175));
#2094=CARTESIAN_POINT('',(0.00134912917174904,-0.00832616461313032,0.00175));
#2095=CARTESIAN_POINT('',(-0.0027522894043651,-0.00323005768393221,0.002155));
#2096=CARTESIAN_POINT('',(-0.0029326744648068,-0.0021364042044938,0.002155));
#2097=CARTESIAN_POINT('',(-0.0029326744648068,-0.0021364042044938,0.00201477671871956));
#2098=CARTESIAN_POINT('',(-0.00279381471762543,-0.00227526395167549,0.00176876419592428));
#2099=CARTESIAN_POINT('',(-0.00259050373748847,-0.00247857493181149,0.00175));
#2100=CARTESIAN_POINT('',(-0.00249286565698569,-0.00257621301231491,0.00175));
#2101=CARTESIAN_POINT('',(0.00183902098536839,-0.00782136807366569,0.002155));
#2102=CARTESIAN_POINT('',(0.0029326744648068,-0.0080017531341074,0.002155));
#2103=CARTESIAN_POINT('',(0.0029326744648068,-0.0080017531341074,0.00201477671871956));
#2104=CARTESIAN_POINT('',(0.00279381471762522,-0.00786289338692592,0.00176876419592428));
#2105=CARTESIAN_POINT('',(0.0025905037374889,-0.00765958240678929,0.00175));
#2106=CARTESIAN_POINT('',(0.00249286565698569,-0.00756194432628629,0.00175));
#2107=CARTESIAN_POINT('',(-0.00183902098536839,-0.0023167892649355,0.002155));
#2108=CARTESIAN_POINT('',(-0.00158715198335178,-0.00123735482554538,0.002155));
#2109=CARTESIAN_POINT('',(-0.00158715198335178,-0.00123735482554538,0.00201477671871956));
#2110=CARTESIAN_POINT('',(-0.00151200162970979,-0.00141878382852485,0.00176876419592429));
#2111=CARTESIAN_POINT('',(-0.00140197052014318,-0.00168442242552395,0.00175));
#2112=CARTESIAN_POINT('',(-0.00134912917174904,-0.00181199272547088,0.00175));
#2113=CARTESIAN_POINT('',(0.0027522894043651,-0.00690809965466899,0.002155));
#2114=CARTESIAN_POINT('',(0.00383172384375521,-0.00665623065265237,0.002155));
#2115=CARTESIAN_POINT('',(0.00383172384375521,-0.00665623065265237,0.00201477671871956));
#2116=CARTESIAN_POINT('',(0.00365029484077579,-0.00658108029901029,0.00176876419592429));
#2117=CARTESIAN_POINT('',(0.00338465624377656,-0.006471049189444,0.00175));
#2118=CARTESIAN_POINT('',(0.00325708594382972,-0.00641820784104964,0.00175));
#2119=CARTESIAN_POINT('',(-0.000645778292116088,-0.0018225319581878,0.002155));
#2120=CARTESIAN_POINT('',(3.28424422602667E-19,-0.000921650667145563,0.002155));
#2121=CARTESIAN_POINT('',(3.28424422602667E-19,-0.000921650667145563,0.00201477671871956));
#2122=CARTESIAN_POINT('',(-1.950022593959E-16,-0.00111802800487738,0.00176876419592429));
#2123=CARTESIAN_POINT('',(3.887124428992E-16,-0.00140555315036575,0.00175));
#2124=CARTESIAN_POINT('',(3.12573884068363E-19,-0.00154363424801731,0.00175));
#2125=CARTESIAN_POINT('',(0.0032465467111128,-0.00571485696141669,0.002155));
#2126=CARTESIAN_POINT('',(0.00420273395218903,-0.00515421209778078,0.002155));
#2127=CARTESIAN_POINT('',(0.00420273395218903,-0.00515421209778078,0.00201183050623215));
#2128=CARTESIAN_POINT('',(0.00399752018623081,-0.00513252753625564,0.0017641654894151));
#2129=CARTESIAN_POINT('',(0.00370625296938695,-0.00510232829698956,0.00175));
#2130=CARTESIAN_POINT('',(0.00356599567349191,-0.00508814658513302,0.00175));
#2131=CARTESIAN_POINT('',(0.000645778292116089,-0.0018225319581878,0.002155));
#2132=CARTESIAN_POINT('',(0.00158715198335178,-0.00123735482554538,0.002155));
#2133=CARTESIAN_POINT('',(0.00158715198335178,-0.00123735482554538,0.00201477671871956));
#2134=CARTESIAN_POINT('',(0.00151200162970961,-0.00141878382852477,0.00176876419592429));
#2135=CARTESIAN_POINT('',(0.00140197052014355,-0.0016844224255241,0.00175));
#2136=CARTESIAN_POINT('',(0.00134912917174904,-0.00181199272547088,0.00175));
#2137=CARTESIAN_POINT('',(0.003375,-0.00439774942939425,0.002155));
#2138=CARTESIAN_POINT('',(0.00385024072639792,-0.00338210898305424,0.002155));
#2139=CARTESIAN_POINT('',(0.00385024072639792,-0.00338210898305424,0.00201183050623215));
#2140=CARTESIAN_POINT('',(0.00366894625067332,-0.00348067481394425,0.0017641654894151));
#2141=CARTESIAN_POINT('',(0.00341140717907692,-0.00362003841127687,0.00175));
#2142=CARTESIAN_POINT('',(0.00328725344028418,-0.00368681474800443,0.00175));
#2143=CARTESIAN_POINT('',(0.00183902098536839,-0.0023167892649355,0.002155));
#2144=CARTESIAN_POINT('',(0.0029326744648068,-0.00213640420449379,0.002155));
#2145=CARTESIAN_POINT('',(0.0029326744648068,-0.00213640420449379,0.00201477671871956));
#2146=CARTESIAN_POINT('',(0.00279381471762516,-0.00227526395167522,0.00176876419592429));
#2147=CARTESIAN_POINT('',(0.00259050373748901,-0.00247857493181203,0.00175));
#2148=CARTESIAN_POINT('',(0.00249286565698569,-0.00257621301231491,0.00175));
#2149=CARTESIAN_POINT('',(0.0027522894043651,-0.00323005768393221,0.002155));
#2150=CARTESIAN_POINT('',(0.00147309734701135,-0.00151270707544996,0.004));
#2151=CARTESIAN_POINT('',(0.00272192897660093,-0.00234714969269967,0.004));
#2152=CARTESIAN_POINT('',(0.00358458051007373,-0.00352626671808649,0.004));
#2153=CARTESIAN_POINT('',(0.00390212913888048,-0.0051226914803571,0.004));
#2154=CARTESIAN_POINT('',(0.00355637159385063,-0.00654217601631195,0.004));
#2155=CARTESIAN_POINT('',(0.00272192897660093,-0.00779100764590153,0.004));
#2156=CARTESIAN_POINT('',(0.00147309734701135,-0.00862545026315123,0.004));
#2157=CARTESIAN_POINT('',(4.14067096809523E-19,-0.00891846754382595,0.004));
#2158=CARTESIAN_POINT('',(-0.00147309734701135,-0.00862545026315123,0.004));
#2159=CARTESIAN_POINT('',(-0.00272192897660093,-0.00779100764590153,0.004));
#2160=CARTESIAN_POINT('',(-0.00355637159385063,-0.00654217601631195,0.004));
#2161=CARTESIAN_POINT('',(-0.00384938887452535,-0.0050690786693006,0.004));
#2162=CARTESIAN_POINT('',(-0.00355637159385063,-0.00359598132228925,0.004));
#2163=CARTESIAN_POINT('',(-0.00272192897660093,-0.00234714969269967,0.004));
#2164=CARTESIAN_POINT('',(1.08357066459009E-19,-0.00121968979477524,0.004));
#2165=CARTESIAN_POINT('',(-0.00147309734701135,-0.00151270707544996,0.004));
#2166=MECHANICAL_DESIGN_GEOMETRIC_PRESENTATION_REPRESENTATION('',(#1147),
#2167);
#2167=(
GEOMETRIC_REPRESENTATION_CONTEXT(3)
GLOBAL_UNCERTAINTY_ASSIGNED_CONTEXT((#2168))
GLOBAL_UNIT_ASSIGNED_CONTEXT((#2171,#2170,#2169))
REPRESENTATION_CONTEXT('Part 1','TOP_LEVEL_ASSEMBLY_PART')
);
#2168=UNCERTAINTY_MEASURE_WITH_UNIT(LENGTH_MEASURE(2.E-5),#2171,
'DISTANCE_ACCURACY_VALUE','Maximum Tolerance applied to model');
#2169=(
NAMED_UNIT(*)
SI_UNIT($,.STERADIAN.)
SOLID_ANGLE_UNIT()
);
#2170=(
NAMED_UNIT(*)
PLANE_ANGLE_UNIT()
SI_UNIT($,.RADIAN.)
);
#2171=(
LENGTH_UNIT()
NAMED_UNIT(*)
SI_UNIT($,.METRE.)
);
#2172=PRODUCT_DEFINITION_SHAPE('','',#2173);
#2173=PRODUCT_DEFINITION('','',#2175,#2174);
#2174=PRODUCT_DEFINITION_CONTEXT('',#2181,'design');
#2175=PRODUCT_DEFINITION_FORMATION_WITH_SPECIFIED_SOURCE('','',#2177,
 .NOT_KNOWN.);
#2176=PRODUCT_RELATED_PRODUCT_CATEGORY('','',(#2177));
#2177=PRODUCT('Part 1','Part 1','Part 1',(#2179));
#2178=PRODUCT_CATEGORY('','');
#2179=PRODUCT_CONTEXT('',#2181,'mechanical');
#2180=APPLICATION_PROTOCOL_DEFINITION('international standard',
'ap242_managed_model_based_3d_engineering',2020,#2181);
#2181=APPLICATION_CONTEXT('managed model based 3d engineering');
ENDSEC;
END-ISO-10303-21;
