ISO-10303-21;
HEADER;
/* Generated by software containing ST-Developer
 * from STEP Tools, Inc. (www.steptools.com) 
 */
/* OPTION: using custom renumber hook */

FILE_DESCRIPTION(
/* description */ ('STEP AP242 Edition 2',
'CAx-IF Rec.Pracs.---Representation and Presentation of Product Manufa
cturing Information (PMI)---4.0---2014-10-13',
'CAx-IF Rec.Pracs.---3D Tessellated Geometry---0.4---2014-09-14','2;1',
'CAx-IF Rec.Pracs.---User Defined Attributes---1.5---2016-08-15'),
/* implementation_level */ '2;1');

FILE_NAME(
/* name */ 'Hammock Chair',
/* time_stamp */ '2026-09-04T21:58:28Z',
/* author */ (''),
/* organization */ (''),
/* preprocessor_version */ 'ST-DEVELOPER v20',
/* originating_system */ 'ONSHAPE BY PTC INC, 1.220',
/* authorisation */ '  ');

FILE_SCHEMA (('AP242_MANAGED_MODEL_BASED_3D_ENGINEERING_MIM_LF { 1 0 10303 442 3 1 4 }'));
ENDSEC;

DATA;
#10=SHAPE_REPRESENTATION_RELATIONSHIP('','',#1152,#11);
#11=ADVANCED_BREP_SHAPE_REPRESENTATION('',(#1150),#4552);
#12=CYLINDRICAL_SURFACE('',#1176,0.0012375);
#13=LINE('',#2337,#14);
#14=VECTOR('',#1196,1.);
#15=PLANE('',#1157);
#16=PLANE('',#1161);
#17=PLANE('',#1170);
#18=PLANE('',#1173);
#19=PLANE('',#1180);
#20=CIRCLE('',#1156,0.000594);
#21=CIRCLE('',#1160,0.000594);
#22=CIRCLE('',#1171,0.00138090428560496);
#23=CIRCLE('',#1172,0.00172558500038263);
#24=CIRCLE('',#1174,0.00138090428560496);
#25=CIRCLE('',#1175,0.00172558500038263);
#26=CIRCLE('',#1177,0.0012375);
#27=CIRCLE('',#1178,0.0012375);
#28=CIRCLE('',#1179,0.0012375);
#29=CIRCLE('',#1182,0.00222167968960459);
#30=TOROIDAL_SURFACE('',#1154,0.0253507693556627,0.000593986310232447);
#31=TOROIDAL_SURFACE('',#1155,0.0252787690547018,0.000593983182830353);
#32=TOROIDAL_SURFACE('',#1158,0.0253507693556627,0.000593986310232447);
#33=TOROIDAL_SURFACE('',#1159,0.0251259666308222,0.000593985656764402);
#34=TOROIDAL_SURFACE('',#1162,0.0254720818398404,0.000593984948910295);
#35=TOROIDAL_SURFACE('',#1163,0.0256971063979359,0.000593983736388849);
#36=TOROIDAL_SURFACE('',#1164,0.0260440025595313,0.000593982727866856);
#37=TOROIDAL_SURFACE('',#1165,0.0260654484299906,0.000593981703176603);
#38=TOROIDAL_SURFACE('',#1166,0.0254088114079976,0.000593985963885719);
#39=TOROIDAL_SURFACE('',#1167,0.0254448302878468,0.000593984901853829);
#40=TOROIDAL_SURFACE('',#1168,0.0258691699483402,0.000593982493516799);
#41=TOROIDAL_SURFACE('',#1169,0.0262890163353043,0.000593982022715432);
#42=TOROIDAL_SURFACE('',#1181,0.00172558500038263,0.000501914999617367);
#43=TOROIDAL_SURFACE('',#1183,0.00172558500038263,0.000501914999617367);
#44=TOROIDAL_SURFACE('',#1184,0.00138090428560496,0.000143404285604962);
#45=TOROIDAL_SURFACE('',#1185,0.00138090428560496,0.000143404285604962);
#46=ORIENTED_EDGE('',*,*,#350,.F.);
#47=ORIENTED_EDGE('',*,*,#351,.F.);
#48=ORIENTED_EDGE('',*,*,#352,.F.);
#49=ORIENTED_EDGE('',*,*,#353,.F.);
#50=ORIENTED_EDGE('',*,*,#354,.F.);
#51=ORIENTED_EDGE('',*,*,#355,.F.);
#52=ORIENTED_EDGE('',*,*,#356,.F.);
#53=ORIENTED_EDGE('',*,*,#357,.F.);
#54=ORIENTED_EDGE('',*,*,#358,.F.);
#55=ORIENTED_EDGE('',*,*,#359,.F.);
#56=ORIENTED_EDGE('',*,*,#360,.F.);
#57=ORIENTED_EDGE('',*,*,#361,.F.);
#58=ORIENTED_EDGE('',*,*,#362,.F.);
#59=ORIENTED_EDGE('',*,*,#363,.F.);
#60=ORIENTED_EDGE('',*,*,#364,.F.);
#61=ORIENTED_EDGE('',*,*,#365,.F.);
#62=ORIENTED_EDGE('',*,*,#366,.F.);
#63=ORIENTED_EDGE('',*,*,#367,.F.);
#64=ORIENTED_EDGE('',*,*,#368,.F.);
#65=ORIENTED_EDGE('',*,*,#369,.F.);
#66=ORIENTED_EDGE('',*,*,#370,.F.);
#67=ORIENTED_EDGE('',*,*,#371,.F.);
#68=ORIENTED_EDGE('',*,*,#372,.F.);
#69=ORIENTED_EDGE('',*,*,#373,.F.);
#70=ORIENTED_EDGE('',*,*,#374,.F.);
#71=ORIENTED_EDGE('',*,*,#375,.F.);
#72=ORIENTED_EDGE('',*,*,#376,.F.);
#73=ORIENTED_EDGE('',*,*,#377,.F.);
#74=ORIENTED_EDGE('',*,*,#378,.F.);
#75=ORIENTED_EDGE('',*,*,#379,.F.);
#76=ORIENTED_EDGE('',*,*,#380,.F.);
#77=ORIENTED_EDGE('',*,*,#381,.F.);
#78=ORIENTED_EDGE('',*,*,#382,.F.);
#79=ORIENTED_EDGE('',*,*,#383,.F.);
#80=ORIENTED_EDGE('',*,*,#384,.F.);
#81=ORIENTED_EDGE('',*,*,#385,.F.);
#82=ORIENTED_EDGE('',*,*,#386,.T.);
#83=ORIENTED_EDGE('',*,*,#387,.T.);
#84=ORIENTED_EDGE('',*,*,#388,.T.);
#85=ORIENTED_EDGE('',*,*,#389,.T.);
#86=ORIENTED_EDGE('',*,*,#390,.T.);
#87=ORIENTED_EDGE('',*,*,#391,.F.);
#88=ORIENTED_EDGE('',*,*,#392,.T.);
#89=ORIENTED_EDGE('',*,*,#393,.F.);
#90=ORIENTED_EDGE('',*,*,#394,.F.);
#91=ORIENTED_EDGE('',*,*,#395,.F.);
#92=ORIENTED_EDGE('',*,*,#396,.T.);
#93=ORIENTED_EDGE('',*,*,#397,.F.);
#94=ORIENTED_EDGE('',*,*,#398,.F.);
#95=ORIENTED_EDGE('',*,*,#399,.F.);
#96=ORIENTED_EDGE('',*,*,#400,.F.);
#97=ORIENTED_EDGE('',*,*,#401,.F.);
#98=ORIENTED_EDGE('',*,*,#402,.F.);
#99=ORIENTED_EDGE('',*,*,#403,.F.);
#100=ORIENTED_EDGE('',*,*,#364,.T.);
#101=ORIENTED_EDGE('',*,*,#404,.F.);
#102=ORIENTED_EDGE('',*,*,#405,.F.);
#103=ORIENTED_EDGE('',*,*,#406,.F.);
#104=ORIENTED_EDGE('',*,*,#407,.F.);
#105=ORIENTED_EDGE('',*,*,#408,.F.);
#106=ORIENTED_EDGE('',*,*,#409,.F.);
#107=ORIENTED_EDGE('',*,*,#410,.F.);
#108=ORIENTED_EDGE('',*,*,#372,.T.);
#109=ORIENTED_EDGE('',*,*,#411,.T.);
#110=ORIENTED_EDGE('',*,*,#401,.T.);
#111=ORIENTED_EDGE('',*,*,#412,.T.);
#112=ORIENTED_EDGE('',*,*,#413,.T.);
#113=ORIENTED_EDGE('',*,*,#414,.F.);
#114=ORIENTED_EDGE('',*,*,#415,.T.);
#115=ORIENTED_EDGE('',*,*,#416,.T.);
#116=ORIENTED_EDGE('',*,*,#417,.T.);
#117=ORIENTED_EDGE('',*,*,#418,.T.);
#118=ORIENTED_EDGE('',*,*,#419,.F.);
#119=ORIENTED_EDGE('',*,*,#376,.T.);
#120=ORIENTED_EDGE('',*,*,#419,.T.);
#121=ORIENTED_EDGE('',*,*,#420,.T.);
#122=ORIENTED_EDGE('',*,*,#421,.T.);
#123=ORIENTED_EDGE('',*,*,#422,.T.);
#124=ORIENTED_EDGE('',*,*,#377,.T.);
#125=ORIENTED_EDGE('',*,*,#423,.F.);
#126=ORIENTED_EDGE('',*,*,#424,.F.);
#127=ORIENTED_EDGE('',*,*,#425,.F.);
#128=ORIENTED_EDGE('',*,*,#417,.F.);
#129=ORIENTED_EDGE('',*,*,#426,.F.);
#130=ORIENTED_EDGE('',*,*,#382,.T.);
#131=ORIENTED_EDGE('',*,*,#427,.F.);
#132=ORIENTED_EDGE('',*,*,#428,.F.);
#133=ORIENTED_EDGE('',*,*,#429,.F.);
#134=ORIENTED_EDGE('',*,*,#430,.F.);
#135=ORIENTED_EDGE('',*,*,#431,.F.);
#136=ORIENTED_EDGE('',*,*,#432,.F.);
#137=ORIENTED_EDGE('',*,*,#433,.F.);
#138=ORIENTED_EDGE('',*,*,#411,.F.);
#139=ORIENTED_EDGE('',*,*,#371,.T.);
#140=ORIENTED_EDGE('',*,*,#434,.F.);
#141=ORIENTED_EDGE('',*,*,#435,.F.);
#142=ORIENTED_EDGE('',*,*,#402,.T.);
#143=ORIENTED_EDGE('',*,*,#420,.F.);
#144=ORIENTED_EDGE('',*,*,#418,.F.);
#145=ORIENTED_EDGE('',*,*,#428,.T.);
#146=ORIENTED_EDGE('',*,*,#436,.F.);
#147=ORIENTED_EDGE('',*,*,#437,.F.);
#148=ORIENTED_EDGE('',*,*,#438,.F.);
#149=ORIENTED_EDGE('',*,*,#439,.F.);
#150=ORIENTED_EDGE('',*,*,#421,.F.);
#151=ORIENTED_EDGE('',*,*,#439,.T.);
#152=ORIENTED_EDGE('',*,*,#440,.F.);
#153=ORIENTED_EDGE('',*,*,#441,.F.);
#154=ORIENTED_EDGE('',*,*,#442,.F.);
#155=ORIENTED_EDGE('',*,*,#443,.F.);
#156=ORIENTED_EDGE('',*,*,#444,.F.);
#157=ORIENTED_EDGE('',*,*,#445,.F.);
#158=ORIENTED_EDGE('',*,*,#446,.F.);
#159=ORIENTED_EDGE('',*,*,#365,.T.);
#160=ORIENTED_EDGE('',*,*,#403,.T.);
#161=ORIENTED_EDGE('',*,*,#435,.T.);
#162=ORIENTED_EDGE('',*,*,#447,.F.);
#163=ORIENTED_EDGE('',*,*,#436,.T.);
#164=ORIENTED_EDGE('',*,*,#427,.T.);
#165=ORIENTED_EDGE('',*,*,#381,.T.);
#166=ORIENTED_EDGE('',*,*,#448,.F.);
#167=ORIENTED_EDGE('',*,*,#449,.F.);
#168=ORIENTED_EDGE('',*,*,#450,.F.);
#169=ORIENTED_EDGE('',*,*,#451,.F.);
#170=ORIENTED_EDGE('',*,*,#452,.F.);
#171=ORIENTED_EDGE('',*,*,#453,.F.);
#172=ORIENTED_EDGE('',*,*,#437,.T.);
#173=ORIENTED_EDGE('',*,*,#447,.T.);
#174=ORIENTED_EDGE('',*,*,#380,.T.);
#175=ORIENTED_EDGE('',*,*,#454,.F.);
#176=ORIENTED_EDGE('',*,*,#455,.F.);
#177=ORIENTED_EDGE('',*,*,#366,.T.);
#178=ORIENTED_EDGE('',*,*,#446,.T.);
#179=ORIENTED_EDGE('',*,*,#434,.T.);
#180=ORIENTED_EDGE('',*,*,#370,.T.);
#181=ORIENTED_EDGE('',*,*,#456,.F.);
#182=ORIENTED_EDGE('',*,*,#457,.F.);
#183=ORIENTED_EDGE('',*,*,#458,.F.);
#184=ORIENTED_EDGE('',*,*,#459,.F.);
#185=ORIENTED_EDGE('',*,*,#460,.F.);
#186=ORIENTED_EDGE('',*,*,#461,.F.);
#187=ORIENTED_EDGE('',*,*,#367,.T.);
#188=ORIENTED_EDGE('',*,*,#455,.T.);
#189=ORIENTED_EDGE('',*,*,#369,.T.);
#190=ORIENTED_EDGE('',*,*,#462,.F.);
#191=ORIENTED_EDGE('',*,*,#454,.T.);
#192=ORIENTED_EDGE('',*,*,#379,.T.);
#193=ORIENTED_EDGE('',*,*,#463,.F.);
#194=ORIENTED_EDGE('',*,*,#464,.F.);
#195=ORIENTED_EDGE('',*,*,#465,.F.);
#196=ORIENTED_EDGE('',*,*,#466,.F.);
#197=ORIENTED_EDGE('',*,*,#467,.F.);
#198=ORIENTED_EDGE('',*,*,#422,.F.);
#199=ORIENTED_EDGE('',*,*,#440,.T.);
#200=ORIENTED_EDGE('',*,*,#438,.T.);
#201=ORIENTED_EDGE('',*,*,#453,.T.);
#202=ORIENTED_EDGE('',*,*,#462,.T.);
#203=ORIENTED_EDGE('',*,*,#378,.T.);
#204=ORIENTED_EDGE('',*,*,#461,.T.);
#205=ORIENTED_EDGE('',*,*,#368,.T.);
#206=ORIENTED_EDGE('',*,*,#468,.F.);
#207=ORIENTED_EDGE('',*,*,#469,.F.);
#208=ORIENTED_EDGE('',*,*,#470,.F.);
#209=ORIENTED_EDGE('',*,*,#471,.F.);
#210=ORIENTED_EDGE('',*,*,#472,.F.);
#211=ORIENTED_EDGE('',*,*,#412,.F.);
#212=ORIENTED_EDGE('',*,*,#404,.T.);
#213=ORIENTED_EDGE('',*,*,#363,.T.);
#214=ORIENTED_EDGE('',*,*,#473,.F.);
#215=ORIENTED_EDGE('',*,*,#416,.F.);
#216=ORIENTED_EDGE('',*,*,#474,.F.);
#217=ORIENTED_EDGE('',*,*,#383,.T.);
#218=ORIENTED_EDGE('',*,*,#426,.T.);
#219=ORIENTED_EDGE('',*,*,#475,.F.);
#220=ORIENTED_EDGE('',*,*,#476,.F.);
#221=ORIENTED_EDGE('',*,*,#477,.F.);
#222=ORIENTED_EDGE('',*,*,#478,.F.);
#223=ORIENTED_EDGE('',*,*,#479,.F.);
#224=ORIENTED_EDGE('',*,*,#480,.F.);
#225=ORIENTED_EDGE('',*,*,#413,.F.);
#226=ORIENTED_EDGE('',*,*,#473,.T.);
#227=ORIENTED_EDGE('',*,*,#362,.T.);
#228=ORIENTED_EDGE('',*,*,#481,.F.);
#229=ORIENTED_EDGE('',*,*,#384,.T.);
#230=ORIENTED_EDGE('',*,*,#474,.T.);
#231=ORIENTED_EDGE('',*,*,#415,.F.);
#232=ORIENTED_EDGE('',*,*,#482,.F.);
#233=ORIENTED_EDGE('',*,*,#483,.F.);
#234=ORIENTED_EDGE('',*,*,#484,.F.);
#235=ORIENTED_EDGE('',*,*,#485,.F.);
#236=ORIENTED_EDGE('',*,*,#486,.F.);
#237=ORIENTED_EDGE('',*,*,#487,.F.);
#238=ORIENTED_EDGE('',*,*,#373,.T.);
#239=ORIENTED_EDGE('',*,*,#410,.T.);
#240=ORIENTED_EDGE('',*,*,#480,.T.);
#241=ORIENTED_EDGE('',*,*,#361,.T.);
#242=ORIENTED_EDGE('',*,*,#488,.F.);
#243=ORIENTED_EDGE('',*,*,#385,.T.);
#244=ORIENTED_EDGE('',*,*,#481,.T.);
#245=ORIENTED_EDGE('',*,*,#414,.T.);
#246=ORIENTED_EDGE('',*,*,#375,.T.);
#247=ORIENTED_EDGE('',*,*,#489,.F.);
#248=ORIENTED_EDGE('',*,*,#490,.F.);
#249=ORIENTED_EDGE('',*,*,#491,.F.);
#250=ORIENTED_EDGE('',*,*,#492,.F.);
#251=ORIENTED_EDGE('',*,*,#493,.F.);
#252=ORIENTED_EDGE('',*,*,#487,.T.);
#253=ORIENTED_EDGE('',*,*,#360,.T.);
#254=ORIENTED_EDGE('',*,*,#488,.T.);
#255=ORIENTED_EDGE('',*,*,#374,.T.);
#256=ORIENTED_EDGE('',*,*,#409,.T.);
#257=ORIENTED_EDGE('',*,*,#425,.T.);
#258=ORIENTED_EDGE('',*,*,#358,.T.);
#259=ORIENTED_EDGE('',*,*,#359,.T.);
#260=ORIENTED_EDGE('',*,*,#433,.T.);
#261=ORIENTED_EDGE('',*,*,#445,.T.);
#262=ORIENTED_EDGE('',*,*,#452,.T.);
#263=ORIENTED_EDGE('',*,*,#460,.T.);
#264=ORIENTED_EDGE('',*,*,#467,.T.);
#265=ORIENTED_EDGE('',*,*,#472,.T.);
#266=ORIENTED_EDGE('',*,*,#479,.T.);
#267=ORIENTED_EDGE('',*,*,#486,.T.);
#268=ORIENTED_EDGE('',*,*,#493,.T.);
#269=ORIENTED_EDGE('',*,*,#408,.T.);
#270=ORIENTED_EDGE('',*,*,#400,.T.);
#271=ORIENTED_EDGE('',*,*,#424,.T.);
#272=ORIENTED_EDGE('',*,*,#356,.T.);
#273=ORIENTED_EDGE('',*,*,#357,.T.);
#274=ORIENTED_EDGE('',*,*,#432,.T.);
#275=ORIENTED_EDGE('',*,*,#444,.T.);
#276=ORIENTED_EDGE('',*,*,#451,.T.);
#277=ORIENTED_EDGE('',*,*,#459,.T.);
#278=ORIENTED_EDGE('',*,*,#466,.T.);
#279=ORIENTED_EDGE('',*,*,#471,.T.);
#280=ORIENTED_EDGE('',*,*,#478,.T.);
#281=ORIENTED_EDGE('',*,*,#485,.T.);
#282=ORIENTED_EDGE('',*,*,#492,.T.);
#283=ORIENTED_EDGE('',*,*,#407,.T.);
#284=ORIENTED_EDGE('',*,*,#423,.T.);
#285=ORIENTED_EDGE('',*,*,#354,.T.);
#286=ORIENTED_EDGE('',*,*,#355,.T.);
#287=ORIENTED_EDGE('',*,*,#431,.T.);
#288=ORIENTED_EDGE('',*,*,#443,.T.);
#289=ORIENTED_EDGE('',*,*,#450,.T.);
#290=ORIENTED_EDGE('',*,*,#458,.T.);
#291=ORIENTED_EDGE('',*,*,#465,.T.);
#292=ORIENTED_EDGE('',*,*,#470,.T.);
#293=ORIENTED_EDGE('',*,*,#477,.T.);
#294=ORIENTED_EDGE('',*,*,#484,.T.);
#295=ORIENTED_EDGE('',*,*,#491,.T.);
#296=ORIENTED_EDGE('',*,*,#399,.T.);
#297=ORIENTED_EDGE('',*,*,#406,.T.);
#298=ORIENTED_EDGE('',*,*,#352,.T.);
#299=ORIENTED_EDGE('',*,*,#353,.T.);
#300=ORIENTED_EDGE('',*,*,#430,.T.);
#301=ORIENTED_EDGE('',*,*,#442,.T.);
#302=ORIENTED_EDGE('',*,*,#449,.T.);
#303=ORIENTED_EDGE('',*,*,#457,.T.);
#304=ORIENTED_EDGE('',*,*,#464,.T.);
#305=ORIENTED_EDGE('',*,*,#469,.T.);
#306=ORIENTED_EDGE('',*,*,#476,.T.);
#307=ORIENTED_EDGE('',*,*,#483,.T.);
#308=ORIENTED_EDGE('',*,*,#490,.T.);
#309=ORIENTED_EDGE('',*,*,#398,.T.);
#310=ORIENTED_EDGE('',*,*,#405,.T.);
#311=ORIENTED_EDGE('',*,*,#350,.T.);
#312=ORIENTED_EDGE('',*,*,#351,.T.);
#313=ORIENTED_EDGE('',*,*,#429,.T.);
#314=ORIENTED_EDGE('',*,*,#441,.T.);
#315=ORIENTED_EDGE('',*,*,#448,.T.);
#316=ORIENTED_EDGE('',*,*,#456,.T.);
#317=ORIENTED_EDGE('',*,*,#463,.T.);
#318=ORIENTED_EDGE('',*,*,#468,.T.);
#319=ORIENTED_EDGE('',*,*,#475,.T.);
#320=ORIENTED_EDGE('',*,*,#482,.T.);
#321=ORIENTED_EDGE('',*,*,#489,.T.);
#322=ORIENTED_EDGE('',*,*,#494,.T.);
#323=ORIENTED_EDGE('',*,*,#388,.F.);
#324=ORIENTED_EDGE('',*,*,#495,.T.);
#325=ORIENTED_EDGE('',*,*,#397,.T.);
#326=ORIENTED_EDGE('',*,*,#496,.T.);
#327=ORIENTED_EDGE('',*,*,#391,.T.);
#328=ORIENTED_EDGE('',*,*,#497,.T.);
#329=ORIENTED_EDGE('',*,*,#498,.T.);
#330=ORIENTED_EDGE('',*,*,#499,.T.);
#331=ORIENTED_EDGE('',*,*,#395,.T.);
#332=ORIENTED_EDGE('',*,*,#500,.T.);
#333=ORIENTED_EDGE('',*,*,#393,.T.);
#334=ORIENTED_EDGE('',*,*,#394,.T.);
#335=ORIENTED_EDGE('',*,*,#500,.F.);
#336=ORIENTED_EDGE('',*,*,#501,.F.);
#337=ORIENTED_EDGE('',*,*,#389,.F.);
#338=ORIENTED_EDGE('',*,*,#495,.F.);
#339=ORIENTED_EDGE('',*,*,#387,.F.);
#340=ORIENTED_EDGE('',*,*,#390,.F.);
#341=ORIENTED_EDGE('',*,*,#501,.T.);
#342=ORIENTED_EDGE('',*,*,#386,.F.);
#343=ORIENTED_EDGE('',*,*,#497,.F.);
#344=ORIENTED_EDGE('',*,*,#392,.F.);
#345=ORIENTED_EDGE('',*,*,#496,.F.);
#346=ORIENTED_EDGE('',*,*,#396,.F.);
#347=ORIENTED_EDGE('',*,*,#499,.F.);
#348=ORIENTED_EDGE('',*,*,#498,.F.);
#349=ORIENTED_EDGE('',*,*,#494,.F.);
#350=EDGE_CURVE('',#502,#502,#626,.T.);
#351=EDGE_CURVE('',#503,#503,#627,.T.);
#352=EDGE_CURVE('',#504,#504,#628,.T.);
#353=EDGE_CURVE('',#505,#505,#629,.T.);
#354=EDGE_CURVE('',#506,#506,#630,.T.);
#355=EDGE_CURVE('',#507,#507,#631,.T.);
#356=EDGE_CURVE('',#508,#508,#632,.T.);
#357=EDGE_CURVE('',#509,#509,#633,.T.);
#358=EDGE_CURVE('',#510,#510,#634,.T.);
#359=EDGE_CURVE('',#511,#511,#635,.T.);
#360=EDGE_CURVE('',#512,#513,#636,.T.);
#361=EDGE_CURVE('',#514,#512,#637,.T.);
#362=EDGE_CURVE('',#515,#514,#638,.T.);
#363=EDGE_CURVE('',#516,#515,#639,.T.);
#364=EDGE_CURVE('',#517,#516,#640,.T.);
#365=EDGE_CURVE('',#518,#517,#641,.T.);
#366=EDGE_CURVE('',#519,#518,#642,.T.);
#367=EDGE_CURVE('',#520,#519,#643,.T.);
#368=EDGE_CURVE('',#521,#520,#644,.T.);
#369=EDGE_CURVE('',#522,#521,#645,.T.);
#370=EDGE_CURVE('',#523,#522,#646,.T.);
#371=EDGE_CURVE('',#524,#523,#647,.T.);
#372=EDGE_CURVE('',#525,#524,#648,.T.);
#373=EDGE_CURVE('',#513,#525,#649,.T.);
#374=EDGE_CURVE('',#526,#527,#650,.T.);
#375=EDGE_CURVE('',#528,#526,#651,.T.);
#376=EDGE_CURVE('',#529,#528,#652,.T.);
#377=EDGE_CURVE('',#530,#529,#653,.T.);
#378=EDGE_CURVE('',#531,#530,#654,.T.);
#379=EDGE_CURVE('',#532,#531,#655,.T.);
#380=EDGE_CURVE('',#533,#532,#656,.T.);
#381=EDGE_CURVE('',#534,#533,#657,.T.);
#382=EDGE_CURVE('',#535,#534,#658,.T.);
#383=EDGE_CURVE('',#536,#535,#659,.T.);
#384=EDGE_CURVE('',#537,#536,#660,.T.);
#385=EDGE_CURVE('',#527,#537,#661,.T.);
#386=EDGE_CURVE('',#538,#539,#662,.T.);
#387=EDGE_CURVE('',#539,#540,#663,.T.);
#388=EDGE_CURVE('',#540,#541,#664,.T.);
#389=EDGE_CURVE('',#541,#542,#665,.T.);
#390=EDGE_CURVE('',#542,#543,#666,.T.);
#391=EDGE_CURVE('',#544,#543,#667,.F.);
#392=EDGE_CURVE('',#544,#545,#668,.T.);
#393=EDGE_CURVE('',#546,#545,#669,.T.);
#394=EDGE_CURVE('',#547,#546,#670,.F.);
#395=EDGE_CURVE('',#548,#547,#671,.T.);
#396=EDGE_CURVE('',#548,#549,#672,.T.);
#397=EDGE_CURVE('',#538,#549,#673,.F.);
#398=EDGE_CURVE('',#550,#550,#674,.T.);
#399=EDGE_CURVE('',#551,#551,#675,.T.);
#400=EDGE_CURVE('',#552,#552,#676,.T.);
#401=EDGE_CURVE('',#553,#554,#677,.T.);
#402=EDGE_CURVE('',#555,#553,#678,.T.);
#403=EDGE_CURVE('',#517,#555,#679,.T.);
#404=EDGE_CURVE('',#554,#516,#680,.T.);
#405=EDGE_CURVE('',#556,#556,#681,.T.);
#406=EDGE_CURVE('',#557,#557,#682,.T.);
#407=EDGE_CURVE('',#558,#558,#683,.T.);
#408=EDGE_CURVE('',#559,#559,#684,.T.);
#409=EDGE_CURVE('',#560,#560,#685,.T.);
#410=EDGE_CURVE('',#525,#561,#686,.T.);
#411=EDGE_CURVE('',#524,#553,#687,.T.);
#412=EDGE_CURVE('',#554,#562,#688,.T.);
#413=EDGE_CURVE('',#562,#561,#689,.T.);
#414=EDGE_CURVE('',#563,#528,#690,.T.);
#415=EDGE_CURVE('',#563,#564,#691,.T.);
#416=EDGE_CURVE('',#564,#565,#692,.T.);
#417=EDGE_CURVE('',#565,#566,#693,.T.);
#418=EDGE_CURVE('',#566,#567,#694,.T.);
#419=EDGE_CURVE('',#529,#567,#20,.T.);
#420=EDGE_CURVE('',#567,#568,#695,.T.);
#421=EDGE_CURVE('',#568,#569,#13,.T.);
#422=EDGE_CURVE('',#569,#530,#696,.T.);
#423=EDGE_CURVE('',#570,#570,#697,.T.);
#424=EDGE_CURVE('',#571,#571,#698,.T.);
#425=EDGE_CURVE('',#572,#572,#699,.T.);
#426=EDGE_CURVE('',#535,#565,#700,.T.);
#427=EDGE_CURVE('',#573,#534,#701,.T.);
#428=EDGE_CURVE('',#566,#573,#702,.T.);
#429=EDGE_CURVE('',#574,#574,#703,.T.);
#430=EDGE_CURVE('',#575,#575,#704,.T.);
#431=EDGE_CURVE('',#576,#576,#705,.T.);
#432=EDGE_CURVE('',#577,#577,#706,.T.);
#433=EDGE_CURVE('',#578,#578,#707,.T.);
#434=EDGE_CURVE('',#579,#523,#708,.T.);
#435=EDGE_CURVE('',#555,#579,#709,.T.);
#436=EDGE_CURVE('',#580,#573,#710,.T.);
#437=EDGE_CURVE('',#581,#580,#711,.T.);
#438=EDGE_CURVE('',#582,#581,#712,.T.);
#439=EDGE_CURVE('',#568,#582,#21,.T.);
#440=EDGE_CURVE('',#569,#582,#713,.T.);
#441=EDGE_CURVE('',#583,#583,#714,.T.);
#442=EDGE_CURVE('',#584,#584,#715,.T.);
#443=EDGE_CURVE('',#585,#585,#716,.T.);
#444=EDGE_CURVE('',#586,#586,#717,.T.);
#445=EDGE_CURVE('',#587,#587,#718,.T.);
#446=EDGE_CURVE('',#518,#579,#719,.T.);
#447=EDGE_CURVE('',#580,#533,#720,.T.);
#448=EDGE_CURVE('',#588,#588,#721,.T.);
#449=EDGE_CURVE('',#589,#589,#722,.T.);
#450=EDGE_CURVE('',#590,#590,#723,.T.);
#451=EDGE_CURVE('',#591,#591,#724,.T.);
#452=EDGE_CURVE('',#592,#592,#725,.T.);
#453=EDGE_CURVE('',#581,#593,#726,.T.);
#454=EDGE_CURVE('',#593,#532,#727,.T.);
#455=EDGE_CURVE('',#519,#522,#728,.T.);
#456=EDGE_CURVE('',#594,#594,#729,.T.);
#457=EDGE_CURVE('',#595,#595,#730,.T.);
#458=EDGE_CURVE('',#596,#596,#731,.T.);
#459=EDGE_CURVE('',#597,#597,#732,.T.);
#460=EDGE_CURVE('',#598,#598,#733,.T.);
#461=EDGE_CURVE('',#520,#521,#734,.T.);
#462=EDGE_CURVE('',#593,#531,#735,.T.);
#463=EDGE_CURVE('',#599,#599,#736,.T.);
#464=EDGE_CURVE('',#600,#600,#737,.T.);
#465=EDGE_CURVE('',#601,#601,#738,.T.);
#466=EDGE_CURVE('',#602,#602,#739,.T.);
#467=EDGE_CURVE('',#603,#603,#740,.T.);
#468=EDGE_CURVE('',#604,#604,#741,.T.);
#469=EDGE_CURVE('',#605,#605,#742,.T.);
#470=EDGE_CURVE('',#606,#606,#743,.T.);
#471=EDGE_CURVE('',#607,#607,#744,.T.);
#472=EDGE_CURVE('',#608,#608,#745,.T.);
#473=EDGE_CURVE('',#562,#515,#746,.T.);
#474=EDGE_CURVE('',#536,#564,#747,.T.);
#475=EDGE_CURVE('',#609,#609,#748,.T.);
#476=EDGE_CURVE('',#610,#610,#749,.T.);
#477=EDGE_CURVE('',#611,#611,#750,.T.);
#478=EDGE_CURVE('',#612,#612,#751,.T.);
#479=EDGE_CURVE('',#613,#613,#752,.T.);
#480=EDGE_CURVE('',#561,#514,#753,.T.);
#481=EDGE_CURVE('',#537,#563,#754,.T.);
#482=EDGE_CURVE('',#614,#614,#755,.T.);
#483=EDGE_CURVE('',#615,#615,#756,.T.);
#484=EDGE_CURVE('',#616,#616,#757,.T.);
#485=EDGE_CURVE('',#617,#617,#758,.T.);
#486=EDGE_CURVE('',#618,#618,#759,.T.);
#487=EDGE_CURVE('',#513,#512,#760,.T.);
#488=EDGE_CURVE('',#527,#526,#761,.T.);
#489=EDGE_CURVE('',#619,#619,#762,.T.);
#490=EDGE_CURVE('',#620,#620,#763,.T.);
#491=EDGE_CURVE('',#621,#621,#764,.T.);
#492=EDGE_CURVE('',#622,#622,#765,.T.);
#493=EDGE_CURVE('',#623,#623,#766,.T.);
#494=EDGE_CURVE('',#624,#624,#22,.T.);
#495=EDGE_CURVE('',#540,#541,#23,.F.);
#496=EDGE_CURVE('',#549,#544,#24,.F.);
#497=EDGE_CURVE('',#543,#538,#25,.T.);
#498=EDGE_CURVE('',#625,#625,#26,.F.);
#499=EDGE_CURVE('',#545,#548,#27,.T.);
#500=EDGE_CURVE('',#547,#546,#28,.T.);
#501=EDGE_CURVE('',#542,#539,#29,.T.);
#502=VERTEX_POINT('',#1504);
#503=VERTEX_POINT('',#1517);
#504=VERTEX_POINT('',#1530);
#505=VERTEX_POINT('',#1543);
#506=VERTEX_POINT('',#1556);
#507=VERTEX_POINT('',#1569);
#508=VERTEX_POINT('',#1581);
#509=VERTEX_POINT('',#1593);
#510=VERTEX_POINT('',#1605);
#511=VERTEX_POINT('',#1617);
#512=VERTEX_POINT('',#1638);
#513=VERTEX_POINT('',#1639);
#514=VERTEX_POINT('',#1645);
#515=VERTEX_POINT('',#1650);
#516=VERTEX_POINT('',#1655);
#517=VERTEX_POINT('',#1660);
#518=VERTEX_POINT('',#1665);
#519=VERTEX_POINT('',#1670);
#520=VERTEX_POINT('',#1676);
#521=VERTEX_POINT('',#1698);
#522=VERTEX_POINT('',#1703);
#523=VERTEX_POINT('',#1708);
#524=VERTEX_POINT('',#1714);
#525=VERTEX_POINT('',#1721);
#526=VERTEX_POINT('',#1745);
#527=VERTEX_POINT('',#1746);
#528=VERTEX_POINT('',#1751);
#529=VERTEX_POINT('',#1756);
#530=VERTEX_POINT('',#1761);
#531=VERTEX_POINT('',#1782);
#532=VERTEX_POINT('',#1789);
#533=VERTEX_POINT('',#1794);
#534=VERTEX_POINT('',#1799);
#535=VERTEX_POINT('',#1804);
#536=VERTEX_POINT('',#1809);
#537=VERTEX_POINT('',#1814);
#538=VERTEX_POINT('',#1825);
#539=VERTEX_POINT('',#1826);
#540=VERTEX_POINT('',#1832);
#541=VERTEX_POINT('',#1837);
#542=VERTEX_POINT('',#1843);
#543=VERTEX_POINT('',#1849);
#544=VERTEX_POINT('',#1884);
#545=VERTEX_POINT('',#1889);
#546=VERTEX_POINT('',#1894);
#547=VERTEX_POINT('',#1929);
#548=VERTEX_POINT('',#1934);
#549=VERTEX_POINT('',#1939);
#550=VERTEX_POINT('',#1994);
#551=VERTEX_POINT('',#2014);
#552=VERTEX_POINT('',#2042);
#553=VERTEX_POINT('',#2047);
#554=VERTEX_POINT('',#2048);
#555=VERTEX_POINT('',#2068);
#556=VERTEX_POINT('',#2132);
#557=VERTEX_POINT('',#2152);
#558=VERTEX_POINT('',#2172);
#559=VERTEX_POINT('',#2200);
#560=VERTEX_POINT('',#2220);
#561=VERTEX_POINT('',#2239);
#562=VERTEX_POINT('',#2248);
#563=VERTEX_POINT('',#2288);
#564=VERTEX_POINT('',#2309);
#565=VERTEX_POINT('',#2314);
#566=VERTEX_POINT('',#2319);
#567=VERTEX_POINT('',#2329);
#568=VERTEX_POINT('',#2336);
#569=VERTEX_POINT('',#2338);
#570=VERTEX_POINT('',#2371);
#571=VERTEX_POINT('',#2401);
#572=VERTEX_POINT('',#2445);
#573=VERTEX_POINT('',#2470);
#574=VERTEX_POINT('',#2515);
#575=VERTEX_POINT('',#2535);
#576=VERTEX_POINT('',#2564);
#577=VERTEX_POINT('',#2596);
#578=VERTEX_POINT('',#2627);
#579=VERTEX_POINT('',#2632);
#580=VERTEX_POINT('',#2671);
#581=VERTEX_POINT('',#2676);
#582=VERTEX_POINT('',#2682);
#583=VERTEX_POINT('',#2715);
#584=VERTEX_POINT('',#2735);
#585=VERTEX_POINT('',#2755);
#586=VERTEX_POINT('',#2785);
#587=VERTEX_POINT('',#2809);
#588=VERTEX_POINT('',#2886);
#589=VERTEX_POINT('',#2906);
#590=VERTEX_POINT('',#2926);
#591=VERTEX_POINT('',#2954);
#592=VERTEX_POINT('',#2974);
#593=VERTEX_POINT('',#2979);
#594=VERTEX_POINT('',#3062);
#595=VERTEX_POINT('',#3082);
#596=VERTEX_POINT('',#3102);
#597=VERTEX_POINT('',#3130);
#598=VERTEX_POINT('',#3150);
#599=VERTEX_POINT('',#3218);
#600=VERTEX_POINT('',#3238);
#601=VERTEX_POINT('',#3252);
#602=VERTEX_POINT('',#3280);
#603=VERTEX_POINT('',#3300);
#604=VERTEX_POINT('',#3321);
#605=VERTEX_POINT('',#3341);
#606=VERTEX_POINT('',#3376);
#607=VERTEX_POINT('',#3408);
#608=VERTEX_POINT('',#3441);
#609=VERTEX_POINT('',#3512);
#610=VERTEX_POINT('',#3532);
#611=VERTEX_POINT('',#3552);
#612=VERTEX_POINT('',#3581);
#613=VERTEX_POINT('',#3601);
#614=VERTEX_POINT('',#3648);
#615=VERTEX_POINT('',#3668);
#616=VERTEX_POINT('',#3688);
#617=VERTEX_POINT('',#3716);
#618=VERTEX_POINT('',#3736);
#619=VERTEX_POINT('',#3809);
#620=VERTEX_POINT('',#3829);
#621=VERTEX_POINT('',#3846);
#622=VERTEX_POINT('',#3882);
#623=VERTEX_POINT('',#3902);
#624=VERTEX_POINT('',#4535);
#625=VERTEX_POINT('',#4542);
#626=B_SPLINE_CURVE_WITH_KNOTS('',3,(#1492,#1493,#1494,#1495,#1496,#1497,
#1498,#1499,#1500,#1501,#1502,#1503),.UNSPECIFIED.,.T.,.F.,(1,1,1,1,1,1,
1,1,1,1,1,1,1,1,1,1),(-0.00143151315127883,-0.000954342100852555,-0.000477171050426277,
0.,0.000477171050426277,0.000954342100852555,0.00119292762606569,0.00143151315127883,
0.00190868420170511,0.00238585525213139,0.00286302630255766,0.00334019735298394,
0.00381736840341022,0.0042945394538365,0.00477171050426277,0.00501029602947591),
 .UNSPECIFIED.);
#627=B_SPLINE_CURVE_WITH_KNOTS('',3,(#1505,#1506,#1507,#1508,#1509,#1510,
#1511,#1512,#1513,#1514,#1515,#1516),.UNSPECIFIED.,.T.,.F.,(1,1,1,1,1,1,
1,1,1,1,1,1,1,1,1,1),(-0.00119175465404274,-0.000953403723234194,-0.000476701861617097,
0.,0.000476701861617097,0.000953403723234194,0.00143010558485129,0.00190680744646839,
0.00238350930808548,0.00262186023889403,0.00286021116970258,0.00333691303131968,
0.00381361489293677,0.00429031675455387,0.00476701861617097,0.00524372047778807),
 .UNSPECIFIED.);
#628=B_SPLINE_CURVE_WITH_KNOTS('',3,(#1518,#1519,#1520,#1521,#1522,#1523,
#1524,#1525,#1526,#1527,#1528,#1529),.UNSPECIFIED.,.T.,.F.,(1,1,1,1,1,1,
1,1,1,1,1,1,1,1,1,1),(-0.0014389753088909,-0.000959316872593929,-0.000479658436296957,
1.43311678859634E-17,0.000479658436296986,0.000959316872593957,0.00119914609074244,
0.00143897530889093,0.0019186337451879,0.00239829218148487,0.00287795061778184,
0.00335760905407882,0.00383726749037579,0.00431692592667276,0.00479658436296973,
0.00503641358111822),.UNSPECIFIED.);
#629=B_SPLINE_CURVE_WITH_KNOTS('',3,(#1531,#1532,#1533,#1534,#1535,#1536,
#1537,#1538,#1539,#1540,#1541,#1542),.UNSPECIFIED.,.T.,.F.,(1,1,1,1,1,1,
1,1,1,1,1,1,1,1,1,1),(-0.00119742586706701,-0.0009579406936536,-0.000478970346826777,
4.62963214469068E-17,0.00047897034682687,0.000957940693653693,0.00143691104048052,
0.00191588138730734,0.00239485173413416,0.00263433690754757,0.00287382208096099,
0.00335279242778781,0.00383176277461463,0.00431073312144146,0.00478970346826828,
0.0052686738150951),.UNSPECIFIED.);
#630=B_SPLINE_CURVE_WITH_KNOTS('',3,(#1544,#1545,#1546,#1547,#1548,#1549,
#1550,#1551,#1552,#1553,#1554,#1555),.UNSPECIFIED.,.T.,.F.,(1,1,1,1,1,1,
1,1,1,1,1,1,1,1,1,1),(-0.00144587654067203,-0.000963917693781352,-0.000481958846890673,
6.07153216591882E-18,0.000481958846890685,0.000722938270336025,0.000963917693781364,
0.00144587654067204,0.00192783538756272,0.0024097942344534,0.00289175308134408,
0.00337371192823476,0.00385567077512544,0.00433762962201612,0.00457860904546146,
0.0048195884689068),.UNSPECIFIED.);
#631=B_SPLINE_CURVE_WITH_KNOTS('',3,(#1557,#1558,#1559,#1560,#1561,#1562,
#1563,#1564,#1565,#1566,#1567,#1568),.UNSPECIFIED.,.T.,.F.,(1,1,1,1,1,1,
1,1,1,1,1,1,1,1,1,1),(-0.000965109793413334,-0.00072383234506,-0.000482554896706667,
0.,0.000482554896706667,0.000965109793413334,0.00144766469012,0.00193021958682667,
0.00241277448353333,0.00289532938024,0.00313660682859334,0.00337788427694667,
0.00386043917365334,0.00434299407036,0.00482554896706667,0.00530810386377334),
 .UNSPECIFIED.);
#632=B_SPLINE_CURVE_WITH_KNOTS('',3,(#1570,#1571,#1572,#1573,#1574,#1575,
#1576,#1577,#1578,#1579,#1580),.UNSPECIFIED.,.T.,.F.,(1,1,1,1,1,1,1,1,1,
1,1,1,1,1,1),(-0.00142293079065877,-0.00094862052710585,-0.000474310263552925,
0.,0.000474310263552925,0.00094862052710585,0.00142293079065877,0.0018972410542117,
0.00237155131776462,0.00284586158131755,0.00332017184487047,0.0037944821084234,
0.00426879237197632,0.00474310263552925,0.00521741289908217),
 .UNSPECIFIED.);
#633=B_SPLINE_CURVE_WITH_KNOTS('',3,(#1582,#1583,#1584,#1585,#1586,#1587,
#1588,#1589,#1590,#1591,#1592),.UNSPECIFIED.,.T.,.F.,(1,1,1,1,1,1,1,1,1,
1,1,1,1,1,1),(-0.00142350258561976,-0.000949001723746421,-0.000474500861873079,
2.63392497454795E-16,0.000474500861873605,0.000949001723746947,0.00142350258562029,
0.00189800344749363,0.00237250430936697,0.00284700517124032,0.00332150603311366,
0.003796006894987,0.00427050775686034,0.00474500861873368,0.00521950948060703),
 .UNSPECIFIED.);
#634=B_SPLINE_CURVE_WITH_KNOTS('',3,(#1594,#1595,#1596,#1597,#1598,#1599,
#1600,#1601,#1602,#1603,#1604),.UNSPECIFIED.,.T.,.F.,(1,1,1,1,1,1,1,1,1,
1,1,1,1,1,1),(-0.00142296458568655,-0.000948643057124369,-0.000474321528562185,
0.,0.000474321528562185,0.000948643057124369,0.00142296458568655,0.00189728611424874,
0.00237160764281092,0.00284592917137311,0.00332025069993529,0.00379457222849748,
0.00426889375705966,0.00474321528562185,0.00521753681418403),
 .UNSPECIFIED.);
#635=B_SPLINE_CURVE_WITH_KNOTS('',3,(#1606,#1607,#1608,#1609,#1610,#1611,
#1612,#1613,#1614,#1615,#1616),.UNSPECIFIED.,.T.,.F.,(1,1,1,1,1,1,1,1,1,
1,1,1,1,1,1),(-0.00142472998355447,-0.000949819989036313,-0.000474909994518155,
3.49644694633735E-18,0.000474909994518161,0.000949819989036319,0.00142472998355448,
0.00189963997807264,0.00237454997259079,0.00284945996710895,0.00332436996162711,
0.00379927995614527,0.00427418995066343,0.00474909994518158,0.00522400993969974),
 .UNSPECIFIED.);
#636=B_SPLINE_CURVE_WITH_KNOTS('',3,(#1618,#1619,#1620,#1621,#1622,#1623,
#1624,#1625,#1626,#1627,#1628,#1629,#1630,#1631,#1632,#1633,#1634,#1635,
#1636,#1637),.UNSPECIFIED.,.F.,.F.,(4,1,1,1,1,1,1,1,1,1,1,1,1,1,1,1,1,4),
(0.00710544494586826,0.00803543817698706,0.00896543140810586,0.00943042802366525,
0.00989542463922465,0.0101279229470044,0.010360421254784,0.0104766704086739,
0.0105929195625637,0.0107091687164536,0.0108254178703434,0.0110579161781231,
0.0112904144859028,0.0117554111014622,0.0122204077170216,0.012685404332581,
0.0136153975636998,0.0145453907948186),.UNSPECIFIED.);
#637=B_SPLINE_CURVE_WITH_KNOTS('',3,(#1640,#1641,#1642,#1643,#1644),
 .UNSPECIFIED.,.F.,.F.,(4,1,4),(0.00448080564142342,0.00520260595439622,
0.00592440626736903),.UNSPECIFIED.);
#638=B_SPLINE_CURVE_WITH_KNOTS('',3,(#1646,#1647,#1648,#1649),
 .UNSPECIFIED.,.F.,.F.,(4,4),(0.00335681815566819,0.0041953882343255),
 .UNSPECIFIED.);
#639=B_SPLINE_CURVE_WITH_KNOTS('',3,(#1651,#1652,#1653,#1654),
 .UNSPECIFIED.,.F.,.F.,(4,4),(0.00275911410246877,0.00330156813005582),
 .UNSPECIFIED.);
#640=B_SPLINE_CURVE_WITH_KNOTS('',3,(#1656,#1657,#1658,#1659),
 .UNSPECIFIED.,.F.,.F.,(4,4),(0.00268939370435264,0.00286056462621089),
 .UNSPECIFIED.);
#641=B_SPLINE_CURVE_WITH_KNOTS('',3,(#1661,#1662,#1663,#1664),
 .UNSPECIFIED.,.F.,.F.,(4,4),(0.00263923973230563,0.00319393959356627),
 .UNSPECIFIED.);
#642=B_SPLINE_CURVE_WITH_KNOTS('',3,(#1666,#1667,#1668,#1669),
 .UNSPECIFIED.,.F.,.F.,(4,4),(0.0028136308014326,0.00332166093659494),
 .UNSPECIFIED.);
#643=B_SPLINE_CURVE_WITH_KNOTS('',3,(#1671,#1672,#1673,#1674,#1675),
 .UNSPECIFIED.,.F.,.F.,(4,1,4),(0.00240043729426277,0.00333944488821863,
0.00427845248217448),.UNSPECIFIED.);
#644=B_SPLINE_CURVE_WITH_KNOTS('',3,(#1677,#1678,#1679,#1680,#1681,#1682,
#1683,#1684,#1685,#1686,#1687,#1688,#1689,#1690,#1691,#1692,#1693,#1694,
#1695,#1696,#1697),.UNSPECIFIED.,.F.,.F.,(4,1,1,1,1,1,1,1,1,1,1,1,1,1,1,
1,1,1,4),(0.00883137161843934,0.00929130829597197,0.00975124497350461,0.0106711183285699,
0.0115909916836351,0.0120509283611678,0.0125108650387004,0.0127408333774667,
0.012970801716233,0.0130857858856162,0.0132007700549994,0.0133157542243825,
0.0134307383937657,0.013660706732532,0.0138906750712983,0.0143506117488309,
0.0148105484263636,0.0152704851038962,0.0161903584589615),.UNSPECIFIED.);
#645=B_SPLINE_CURVE_WITH_KNOTS('',3,(#1699,#1700,#1701,#1702),
 .UNSPECIFIED.,.F.,.F.,(4,4),(9.63859891699689E-5,0.000381268635497401),
 .UNSPECIFIED.);
#646=B_SPLINE_CURVE_WITH_KNOTS('',3,(#1704,#1705,#1706,#1707),
 .UNSPECIFIED.,.F.,.F.,(4,4),(0.000353605851821159,0.000710266823824732),
 .UNSPECIFIED.);
#647=B_SPLINE_CURVE_WITH_KNOTS('',3,(#1709,#1710,#1711,#1712,#1713),
 .UNSPECIFIED.,.F.,.F.,(4,1,4),(0.000443902433461491,0.000905459744519543,
0.0013670170555776),.UNSPECIFIED.);
#648=B_SPLINE_CURVE_WITH_KNOTS('',3,(#1715,#1716,#1717,#1718,#1719,#1720),
 .UNSPECIFIED.,.F.,.F.,(4,1,1,4),(0.00121926729637638,0.00184032626039023,
0.00215085574239716,0.00246138522440409),.UNSPECIFIED.);
#649=B_SPLINE_CURVE_WITH_KNOTS('',3,(#1722,#1723,#1724,#1725),
 .UNSPECIFIED.,.F.,.F.,(4,4),(0.00209456603822763,0.00282246402059343),
 .UNSPECIFIED.);
#650=B_SPLINE_CURVE_WITH_KNOTS('',3,(#1726,#1727,#1728,#1729,#1730,#1731,
#1732,#1733,#1734,#1735,#1736,#1737,#1738,#1739,#1740,#1741,#1742,#1743,
#1744),.UNSPECIFIED.,.F.,.F.,(4,1,1,1,1,1,1,1,1,1,1,1,1,1,1,1,4),(0.00448844392637794,
0.00531725065363842,0.00614605738089889,0.00697486410815936,0.0073892674717896,
0.00780367083541983,0.00821807419905007,0.00842527588086519,0.00852887672177275,
0.00863247756268031,0.00883967924449543,0.00904688092631054,0.00925408260812566,
0.00946128428994078,0.00987568765357102,0.0102900910172013,0.0111188977444617),
 .UNSPECIFIED.);
#651=B_SPLINE_CURVE_WITH_KNOTS('',3,(#1747,#1748,#1749,#1750),
 .UNSPECIFIED.,.F.,.F.,(4,4),(0.00358729496763841,0.00382205327827795),
 .UNSPECIFIED.);
#652=B_SPLINE_CURVE_WITH_KNOTS('',3,(#1752,#1753,#1754,#1755),
 .UNSPECIFIED.,.F.,.F.,(4,4),(0.,0.000539646028966018),.UNSPECIFIED.);
#653=B_SPLINE_CURVE_WITH_KNOTS('',3,(#1757,#1758,#1759,#1760),
 .UNSPECIFIED.,.F.,.F.,(4,4),(0.000537850848936057,0.00102491894658575),
 .UNSPECIFIED.);
#654=B_SPLINE_CURVE_WITH_KNOTS('',3,(#1762,#1763,#1764,#1765,#1766,#1767,
#1768,#1769,#1770,#1771,#1772,#1773,#1774,#1775,#1776,#1777,#1778,#1779,
#1780,#1781),.UNSPECIFIED.,.F.,.F.,(4,1,1,1,1,1,1,1,1,1,1,1,1,1,1,1,1,4),
(0.00305234197909085,0.00344230268306381,0.00383226338703676,0.00422222409100972,
0.00441720444299619,0.00461218479498267,0.00480716514696915,0.00490465532296239,
0.00500214549895563,0.00519712585094211,0.00539210620292858,0.00578206690690154,
0.00617202761087449,0.0069519490188204,0.00773187042676631,0.00851179183471222,
0.00890175253868518,0.00929171324265813),.UNSPECIFIED.);
#655=B_SPLINE_CURVE_WITH_KNOTS('',3,(#1783,#1784,#1785,#1786,#1787,#1788),
 .UNSPECIFIED.,.F.,.F.,(4,1,1,4),(0.00180161072236301,0.00250210680337111,
0.00285235484387516,0.00320260288437922),.UNSPECIFIED.);
#656=B_SPLINE_CURVE_WITH_KNOTS('',3,(#1790,#1791,#1792,#1793),
 .UNSPECIFIED.,.F.,.F.,(4,4),(0.00150120725302311,0.00206931397639536),
 .UNSPECIFIED.);
#657=B_SPLINE_CURVE_WITH_KNOTS('',3,(#1795,#1796,#1797,#1798),
 .UNSPECIFIED.,.F.,.F.,(4,4),(0.000991086994011366,0.0016664528801673),
 .UNSPECIFIED.);
#658=B_SPLINE_CURVE_WITH_KNOTS('',3,(#1800,#1801,#1802,#1803),
 .UNSPECIFIED.,.F.,.F.,(4,4),(0.00214885606811008,0.00250424001176659),
 .UNSPECIFIED.);
#659=B_SPLINE_CURVE_WITH_KNOTS('',3,(#1805,#1806,#1807,#1808),
 .UNSPECIFIED.,.F.,.F.,(4,4),(0.000491184342338116,0.0010641739483535),
 .UNSPECIFIED.);
#660=B_SPLINE_CURVE_WITH_KNOTS('',3,(#1810,#1811,#1812,#1813),
 .UNSPECIFIED.,.F.,.F.,(4,4),(0.00436495306711539,0.00513698332926064),
 .UNSPECIFIED.);
#661=B_SPLINE_CURVE_WITH_KNOTS('',3,(#1815,#1816,#1817,#1818,#1819),
 .UNSPECIFIED.,.F.,.F.,(4,1,4),(0.00631731312657302,0.00695967451693976,
0.0076020359073065),.UNSPECIFIED.);
#662=B_SPLINE_CURVE_WITH_KNOTS('',3,(#1820,#1821,#1822,#1823,#1824),
 .UNSPECIFIED.,.F.,.F.,(4,1,4),(0.,0.000379234855772521,0.000758469711545042),
 .UNSPECIFIED.);
#663=B_SPLINE_CURVE_WITH_KNOTS('',3,(#1827,#1828,#1829,#1830,#1831),
 .UNSPECIFIED.,.F.,.F.,(4,1,4),(8.45843694098888E-5,0.000670752237152292,
0.0012569201048947),.UNSPECIFIED.);
#664=B_SPLINE_CURVE_WITH_KNOTS('',3,(#1833,#1834,#1835,#1836),
 .UNSPECIFIED.,.F.,.F.,(4,4),(0.00140840995335358,0.00311267626518409),
 .UNSPECIFIED.);
#665=B_SPLINE_CURVE_WITH_KNOTS('',3,(#1838,#1839,#1840,#1841,#1842),
 .UNSPECIFIED.,.F.,.F.,(4,1,4),(4.75959837987314E-15,0.000584048034730481,
0.0011680960694562),.UNSPECIFIED.);
#666=B_SPLINE_CURVE_WITH_KNOTS('',3,(#1844,#1845,#1846,#1847,#1848),
 .UNSPECIFIED.,.F.,.F.,(4,1,4),(8.60030572382268E-5,0.000468526700375083,
0.000851050343511939),.UNSPECIFIED.);
#667=B_SPLINE_CURVE_WITH_KNOTS('',3,(#1850,#1851,#1852,#1853,#1854,#1855,
#1856,#1857,#1858,#1859,#1860,#1861,#1862,#1863,#1864,#1865,#1866,#1867,
#1868,#1869,#1870,#1871,#1872,#1873,#1874,#1875,#1876,#1877,#1878,#1879,
#1880,#1881,#1882,#1883),.UNSPECIFIED.,.T.,.F.,(2,2,2,2,2,2,2,2,2,2,2,2,
2,2,2,2,2,2,2),(-0.0625,0.,0.0625,0.125,0.1875,0.25,0.3125,0.375,0.4375,
0.5,0.5625,0.625,0.6875,0.75,0.8125,0.875,0.9375,1.,1.0625),
 .UNSPECIFIED.);
#668=B_SPLINE_CURVE_WITH_KNOTS('',3,(#1885,#1886,#1887,#1888),
 .UNSPECIFIED.,.F.,.F.,(4,4),(1.05519109601004E-17,0.000300694897575769),
 .UNSPECIFIED.);
#669=B_SPLINE_CURVE_WITH_KNOTS('',3,(#1890,#1891,#1892,#1893),
 .UNSPECIFIED.,.F.,.F.,(4,4),(0.,0.000144506960633907),.UNSPECIFIED.);
#670=B_SPLINE_CURVE_WITH_KNOTS('',3,(#1895,#1896,#1897,#1898,#1899,#1900,
#1901,#1902,#1903,#1904,#1905,#1906,#1907,#1908,#1909,#1910,#1911,#1912,
#1913,#1914,#1915,#1916,#1917,#1918,#1919,#1920,#1921,#1922,#1923,#1924,
#1925,#1926,#1927,#1928),.UNSPECIFIED.,.T.,.F.,(2,2,2,2,2,2,2,2,2,2,2,2,
2,2,2,2,2,2,2),(-0.0625,0.,0.0625,0.125,0.1875,0.25,0.3125,0.375,0.4375,
0.5,0.5625,0.625,0.6875,0.75,0.8125,0.875,0.9375,1.,1.0625),
 .UNSPECIFIED.);
#671=B_SPLINE_CURVE_WITH_KNOTS('',3,(#1930,#1931,#1932,#1933),
 .UNSPECIFIED.,.F.,.F.,(4,4),(0.,0.000144506960633903),.UNSPECIFIED.);
#672=B_SPLINE_CURVE_WITH_KNOTS('',3,(#1935,#1936,#1937,#1938),
 .UNSPECIFIED.,.F.,.F.,(4,4),(0.,0.000302020566181094),.UNSPECIFIED.);
#673=B_SPLINE_CURVE_WITH_KNOTS('',3,(#1940,#1941,#1942,#1943,#1944,#1945,
#1946,#1947,#1948,#1949,#1950,#1951,#1952,#1953,#1954,#1955,#1956,#1957,
#1958,#1959,#1960,#1961,#1962,#1963,#1964,#1965,#1966,#1967,#1968,#1969,
#1970,#1971,#1972,#1973),.UNSPECIFIED.,.T.,.F.,(2,2,2,2,2,2,2,2,2,2,2,2,
2,2,2,2,2,2,2),(-0.0625,0.,0.0625,0.125,0.1875,0.25,0.3125,0.375,0.4375,
0.5,0.5625,0.625,0.6875,0.75,0.8125,0.875,0.9375,1.,1.0625),
 .UNSPECIFIED.);
#674=B_SPLINE_CURVE_WITH_KNOTS('',3,(#1975,#1976,#1977,#1978,#1979,#1980,
#1981,#1982,#1983,#1984,#1985,#1986,#1987,#1988,#1989,#1990,#1991,#1992,
#1993),.UNSPECIFIED.,.T.,.F.,(1,1,1,1,1,1,1,1,1,1,1,1,1,1,1,1,1,1,1,1,1,
1,1),(-0.001302028564641,-0.000868019043093997,-0.000434009521546998,0.,
0.000434009521546998,0.000868019043093997,0.001302028564641,0.00173603808618799,
0.00217004760773499,0.00260405712928199,0.00303806665082899,0.00347207617237599,
0.00390608569392299,0.00434009521546998,0.00477410473701698,0.00520811425856398,
0.00564212378011098,0.00607613330165798,0.00651014282320498,0.00694415234475198,
0.00737816186629897,0.00781217138784597,0.00824618090939297),
 .UNSPECIFIED.);
#675=B_SPLINE_CURVE_WITH_KNOTS('',3,(#1995,#1996,#1997,#1998,#1999,#2000,
#2001,#2002,#2003,#2004,#2005,#2006,#2007,#2008,#2009,#2010,#2011,#2012,
#2013),.UNSPECIFIED.,.T.,.F.,(1,1,1,1,1,1,1,1,1,1,1,1,1,1,1,1,1,1,1,1,1,
1,1),(-0.00101925795065105,-0.00067950530043403,-0.000339752650217015,0.,
0.000339752650217015,0.00067950530043403,0.00101925795065105,0.00135901060086806,
0.00169876325108508,0.00203851590130209,0.00237826855151911,0.00271802120173612,
0.00305777385195314,0.00339752650217015,0.00373727915238717,0.00407703180260418,
0.0044167844528212,0.00475653710303821,0.00509628975325523,0.00543604240347224,
0.00577579505368926,0.00611554770390627,0.00645530035412329),
 .UNSPECIFIED.);
#676=B_SPLINE_CURVE_WITH_KNOTS('',3,(#2015,#2016,#2017,#2018,#2019,#2020,
#2021,#2022,#2023,#2024,#2025,#2026,#2027,#2028,#2029,#2030,#2031,#2032,
#2033,#2034,#2035,#2036,#2037,#2038,#2039,#2040,#2041),.UNSPECIFIED.,.T.,
 .F.,(1,1,1,1,1,1,1,1,1,1,1,1,1,1,1,1,1,1,1,1,1,1,1,1,1,1,1,1,1,1,1),(-0.000862146924654261,
-0.000574764616436174,-0.000287382308218087,0.,0.000287382308218087,0.000574764616436173,
0.00086214692465426,0.0010058380787633,0.00107768365581783,0.00114952923287235,
0.00122137480992687,0.00129322038698139,0.00143691154109043,0.00172429384930852,
0.00201167615752661,0.00229905846574469,0.00258644077396278,0.00287382308218087,
0.00316120539039895,0.003304896544508,0.00337674212156252,0.00344858769861704,
0.00352043327567156,0.00359227885272608,0.00373597000683513,0.00402335231505321,
0.0043107346232713,0.00459811693148939,0.00488549923970747,0.00517288154792556,
0.00546026385614365),.UNSPECIFIED.);
#677=B_SPLINE_CURVE_WITH_KNOTS('',3,(#2043,#2044,#2045,#2046),
 .UNSPECIFIED.,.F.,.F.,(4,4),(0.001100113739402,0.00111898907892399),
 .UNSPECIFIED.);
#678=B_SPLINE_CURVE_WITH_KNOTS('',3,(#2049,#2050,#2051,#2052,#2053,#2054,
#2055,#2056,#2057,#2058,#2059,#2060,#2061,#2062,#2063,#2064,#2065,#2066,
#2067),.UNSPECIFIED.,.F.,.F.,(4,1,1,1,1,1,1,1,1,1,1,1,1,1,1,1,4),(0.00139843247857218,
0.00220783844915895,0.00301724441974572,0.00342194740503911,0.00382665039033249,
0.00402900188297919,0.00423135337562588,0.00433252912194923,0.00443370486827257,
0.00463605636091926,0.00483840785356596,0.00504075934621265,0.00544546233150603,
0.00585016531679942,0.0062548683020928,0.00706427427267958,0.00787368024326635),
 .UNSPECIFIED.);
#679=B_SPLINE_CURVE_WITH_KNOTS('',3,(#2069,#2070,#2071,#2072),
 .UNSPECIFIED.,.F.,.F.,(4,4),(0.000649101039939535,0.00165067682539134),
 .UNSPECIFIED.);
#680=B_SPLINE_CURVE_WITH_KNOTS('',3,(#2073,#2074,#2075,#2076,#2077,#2078,
#2079,#2080,#2081,#2082,#2083,#2084,#2085,#2086,#2087,#2088,#2089,#2090,
#2091,#2092),.UNSPECIFIED.,.F.,.F.,(4,1,1,1,1,1,1,1,1,1,1,1,1,1,1,1,1,4),
(0.000763136456400917,0.0016241566428863,0.00248517682937168,0.00291568692261437,
0.00334619701585706,0.0035614520624784,0.00377670710909975,0.00388433463241042,
0.00399196215572109,0.00409958967903177,0.00420721720234244,0.00442247224896379,
0.00463772729558513,0.00506823738882782,0.00549874748207051,0.0059292575753132,
0.00679027776179858,0.00765129794828396),.UNSPECIFIED.);
#681=B_SPLINE_CURVE_WITH_KNOTS('',3,(#2094,#2095,#2096,#2097,#2098,#2099,
#2100,#2101,#2102,#2103,#2104,#2105,#2106,#2107,#2108,#2109,#2110,#2111,
#2112,#2113,#2114,#2115,#2116,#2117,#2118,#2119,#2120,#2121,#2122,#2123,
#2124,#2125,#2126,#2127,#2128,#2129,#2130,#2131),.UNSPECIFIED.,.T.,.F.,
(1,1,1,1,1,1,1,1,1,1,1,1,1,1,1,1,1,1,1,1,1,1,1,1,1,1,1,1,1,1,1,1,1,1,1,
1,1,1,1,1,1,1),(-0.000393954492922625,-0.000262636328615083,-0.000131318164307542,
0.,0.000262636328615083,0.000525272657230166,0.00078790898584525,0.00105054531446033,
0.00131318164307542,0.0015758179716905,0.00183845430030558,0.00210109062892067,
0.00236372695753575,0.00262636328615083,0.003151635943381,0.00341427227199608,
0.00367690860061117,0.00380822676491871,0.00393954492922625,0.00407086309353379,
0.00420218125784133,0.00446481758645642,0.0047274539150715,0.00499009024368658,
0.00525272657230167,0.00551536290091675,0.00577799922953183,0.00604063555814691,
0.00617195372245446,0.006303271886762,0.00656590821537708,0.00682854454399216,
0.00735381720122233,0.00761645352983741,0.0078790898584525,0.00801040802276004,
0.00814172618706758,0.00827304435137512,0.00840436251568266,0.00866699884429775,
0.00892963517291283,0.00919227150152791),.UNSPECIFIED.);
#682=B_SPLINE_CURVE_WITH_KNOTS('',3,(#2133,#2134,#2135,#2136,#2137,#2138,
#2139,#2140,#2141,#2142,#2143,#2144,#2145,#2146,#2147,#2148,#2149,#2150,
#2151),.UNSPECIFIED.,.T.,.F.,(1,1,1,1,1,1,1,1,1,1,1,1,1,1,1,1,1,1,1,1,1,
1,1),(-0.00103522334581852,-0.000690148897212347,-0.000345074448606173,
0.,0.000345074448606173,0.000690148897212347,0.00103522334581852,0.00138029779442469,
0.00172537224303087,0.00207044669163704,0.00241552114024321,0.00276059558884939,
0.00310567003745556,0.00345074448606173,0.00379581893466791,0.00414089338327408,
0.00448596783188025,0.00483104228048643,0.0051761167290926,0.00552119117769877,
0.00586626562630495,0.00621134007491112,0.0065564145235173),
 .UNSPECIFIED.);
#683=B_SPLINE_CURVE_WITH_KNOTS('',3,(#2153,#2154,#2155,#2156,#2157,#2158,
#2159,#2160,#2161,#2162,#2163,#2164,#2165,#2166,#2167,#2168,#2169,#2170,
#2171),.UNSPECIFIED.,.T.,.F.,(1,1,1,1,1,1,1,1,1,1,1,1,1,1,1,1,1,1,1,1,1,
1,1),(-0.00097545727675216,-0.000650304851168106,-0.000325152425584053,
0.,0.000325152425584053,0.000650304851168106,0.00097545727675216,0.00130060970233621,
0.00162576212792027,0.00195091455350432,0.00227606697908837,0.00260121940467243,
0.00292637183025648,0.00325152425584053,0.00357667668142459,0.00390182910700864,
0.00422698153259269,0.00455213395817675,0.0048772863837608,0.00520243880934485,
0.0055275912349289,0.00585274366051296,0.00617789608609701),
 .UNSPECIFIED.);
#684=B_SPLINE_CURVE_WITH_KNOTS('',3,(#2173,#2174,#2175,#2176,#2177,#2178,
#2179,#2180,#2181,#2182,#2183,#2184,#2185,#2186,#2187,#2188,#2189,#2190,
#2191,#2192,#2193,#2194,#2195,#2196,#2197,#2198,#2199),.UNSPECIFIED.,.T.,
 .F.,(1,1,1,1,1,1,1,1,1,1,1,1,1,1,1,1,1,1,1,1,1,1,1,1,1,1,1,1,1,1,1),(-0.000969706559599124,
-0.000484853279799561,-0.00024242663989978,0.,0.000242426639899781,0.000484853279799562,
0.000969706559599123,0.00145455983939868,0.00169698647929847,0.00193941311919825,
0.00218183975909803,0.00242426639899781,0.00290911967879737,0.00339397295859693,
0.00363639959849671,0.00387882623839649,0.00412125287829627,0.00436367951819606,
0.00484853279799562,0.00533338607779518,0.00557581271769496,0.00581823935759474,
0.00606066599749452,0.0063030926373943,0.00678794591719386,0.00727279919699342,
0.00751522583689321,0.00775765247679299,0.00800007911669277,0.00824250575659255,
0.00872735903639211),.UNSPECIFIED.);
#685=B_SPLINE_CURVE_WITH_KNOTS('',3,(#2201,#2202,#2203,#2204,#2205,#2206,
#2207,#2208,#2209,#2210,#2211,#2212,#2213,#2214,#2215,#2216,#2217,#2218,
#2219),.UNSPECIFIED.,.T.,.F.,(1,1,1,1,1,1,1,1,1,1,1,1,1,1,1,1,1,1,1,1,1,
1,1),(-0.00123646061834754,-0.000824307078898359,-0.00041215353944918,0.,
0.000412153539449179,0.000824307078898359,0.00123646061834754,0.00164861415779672,
0.0020607676972459,0.00247292123669508,0.00288507477614426,0.00329722831559344,
0.00370938185504261,0.00412153539449179,0.00453368893394097,0.00494584247339015,
0.00535799601283933,0.00577014955228851,0.00618230309173769,0.00659445663118687,
0.00700661017063605,0.00741876371008523,0.00783091724953441),
 .UNSPECIFIED.);
#686=B_SPLINE_CURVE_WITH_KNOTS('',3,(#2221,#2222,#2223,#2224,#2225,#2226,
#2227,#2228,#2229,#2230,#2231,#2232,#2233,#2234,#2235,#2236,#2237,#2238),
 .UNSPECIFIED.,.F.,.F.,(4,1,1,1,1,1,1,1,1,1,1,1,1,1,1,4),(0.00104082770892042,
0.00169336004455535,0.00234589238019028,0.00267215854800775,0.00299842471582522,
0.00332469088364268,0.00348782396755141,0.00365095705146015,0.00373252359341451,
0.00381409013536888,0.00397722321927761,0.00430348938709508,0.00462975555491254,
0.00495602172273001,0.00560855405836494,0.00626108639399987),
 .UNSPECIFIED.);
#687=B_SPLINE_CURVE_WITH_KNOTS('',3,(#2240,#2241,#2242,#2243),
 .UNSPECIFIED.,.F.,.F.,(4,4),(0.000539105954070405,0.000893273980740244),
 .UNSPECIFIED.);
#688=B_SPLINE_CURVE_WITH_KNOTS('',3,(#2244,#2245,#2246,#2247),
 .UNSPECIFIED.,.F.,.F.,(4,4),(0.00113866786472591,0.00150618342424215),
 .UNSPECIFIED.);
#689=B_SPLINE_CURVE_WITH_KNOTS('',3,(#2249,#2250,#2251,#2252,#2253,#2254,
#2255,#2256,#2257,#2258,#2259,#2260,#2261,#2262,#2263,#2264,#2265,#2266,
#2267),.UNSPECIFIED.,.F.,.F.,(4,1,1,1,1,1,1,1,1,1,1,1,1,1,1,1,4),(0.00101534519420252,
0.00175744043190233,0.00249953566960214,0.00287058328845204,0.00324163090730195,
0.00361267852615186,0.00379820233557681,0.00398372614500176,0.00407648804971424,
0.00416924995442671,0.00435477376385167,0.00454029757327662,0.00472582138270157,
0.00509686900155148,0.00546791662040138,0.00621001185810119,0.006952107095801),
 .UNSPECIFIED.);
#690=B_SPLINE_CURVE_WITH_KNOTS('',3,(#2268,#2269,#2270,#2271,#2272,#2273,
#2274,#2275,#2276,#2277,#2278,#2279,#2280,#2281,#2282,#2283,#2284,#2285,
#2286,#2287),.UNSPECIFIED.,.F.,.F.,(4,1,1,1,1,1,1,1,1,1,1,1,1,1,1,1,1,4),
(0.00191518588578763,0.00269625071926533,0.00308678313600417,0.00347731555274302,
0.00386784796948187,0.0040631141778513,0.00425838038622072,0.00435601349040543,
0.00445364659459015,0.00455127969877486,0.00464891280295957,0.00484417901132899,
0.00503944521969842,0.00542997763643727,0.00582051005317612,0.00660157488665381,
0.00738263972013151,0.00816370455360921),.UNSPECIFIED.);
#691=B_SPLINE_CURVE_WITH_KNOTS('',3,(#2289,#2290,#2291,#2292,#2293,#2294,
#2295,#2296,#2297,#2298,#2299,#2300,#2301,#2302,#2303,#2304,#2305,#2306,
#2307,#2308),.UNSPECIFIED.,.F.,.F.,(4,1,1,1,1,1,1,1,1,1,1,1,1,1,1,1,1,4),
(0.0015631481118226,0.0023052963688939,0.0030474446259652,0.00341851875450084,
0.00378959288303649,0.00397512994730432,0.00416066701157214,0.00425343554370605,
0.00434620407583997,0.00443897260797388,0.00453174114010779,0.00471727820437562,
0.00490281526864344,0.00527388939717909,0.00564496352571474,0.00601603765425039,
0.00675818591132168,0.00750033416839298),.UNSPECIFIED.);
#692=B_SPLINE_CURVE_WITH_KNOTS('',3,(#2310,#2311,#2312,#2313),
 .UNSPECIFIED.,.F.,.F.,(4,4),(0.00270844176991328,0.00307739234579372),
 .UNSPECIFIED.);
#693=B_SPLINE_CURVE_WITH_KNOTS('',3,(#2315,#2316,#2317,#2318),
 .UNSPECIFIED.,.F.,.F.,(4,4),(0.00154940282463485,0.0015681264228893),
 .UNSPECIFIED.);
#694=B_SPLINE_CURVE_WITH_KNOTS('',3,(#2320,#2321,#2322,#2323,#2324,#2325,
#2326,#2327,#2328),.UNSPECIFIED.,.F.,.F.,(4,1,1,1,1,1,4),(0.00177009986202424,
0.00209726857419432,0.00242443728636441,0.00258802164244945,0.00275160599853449,
0.00291519035461953,0.00307877471070457),.UNSPECIFIED.);
#695=B_SPLINE_CURVE_WITH_KNOTS('',3,(#2332,#2333,#2334,#2335),
 .UNSPECIFIED.,.F.,.F.,(4,4),(7.24684146827089E-5,0.000324887377409864),
 .UNSPECIFIED.);
#696=B_SPLINE_CURVE_WITH_KNOTS('',3,(#2339,#2340,#2341,#2342),
 .UNSPECIFIED.,.F.,.F.,(4,4),(0.000380594850628333,0.000407101165404735),
 .UNSPECIFIED.);
#697=B_SPLINE_CURVE_WITH_KNOTS('',3,(#2344,#2345,#2346,#2347,#2348,#2349,
#2350,#2351,#2352,#2353,#2354,#2355,#2356,#2357,#2358,#2359,#2360,#2361,
#2362,#2363,#2364,#2365,#2366,#2367,#2368,#2369,#2370),.UNSPECIFIED.,.T.,
 .F.,(1,1,1,1,1,1,1,1,1,1,1,1,1,1,1,1,1,1,1,1,1,1,1,1,1,1,1,1,1,1,1),(-0.000970962820694931,
-0.000728222115521198,-0.000485481410347465,0.,0.000485481410347465,0.000728222115521198,
0.000970962820694931,0.00121370352586866,0.0014564442310424,0.00194192564138986,
0.00242740705173733,0.00267014775691106,0.00291288846208479,0.00315562916725853,
0.00339836987243226,0.00388385128277972,0.00436933269312719,0.00461207339830092,
0.00485481410347465,0.00509755480864839,0.00534029551382212,0.00582577692416959,
0.00631125833451705,0.00655399903969078,0.00679673974486452,0.00703948045003825,
0.00728222115521198,0.00776770256555945,0.00825318397590691,0.00849592468108065,
0.00873866538625438),.UNSPECIFIED.);
#698=B_SPLINE_CURVE_WITH_KNOTS('',3,(#2372,#2373,#2374,#2375,#2376,#2377,
#2378,#2379,#2380,#2381,#2382,#2383,#2384,#2385,#2386,#2387,#2388,#2389,
#2390,#2391,#2392,#2393,#2394,#2395,#2396,#2397,#2398,#2399,#2400),
 .UNSPECIFIED.,.T.,.F.,(1,1,1,1,1,1,1,1,1,1,1,1,1,1,1,1,1,1,1,1,1,1,1,1,
1,1,1,1,1,1,1,1,1),(-0.000820118625935257,-0.000546745750623505,-0.000273372875311752,
0.,0.000273372875311752,0.000546745750623505,0.000820118625935257,0.000956805063591133,
0.00102514828241907,0.00109349150124701,0.00112766311066098,0.00116183472007495,
0.00123017793890289,0.00136686437655876,0.00164023725187051,0.00191361012718227,
0.00218698300249402,0.00246035587780577,0.00273372875311752,0.00300710162842928,
0.00314378806608515,0.00321213128491309,0.00328047450374103,0.003314646113155,
0.00334881772256897,0.00341716094139691,0.00355384737905278,0.00382722025436453,
0.00410059312967629,0.00437396600498804,0.00464733888029979,0.00492071175561154,
0.0051940846309233),.UNSPECIFIED.);
#699=B_SPLINE_CURVE_WITH_KNOTS('',3,(#2402,#2403,#2404,#2405,#2406,#2407,
#2408,#2409,#2410,#2411,#2412,#2413,#2414,#2415,#2416,#2417,#2418,#2419,
#2420,#2421,#2422,#2423,#2424,#2425,#2426,#2427,#2428,#2429,#2430,#2431,
#2432,#2433,#2434,#2435,#2436,#2437,#2438,#2439,#2440,#2441,#2442,#2443,
#2444),.UNSPECIFIED.,.T.,.F.,(1,1,1,1,1,1,1,1,1,1,1,1,1,1,1,1,1,1,1,1,1,
1,1,1,1,1,1,1,1,1,1,1,1,1,1,1,1,1,1,1,1,1,1,1,1,1,1),(-0.000803913619777767,
-0.000535942413185178,-0.000267971206592589,0.,0.000267971206592589,0.000535942413185178,
0.000803913619777767,0.000937899223074061,0.00107188482637036,0.00120587042966665,
0.00133985603296294,0.00160782723955553,0.00187579844614812,0.00214376965274071,
0.0024117408593333,0.00267971206592589,0.00294768327251848,0.00308166887581477,
0.00321565447911107,0.00334964008240736,0.00348362568570366,0.00375159689229624,
0.00401956809888883,0.00428753930548142,0.00455551051207401,0.0048234817186666,
0.00509145292525919,0.00522543852855548,0.00535942413185178,0.00549340973514807,
0.00562739533844437,0.00589536654503696,0.00616333775162954,0.00643130895822213,
0.00669928016481472,0.00696725137140731,0.0072352225779999,0.0073692081812962,
0.00750319378459249,0.00763717938788878,0.00777116499118508,0.00803913619777767,
0.00830710740437026,0.00857507861096284,0.00884304981755543,0.00911102102414802,
0.00937899223074061),.UNSPECIFIED.);
#700=B_SPLINE_CURVE_WITH_KNOTS('',3,(#2446,#2447,#2448,#2449,#2450,#2451,
#2452,#2453,#2454,#2455,#2456,#2457,#2458,#2459,#2460,#2461,#2462,#2463,
#2464,#2465),.UNSPECIFIED.,.F.,.F.,(4,1,1,1,1,1,1,1,1,1,1,1,1,1,1,1,1,4),
(0.000945476933291872,0.00177419680742263,0.00260291668155338,0.00301727661861876,
0.00343163655568414,0.00384599649274951,0.0040531764612822,0.00426035642981489,
0.00436394641408124,0.00446753639834758,0.00457112638261392,0.00467471636688027,
0.00488189633541296,0.00508907630394565,0.00550343624101102,0.0059177961780764,
0.00674651605220716,0.00757523592633791),.UNSPECIFIED.);
#701=B_SPLINE_CURVE_WITH_KNOTS('',3,(#2466,#2467,#2468,#2469),
 .UNSPECIFIED.,.F.,.F.,(4,4),(0.00288990279995318,0.00362580703510433),
 .UNSPECIFIED.);
#702=B_SPLINE_CURVE_WITH_KNOTS('',3,(#2471,#2472,#2473,#2474,#2475,#2476,
#2477,#2478,#2479,#2480,#2481,#2482,#2483,#2484,#2485,#2486,#2487,#2488,
#2489,#2490),.UNSPECIFIED.,.F.,.F.,(4,1,1,1,1,1,1,1,1,1,1,1,1,1,1,1,1,4),
(0.00111986786919801,0.00192889758339603,0.00273792729759405,0.00314244215469306,
0.00354695701179208,0.00395147186889109,0.00415372929744059,0.0043559867259901,
0.00445711544026485,0.0045582441545396,0.00465937286881436,0.00476050158308911,
0.00496275901163861,0.00516501644018812,0.00556953129728713,0.00597404615438614,
0.00678307586858416,0.00759210558278219),.UNSPECIFIED.);
#703=B_SPLINE_CURVE_WITH_KNOTS('',3,(#2492,#2493,#2494,#2495,#2496,#2497,
#2498,#2499,#2500,#2501,#2502,#2503,#2504,#2505,#2506,#2507,#2508,#2509,
#2510,#2511,#2512,#2513,#2514),.UNSPECIFIED.,.T.,.F.,(1,1,1,1,1,1,1,1,1,
1,1,1,1,1,1,1,1,1,1,1,1,1,1,1,1,1,1),(-0.00112108617217855,-0.000896868937742843,
-0.000448434468871422,0.,0.000448434468871421,0.000672651703307132,0.000896868937742843,
0.00134530340661426,0.00179373787548569,0.00224217234435711,0.00246638957879282,
0.00269060681322853,0.00313904128209995,0.00358747575097137,0.00403591021984279,
0.0042601274542785,0.00448434468871421,0.00493277915758563,0.00538121362645706,
0.00582964809532848,0.00605386532976419,0.0062780825641999,0.00672651703307132,
0.00717495150194274,0.00762338597081416,0.00784760320524987,0.00807182043968558),
 .UNSPECIFIED.);
#704=B_SPLINE_CURVE_WITH_KNOTS('',3,(#2516,#2517,#2518,#2519,#2520,#2521,
#2522,#2523,#2524,#2525,#2526,#2527,#2528,#2529,#2530,#2531,#2532,#2533,
#2534),.UNSPECIFIED.,.T.,.F.,(1,1,1,1,1,1,1,1,1,1,1,1,1,1,1,1,1,1,1,1,1,
1,1),(-0.00103290101869439,-0.000688600679129596,-0.000344300339564798,
0.,0.000344300339564798,0.000688600679129596,0.00103290101869439,0.00137720135825919,
0.00172150169782399,0.00206580203738879,0.00241010237695359,0.00275440271651838,
0.00309870305608318,0.00344300339564798,0.00378730373521278,0.00413160407477758,
0.00447590441434237,0.00482020475390717,0.00516450509347197,0.00550880543303677,
0.00585310577260157,0.00619740611216637,0.00654170645173116),
 .UNSPECIFIED.);
#705=B_SPLINE_CURVE_WITH_KNOTS('',3,(#2536,#2537,#2538,#2539,#2540,#2541,
#2542,#2543,#2544,#2545,#2546,#2547,#2548,#2549,#2550,#2551,#2552,#2553,
#2554,#2555,#2556,#2557,#2558,#2559,#2560,#2561,#2562,#2563),
 .UNSPECIFIED.,.T.,.F.,(1,1,1,1,1,1,1,1,1,1,1,1,1,1,1,1,1,1,1,1,1,1,1,1,
1,1,1,1,1,1,1,1),(-0.00118535011050307,-0.000948280088402453,-0.000474140044201227,
0.,0.000237070022100613,0.000474140044201226,0.00071121006630184,0.000948280088402453,
0.00142242013260368,0.00189656017680491,0.00213363019890552,0.00237070022100613,
0.00260777024310675,0.00284484026520736,0.00331898030940859,0.0035560503315092,
0.00379312035360981,0.00403019037571042,0.00426726039781104,0.00450433041991165,
0.00474140044201226,0.00521554048621349,0.00568968053041472,0.00592675055251533,
0.00616382057461594,0.00640089059671656,0.00663796061881717,0.0071121006630184,
0.00758624070721962,0.00782331072932024,0.00806038075142085,0.00829745077352146),
 .UNSPECIFIED.);
#706=B_SPLINE_CURVE_WITH_KNOTS('',3,(#2565,#2566,#2567,#2568,#2569,#2570,
#2571,#2572,#2573,#2574,#2575,#2576,#2577,#2578,#2579,#2580,#2581,#2582,
#2583,#2584,#2585,#2586,#2587,#2588,#2589,#2590,#2591,#2592,#2593,#2594,
#2595),.UNSPECIFIED.,.T.,.F.,(1,1,1,1,1,1,1,1,1,1,1,1,1,1,1,1,1,1,1,1,1,
1,1,1,1,1,1,1,1,1,1,1,1,1,1),(-0.00104152652033016,-0.00078114489024762,
-0.00052076326016508,0.,0.00026038163008254,0.00052076326016508,0.00078114489024762,
0.00104152652033016,0.0013019081504127,0.00156228978049524,0.00208305304066032,
0.00234343467074286,0.0026038163008254,0.00286419793090794,0.00312457956099048,
0.00338496119107302,0.00364534282115556,0.00416610608132064,0.00442648771140318,
0.00468686934148572,0.00494725097156826,0.0052076326016508,0.00546801423173334,
0.00572839586181588,0.00624915912198096,0.0065095407520635,0.00676992238214604,
0.00703030401222858,0.00729068564231112,0.00755106727239366,0.0078114489024762,
0.00833221216264128,0.00859259379272382,0.00885297542280636,0.0091133570528889),
 .UNSPECIFIED.);
#707=B_SPLINE_CURVE_WITH_KNOTS('',3,(#2597,#2598,#2599,#2600,#2601,#2602,
#2603,#2604,#2605,#2606,#2607,#2608,#2609,#2610,#2611,#2612,#2613,#2614,
#2615,#2616,#2617,#2618,#2619,#2620,#2621,#2622,#2623,#2624,#2625,#2626),
 .UNSPECIFIED.,.T.,.F.,(1,1,1,1,1,1,1,1,1,1,1,1,1,1,1,1,1,1,1,1,1,1,1,1,
1,1,1,1,1,1,1,1,1,1),(-0.000975256288392082,-0.000487628144196041,-0.00024381407209802,
0.,0.00024381407209802,0.000487628144196041,0.000731442216294061,0.000975256288392081,
0.00146288443258812,0.00195051257678416,0.00219432664888218,0.0024381407209802,
0.00268195479307822,0.00292576886517624,0.00341339700937228,0.0036572110814703,
0.00390102515356833,0.00414483922566635,0.00438865329776437,0.00463246736986239,
0.00487628144196041,0.00512009551405843,0.00536390958615645,0.00585153773035249,
0.00609535180245051,0.00633916587454853,0.00658297994664655,0.00682679401874457,
0.00731442216294061,0.00755823623503863,0.00780205030713665,0.00804586437923467,
0.00828967845133269,0.00853349252343071),.UNSPECIFIED.);
#708=B_SPLINE_CURVE_WITH_KNOTS('',3,(#2628,#2629,#2630,#2631),
 .UNSPECIFIED.,.F.,.F.,(4,4),(0.,0.000256244528780163),.UNSPECIFIED.);
#709=B_SPLINE_CURVE_WITH_KNOTS('',3,(#2633,#2634,#2635,#2636,#2637,#2638,
#2639,#2640,#2641,#2642,#2643,#2644,#2645,#2646,#2647,#2648,#2649,#2650,
#2651),.UNSPECIFIED.,.F.,.F.,(4,1,1,1,1,1,1,1,1,1,1,1,1,1,1,1,4),(0.00158992453102119,
0.00234137340371778,0.00309282227641437,0.00346854671276267,0.00384427114911097,
0.00403213336728511,0.00421999558545926,0.00440785780363341,0.00450178891272048,
0.00459572002180756,0.00478358223998171,0.00497144445815585,0.00534716889450415,
0.00572289333085245,0.00609861776720074,0.00685006663989733,0.00760151551259393),
 .UNSPECIFIED.);
#710=B_SPLINE_CURVE_WITH_KNOTS('',3,(#2652,#2653,#2654,#2655,#2656,#2657,
#2658,#2659,#2660,#2661,#2662,#2663,#2664,#2665,#2666,#2667,#2668,#2669,
#2670),.UNSPECIFIED.,.F.,.F.,(4,1,1,1,1,1,1,1,1,1,1,1,1,1,1,1,4),(0.0014002603869611,
0.00215915960407572,0.00291805882119033,0.00329750842974764,0.00367695803830495,
0.00405640764686226,0.00424613245114091,0.00443585725541956,0.00453071965755889,
0.00462558205969822,0.00481530686397687,0.00500503166825553,0.00519475647253418,
0.00557420608109149,0.0059536556896488,0.00671255490676341,0.00747145412387802),
 .UNSPECIFIED.);
#711=B_SPLINE_CURVE_WITH_KNOTS('',3,(#2672,#2673,#2674,#2675),
 .UNSPECIFIED.,.F.,.F.,(4,4),(0.,0.000538413849070038),.UNSPECIFIED.);
#712=B_SPLINE_CURVE_WITH_KNOTS('',3,(#2677,#2678,#2679,#2680,#2681),
 .UNSPECIFIED.,.F.,.F.,(4,1,4),(1.20116874695508E-10,0.000406402170645992,
0.000812804221175108),.UNSPECIFIED.);
#713=B_SPLINE_CURVE_WITH_KNOTS('',3,(#2685,#2686,#2687,#2688),
 .UNSPECIFIED.,.F.,.F.,(4,4),(0.000311670788198664,0.000608239966839833),
 .UNSPECIFIED.);
#714=B_SPLINE_CURVE_WITH_KNOTS('',3,(#2690,#2691,#2692,#2693,#2694,#2695,
#2696,#2697,#2698,#2699,#2700,#2701,#2702,#2703,#2704,#2705,#2706,#2707,
#2708,#2709,#2710,#2711,#2712,#2713,#2714),.UNSPECIFIED.,.T.,.F.,(1,1,1,
1,1,1,1,1,1,1,1,1,1,1,1,1,1,1,1,1,1,1,1,1,1,1,1,1,1),(-0.00117292463355693,
-0.000938339706845547,-0.000469169853422774,0.,0.000469169853422774,0.000703754780134161,
0.000938339706845548,0.00140750956026832,0.0018766794136911,0.00211126434040248,
0.00234584926711387,0.00258043419382526,0.00281501912053664,0.00328418897395942,
0.00375335882738219,0.00422252868080496,0.00445711360751635,0.00469169853422774,
0.00516086838765051,0.00563003824107329,0.00586462316778467,0.00609920809449606,
0.00633379302120745,0.00656837794791883,0.00703754780134161,0.00750671765476438,
0.00797588750818715,0.00821047243489854,0.00844505736160993),
 .UNSPECIFIED.);
#715=B_SPLINE_CURVE_WITH_KNOTS('',3,(#2716,#2717,#2718,#2719,#2720,#2721,
#2722,#2723,#2724,#2725,#2726,#2727,#2728,#2729,#2730,#2731,#2732,#2733,
#2734),.UNSPECIFIED.,.T.,.F.,(1,1,1,1,1,1,1,1,1,1,1,1,1,1,1,1,1,1,1,1,1,
1,1),(-0.00111458995448843,-0.000743059969658956,-0.000371529984829478,
0.,0.000371529984829478,0.000743059969658956,0.00111458995448843,0.00148611993931791,
0.00185764992414739,0.00222917990897687,0.00260070989380635,0.00297223987863582,
0.0033437698634653,0.00371529984829478,0.00408682983312426,0.00445835981795374,
0.00482988980278321,0.00520141978761269,0.00557294977244217,0.00594447975727165,
0.00631600974210113,0.0066875397269306,0.00705906971176008),
 .UNSPECIFIED.);
#716=B_SPLINE_CURVE_WITH_KNOTS('',3,(#2736,#2737,#2738,#2739,#2740,#2741,
#2742,#2743,#2744,#2745,#2746,#2747,#2748,#2749,#2750,#2751,#2752,#2753,
#2754),.UNSPECIFIED.,.T.,.F.,(1,1,1,1,1,1,1,1,1,1,1,1,1,1,1,1,1,1,1,1,1,
1,1),(-0.0012312655400813,-0.000820843693387535,-0.000410421846693767,0.,
0.000410421846693767,0.000820843693387534,0.0012312655400813,0.00164168738677507,
0.00205210923346884,0.0024625310801626,0.00287295292685637,0.00328337477355014,
0.0036937966202439,0.00410421846693767,0.00451464031363144,0.00492506216032521,
0.00533548400701897,0.00574590585371274,0.00615632770040651,0.00656674954710028,
0.00697717139379404,0.00738759324048781,0.00779801508718158),
 .UNSPECIFIED.);
#717=B_SPLINE_CURVE_WITH_KNOTS('',3,(#2756,#2757,#2758,#2759,#2760,#2761,
#2762,#2763,#2764,#2765,#2766,#2767,#2768,#2769,#2770,#2771,#2772,#2773,
#2774,#2775,#2776,#2777,#2778,#2779,#2780,#2781,#2782,#2783,#2784),
 .UNSPECIFIED.,.T.,.F.,(1,1,1,1,1,1,1,1,1,1,1,1,1,1,1,1,1,1,1,1,1,1,1,1,
1,1,1,1,1,1,1,1,1),(-0.00123451375089314,-0.000987611000714513,-0.000493805500357256,
0.,0.000246902750178628,0.000493805500357257,0.000740708250535885,0.000987611000714513,
0.00148141650107177,0.0017283192512504,0.00197522200142903,0.00222212475160765,
0.00246902750178628,0.00271593025196491,0.00296283300214354,0.00320973575232217,
0.0034566385025008,0.00395044400285805,0.00419734675303668,0.00444424950321531,
0.00469115225339394,0.00493805500357257,0.00543186050392982,0.00592566600428708,
0.00617256875446571,0.00641947150464434,0.00666637425482296,0.00691327700500159,
0.00740708250535885,0.00790088800571611,0.00814779075589473,0.00839469350607336,
0.00864159625625199),.UNSPECIFIED.);
#718=B_SPLINE_CURVE_WITH_KNOTS('',3,(#2786,#2787,#2788,#2789,#2790,#2791,
#2792,#2793,#2794,#2795,#2796,#2797,#2798,#2799,#2800,#2801,#2802,#2803,
#2804,#2805,#2806,#2807,#2808),.UNSPECIFIED.,.T.,.F.,(1,1,1,1,1,1,1,1,1,
1,1,1,1,1,1,1,1,1,1,1,1,1,1,1,1,1,1),(-0.00136187668881755,-0.000907917792545037,
-0.000453958896272519,0.,0.000226979448136259,0.000453958896272518,0.000907917792545037,
0.00136187668881756,0.00181583558509007,0.00204281503322633,0.00226979448136259,
0.00272375337763511,0.00317771227390763,0.00363167117018015,0.00385865061831641,
0.00408563006645267,0.00453958896272518,0.0049935478589977,0.00544750675527022,
0.00567448620340648,0.00590146565154274,0.00635542454781526,0.00680938344408778,
0.00726334234036029,0.00749032178849655,0.00771730123663281,0.00817126013290533),
 .UNSPECIFIED.);
#719=B_SPLINE_CURVE_WITH_KNOTS('',3,(#2810,#2811,#2812,#2813,#2814,#2815,
#2816,#2817,#2818,#2819,#2820,#2821,#2822,#2823,#2824,#2825,#2826,#2827,
#2828,#2829),.UNSPECIFIED.,.F.,.F.,(4,1,1,1,1,1,1,1,1,1,1,1,1,1,1,1,1,4),
(0.000608789717074206,0.00145464282172021,0.00230049592636621,0.00272342247868921,
0.00314634903101221,0.00356927558333521,0.00378073885949671,0.00399220213565821,
0.00420366541181971,0.00430939704990046,0.00441512868798121,0.00462659196414271,
0.00483805524030421,0.00504951851646571,0.00526098179262721,0.00568390834495021,
0.00652976144959621,0.00737561455424221),.UNSPECIFIED.);
#720=B_SPLINE_CURVE_WITH_KNOTS('',3,(#2830,#2831,#2832,#2833,#2834,#2835,
#2836,#2837,#2838,#2839,#2840,#2841,#2842,#2843,#2844,#2845,#2846,#2847,
#2848,#2849),.UNSPECIFIED.,.F.,.F.,(4,1,1,1,1,1,1,1,1,1,1,1,1,1,1,1,1,4),
(0.000879397297455717,0.00168890872756523,0.00249842015767474,0.00290317587272949,
0.00330793158778425,0.00351030944531163,0.003712687302839,0.00381387623160269,
0.00391506516036638,0.00401625408913007,0.00411744301789376,0.00431982087542114,
0.00452219873294852,0.00492695444800327,0.00533171016305803,0.00573646587811278,
0.00654597730822229,0.0073554887383318),.UNSPECIFIED.);
#721=B_SPLINE_CURVE_WITH_KNOTS('',3,(#2851,#2852,#2853,#2854,#2855,#2856,
#2857,#2858,#2859,#2860,#2861,#2862,#2863,#2864,#2865,#2866,#2867,#2868,
#2869,#2870,#2871,#2872,#2873,#2874,#2875,#2876,#2877,#2878,#2879,#2880,
#2881,#2882,#2883,#2884,#2885),.UNSPECIFIED.,.T.,.F.,(1,1,1,1,1,1,1,1,1,
1,1,1,1,1,1,1,1,1,1,1,1,1,1,1,1,1,1,1,1,1,1,1,1,1,1,1,1,1,1),(-0.00101819312127089,
-0.000509096560635443,-0.000254548280317722,0.,0.000254548280317721,0.000509096560635443,
0.000763644840953164,0.00101819312127089,0.00127274140158861,0.00152728968190633,
0.00178183796222405,0.00203638624254177,0.00229093452285949,0.00241820866301835,
0.00254548280317721,0.00280003108349494,0.00305457936381266,0.0035636759244481,
0.00381822420476582,0.00407277248508354,0.00432732076540126,0.00458186904571898,
0.00483641732603671,0.00509096560635443,0.00534551388667215,0.00560006216698987,
0.00585461044730759,0.00610915872762531,0.00636370700794304,0.0064909811481019,
0.00661825528826076,0.00687280356857848,0.0071273518488962,0.00763644840953164,
0.00789099668984936,0.00814554497016708,0.00840009325048481,0.00865464153080253,
0.00890918981112025),.UNSPECIFIED.);
#722=B_SPLINE_CURVE_WITH_KNOTS('',3,(#2887,#2888,#2889,#2890,#2891,#2892,
#2893,#2894,#2895,#2896,#2897,#2898,#2899,#2900,#2901,#2902,#2903,#2904,
#2905),.UNSPECIFIED.,.T.,.F.,(1,1,1,1,1,1,1,1,1,1,1,1,1,1,1,1,1,1,1,1,1,
1,1),(-0.00109520493655996,-0.000730136624373304,-0.000365068312186652,
0.,0.000365068312186652,0.000730136624373305,0.00109520493655996,0.00146027324874661,
0.00182534156093326,0.00219040987311991,0.00255547818530657,0.00292054649749322,
0.00328561480967987,0.00365068312186652,0.00401575143405318,0.00438081974623983,
0.00474588805842648,0.00511095637061313,0.00547602468279978,0.00584109299498644,
0.00620616130717309,0.00657122961935974,0.00693629793154639),
 .UNSPECIFIED.);
#723=B_SPLINE_CURVE_WITH_KNOTS('',3,(#2907,#2908,#2909,#2910,#2911,#2912,
#2913,#2914,#2915,#2916,#2917,#2918,#2919,#2920,#2921,#2922,#2923,#2924,
#2925),.UNSPECIFIED.,.T.,.F.,(1,1,1,1,1,1,1,1,1,1,1,1,1,1,1,1,1,1,1,1,1,
1,1),(-0.0010433344805742,-0.000695556320382798,-0.000347778160191399,0.,
0.000347778160191399,0.000695556320382798,0.0010433344805742,0.0013911126407656,
0.00173889080095699,0.00208666896114839,0.00243444712133979,0.00278222528153119,
0.00313000344172259,0.00347778160191399,0.00382555976210539,0.00417333792229679,
0.00452111608248819,0.00486889424267959,0.00521667240287098,0.00556445056306238,
0.00591222872325378,0.00626000688344518,0.00660778504363658),
 .UNSPECIFIED.);
#724=B_SPLINE_CURVE_WITH_KNOTS('',3,(#2927,#2928,#2929,#2930,#2931,#2932,
#2933,#2934,#2935,#2936,#2937,#2938,#2939,#2940,#2941,#2942,#2943,#2944,
#2945,#2946,#2947,#2948,#2949,#2950,#2951,#2952,#2953),.UNSPECIFIED.,.T.,
 .F.,(1,1,1,1,1,1,1,1,1,1,1,1,1,1,1,1,1,1,1,1,1,1,1,1,1,1,1,1,1,1,1),(-0.00121921930025092,
-0.000975375440200735,-0.000487687720100368,0.,0.000243843860050184,0.000487687720100367,
0.000731531580150551,0.000975375440200735,0.0014630631603011,0.00195075088040147,
0.00219459474045165,0.00243843860050184,0.00268228246055202,0.0029261263206022,
0.00341381404070257,0.00390150176080294,0.00414534562085312,0.00438918948090331,
0.00463303334095349,0.00487687720100367,0.00536456492110404,0.00585225264120441,
0.00609609650125459,0.00633994036130478,0.00658378422135496,0.00682762808140514,
0.00731531580150551,0.00780300352160588,0.00804684738165606,0.00829069124170625,
0.00853453510175643),.UNSPECIFIED.);
#725=B_SPLINE_CURVE_WITH_KNOTS('',3,(#2955,#2956,#2957,#2958,#2959,#2960,
#2961,#2962,#2963,#2964,#2965,#2966,#2967,#2968,#2969,#2970,#2971,#2972,
#2973),.UNSPECIFIED.,.T.,.F.,(1,1,1,1,1,1,1,1,1,1,1,1,1,1,1,1,1,1,1,1,1,
1,1),(-0.00125900998004835,-0.000839339986698899,-0.000419669993349449,
0.,0.000419669993349449,0.000839339986698899,0.00125900998004835,0.0016786799733978,
0.00209834996674725,0.0025180199600967,0.00293768995344615,0.00335735994679559,
0.00377702994014504,0.00419669993349449,0.00461636992684394,0.00503603992019339,
0.00545570991354284,0.00587537990689229,0.00629504990024174,0.00671471989359119,
0.00713438988694064,0.00755405988029009,0.00797372987363954),
 .UNSPECIFIED.);
#726=B_SPLINE_CURVE_WITH_KNOTS('',3,(#2975,#2976,#2977,#2978),
 .UNSPECIFIED.,.F.,.F.,(4,4),(0.000474994382100237,0.000714196330260296),
 .UNSPECIFIED.);
#727=B_SPLINE_CURVE_WITH_KNOTS('',3,(#2980,#2981,#2982,#2983,#2984,#2985,
#2986,#2987,#2988,#2989,#2990,#2991,#2992,#2993,#2994,#2995,#2996,#2997,
#2998,#2999),.UNSPECIFIED.,.F.,.F.,(4,1,1,1,1,1,1,1,1,1,1,1,1,1,1,1,1,4),
(0.000725157112229172,0.00155243719365182,0.00237971727507447,0.0027933573157858,
0.00320699735649712,0.00362063739720845,0.00382745741756411,0.00403427743791977,
0.0041376874480976,0.00424109745827543,0.00434450746845326,0.00444791747863109,
0.00465473749898676,0.00486155751934242,0.00527519756005374,0.00568883760076507,
0.00651611768218772,0.00734339776361037),.UNSPECIFIED.);
#728=B_SPLINE_CURVE_WITH_KNOTS('',3,(#3000,#3001,#3002,#3003,#3004,#3005,
#3006,#3007,#3008,#3009,#3010,#3011,#3012,#3013,#3014,#3015,#3016,#3017,
#3018,#3019),.UNSPECIFIED.,.F.,.F.,(4,1,1,1,1,1,1,1,1,1,1,1,1,1,1,1,1,4),
(0.000752629807021217,0.00159021211427284,0.00242779442152446,0.00284658557515027,
0.00326537672877607,0.00368416788240188,0.00389356345921479,0.00410295903602769,
0.00420765682443415,0.0043123546128406,0.00441705240124705,0.0045217501896535,
0.00473114576646641,0.00494054134327931,0.00535933249690512,0.00577812365053093,
0.00661570595778255,0.00745328826503417),.UNSPECIFIED.);
#729=B_SPLINE_CURVE_WITH_KNOTS('',3,(#3021,#3022,#3023,#3024,#3025,#3026,
#3027,#3028,#3029,#3030,#3031,#3032,#3033,#3034,#3035,#3036,#3037,#3038,
#3039,#3040,#3041,#3042,#3043,#3044,#3045,#3046,#3047,#3048,#3049,#3050,
#3051,#3052,#3053,#3054,#3055,#3056,#3057,#3058,#3059,#3060,#3061),
 .UNSPECIFIED.,.T.,.F.,(1,1,1,1,1,1,1,1,1,1,1,1,1,1,1,1,1,1,1,1,1,1,1,1,
1,1,1,1,1,1,1,1,1,1,1,1,1,1,1,1,1,1,1,1,1),(-0.00108137681844042,-0.000540688409220213,
-0.000270344204610105,0.,0.000135172102305053,0.000270344204610106,0.000405516306915159,
0.000540688409220212,0.000811032613830318,0.00108137681844042,0.00135172102305053,
0.00162206522766064,0.00189240943227074,0.00216275363688085,0.0022979257391859,
0.00243309784149095,0.00256826994379601,0.00270344204610106,0.00297378625071117,
0.00324413045532127,0.00378481886454148,0.00405516306915159,0.0043255072737617,
0.00446067937606675,0.0045958514783718,0.00473102358067686,0.00486619568298191,
0.00513653988759201,0.00540688409220212,0.00567722829681223,0.00594757250142233,
0.00621791670603244,0.00648826091064254,0.0066234330129476,0.00675860511525265,
0.0068937772175577,0.00702894931986276,0.00729929352447286,0.00756963772908297,
0.00811032613830318,0.00838067034291329,0.00865101454752339,0.00878618664982845,
0.0089213587521335,0.00905653085443855),.UNSPECIFIED.);
#730=B_SPLINE_CURVE_WITH_KNOTS('',3,(#3063,#3064,#3065,#3066,#3067,#3068,
#3069,#3070,#3071,#3072,#3073,#3074,#3075,#3076,#3077,#3078,#3079,#3080,
#3081),.UNSPECIFIED.,.T.,.F.,(1,1,1,1,1,1,1,1,1,1,1,1,1,1,1,1,1,1,1,1,1,
1,1),(-0.00105316239950164,-0.000702108266334426,-0.000351054133167213,
0.,0.000351054133167213,0.000702108266334426,0.00105316239950164,0.00140421653266885,
0.00175527066583606,0.00210632479900328,0.00245737893217049,0.0028084330653377,
0.00315948719850491,0.00351054133167213,0.00386159546483934,0.00421264959800655,
0.00456370373117377,0.00491475786434098,0.00526581199750819,0.0056168661306754,
0.00596792026384262,0.00631897439700983,0.00667002853017704),
 .UNSPECIFIED.);
#731=B_SPLINE_CURVE_WITH_KNOTS('',3,(#3083,#3084,#3085,#3086,#3087,#3088,
#3089,#3090,#3091,#3092,#3093,#3094,#3095,#3096,#3097,#3098,#3099,#3100,
#3101),.UNSPECIFIED.,.T.,.F.,(1,1,1,1,1,1,1,1,1,1,1,1,1,1,1,1,1,1,1,1,1,
1,1),(-0.000906633822956495,-0.000604422548637663,-0.000302211274318832,
0.,0.000302211274318832,0.000604422548637663,0.000906633822956495,0.00120884509727533,
0.00151105637159416,0.00181326764591299,0.00211547892023182,0.00241769019455065,
0.00271990146886948,0.00302211274318832,0.00332432401750715,0.00362653529182598,
0.00392874656614481,0.00423095784046364,0.00453316911478247,0.00483538038910131,
0.00513759166342014,0.00543980293773897,0.0057420142120578),
 .UNSPECIFIED.);
#732=B_SPLINE_CURVE_WITH_KNOTS('',3,(#3103,#3104,#3105,#3106,#3107,#3108,
#3109,#3110,#3111,#3112,#3113,#3114,#3115,#3116,#3117,#3118,#3119,#3120,
#3121,#3122,#3123,#3124,#3125,#3126,#3127,#3128,#3129),.UNSPECIFIED.,.T.,
 .F.,(1,1,1,1,1,1,1,1,1,1,1,1,1,1,1,1,1,1,1,1,1,1,1,1,1,1,1,1,1,1,1),(-0.000981800517673569,
-0.000490900258836784,-0.000245450129418392,0.,0.000245450129418392,0.000490900258836785,
0.000981800517673569,0.00147270077651035,0.00171815090592875,0.00196360103534714,
0.00220905116476553,0.00245450129418392,0.00294540155302071,0.00343630181185749,
0.00368175194127588,0.00392720207069428,0.00417265220011267,0.00441810232953106,
0.00490900258836784,0.00539990284720463,0.00564535297662302,0.00589080310604141,
0.00613625323545981,0.0063817033648782,0.00687260362371498,0.00736350388255177,
0.00760895401197016,0.00785440414138855,0.00809985427080694,0.00834530440022534,
0.00883620465906212),.UNSPECIFIED.);
#733=B_SPLINE_CURVE_WITH_KNOTS('',3,(#3131,#3132,#3133,#3134,#3135,#3136,
#3137,#3138,#3139,#3140,#3141,#3142,#3143,#3144,#3145,#3146,#3147,#3148,
#3149),.UNSPECIFIED.,.T.,.F.,(1,1,1,1,1,1,1,1,1,1,1,1,1,1,1,1,1,1,1,1,1,
1,1),(-0.00119626975686815,-0.000797513171245431,-0.000398756585622715,
0.,0.000398756585622715,0.000797513171245431,0.00119626975686815,0.00159502634249086,
0.00199378292811358,0.00239253951373629,0.00279129609935901,0.00319005268498172,
0.00358880927060444,0.00398756585622715,0.00438632244184987,0.00478507902747258,
0.0051838356130953,0.00558259219871802,0.00598134878434073,0.00638010536996345,
0.00677886195558616,0.00717761854120888,0.00757637512683159),
 .UNSPECIFIED.);
#734=B_SPLINE_CURVE_WITH_KNOTS('',3,(#3151,#3152,#3153,#3154,#3155,#3156,
#3157,#3158,#3159,#3160,#3161,#3162,#3163,#3164,#3165,#3166,#3167),
 .UNSPECIFIED.,.F.,.F.,(4,1,1,1,1,1,1,1,1,1,1,1,1,1,4),(0.00199315222089252,
0.00257516561587205,0.00286617231336181,0.00315717901085158,0.00344818570834134,
0.00359368905708622,0.0037391924058311,0.00388469575457599,0.00403019910332087,
0.00432120580081063,0.00461221249830039,0.00490321919579016,0.00548523259076969,
0.00606724598574921,0.00664925938072874),.UNSPECIFIED.);
#735=B_SPLINE_CURVE_WITH_KNOTS('',3,(#3168,#3169,#3170,#3171,#3172,#3173,
#3174,#3175,#3176,#3177,#3178,#3179,#3180,#3181,#3182,#3183,#3184,#3185),
 .UNSPECIFIED.,.F.,.F.,(4,1,1,1,1,1,1,1,1,1,1,1,1,1,1,4),(0.000786940371397555,
0.0014622970584617,0.00213765374552585,0.00281301043258999,0.00315068877612207,
0.00348836711965414,0.00382604546318622,0.00399488463495225,0.00416372380671829,
0.00424814339260131,0.00433256297848433,0.00450140215025036,0.00483908049378244,
0.00517675883731451,0.00551443718084658,0.00618979386791073),
 .UNSPECIFIED.);
#736=B_SPLINE_CURVE_WITH_KNOTS('',3,(#3187,#3188,#3189,#3190,#3191,#3192,
#3193,#3194,#3195,#3196,#3197,#3198,#3199,#3200,#3201,#3202,#3203,#3204,
#3205,#3206,#3207,#3208,#3209,#3210,#3211,#3212,#3213,#3214,#3215,#3216,
#3217),.UNSPECIFIED.,.T.,.F.,(1,1,1,1,1,1,1,1,1,1,1,1,1,1,1,1,1,1,1,1,1,
1,1,1,1,1,1,1,1,1,1,1,1,1,1),(-0.000989899913711794,-0.000742424935283845,
-0.000494949956855896,0.,0.000247474978427948,0.000494949956855897,0.000742424935283845,
0.000989899913711794,0.00123737489213974,0.00148484987056769,0.00197979982742359,
0.00222727480585154,0.00247474978427948,0.00272222476270743,0.00296969974113538,
0.00321717471956333,0.00346464969799128,0.00395959965484717,0.00420707463327512,
0.00445454961170307,0.00470202459013102,0.00494949956855897,0.00519697454698692,
0.00544444952541486,0.00593939948227076,0.00618687446069871,0.00643434943912666,
0.00668182441755461,0.00692929939598255,0.0071767743744105,0.00742424935283845,
0.00791919930969435,0.0081666742881223,0.00841414926655024,0.00866162424497819),
 .UNSPECIFIED.);
#737=B_SPLINE_CURVE_WITH_KNOTS('',3,(#3219,#3220,#3221,#3222,#3223,#3224,
#3225,#3226,#3227,#3228,#3229,#3230,#3231,#3232,#3233,#3234,#3235,#3236,
#3237),.UNSPECIFIED.,.T.,.F.,(1,1,1,1,1,1,1,1,1,1,1,1,1,1,1,1,1,1,1,1,1,
1,1),(-0.000982898421190114,-0.000655265614126743,-0.000327632807063371,
0.,0.000327632807063372,0.000655265614126743,0.000982898421190115,0.00131053122825349,
0.00163816403531686,0.00196579684238023,0.0022934296494436,0.00262106245650697,
0.00294869526357034,0.00327632807063372,0.00360396087769709,0.00393159368476046,
0.00425922649182383,0.0045868592988872,0.00491449210595057,0.00524212491301394,
0.00556975772007732,0.00589739052714069,0.00622502333420406),
 .UNSPECIFIED.);
#738=B_SPLINE_CURVE_WITH_KNOTS('',3,(#3239,#3240,#3241,#3242,#3243,#3244,
#3245,#3246,#3247,#3248,#3249,#3250,#3251),.UNSPECIFIED.,.T.,.F.,(1,1,1,
1,1,1,1,1,1,1,1,1,1,1,1,1,1),(-0.00128516840891328,-0.00102813472713063,
-0.000514067363565312,0.,0.000514067363565313,0.000771101045347969,0.00102813472713063,
0.00154220209069594,0.00205626945426125,0.00257033681782656,0.00282737049960922,
0.00308440418139188,0.00359847154495719,0.0041125389085225,0.00462660627208781,
0.00488363995387047,0.00514067363565313),.UNSPECIFIED.);
#739=B_SPLINE_CURVE_WITH_KNOTS('',3,(#3253,#3254,#3255,#3256,#3257,#3258,
#3259,#3260,#3261,#3262,#3263,#3264,#3265,#3266,#3267,#3268,#3269,#3270,
#3271,#3272,#3273,#3274,#3275,#3276,#3277,#3278,#3279),.UNSPECIFIED.,.T.,
 .F.,(1,1,1,1,1,1,1,1,1,1,1,1,1,1,1,1,1,1,1,1,1,1,1,1,1,1,1,1,1,1,1),(-0.00101323437308371,
-0.000506617186541853,-0.000253308593270926,0.,0.000253308593270927,0.000506617186541853,
0.00101323437308371,0.00151985155962556,0.00177316015289649,0.00202646874616741,
0.00227977733943834,0.00253308593270927,0.00303970311925112,0.00354632030579297,
0.0037996288990639,0.00405293749233483,0.00430624608560575,0.00455955467887668,
0.00506617186541853,0.00557278905196038,0.00582609764523131,0.00607940623850224,
0.00633271483177316,0.00658602342504409,0.00709264061158594,0.0075992577981278,
0.00785256639139872,0.00810587498466965,0.00835918357794058,0.0086124921712115,
0.00911910935775336),.UNSPECIFIED.);
#740=B_SPLINE_CURVE_WITH_KNOTS('',3,(#3281,#3282,#3283,#3284,#3285,#3286,
#3287,#3288,#3289,#3290,#3291,#3292,#3293,#3294,#3295,#3296,#3297,#3298,
#3299),.UNSPECIFIED.,.T.,.F.,(1,1,1,1,1,1,1,1,1,1,1,1,1,1,1,1,1,1,1,1,1,
1,1),(-0.00115438996047413,-0.000769593306982753,-0.000384796653491376,
0.,0.000384796653491377,0.000769593306982754,0.00115438996047413,0.00153918661396551,
0.00192398326745688,0.00230877992094826,0.00269357657443964,0.00307837322793101,
0.00346316988142239,0.00384796653491377,0.00423276318840514,0.00461755984189652,
0.0050023564953879,0.00538715314887928,0.00577194980237065,0.00615674645586203,
0.00654154310935341,0.00692633976284478,0.00731113641633616),
 .UNSPECIFIED.);
#741=B_SPLINE_CURVE_WITH_KNOTS('',3,(#3302,#3303,#3304,#3305,#3306,#3307,
#3308,#3309,#3310,#3311,#3312,#3313,#3314,#3315,#3316,#3317,#3318,#3319,
#3320),.UNSPECIFIED.,.T.,.F.,(1,1,1,1,1,1,1,1,1,1,1,1,1,1,1,1,1,1,1,1,1,
1,1),(-0.00133169487921794,-0.000887796586145295,-0.000443898293072648,
0.,0.000443898293072647,0.000887796586145295,0.00133169487921794,0.00177559317229059,
0.00221949146536324,0.00266338975843588,0.00310728805150853,0.00355118634458118,
0.00399508463765383,0.00443898293072647,0.00488288122379912,0.00532677951687177,
0.00577067780994442,0.00621457610301706,0.00665847439608971,0.00710237268916236,
0.00754627098223501,0.00799016927530765,0.0084340675683803),
 .UNSPECIFIED.);
#742=B_SPLINE_CURVE_WITH_KNOTS('',3,(#3322,#3323,#3324,#3325,#3326,#3327,
#3328,#3329,#3330,#3331,#3332,#3333,#3334,#3335,#3336,#3337,#3338,#3339,
#3340),.UNSPECIFIED.,.T.,.F.,(1,1,1,1,1,1,1,1,1,1,1,1,1,1,1,1,1,1,1,1,1,
1,1),(-0.00107988836516101,-0.000719925576774005,-0.000359962788387003,
0.,0.000359962788387003,0.000719925576774005,0.00107988836516101,0.00143985115354801,
0.00179981394193501,0.00215977673032202,0.00251973951870902,0.00287970230709602,
0.00323966509548302,0.00359962788387003,0.00395959067225703,0.00431955346064403,
0.00467951624903103,0.00503947903741804,0.00539944182580504,0.00575940461419204,
0.00611936740257904,0.00647933019096605,0.00683929297935305),
 .UNSPECIFIED.);
#743=B_SPLINE_CURVE_WITH_KNOTS('',3,(#3342,#3343,#3344,#3345,#3346,#3347,
#3348,#3349,#3350,#3351,#3352,#3353,#3354,#3355,#3356,#3357,#3358,#3359,
#3360,#3361,#3362,#3363,#3364,#3365,#3366,#3367,#3368,#3369,#3370,#3371,
#3372,#3373,#3374,#3375),.UNSPECIFIED.,.T.,.F.,(1,1,1,1,1,1,1,1,1,1,1,1,
1,1,1,1,1,1,1,1,1,1,1,1,1,1,1,1,1,1,1,1,1,1,1,1,1,1),(-0.000775774574083983,
-0.000517183049389322,-0.000258591524694662,0.,0.000517183049389322,0.000775774574083983,
0.00103436609877864,0.00116366186112597,0.0012929576234733,0.00155154914816797,
0.00181014067286263,0.00206873219755729,0.00232732372225195,0.00258591524694661,
0.00284450677164127,0.00310309829633593,0.00336168982103059,0.00362028134572525,
0.00387887287041991,0.00413746439511457,0.0046546474445039,0.00491323896919856,
0.00517183049389322,0.00543042201858788,0.00568901354328254,0.0059476050679772,
0.00620619659267186,0.00646478811736652,0.00672337964206118,0.00698197116675584,
0.0072405626914505,0.00749915421614516,0.00775774574083983,0.00801633726553449,
0.00827492879022915,0.00879211183961847,0.00905070336431313,0.00930929488900779),
 .UNSPECIFIED.);
#744=B_SPLINE_CURVE_WITH_KNOTS('',3,(#3377,#3378,#3379,#3380,#3381,#3382,
#3383,#3384,#3385,#3386,#3387,#3388,#3389,#3390,#3391,#3392,#3393,#3394,
#3395,#3396,#3397,#3398,#3399,#3400,#3401,#3402,#3403,#3404,#3405,#3406,
#3407),.UNSPECIFIED.,.T.,.F.,(1,1,1,1,1,1,1,1,1,1,1,1,1,1,1,1,1,1,1,1,1,
1,1,1,1,1,1,1,1,1,1,1,1,1,1),(-0.000790946023443919,-0.000527297348962612,
-0.000263648674481306,0.,0.000527297348962613,0.000790946023443919,0.00105459469792523,
0.00131824337240653,0.00158189204688784,0.00184554072136914,0.00210918939585045,
0.00263648674481306,0.00290013541929437,0.00316378409377568,0.00342743276825698,
0.00369108144273829,0.0039547301172196,0.0042183787917009,0.00474567614066351,
0.00500932481514482,0.00527297348962613,0.00553662216410743,0.00580027083858874,
0.00606391951307005,0.00632756818755135,0.00685486553651396,0.00711851421099527,
0.00738216288547658,0.00764581155995788,0.00790946023443919,0.0081731089089205,
0.0084367575834018,0.00896405493236441,0.00922770360684572,0.00949135228132703),
 .UNSPECIFIED.);
#745=B_SPLINE_CURVE_WITH_KNOTS('',3,(#3409,#3410,#3411,#3412,#3413,#3414,
#3415,#3416,#3417,#3418,#3419,#3420,#3421,#3422,#3423,#3424,#3425,#3426,
#3427,#3428,#3429,#3430,#3431,#3432,#3433,#3434,#3435,#3436,#3437,#3438,
#3439,#3440),.UNSPECIFIED.,.T.,.F.,(1,1,1,1,1,1,1,1,1,1,1,1,1,1,1,1,1,1,
1,1,1,1,1,1,1,1,1,1,1,1,1,1,1,1,1,1),(-0.000748428569605306,-0.000498952379736871,
-0.000249476189868435,0.,0.00049895237973687,0.000748428569605305,0.000997904759473741,
0.00124738094934218,0.00149685713921061,0.00174633332907905,0.00199580951894748,
0.00224528570881592,0.00249476189868435,0.00274423808855279,0.00299371427842122,
0.00324319046828966,0.00349266665815809,0.00374214284802653,0.00399161903789496,
0.00449057141763183,0.00474004760750027,0.0049895237973687,0.00523899998723714,
0.00548847617710557,0.00573795236697401,0.00598742855684244,0.00648638093657931,
0.00673585712644775,0.00698533331631618,0.00723480950618462,0.00748428569605305,
0.00773376188592149,0.00798323807578992,0.0084821904555268,0.00873166664539523,
0.00898114283526366),.UNSPECIFIED.);
#746=B_SPLINE_CURVE_WITH_KNOTS('',3,(#3442,#3443,#3444,#3445,#3446,#3447,
#3448,#3449,#3450,#3451,#3452,#3453,#3454,#3455,#3456,#3457,#3458,#3459,
#3460,#3461,#3462,#3463),.UNSPECIFIED.,.F.,.F.,(4,1,1,1,1,1,1,1,1,1,1,1,
1,1,1,1,1,1,1,4),(0.00117606024180554,0.00202949666908724,0.0024562148827281,
0.00288293309636895,0.00330965131000981,0.00352301041683023,0.00373636952365066,
0.00394972863047109,0.0040564081838813,0.00416308773729152,0.00426976729070173,
0.00437644684411194,0.00458980595093237,0.0048031650577528,0.00501652416457322,
0.00544324237821408,0.00586996059185493,0.00629667880549579,0.0071501152327775,
0.0080035516600592),.UNSPECIFIED.);
#747=B_SPLINE_CURVE_WITH_KNOTS('',3,(#3464,#3465,#3466,#3467,#3468,#3469,
#3470,#3471,#3472,#3473,#3474,#3475,#3476,#3477,#3478,#3479,#3480,#3481,
#3482,#3483),.UNSPECIFIED.,.F.,.F.,(4,1,1,1,1,1,1,1,1,1,1,1,1,1,1,1,1,4),
(0.00100783803193956,0.00182329107292076,0.00263874411390197,0.00304647063439257,
0.00345419715488317,0.00386192367537377,0.00406578693561908,0.00426965019586438,
0.00437158182598703,0.00447351345610968,0.00457544508623233,0.00467737671635498,
0.00488123997660028,0.00508510323684558,0.00549282975733618,0.00590055627782679,
0.00671600931880799,0.0075314623597892),.UNSPECIFIED.);
#748=B_SPLINE_CURVE_WITH_KNOTS('',3,(#3485,#3486,#3487,#3488,#3489,#3490,
#3491,#3492,#3493,#3494,#3495,#3496,#3497,#3498,#3499,#3500,#3501,#3502,
#3503,#3504,#3505,#3506,#3507,#3508,#3509,#3510,#3511),.UNSPECIFIED.,.T.,
 .F.,(1,1,1,1,1,1,1,1,1,1,1,1,1,1,1,1,1,1,1,1,1,1,1,1,1,1,1,1,1,1,1),(-0.00070410931130058,
-0.000469406207533721,-0.00023470310376686,0.,0.00046940620753372,0.00093881241506744,
0.0011735155188343,0.00140821862260116,0.00164292172636802,0.00187762483013488,
0.0023470310376686,0.00281643724520232,0.00305114034896918,0.00328584345273604,
0.0035205465565029,0.00375524966026976,0.00422465586780348,0.0046940620753372,
0.00492876517910406,0.00516346828287092,0.00539817138663778,0.00563287449040464,
0.00610228069793836,0.00657168690547208,0.00680639000923894,0.0070410931130058,
0.00727579621677266,0.00751049932053952,0.00797990552807324,0.00844931173560696,
0.00868401483937382),.UNSPECIFIED.);
#749=B_SPLINE_CURVE_WITH_KNOTS('',3,(#3513,#3514,#3515,#3516,#3517,#3518,
#3519,#3520,#3521,#3522,#3523,#3524,#3525,#3526,#3527,#3528,#3529,#3530,
#3531),.UNSPECIFIED.,.T.,.F.,(1,1,1,1,1,1,1,1,1,1,1,1,1,1,1,1,1,1,1,1,1,
1,1),(-0.00111955989967989,-0.000746373266453257,-0.000373186633226628,
0.,0.000373186633226628,0.000746373266453257,0.00111955989967989,0.00149274653290651,
0.00186593316613314,0.00223911979935977,0.0026123064325864,0.00298549306581303,
0.00335867969903965,0.00373186633226628,0.00410505296549291,0.00447823959871954,
0.00485142623194617,0.0052246128651728,0.00559779949839943,0.00597098613162605,
0.00634417276485268,0.00671735939807931,0.00709054603130594),
 .UNSPECIFIED.);
#750=B_SPLINE_CURVE_WITH_KNOTS('',3,(#3533,#3534,#3535,#3536,#3537,#3538,
#3539,#3540,#3541,#3542,#3543,#3544,#3545,#3546,#3547,#3548,#3549,#3550,
#3551),.UNSPECIFIED.,.T.,.F.,(1,1,1,1,1,1,1,1,1,1,1,1,1,1,1,1,1,1,1,1,1,
1,1),(-0.00122736679006858,-0.000818244526712386,-0.000409122263356193,
0.,0.000409122263356193,0.000818244526712386,0.00122736679006858,0.00163648905342477,
0.00204561131678097,0.00245473358013716,0.00286385584349335,0.00327297810684954,
0.00368210037020574,0.00409122263356193,0.00450034489691812,0.00490946716027432,
0.00531858942363051,0.0057277116869867,0.0061368339503429,0.00654595621369909,
0.00695507847705528,0.00736420074041148,0.00777332300376767),
 .UNSPECIFIED.);
#751=B_SPLINE_CURVE_WITH_KNOTS('',3,(#3553,#3554,#3555,#3556,#3557,#3558,
#3559,#3560,#3561,#3562,#3563,#3564,#3565,#3566,#3567,#3568,#3569,#3570,
#3571,#3572,#3573,#3574,#3575,#3576,#3577,#3578,#3579,#3580),
 .UNSPECIFIED.,.T.,.F.,(1,1,1,1,1,1,1,1,1,1,1,1,1,1,1,1,1,1,1,1,1,1,1,1,
1,1,1,1,1,1,1,1),(-0.000743831262414721,-0.00049588750827648,-0.00024794375413824,
0.,0.00049588750827648,0.00099177501655296,0.0012397187706912,0.00148766252482944,
0.00173560627896768,0.00198355003310592,0.00223149378724416,0.0024794375413824,
0.00297532504965888,0.00322326880379712,0.00347121255793536,0.0037191563120736,
0.00396710006621184,0.00446298757448832,0.0049588750827648,0.00520681883690304,
0.00545476259104128,0.00570270634517952,0.00595065009931776,0.00644653760759424,
0.00694242511587072,0.00719036887000896,0.0074383126241472,0.00768625637828544,
0.00793420013242368,0.00843008764070016,0.00892597514897664,0.00917391890311488),
 .UNSPECIFIED.);
#752=B_SPLINE_CURVE_WITH_KNOTS('',3,(#3582,#3583,#3584,#3585,#3586,#3587,
#3588,#3589,#3590,#3591,#3592,#3593,#3594,#3595,#3596,#3597,#3598,#3599,
#3600),.UNSPECIFIED.,.T.,.F.,(1,1,1,1,1,1,1,1,1,1,1,1,1,1,1,1,1,1,1,1,1,
1,1),(-0.0013527014864371,-0.000901800990958068,-0.000450900495479034,0.,
0.000450900495479034,0.000901800990958068,0.0013527014864371,0.00180360198191614,
0.00225450247739517,0.0027054029728742,0.00315630346835324,0.00360720396383227,
0.00405810445931131,0.00450900495479034,0.00495990545026937,0.00541080594574841,
0.00586170644122744,0.00631260693670647,0.00676350743218551,0.00721440792766454,
0.00766530842314358,0.00811620891862261,0.00856710941410164),
 .UNSPECIFIED.);
#753=B_SPLINE_CURVE_WITH_KNOTS('',3,(#3602,#3603,#3604,#3605),
 .UNSPECIFIED.,.F.,.F.,(4,4),(0.00221981844330393,0.00261413765057477),
 .UNSPECIFIED.);
#754=B_SPLINE_CURVE_WITH_KNOTS('',3,(#3606,#3607,#3608,#3609),
 .UNSPECIFIED.,.F.,.F.,(4,4),(0.000691124634819999,0.00100852973514586),
 .UNSPECIFIED.);
#755=B_SPLINE_CURVE_WITH_KNOTS('',3,(#3611,#3612,#3613,#3614,#3615,#3616,
#3617,#3618,#3619,#3620,#3621,#3622,#3623,#3624,#3625,#3626,#3627,#3628,
#3629,#3630,#3631,#3632,#3633,#3634,#3635,#3636,#3637,#3638,#3639,#3640,
#3641,#3642,#3643,#3644,#3645,#3646,#3647),.UNSPECIFIED.,.T.,.F.,(1,1,1,
1,1,1,1,1,1,1,1,1,1,1,1,1,1,1,1,1,1,1,1,1,1,1,1,1,1,1,1,1,1,1,1,1,1,1,1,
1,1),(-0.000785544375644412,-0.000523696250429608,-0.000261848125214804,
0.,0.000261848125214804,0.000523696250429609,0.000785544375644413,0.00104739250085922,
0.00130924062607402,0.00157108875128883,0.00170201281389623,0.00183293687650363,
0.00196386093911103,0.00209478500171843,0.00235663312693324,0.00261848125214804,
0.00314217750257765,0.00340402562779246,0.00366587375300726,0.00392772187822207,
0.00418957000343687,0.00445141812865167,0.00471326625386648,0.00497511437908128,
0.00523696250429609,0.00549881062951089,0.0057606587547257,0.0058915828173331,
0.0060225068799405,0.0061534309425479,0.00628435500515531,0.00654620313037011,
0.00680805125558491,0.00733174750601452,0.00759359563122933,0.00785544375644413,
0.00811729188165894,0.00837914000687374,0.00864098813208854,0.00890283625730335,
0.00916468438251815),.UNSPECIFIED.);
#756=B_SPLINE_CURVE_WITH_KNOTS('',3,(#3649,#3650,#3651,#3652,#3653,#3654,
#3655,#3656,#3657,#3658,#3659,#3660,#3661,#3662,#3663,#3664,#3665,#3666,
#3667),.UNSPECIFIED.,.T.,.F.,(1,1,1,1,1,1,1,1,1,1,1,1,1,1,1,1,1,1,1,1,1,
1,1),(-0.00103072766756567,-0.000687151778377111,-0.000343575889188556,
0.,0.000343575889188556,0.000687151778377112,0.00103072766756567,0.00137430355675422,
0.00171787944594278,0.00206145533513133,0.00240503122431989,0.00274860711350845,
0.003092183002697,0.00343575889188556,0.00377933478107411,0.00412291067026267,
0.00446648655945123,0.00481006244863978,0.00515363833782834,0.00549721422701689,
0.00584079011620545,0.006184366005394,0.00652794189458256),
 .UNSPECIFIED.);
#757=B_SPLINE_CURVE_WITH_KNOTS('',3,(#3669,#3670,#3671,#3672,#3673,#3674,
#3675,#3676,#3677,#3678,#3679,#3680,#3681,#3682,#3683,#3684,#3685,#3686,
#3687),.UNSPECIFIED.,.T.,.F.,(1,1,1,1,1,1,1,1,1,1,1,1,1,1,1,1,1,1,1,1,1,
1,1),(-0.000878888493923146,-0.000585925662615431,-0.000292962831307715,
0.,0.000292962831307715,0.000585925662615431,0.000878888493923146,0.00117185132523086,
0.00146481415653858,0.00175777698784629,0.00205073981915401,0.00234370265046172,
0.00263666548176944,0.00292962831307715,0.00322259114438487,0.00351555397569258,
0.0038085168070003,0.00410147963830801,0.00439444246961573,0.00468740530092344,
0.00498036813223116,0.00527333096353888,0.00556629379484659),
 .UNSPECIFIED.);
#758=B_SPLINE_CURVE_WITH_KNOTS('',3,(#3689,#3690,#3691,#3692,#3693,#3694,
#3695,#3696,#3697,#3698,#3699,#3700,#3701,#3702,#3703,#3704,#3705,#3706,
#3707,#3708,#3709,#3710,#3711,#3712,#3713,#3714,#3715),.UNSPECIFIED.,.T.,
 .F.,(1,1,1,1,1,1,1,1,1,1,1,1,1,1,1,1,1,1,1,1,1,1,1,1,1,1,1,1,1,1,1),(-0.000976755194237595,
-0.000732566395678196,-0.000488377597118797,0.,0.000488377597118797,0.000732566395678196,
0.000976755194237595,0.00122094399279699,0.00146513279135639,0.00195351038847519,
0.00244188798559399,0.00268607678415339,0.00293026558271278,0.00317445438127218,
0.00341864317983158,0.00390702077695038,0.00439539837406918,0.00463958717262858,
0.00488377597118797,0.00512796476974737,0.00537215356830677,0.00586053116542557,
0.00634890876254437,0.00659309756110377,0.00683728635966316,0.00708147515822256,
0.00732566395678196,0.00781404155390076,0.00830241915101956,0.00854660794957895,
0.00879079674813835),.UNSPECIFIED.);
#759=B_SPLINE_CURVE_WITH_KNOTS('',3,(#3717,#3718,#3719,#3720,#3721,#3722,
#3723,#3724,#3725,#3726,#3727,#3728,#3729,#3730,#3731,#3732,#3733,#3734,
#3735),.UNSPECIFIED.,.T.,.F.,(1,1,1,1,1,1,1,1,1,1,1,1,1,1,1,1,1,1,1,1,1,
1,1),(-0.00118908984895966,-0.000792726565973107,-0.000396363282986554,
0.,0.000396363282986554,0.000792726565973107,0.00118908984895966,0.00158545313194621,
0.00198181641493277,0.00237817969791932,0.00277454298090588,0.00317090626389243,
0.00356726954687898,0.00396363282986554,0.00435999611285209,0.00475635939583864,
0.0051527226788252,0.00554908596181175,0.00594544924479831,0.00634181252778486,
0.00673817581077141,0.00713453909375797,0.00753090237674452),
 .UNSPECIFIED.);
#760=B_SPLINE_CURVE_WITH_KNOTS('',3,(#3737,#3738,#3739,#3740,#3741,#3742,
#3743,#3744,#3745,#3746,#3747,#3748,#3749,#3750,#3751,#3752,#3753,#3754),
 .UNSPECIFIED.,.F.,.F.,(4,1,1,1,1,1,1,1,1,1,1,1,1,1,1,4),(0.00107198639010225,
0.00168769787413441,0.00230340935816657,0.00261126510018265,0.00291912084219873,
0.00322697658421481,0.00338090445522285,0.00353483232623089,0.00368876019723893,
0.00384268806824697,0.00399661593925501,0.00415054381026305,0.00445839955227913,
0.00476625529429521,0.00538196677832737,0.00599767826235953),
 .UNSPECIFIED.);
#761=B_SPLINE_CURVE_WITH_KNOTS('',3,(#3755,#3756,#3757,#3758,#3759,#3760,
#3761,#3762,#3763,#3764,#3765,#3766,#3767,#3768,#3769,#3770,#3771,#3772,
#3773,#3774,#3775),.UNSPECIFIED.,.F.,.F.,(4,1,1,1,1,1,1,1,1,1,1,1,1,1,1,
1,1,1,4),(0.00249712520386771,0.00328604806551786,0.00368050949634293,0.004074970927168,
0.00427220164258054,0.00446943235799308,0.00466666307340561,0.00476527843111188,
0.00486389378881815,0.00496250914652442,0.00506112450423069,0.00525835521964322,
0.00545558593505576,0.0056528166504683,0.00604727808129337,0.00644173951211844,
0.00723066237376859,0.00801958523541874,0.00880850809706889),
 .UNSPECIFIED.);
#762=B_SPLINE_CURVE_WITH_KNOTS('',3,(#3777,#3778,#3779,#3780,#3781,#3782,
#3783,#3784,#3785,#3786,#3787,#3788,#3789,#3790,#3791,#3792,#3793,#3794,
#3795,#3796,#3797,#3798,#3799,#3800,#3801,#3802,#3803,#3804,#3805,#3806,
#3807,#3808),.UNSPECIFIED.,.T.,.F.,(1,1,1,1,1,1,1,1,1,1,1,1,1,1,1,1,1,1,
1,1,1,1,1,1,1,1,1,1,1,1,1,1,1,1,1,1),(-0.000500191853958375,-0.000250095926979188,
-0.000125047963489593,0.,0.000250095926979187,0.000500191853958375,0.000750287780937562,
0.00100038370791675,0.00125047963489594,0.00150057556187512,0.00175067148885431,
0.0020007674158335,0.00225086334281269,0.00250095926979187,0.00300115112375025,
0.00350134297770862,0.00375143890468781,0.004001534831667,0.00425163075864619,
0.00450172668562537,0.00475182261260456,0.00500191853958375,0.00525201446656293,
0.00550211039354212,0.00575220632052131,0.0060023022475005,0.00625239817447968,
0.00650249410145887,0.00700268595541725,0.00750287780937562,0.00775297373635481,
0.0078780216998444,0.008003069663334,0.00825316559031318,0.00850326151729237,
0.00875335744427156),.UNSPECIFIED.);
#763=B_SPLINE_CURVE_WITH_KNOTS('',3,(#3810,#3811,#3812,#3813,#3814,#3815,
#3816,#3817,#3818,#3819,#3820,#3821,#3822,#3823,#3824,#3825,#3826,#3827,
#3828),.UNSPECIFIED.,.T.,.F.,(1,1,1,1,1,1,1,1,1,1,1,1,1,1,1,1,1,1,1,1,1,
1,1),(-0.00101473102698541,-0.00067648735132361,-0.000338243675661805,0.,
0.000338243675661805,0.00067648735132361,0.00101473102698541,0.00135297470264722,
0.00169121837830902,0.00202946205397083,0.00236770572963263,0.00270594940529444,
0.00304419308095624,0.00338243675661805,0.00372068043227985,0.00405892410794166,
0.00439716778360346,0.00473541145926527,0.00507365513492707,0.00541189881058888,
0.00575014248625068,0.00608838616191249,0.00642662983757429),
 .UNSPECIFIED.);
#764=B_SPLINE_CURVE_WITH_KNOTS('',3,(#3830,#3831,#3832,#3833,#3834,#3835,
#3836,#3837,#3838,#3839,#3840,#3841,#3842,#3843,#3844,#3845),
 .UNSPECIFIED.,.T.,.F.,(1,1,1,1,1,1,1,1,1,1,1,1,1,1,1,1,1,1,1,1),(-0.000812269587386186,
-0.000541513058257457,-0.000270756529128728,0.,0.000541513058257457,0.00108302611651491,
0.00135378264564364,0.00162453917477237,0.0018952957039011,0.00216605223302983,
0.00243680876215856,0.00270756529128729,0.00324907834954474,0.00351983487867347,
0.0037905914078022,0.00406134793693093,0.00433210446605966,0.00487361752431711,
0.00541513058257457,0.0056858871117033),.UNSPECIFIED.);
#765=B_SPLINE_CURVE_WITH_KNOTS('',3,(#3847,#3848,#3849,#3850,#3851,#3852,
#3853,#3854,#3855,#3856,#3857,#3858,#3859,#3860,#3861,#3862,#3863,#3864,
#3865,#3866,#3867,#3868,#3869,#3870,#3871,#3872,#3873,#3874,#3875,#3876,
#3877,#3878,#3879,#3880,#3881),.UNSPECIFIED.,.T.,.F.,(1,1,1,1,1,1,1,1,1,
1,1,1,1,1,1,1,1,1,1,1,1,1,1,1,1,1,1,1,1,1,1,1,1,1,1,1,1,1,1),(-0.000755318936794827,
-0.000503545957863219,-0.000251772978931609,0.,0.000251772978931609,0.000503545957863218,
0.000755318936794828,0.00100709191572644,0.00125886489465805,0.00151063787358966,
0.00176241085252126,0.00201418383145287,0.00226595681038448,0.00251772978931609,
0.0027695027682477,0.00302127574717931,0.00327304872611092,0.00352482170504253,
0.00377659468397414,0.00402836766290575,0.00428014064183736,0.00453191362076896,
0.00478368659970057,0.00503545957863218,0.00528723255756379,0.0055390055364954,
0.00579077851542701,0.00604255149435862,0.00629432447329023,0.00654609745222184,
0.00679787043115345,0.00704964341008506,0.00730141638901667,0.00755318936794827,
0.00780496234687988,0.00805673532581149,0.0083085083047431,0.00856028128367471,
0.00881205426260632),.UNSPECIFIED.);
#766=B_SPLINE_CURVE_WITH_KNOTS('',3,(#3883,#3884,#3885,#3886,#3887,#3888,
#3889,#3890,#3891,#3892,#3893,#3894,#3895,#3896,#3897,#3898,#3899,#3900,
#3901),.UNSPECIFIED.,.T.,.F.,(1,1,1,1,1,1,1,1,1,1,1,1,1,1,1,1,1,1,1,1,1,
1,1),(-0.00116231465450618,-0.000774876436337456,-0.000387438218168727,
0.,0.000387438218168728,0.000774876436337456,0.00116231465450618,0.00154975287267491,
0.00193719109084364,0.00232462930901237,0.00271206752718109,0.00309950574534982,
0.00348694396351855,0.00387438218168728,0.00426182039985601,0.00464925861802473,
0.00503669683619346,0.00542413505436219,0.00581157327253092,0.00619901149069964,
0.00658644970886837,0.0069738879270371,0.00736132614520583),
 .UNSPECIFIED.);
#767=EDGE_LOOP('',(#46));
#768=EDGE_LOOP('',(#47));
#769=EDGE_LOOP('',(#48));
#770=EDGE_LOOP('',(#49));
#771=EDGE_LOOP('',(#50));
#772=EDGE_LOOP('',(#51));
#773=EDGE_LOOP('',(#52));
#774=EDGE_LOOP('',(#53));
#775=EDGE_LOOP('',(#54));
#776=EDGE_LOOP('',(#55));
#777=EDGE_LOOP('',(#56,#57,#58,#59,#60,#61,#62,#63,#64,#65,#66,#67,#68,
#69));
#778=EDGE_LOOP('',(#70,#71,#72,#73,#74,#75,#76,#77,#78,#79,#80,#81));
#779=EDGE_LOOP('',(#82,#83,#84,#85,#86,#87,#88,#89,#90,#91,#92,#93));
#780=EDGE_LOOP('',(#94));
#781=EDGE_LOOP('',(#95));
#782=EDGE_LOOP('',(#96));
#783=EDGE_LOOP('',(#97,#98,#99,#100,#101));
#784=EDGE_LOOP('',(#102));
#785=EDGE_LOOP('',(#103));
#786=EDGE_LOOP('',(#104));
#787=EDGE_LOOP('',(#105));
#788=EDGE_LOOP('',(#106));
#789=EDGE_LOOP('',(#107,#108,#109,#110,#111,#112));
#790=EDGE_LOOP('',(#113,#114,#115,#116,#117,#118,#119));
#791=EDGE_LOOP('',(#120,#121,#122,#123,#124));
#792=EDGE_LOOP('',(#125));
#793=EDGE_LOOP('',(#126));
#794=EDGE_LOOP('',(#127));
#795=EDGE_LOOP('',(#128,#129,#130,#131,#132));
#796=EDGE_LOOP('',(#133));
#797=EDGE_LOOP('',(#134));
#798=EDGE_LOOP('',(#135));
#799=EDGE_LOOP('',(#136));
#800=EDGE_LOOP('',(#137));
#801=EDGE_LOOP('',(#138,#139,#140,#141,#142));
#802=EDGE_LOOP('',(#143,#144,#145,#146,#147,#148,#149));
#803=EDGE_LOOP('',(#150,#151,#152));
#804=EDGE_LOOP('',(#153));
#805=EDGE_LOOP('',(#154));
#806=EDGE_LOOP('',(#155));
#807=EDGE_LOOP('',(#156));
#808=EDGE_LOOP('',(#157));
#809=EDGE_LOOP('',(#158,#159,#160,#161));
#810=EDGE_LOOP('',(#162,#163,#164,#165));
#811=EDGE_LOOP('',(#166));
#812=EDGE_LOOP('',(#167));
#813=EDGE_LOOP('',(#168));
#814=EDGE_LOOP('',(#169));
#815=EDGE_LOOP('',(#170));
#816=EDGE_LOOP('',(#171,#172,#173,#174,#175));
#817=EDGE_LOOP('',(#176,#177,#178,#179,#180));
#818=EDGE_LOOP('',(#181));
#819=EDGE_LOOP('',(#182));
#820=EDGE_LOOP('',(#183));
#821=EDGE_LOOP('',(#184));
#822=EDGE_LOOP('',(#185));
#823=EDGE_LOOP('',(#186,#187,#188,#189));
#824=EDGE_LOOP('',(#190,#191,#192));
#825=EDGE_LOOP('',(#193));
#826=EDGE_LOOP('',(#194));
#827=EDGE_LOOP('',(#195));
#828=EDGE_LOOP('',(#196));
#829=EDGE_LOOP('',(#197));
#830=EDGE_LOOP('',(#198,#199,#200,#201,#202,#203));
#831=EDGE_LOOP('',(#204,#205));
#832=EDGE_LOOP('',(#206));
#833=EDGE_LOOP('',(#207));
#834=EDGE_LOOP('',(#208));
#835=EDGE_LOOP('',(#209));
#836=EDGE_LOOP('',(#210));
#837=EDGE_LOOP('',(#211,#212,#213,#214));
#838=EDGE_LOOP('',(#215,#216,#217,#218));
#839=EDGE_LOOP('',(#219));
#840=EDGE_LOOP('',(#220));
#841=EDGE_LOOP('',(#221));
#842=EDGE_LOOP('',(#222));
#843=EDGE_LOOP('',(#223));
#844=EDGE_LOOP('',(#224,#225,#226,#227));
#845=EDGE_LOOP('',(#228,#229,#230,#231));
#846=EDGE_LOOP('',(#232));
#847=EDGE_LOOP('',(#233));
#848=EDGE_LOOP('',(#234));
#849=EDGE_LOOP('',(#235));
#850=EDGE_LOOP('',(#236));
#851=EDGE_LOOP('',(#237,#238,#239,#240,#241));
#852=EDGE_LOOP('',(#242,#243,#244,#245,#246));
#853=EDGE_LOOP('',(#247));
#854=EDGE_LOOP('',(#248));
#855=EDGE_LOOP('',(#249));
#856=EDGE_LOOP('',(#250));
#857=EDGE_LOOP('',(#251));
#858=EDGE_LOOP('',(#252,#253));
#859=EDGE_LOOP('',(#254,#255));
#860=EDGE_LOOP('',(#256));
#861=EDGE_LOOP('',(#257));
#862=EDGE_LOOP('',(#258));
#863=EDGE_LOOP('',(#259));
#864=EDGE_LOOP('',(#260));
#865=EDGE_LOOP('',(#261));
#866=EDGE_LOOP('',(#262));
#867=EDGE_LOOP('',(#263));
#868=EDGE_LOOP('',(#264));
#869=EDGE_LOOP('',(#265));
#870=EDGE_LOOP('',(#266));
#871=EDGE_LOOP('',(#267));
#872=EDGE_LOOP('',(#268));
#873=EDGE_LOOP('',(#269));
#874=EDGE_LOOP('',(#270));
#875=EDGE_LOOP('',(#271));
#876=EDGE_LOOP('',(#272));
#877=EDGE_LOOP('',(#273));
#878=EDGE_LOOP('',(#274));
#879=EDGE_LOOP('',(#275));
#880=EDGE_LOOP('',(#276));
#881=EDGE_LOOP('',(#277));
#882=EDGE_LOOP('',(#278));
#883=EDGE_LOOP('',(#279));
#884=EDGE_LOOP('',(#280));
#885=EDGE_LOOP('',(#281));
#886=EDGE_LOOP('',(#282));
#887=EDGE_LOOP('',(#283));
#888=EDGE_LOOP('',(#284));
#889=EDGE_LOOP('',(#285));
#890=EDGE_LOOP('',(#286));
#891=EDGE_LOOP('',(#287));
#892=EDGE_LOOP('',(#288));
#893=EDGE_LOOP('',(#289));
#894=EDGE_LOOP('',(#290));
#895=EDGE_LOOP('',(#291));
#896=EDGE_LOOP('',(#292));
#897=EDGE_LOOP('',(#293));
#898=EDGE_LOOP('',(#294));
#899=EDGE_LOOP('',(#295));
#900=EDGE_LOOP('',(#296));
#901=EDGE_LOOP('',(#297));
#902=EDGE_LOOP('',(#298));
#903=EDGE_LOOP('',(#299));
#904=EDGE_LOOP('',(#300));
#905=EDGE_LOOP('',(#301));
#906=EDGE_LOOP('',(#302));
#907=EDGE_LOOP('',(#303));
#908=EDGE_LOOP('',(#304));
#909=EDGE_LOOP('',(#305));
#910=EDGE_LOOP('',(#306));
#911=EDGE_LOOP('',(#307));
#912=EDGE_LOOP('',(#308));
#913=EDGE_LOOP('',(#309));
#914=EDGE_LOOP('',(#310));
#915=EDGE_LOOP('',(#311));
#916=EDGE_LOOP('',(#312));
#917=EDGE_LOOP('',(#313));
#918=EDGE_LOOP('',(#314));
#919=EDGE_LOOP('',(#315));
#920=EDGE_LOOP('',(#316));
#921=EDGE_LOOP('',(#317));
#922=EDGE_LOOP('',(#318));
#923=EDGE_LOOP('',(#319));
#924=EDGE_LOOP('',(#320));
#925=EDGE_LOOP('',(#321));
#926=EDGE_LOOP('',(#322));
#927=EDGE_LOOP('',(#323,#324));
#928=EDGE_LOOP('',(#325,#326,#327,#328));
#929=EDGE_LOOP('',(#329));
#930=EDGE_LOOP('',(#330,#331,#332,#333));
#931=EDGE_LOOP('',(#334,#335));
#932=EDGE_LOOP('',(#336,#337,#338,#339));
#933=EDGE_LOOP('',(#340,#341,#342,#343));
#934=EDGE_LOOP('',(#344,#345,#346,#347));
#935=EDGE_LOOP('',(#348));
#936=EDGE_LOOP('',(#349));
#937=FACE_BOUND('',#767,.T.);
#938=FACE_BOUND('',#768,.T.);
#939=FACE_BOUND('',#769,.T.);
#940=FACE_BOUND('',#770,.T.);
#941=FACE_BOUND('',#771,.T.);
#942=FACE_BOUND('',#772,.T.);
#943=FACE_BOUND('',#773,.T.);
#944=FACE_BOUND('',#774,.T.);
#945=FACE_BOUND('',#775,.T.);
#946=FACE_BOUND('',#776,.T.);
#947=FACE_BOUND('',#777,.T.);
#948=FACE_BOUND('',#778,.T.);
#949=FACE_BOUND('',#779,.T.);
#950=FACE_BOUND('',#780,.T.);
#951=FACE_BOUND('',#781,.T.);
#952=FACE_BOUND('',#782,.T.);
#953=FACE_BOUND('',#783,.T.);
#954=FACE_BOUND('',#784,.T.);
#955=FACE_BOUND('',#785,.T.);
#956=FACE_BOUND('',#786,.T.);
#957=FACE_BOUND('',#787,.T.);
#958=FACE_BOUND('',#788,.T.);
#959=FACE_BOUND('',#789,.T.);
#960=FACE_BOUND('',#790,.T.);
#961=FACE_BOUND('',#791,.T.);
#962=FACE_BOUND('',#792,.T.);
#963=FACE_BOUND('',#793,.T.);
#964=FACE_BOUND('',#794,.T.);
#965=FACE_BOUND('',#795,.T.);
#966=FACE_BOUND('',#796,.T.);
#967=FACE_BOUND('',#797,.T.);
#968=FACE_BOUND('',#798,.T.);
#969=FACE_BOUND('',#799,.T.);
#970=FACE_BOUND('',#800,.T.);
#971=FACE_BOUND('',#801,.T.);
#972=FACE_BOUND('',#802,.T.);
#973=FACE_BOUND('',#803,.T.);
#974=FACE_BOUND('',#804,.T.);
#975=FACE_BOUND('',#805,.T.);
#976=FACE_BOUND('',#806,.T.);
#977=FACE_BOUND('',#807,.T.);
#978=FACE_BOUND('',#808,.T.);
#979=FACE_BOUND('',#809,.T.);
#980=FACE_BOUND('',#810,.T.);
#981=FACE_BOUND('',#811,.T.);
#982=FACE_BOUND('',#812,.T.);
#983=FACE_BOUND('',#813,.T.);
#984=FACE_BOUND('',#814,.T.);
#985=FACE_BOUND('',#815,.T.);
#986=FACE_BOUND('',#816,.T.);
#987=FACE_BOUND('',#817,.T.);
#988=FACE_BOUND('',#818,.T.);
#989=FACE_BOUND('',#819,.T.);
#990=FACE_BOUND('',#820,.T.);
#991=FACE_BOUND('',#821,.T.);
#992=FACE_BOUND('',#822,.T.);
#993=FACE_BOUND('',#823,.T.);
#994=FACE_BOUND('',#824,.T.);
#995=FACE_BOUND('',#825,.T.);
#996=FACE_BOUND('',#826,.T.);
#997=FACE_BOUND('',#827,.T.);
#998=FACE_BOUND('',#828,.T.);
#999=FACE_BOUND('',#829,.T.);
#1000=FACE_BOUND('',#830,.T.);
#1001=FACE_BOUND('',#831,.T.);
#1002=FACE_BOUND('',#832,.T.);
#1003=FACE_BOUND('',#833,.T.);
#1004=FACE_BOUND('',#834,.T.);
#1005=FACE_BOUND('',#835,.T.);
#1006=FACE_BOUND('',#836,.T.);
#1007=FACE_BOUND('',#837,.T.);
#1008=FACE_BOUND('',#838,.T.);
#1009=FACE_BOUND('',#839,.T.);
#1010=FACE_BOUND('',#840,.T.);
#1011=FACE_BOUND('',#841,.T.);
#1012=FACE_BOUND('',#842,.T.);
#1013=FACE_BOUND('',#843,.T.);
#1014=FACE_BOUND('',#844,.T.);
#1015=FACE_BOUND('',#845,.T.);
#1016=FACE_BOUND('',#846,.T.);
#1017=FACE_BOUND('',#847,.T.);
#1018=FACE_BOUND('',#848,.T.);
#1019=FACE_BOUND('',#849,.T.);
#1020=FACE_BOUND('',#850,.T.);
#1021=FACE_BOUND('',#851,.T.);
#1022=FACE_BOUND('',#852,.T.);
#1023=FACE_BOUND('',#853,.T.);
#1024=FACE_BOUND('',#854,.T.);
#1025=FACE_BOUND('',#855,.T.);
#1026=FACE_BOUND('',#856,.T.);
#1027=FACE_BOUND('',#857,.T.);
#1028=FACE_BOUND('',#858,.T.);
#1029=FACE_BOUND('',#859,.T.);
#1030=FACE_BOUND('',#860,.T.);
#1031=FACE_BOUND('',#861,.T.);
#1032=FACE_BOUND('',#862,.T.);
#1033=FACE_BOUND('',#863,.T.);
#1034=FACE_BOUND('',#864,.T.);
#1035=FACE_BOUND('',#865,.T.);
#1036=FACE_BOUND('',#866,.T.);
#1037=FACE_BOUND('',#867,.T.);
#1038=FACE_BOUND('',#868,.T.);
#1039=FACE_BOUND('',#869,.T.);
#1040=FACE_BOUND('',#870,.T.);
#1041=FACE_BOUND('',#871,.T.);
#1042=FACE_BOUND('',#872,.T.);
#1043=FACE_BOUND('',#873,.T.);
#1044=FACE_BOUND('',#874,.T.);
#1045=FACE_BOUND('',#875,.T.);
#1046=FACE_BOUND('',#876,.T.);
#1047=FACE_BOUND('',#877,.T.);
#1048=FACE_BOUND('',#878,.T.);
#1049=FACE_BOUND('',#879,.T.);
#1050=FACE_BOUND('',#880,.T.);
#1051=FACE_BOUND('',#881,.T.);
#1052=FACE_BOUND('',#882,.T.);
#1053=FACE_BOUND('',#883,.T.);
#1054=FACE_BOUND('',#884,.T.);
#1055=FACE_BOUND('',#885,.T.);
#1056=FACE_BOUND('',#886,.T.);
#1057=FACE_BOUND('',#887,.T.);
#1058=FACE_BOUND('',#888,.T.);
#1059=FACE_BOUND('',#889,.T.);
#1060=FACE_BOUND('',#890,.T.);
#1061=FACE_BOUND('',#891,.T.);
#1062=FACE_BOUND('',#892,.T.);
#1063=FACE_BOUND('',#893,.T.);
#1064=FACE_BOUND('',#894,.T.);
#1065=FACE_BOUND('',#895,.T.);
#1066=FACE_BOUND('',#896,.T.);
#1067=FACE_BOUND('',#897,.T.);
#1068=FACE_BOUND('',#898,.T.);
#1069=FACE_BOUND('',#899,.T.);
#1070=FACE_BOUND('',#900,.T.);
#1071=FACE_BOUND('',#901,.T.);
#1072=FACE_BOUND('',#902,.T.);
#1073=FACE_BOUND('',#903,.T.);
#1074=FACE_BOUND('',#904,.T.);
#1075=FACE_BOUND('',#905,.T.);
#1076=FACE_BOUND('',#906,.T.);
#1077=FACE_BOUND('',#907,.T.);
#1078=FACE_BOUND('',#908,.T.);
#1079=FACE_BOUND('',#909,.T.);
#1080=FACE_BOUND('',#910,.T.);
#1081=FACE_BOUND('',#911,.T.);
#1082=FACE_BOUND('',#912,.T.);
#1083=FACE_BOUND('',#913,.T.);
#1084=FACE_BOUND('',#914,.T.);
#1085=FACE_BOUND('',#915,.T.);
#1086=FACE_BOUND('',#916,.T.);
#1087=FACE_BOUND('',#917,.T.);
#1088=FACE_BOUND('',#918,.T.);
#1089=FACE_BOUND('',#919,.T.);
#1090=FACE_BOUND('',#920,.T.);
#1091=FACE_BOUND('',#921,.T.);
#1092=FACE_BOUND('',#922,.T.);
#1093=FACE_BOUND('',#923,.T.);
#1094=FACE_BOUND('',#924,.T.);
#1095=FACE_BOUND('',#925,.T.);
#1096=FACE_BOUND('',#926,.T.);
#1097=FACE_BOUND('',#927,.T.);
#1098=FACE_BOUND('',#928,.T.);
#1099=FACE_BOUND('',#929,.T.);
#1100=FACE_BOUND('',#930,.T.);
#1101=FACE_BOUND('',#931,.T.);
#1102=FACE_BOUND('',#932,.T.);
#1103=FACE_BOUND('',#933,.T.);
#1104=FACE_BOUND('',#934,.T.);
#1105=FACE_BOUND('',#935,.T.);
#1106=FACE_BOUND('',#936,.T.);
#1107=(
BOUNDED_SURFACE()
B_SPLINE_SURFACE(3,3,((#1254,#1255,#1256,#1257,#1258,#1259,#1260,#1261,
#1262,#1263,#1264,#1265,#1266,#1267,#1268,#1269,#1270,#1271,#1272,#1273,
#1274,#1275,#1276,#1277,#1278,#1279,#1280,#1281,#1282,#1283,#1284,#1285,
#1286,#1287),(#1288,#1289,#1290,#1291,#1292,#1293,#1294,#1295,#1296,#1297,
#1298,#1299,#1300,#1301,#1302,#1303,#1304,#1305,#1306,#1307,#1308,#1309,
#1310,#1311,#1312,#1313,#1314,#1315,#1316,#1317,#1318,#1319,#1320,#1321),
(#1322,#1323,#1324,#1325,#1326,#1327,#1328,#1329,#1330,#1331,#1332,#1333,
#1334,#1335,#1336,#1337,#1338,#1339,#1340,#1341,#1342,#1343,#1344,#1345,
#1346,#1347,#1348,#1349,#1350,#1351,#1352,#1353,#1354,#1355),(#1356,#1357,
#1358,#1359,#1360,#1361,#1362,#1363,#1364,#1365,#1366,#1367,#1368,#1369,
#1370,#1371,#1372,#1373,#1374,#1375,#1376,#1377,#1378,#1379,#1380,#1381,
#1382,#1383,#1384,#1385,#1386,#1387,#1388,#1389),(#1390,#1391,#1392,#1393,
#1394,#1395,#1396,#1397,#1398,#1399,#1400,#1401,#1402,#1403,#1404,#1405,
#1406,#1407,#1408,#1409,#1410,#1411,#1412,#1413,#1414,#1415,#1416,#1417,
#1418,#1419,#1420,#1421,#1422,#1423),(#1424,#1425,#1426,#1427,#1428,#1429,
#1430,#1431,#1432,#1433,#1434,#1435,#1436,#1437,#1438,#1439,#1440,#1441,
#1442,#1443,#1444,#1445,#1446,#1447,#1448,#1449,#1450,#1451,#1452,#1453,
#1454,#1455,#1456,#1457),(#1458,#1459,#1460,#1461,#1462,#1463,#1464,#1465,
#1466,#1467,#1468,#1469,#1470,#1471,#1472,#1473,#1474,#1475,#1476,#1477,
#1478,#1479,#1480,#1481,#1482,#1483,#1484,#1485,#1486,#1487,#1488,#1489,
#1490,#1491)),.UNSPECIFIED.,.T.,.T.,.F.)
B_SPLINE_SURFACE_WITH_KNOTS((4,3,4),(2,2,2,2,2,2,2,2,2,2,2,2,2,2,2,2,2,
2,2),(0.,0.5,1.),(-0.0625,0.,0.0625,0.125,0.1875,0.25,0.3125,0.375,0.4375,
0.5,0.5625,0.625,0.6875,0.75,0.8125,0.875,0.9375,1.,1.0625),
 .UNSPECIFIED.)
GEOMETRIC_REPRESENTATION_ITEM()
RATIONAL_B_SPLINE_SURFACE(((1.,1.,1.,1.,1.,1.,1.,1.,1.,1.,1.,1.,1.,1.,1.,
1.,1.,1.,1.,1.,1.,1.,1.,1.,1.,1.,1.,1.,1.,1.,1.,1.,1.,1.),(0.333333333333334,
0.333333333333334,0.333333333333334,0.333333333333334,0.333333333333334,
0.333333333333334,0.333333333333334,0.333333333333334,0.333333333333334,
0.333333333333334,0.333333333333334,0.333333333333334,0.333333333333334,
0.333333333333334,0.333333333333334,0.333333333333334,0.333333333333334,
0.333333333333334,0.333333333333334,0.333333333333334,0.333333333333334,
0.333333333333334,0.333333333333334,0.333333333333334,0.333333333333334,
0.333333333333334,0.333333333333334,0.333333333333334,0.333333333333334,
0.333333333333334,0.333333333333334,0.333333333333334,0.333333333333334,
0.333333333333334),(0.333333333333334,0.333333333333334,0.333333333333334,
0.333333333333334,0.333333333333334,0.333333333333334,0.333333333333334,
0.333333333333334,0.333333333333334,0.333333333333334,0.333333333333334,
0.333333333333334,0.333333333333334,0.333333333333334,0.333333333333334,
0.333333333333334,0.333333333333334,0.333333333333334,0.333333333333334,
0.333333333333334,0.333333333333334,0.333333333333334,0.333333333333334,
0.333333333333334,0.333333333333334,0.333333333333334,0.333333333333334,
0.333333333333334,0.333333333333334,0.333333333333334,0.333333333333334,
0.333333333333334,0.333333333333334,0.333333333333334),(1.,1.,1.,1.,1.,
1.,1.,1.,1.,1.,1.,1.,1.,1.,1.,1.,1.,1.,1.,1.,1.,1.,1.,1.,1.,1.,1.,1.,1.,
1.,1.,1.,1.,1.),(0.333333333333334,0.333333333333334,0.333333333333334,
0.333333333333334,0.333333333333334,0.333333333333334,0.333333333333334,
0.333333333333334,0.333333333333334,0.333333333333334,0.333333333333334,
0.333333333333334,0.333333333333334,0.333333333333334,0.333333333333334,
0.333333333333334,0.333333333333334,0.333333333333334,0.333333333333334,
0.333333333333334,0.333333333333334,0.333333333333334,0.333333333333334,
0.333333333333334,0.333333333333334,0.333333333333334,0.333333333333334,
0.333333333333334,0.333333333333334,0.333333333333334,0.333333333333334,
0.333333333333334,0.333333333333334,0.333333333333334),(0.333333333333334,
0.333333333333334,0.333333333333334,0.333333333333334,0.333333333333334,
0.333333333333334,0.333333333333334,0.333333333333334,0.333333333333334,
0.333333333333334,0.333333333333334,0.333333333333334,0.333333333333334,
0.333333333333334,0.333333333333334,0.333333333333334,0.333333333333334,
0.333333333333334,0.333333333333334,0.333333333333334,0.333333333333334,
0.333333333333334,0.333333333333334,0.333333333333334,0.333333333333334,
0.333333333333334,0.333333333333334,0.333333333333334,0.333333333333334,
0.333333333333334,0.333333333333334,0.333333333333334,0.333333333333334,
0.333333333333334),(1.,1.,1.,1.,1.,1.,1.,1.,1.,1.,1.,1.,1.,1.,1.,1.,1.,
1.,1.,1.,1.,1.,1.,1.,1.,1.,1.,1.,1.,1.,1.,1.,1.,1.)))
REPRESENTATION_ITEM('')
SURFACE()
);
#1108=(
BOUNDED_SURFACE()
B_SPLINE_SURFACE(3,3,((#3903,#3904,#3905,#3906,#3907,#3908,#3909,#3910,
#3911,#3912,#3913,#3914,#3915,#3916,#3917,#3918,#3919,#3920),(#3921,#3922,
#3923,#3924,#3925,#3926,#3927,#3928,#3929,#3930,#3931,#3932,#3933,#3934,
#3935,#3936,#3937,#3938),(#3939,#3940,#3941,#3942,#3943,#3944,#3945,#3946,
#3947,#3948,#3949,#3950,#3951,#3952,#3953,#3954,#3955,#3956),(#3957,#3958,
#3959,#3960,#3961,#3962,#3963,#3964,#3965,#3966,#3967,#3968,#3969,#3970,
#3971,#3972,#3973,#3974),(#3975,#3976,#3977,#3978,#3979,#3980,#3981,#3982,
#3983,#3984,#3985,#3986,#3987,#3988,#3989,#3990,#3991,#3992),(#3993,#3994,
#3995,#3996,#3997,#3998,#3999,#4000,#4001,#4002,#4003,#4004,#4005,#4006,
#4007,#4008,#4009,#4010),(#4011,#4012,#4013,#4014,#4015,#4016,#4017,#4018,
#4019,#4020,#4021,#4022,#4023,#4024,#4025,#4026,#4027,#4028)),
 .UNSPECIFIED.,.T.,.F.,.F.)
B_SPLINE_SURFACE_WITH_KNOTS((4,3,4),(4,2,2,2,2,2,2,2,4),(0.,0.5,1.),(0.00487172404706541,
0.125,0.25,0.375,0.5,0.625,0.75,0.875,0.995136156029754),.UNSPECIFIED.)
GEOMETRIC_REPRESENTATION_ITEM()
RATIONAL_B_SPLINE_SURFACE(((1.,1.,1.,1.,1.,1.,1.,1.,1.,1.,1.,1.,1.,1.,1.,
1.,1.,1.),(0.333333333333334,0.333333333333334,0.333333333333334,0.333333333333334,
0.333333333333334,0.333333333333334,0.333333333333334,0.333333333333334,
0.333333333333334,0.333333333333334,0.333333333333334,0.333333333333334,
0.333333333333334,0.333333333333334,0.333333333333334,0.333333333333334,
0.333333333333334,0.333333333333334),(0.333333333333334,0.333333333333334,
0.333333333333334,0.333333333333334,0.333333333333334,0.333333333333334,
0.333333333333334,0.333333333333334,0.333333333333334,0.333333333333334,
0.333333333333334,0.333333333333334,0.333333333333334,0.333333333333334,
0.333333333333334,0.333333333333334,0.333333333333334,0.333333333333334),
(1.,1.,1.,1.,1.,1.,1.,1.,1.,1.,1.,1.,1.,1.,1.,1.,1.,1.),(0.333333333333334,
0.333333333333334,0.333333333333334,0.333333333333334,0.333333333333334,
0.333333333333334,0.333333333333334,0.333333333333334,0.333333333333334,
0.333333333333334,0.333333333333334,0.333333333333334,0.333333333333334,
0.333333333333334,0.333333333333334,0.333333333333334,0.333333333333334,
0.333333333333334),(0.333333333333334,0.333333333333334,0.333333333333334,
0.333333333333334,0.333333333333334,0.333333333333334,0.333333333333334,
0.333333333333334,0.333333333333334,0.333333333333334,0.333333333333334,
0.333333333333334,0.333333333333334,0.333333333333334,0.333333333333334,
0.333333333333334,0.333333333333334,0.333333333333334),(1.,1.,1.,1.,1.,
1.,1.,1.,1.,1.,1.,1.,1.,1.,1.,1.,1.,1.)))
REPRESENTATION_ITEM('')
SURFACE()
);
#1109=(
BOUNDED_SURFACE()
B_SPLINE_SURFACE(3,3,((#4029,#4030,#4031,#4032,#4033,#4034,#4035,#4036,
#4037,#4038,#4039,#4040,#4041,#4042,#4043,#4044,#4045,#4046),(#4047,#4048,
#4049,#4050,#4051,#4052,#4053,#4054,#4055,#4056,#4057,#4058,#4059,#4060,
#4061,#4062,#4063,#4064),(#4065,#4066,#4067,#4068,#4069,#4070,#4071,#4072,
#4073,#4074,#4075,#4076,#4077,#4078,#4079,#4080,#4081,#4082),(#4083,#4084,
#4085,#4086,#4087,#4088,#4089,#4090,#4091,#4092,#4093,#4094,#4095,#4096,
#4097,#4098,#4099,#4100),(#4101,#4102,#4103,#4104,#4105,#4106,#4107,#4108,
#4109,#4110,#4111,#4112,#4113,#4114,#4115,#4116,#4117,#4118),(#4119,#4120,
#4121,#4122,#4123,#4124,#4125,#4126,#4127,#4128,#4129,#4130,#4131,#4132,
#4133,#4134,#4135,#4136),(#4137,#4138,#4139,#4140,#4141,#4142,#4143,#4144,
#4145,#4146,#4147,#4148,#4149,#4150,#4151,#4152,#4153,#4154)),
 .UNSPECIFIED.,.T.,.F.,.F.)
B_SPLINE_SURFACE_WITH_KNOTS((4,3,4),(4,2,2,2,2,2,2,2,4),(0.,0.5,1.),(0.00427616315429613,
0.125,0.25,0.375,0.5,0.625,0.75,0.875,0.995639278507721),.UNSPECIFIED.)
GEOMETRIC_REPRESENTATION_ITEM()
RATIONAL_B_SPLINE_SURFACE(((1.,1.,1.,1.,1.,1.,1.,1.,1.,1.,1.,1.,1.,1.,1.,
1.,1.,1.),(0.333333333333334,0.333333333333334,0.333333333333334,0.333333333333334,
0.333333333333334,0.333333333333334,0.333333333333334,0.333333333333334,
0.333333333333334,0.333333333333334,0.333333333333334,0.333333333333334,
0.333333333333334,0.333333333333334,0.333333333333334,0.333333333333334,
0.333333333333334,0.333333333333334),(0.333333333333334,0.333333333333334,
0.333333333333334,0.333333333333334,0.333333333333334,0.333333333333334,
0.333333333333334,0.333333333333334,0.333333333333334,0.333333333333334,
0.333333333333334,0.333333333333334,0.333333333333334,0.333333333333334,
0.333333333333334,0.333333333333334,0.333333333333334,0.333333333333334),
(1.,1.,1.,1.,1.,1.,1.,1.,1.,1.,1.,1.,1.,1.,1.,1.,1.,1.),(0.333333333333334,
0.333333333333334,0.333333333333334,0.333333333333334,0.333333333333334,
0.333333333333334,0.333333333333334,0.333333333333334,0.333333333333334,
0.333333333333334,0.333333333333334,0.333333333333334,0.333333333333334,
0.333333333333334,0.333333333333334,0.333333333333334,0.333333333333334,
0.333333333333334),(0.333333333333334,0.333333333333334,0.333333333333334,
0.333333333333334,0.333333333333334,0.333333333333334,0.333333333333334,
0.333333333333334,0.333333333333334,0.333333333333334,0.333333333333334,
0.333333333333334,0.333333333333334,0.333333333333334,0.333333333333334,
0.333333333333334,0.333333333333334,0.333333333333334),(1.,1.,1.,1.,1.,
1.,1.,1.,1.,1.,1.,1.,1.,1.,1.,1.,1.,1.)))
REPRESENTATION_ITEM('')
SURFACE()
);
#1110=(
BOUNDED_SURFACE()
B_SPLINE_SURFACE(3,3,((#4155,#4156,#4157,#4158,#4159,#4160,#4161,#4162,
#4163,#4164,#4165,#4166,#4167,#4168,#4169,#4170,#4171,#4172),(#4173,#4174,
#4175,#4176,#4177,#4178,#4179,#4180,#4181,#4182,#4183,#4184,#4185,#4186,
#4187,#4188,#4189,#4190),(#4191,#4192,#4193,#4194,#4195,#4196,#4197,#4198,
#4199,#4200,#4201,#4202,#4203,#4204,#4205,#4206,#4207,#4208),(#4209,#4210,
#4211,#4212,#4213,#4214,#4215,#4216,#4217,#4218,#4219,#4220,#4221,#4222,
#4223,#4224,#4225,#4226),(#4227,#4228,#4229,#4230,#4231,#4232,#4233,#4234,
#4235,#4236,#4237,#4238,#4239,#4240,#4241,#4242,#4243,#4244),(#4245,#4246,
#4247,#4248,#4249,#4250,#4251,#4252,#4253,#4254,#4255,#4256,#4257,#4258,
#4259,#4260,#4261,#4262),(#4263,#4264,#4265,#4266,#4267,#4268,#4269,#4270,
#4271,#4272,#4273,#4274,#4275,#4276,#4277,#4278,#4279,#4280)),
 .UNSPECIFIED.,.T.,.F.,.F.)
B_SPLINE_SURFACE_WITH_KNOTS((4,3,4),(4,2,2,2,2,2,2,2,4),(0.,0.5,1.),(0.00451005508771895,
0.125,0.25,0.375,0.5,0.625,0.75,0.875,0.995461032137028),.UNSPECIFIED.)
GEOMETRIC_REPRESENTATION_ITEM()
RATIONAL_B_SPLINE_SURFACE(((1.,1.,1.,1.,1.,1.,1.,1.,1.,1.,1.,1.,1.,1.,1.,
1.,1.,1.),(0.333333333333334,0.333333333333334,0.333333333333334,0.333333333333334,
0.333333333333334,0.333333333333334,0.333333333333334,0.333333333333334,
0.333333333333334,0.333333333333334,0.333333333333334,0.333333333333334,
0.333333333333334,0.333333333333334,0.333333333333334,0.333333333333334,
0.333333333333334,0.333333333333334),(0.333333333333334,0.333333333333334,
0.333333333333334,0.333333333333334,0.333333333333334,0.333333333333334,
0.333333333333334,0.333333333333334,0.333333333333334,0.333333333333334,
0.333333333333334,0.333333333333334,0.333333333333334,0.333333333333334,
0.333333333333334,0.333333333333334,0.333333333333334,0.333333333333334),
(1.,1.,1.,1.,1.,1.,1.,1.,1.,1.,1.,1.,1.,1.,1.,1.,1.,1.),(0.333333333333334,
0.333333333333334,0.333333333333334,0.333333333333334,0.333333333333334,
0.333333333333334,0.333333333333334,0.333333333333334,0.333333333333334,
0.333333333333334,0.333333333333334,0.333333333333334,0.333333333333334,
0.333333333333334,0.333333333333334,0.333333333333334,0.333333333333334,
0.333333333333334),(0.333333333333334,0.333333333333334,0.333333333333334,
0.333333333333334,0.333333333333334,0.333333333333334,0.333333333333334,
0.333333333333334,0.333333333333334,0.333333333333334,0.333333333333334,
0.333333333333334,0.333333333333334,0.333333333333334,0.333333333333334,
0.333333333333334,0.333333333333334,0.333333333333334),(1.,1.,1.,1.,1.,
1.,1.,1.,1.,1.,1.,1.,1.,1.,1.,1.,1.,1.)))
REPRESENTATION_ITEM('')
SURFACE()
);
#1111=(
BOUNDED_SURFACE()
B_SPLINE_SURFACE(3,3,((#4281,#4282,#4283,#4284,#4285,#4286,#4287,#4288,
#4289,#4290,#4291,#4292,#4293,#4294,#4295,#4296,#4297,#4298),(#4299,#4300,
#4301,#4302,#4303,#4304,#4305,#4306,#4307,#4308,#4309,#4310,#4311,#4312,
#4313,#4314,#4315,#4316),(#4317,#4318,#4319,#4320,#4321,#4322,#4323,#4324,
#4325,#4326,#4327,#4328,#4329,#4330,#4331,#4332,#4333,#4334),(#4335,#4336,
#4337,#4338,#4339,#4340,#4341,#4342,#4343,#4344,#4345,#4346,#4347,#4348,
#4349,#4350,#4351,#4352),(#4353,#4354,#4355,#4356,#4357,#4358,#4359,#4360,
#4361,#4362,#4363,#4364,#4365,#4366,#4367,#4368,#4369,#4370),(#4371,#4372,
#4373,#4374,#4375,#4376,#4377,#4378,#4379,#4380,#4381,#4382,#4383,#4384,
#4385,#4386,#4387,#4388),(#4389,#4390,#4391,#4392,#4393,#4394,#4395,#4396,
#4397,#4398,#4399,#4400,#4401,#4402,#4403,#4404,#4405,#4406)),
 .UNSPECIFIED.,.T.,.F.,.F.)
B_SPLINE_SURFACE_WITH_KNOTS((4,3,4),(4,2,2,2,2,2,2,2,4),(0.,0.5,1.),(0.00434870222416406,
0.125,0.25,0.375,0.5,0.625,0.75,0.875,0.99564310760078),.UNSPECIFIED.)
GEOMETRIC_REPRESENTATION_ITEM()
RATIONAL_B_SPLINE_SURFACE(((1.,1.,1.,1.,1.,1.,1.,1.,1.,1.,1.,1.,1.,1.,1.,
1.,1.,1.),(0.333333333333334,0.333333333333334,0.333333333333334,0.333333333333334,
0.333333333333334,0.333333333333334,0.333333333333334,0.333333333333334,
0.333333333333334,0.333333333333334,0.333333333333334,0.333333333333334,
0.333333333333334,0.333333333333334,0.333333333333334,0.333333333333334,
0.333333333333334,0.333333333333334),(0.333333333333334,0.333333333333334,
0.333333333333334,0.333333333333334,0.333333333333334,0.333333333333334,
0.333333333333334,0.333333333333334,0.333333333333334,0.333333333333334,
0.333333333333334,0.333333333333334,0.333333333333334,0.333333333333334,
0.333333333333334,0.333333333333334,0.333333333333334,0.333333333333334),
(1.,1.,1.,1.,1.,1.,1.,1.,1.,1.,1.,1.,1.,1.,1.,1.,1.,1.),(0.333333333333334,
0.333333333333334,0.333333333333334,0.333333333333334,0.333333333333334,
0.333333333333334,0.333333333333334,0.333333333333334,0.333333333333334,
0.333333333333334,0.333333333333334,0.333333333333334,0.333333333333334,
0.333333333333334,0.333333333333334,0.333333333333334,0.333333333333334,
0.333333333333334),(0.333333333333334,0.333333333333334,0.333333333333334,
0.333333333333334,0.333333333333334,0.333333333333334,0.333333333333334,
0.333333333333334,0.333333333333334,0.333333333333334,0.333333333333334,
0.333333333333334,0.333333333333334,0.333333333333334,0.333333333333334,
0.333333333333334,0.333333333333334,0.333333333333334),(1.,1.,1.,1.,1.,
1.,1.,1.,1.,1.,1.,1.,1.,1.,1.,1.,1.,1.)))
REPRESENTATION_ITEM('')
SURFACE()
);
#1112=(
BOUNDED_SURFACE()
B_SPLINE_SURFACE(3,3,((#4407,#4408,#4409,#4410,#4411,#4412,#4413,#4414,
#4415,#4416,#4417,#4418,#4419,#4420,#4421,#4422,#4423,#4424),(#4425,#4426,
#4427,#4428,#4429,#4430,#4431,#4432,#4433,#4434,#4435,#4436,#4437,#4438,
#4439,#4440,#4441,#4442),(#4443,#4444,#4445,#4446,#4447,#4448,#4449,#4450,
#4451,#4452,#4453,#4454,#4455,#4456,#4457,#4458,#4459,#4460),(#4461,#4462,
#4463,#4464,#4465,#4466,#4467,#4468,#4469,#4470,#4471,#4472,#4473,#4474,
#4475,#4476,#4477,#4478),(#4479,#4480,#4481,#4482,#4483,#4484,#4485,#4486,
#4487,#4488,#4489,#4490,#4491,#4492,#4493,#4494,#4495,#4496),(#4497,#4498,
#4499,#4500,#4501,#4502,#4503,#4504,#4505,#4506,#4507,#4508,#4509,#4510,
#4511,#4512,#4513,#4514),(#4515,#4516,#4517,#4518,#4519,#4520,#4521,#4522,
#4523,#4524,#4525,#4526,#4527,#4528,#4529,#4530,#4531,#4532)),
 .UNSPECIFIED.,.T.,.F.,.F.)
B_SPLINE_SURFACE_WITH_KNOTS((4,3,4),(4,2,2,2,2,2,2,2,4),(0.,0.5,1.),(0.00381650480353879,
0.125,0.25,0.375,0.5,0.625,0.75,0.875,0.99617171787671),.UNSPECIFIED.)
GEOMETRIC_REPRESENTATION_ITEM()
RATIONAL_B_SPLINE_SURFACE(((1.,1.,1.,1.,1.,1.,1.,1.,1.,1.,1.,1.,1.,1.,1.,
1.,1.,1.),(0.333333333333334,0.333333333333334,0.333333333333334,0.333333333333334,
0.333333333333334,0.333333333333334,0.333333333333334,0.333333333333334,
0.333333333333334,0.333333333333334,0.333333333333334,0.333333333333334,
0.333333333333334,0.333333333333334,0.333333333333334,0.333333333333334,
0.333333333333334,0.333333333333334),(0.333333333333334,0.333333333333334,
0.333333333333334,0.333333333333334,0.333333333333334,0.333333333333334,
0.333333333333334,0.333333333333334,0.333333333333334,0.333333333333334,
0.333333333333334,0.333333333333334,0.333333333333334,0.333333333333334,
0.333333333333334,0.333333333333334,0.333333333333334,0.333333333333334),
(1.,1.,1.,1.,1.,1.,1.,1.,1.,1.,1.,1.,1.,1.,1.,1.,1.,1.),(0.333333333333334,
0.333333333333334,0.333333333333334,0.333333333333334,0.333333333333334,
0.333333333333334,0.333333333333334,0.333333333333334,0.333333333333334,
0.333333333333334,0.333333333333334,0.333333333333334,0.333333333333334,
0.333333333333334,0.333333333333334,0.333333333333334,0.333333333333334,
0.333333333333334),(0.333333333333334,0.333333333333334,0.333333333333334,
0.333333333333334,0.333333333333334,0.333333333333334,0.333333333333334,
0.333333333333334,0.333333333333334,0.333333333333334,0.333333333333334,
0.333333333333334,0.333333333333334,0.333333333333334,0.333333333333334,
0.333333333333334,0.333333333333334,0.333333333333334),(1.,1.,1.,1.,1.,
1.,1.,1.,1.,1.,1.,1.,1.,1.,1.,1.,1.,1.)))
REPRESENTATION_ITEM('')
SURFACE()
);
#1113=ADVANCED_FACE('',(#937,#938,#939,#940,#941,#942,#943,#944,#945,#946,
#947,#948,#949),#1107,.T.);
#1114=ADVANCED_FACE('',(#950,#951,#952,#953),#30,.T.);
#1115=ADVANCED_FACE('',(#954,#955,#956,#957,#958,#959,#960),#31,.T.);
#1116=ADVANCED_FACE('',(#961),#15,.T.);
#1117=ADVANCED_FACE('',(#962,#963,#964,#965),#32,.T.);
#1118=ADVANCED_FACE('',(#966,#967,#968,#969,#970,#971,#972),#33,.T.);
#1119=ADVANCED_FACE('',(#973),#16,.T.);
#1120=ADVANCED_FACE('',(#974,#975,#976,#977,#978,#979,#980),#34,.T.);
#1121=ADVANCED_FACE('',(#981,#982,#983,#984,#985,#986,#987),#35,.T.);
#1122=ADVANCED_FACE('',(#988,#989,#990,#991,#992,#993,#994),#36,.T.);
#1123=ADVANCED_FACE('',(#995,#996,#997,#998,#999,#1000,#1001),#37,.T.);
#1124=ADVANCED_FACE('',(#1002,#1003,#1004,#1005,#1006,#1007,#1008),#38,
 .T.);
#1125=ADVANCED_FACE('',(#1009,#1010,#1011,#1012,#1013,#1014,#1015),#39,
 .T.);
#1126=ADVANCED_FACE('',(#1016,#1017,#1018,#1019,#1020,#1021,#1022),#40,
 .T.);
#1127=ADVANCED_FACE('',(#1023,#1024,#1025,#1026,#1027,#1028,#1029),#41,
 .T.);
#1128=ADVANCED_FACE('',(#1030,#1031,#1032,#1033,#1034,#1035,#1036,#1037,
#1038,#1039,#1040,#1041,#1042),#1108,.T.);
#1129=ADVANCED_FACE('',(#1043,#1044,#1045,#1046,#1047,#1048,#1049,#1050,
#1051,#1052,#1053,#1054,#1055,#1056),#1109,.T.);
#1130=ADVANCED_FACE('',(#1057,#1058,#1059,#1060,#1061,#1062,#1063,#1064,
#1065,#1066,#1067,#1068,#1069),#1110,.T.);
#1131=ADVANCED_FACE('',(#1070,#1071,#1072,#1073,#1074,#1075,#1076,#1077,
#1078,#1079,#1080,#1081,#1082),#1111,.T.);
#1132=ADVANCED_FACE('',(#1083,#1084,#1085,#1086,#1087,#1088,#1089,#1090,
#1091,#1092,#1093,#1094,#1095),#1112,.T.);
#1133=ADVANCED_FACE('',(#1096,#1097),#17,.F.);
#1134=ADVANCED_FACE('',(#1098),#18,.T.);
#1135=ADVANCED_FACE('',(#1099,#1100),#12,.F.);
#1136=ADVANCED_FACE('',(#1101),#19,.F.);
#1137=ADVANCED_FACE('',(#1102),#42,.T.);
#1138=ADVANCED_FACE('',(#1103),#43,.T.);
#1139=ADVANCED_FACE('',(#1104),#44,.T.);
#1140=ADVANCED_FACE('',(#1105,#1106),#45,.T.);
#1141=CLOSED_SHELL('',(#1113,#1114,#1115,#1116,#1117,#1118,#1119,#1120,
#1121,#1122,#1123,#1124,#1125,#1126,#1127,#1128,#1129,#1130,#1131,#1132,
#1133,#1134,#1135,#1136,#1137,#1138,#1139,#1140));
#1142=STYLED_ITEM('',(#1143),#1150);
#1143=PRESENTATION_STYLE_ASSIGNMENT((#1144));
#1144=SURFACE_STYLE_USAGE(.BOTH.,#1145);
#1145=SURFACE_SIDE_STYLE('',(#1146));
#1146=SURFACE_STYLE_FILL_AREA(#1147);
#1147=FILL_AREA_STYLE('',(#1148));
#1148=FILL_AREA_STYLE_COLOUR('',#1149);
#1149=COLOUR_RGB('',0.835294117647059,0.780392156862745,0.647058823529412);
#1150=MANIFOLD_SOLID_BREP('Part 1',#1141);
#1151=SHAPE_DEFINITION_REPRESENTATION(#4557,#1152);
#1152=SHAPE_REPRESENTATION('Part 1',(#1153),#4552);
#1153=AXIS2_PLACEMENT_3D('',#1253,#1186,#1187);
#1154=AXIS2_PLACEMENT_3D('',#1974,#1188,#1189);
#1155=AXIS2_PLACEMENT_3D('',#2093,#1190,#1191);
#1156=AXIS2_PLACEMENT_3D('',#2330,#1192,#1193);
#1157=AXIS2_PLACEMENT_3D('',#2331,#1194,#1195);
#1158=AXIS2_PLACEMENT_3D('',#2343,#1197,#1198);
#1159=AXIS2_PLACEMENT_3D('',#2491,#1199,#1200);
#1160=AXIS2_PLACEMENT_3D('',#2683,#1201,#1202);
#1161=AXIS2_PLACEMENT_3D('',#2684,#1203,#1204);
#1162=AXIS2_PLACEMENT_3D('',#2689,#1205,#1206);
#1163=AXIS2_PLACEMENT_3D('',#2850,#1207,#1208);
#1164=AXIS2_PLACEMENT_3D('',#3020,#1209,#1210);
#1165=AXIS2_PLACEMENT_3D('',#3186,#1211,#1212);
#1166=AXIS2_PLACEMENT_3D('',#3301,#1213,#1214);
#1167=AXIS2_PLACEMENT_3D('',#3484,#1215,#1216);
#1168=AXIS2_PLACEMENT_3D('',#3610,#1217,#1218);
#1169=AXIS2_PLACEMENT_3D('',#3776,#1219,#1220);
#1170=AXIS2_PLACEMENT_3D('',#4533,#1221,#1222);
#1171=AXIS2_PLACEMENT_3D('',#4534,#1223,#1224);
#1172=AXIS2_PLACEMENT_3D('',#4536,#1225,#1226);
#1173=AXIS2_PLACEMENT_3D('',#4537,#1227,#1228);
#1174=AXIS2_PLACEMENT_3D('',#4538,#1229,#1230);
#1175=AXIS2_PLACEMENT_3D('',#4539,#1231,#1232);
#1176=AXIS2_PLACEMENT_3D('',#4540,#1233,#1234);
#1177=AXIS2_PLACEMENT_3D('',#4541,#1235,#1236);
#1178=AXIS2_PLACEMENT_3D('',#4543,#1237,#1238);
#1179=AXIS2_PLACEMENT_3D('',#4544,#1239,#1240);
#1180=AXIS2_PLACEMENT_3D('',#4545,#1241,#1242);
#1181=AXIS2_PLACEMENT_3D('',#4546,#1243,#1244);
#1182=AXIS2_PLACEMENT_3D('',#4547,#1245,#1246);
#1183=AXIS2_PLACEMENT_3D('',#4548,#1247,#1248);
#1184=AXIS2_PLACEMENT_3D('',#4549,#1249,#1250);
#1185=AXIS2_PLACEMENT_3D('',#4550,#1251,#1252);
#1186=DIRECTION('',(0.,0.,1.));
#1187=DIRECTION('',(1.,0.,0.));
#1188=DIRECTION('',(1.,-2.81438197174299E-17,1.24844101278067E-18));
#1189=DIRECTION('',(-3.42144155551339E-17,-0.999999998353202,5.73898518011207E-5));
#1190=DIRECTION('',(0.707106781186548,0.707106781186547,-1.14508246597239E-16));
#1191=DIRECTION('',(0.707106744500971,-0.707106744500972,0.00032212183512245));
#1192=DIRECTION('',(-0.7018408609601,0.7018408609601,0.121814661570642));
#1193=DIRECTION('',(0.560907330785321,0.439092669214679,0.7018408609601));
#1194=DIRECTION('',(-0.7018408609601,0.7018408609601,0.121814661570642));
#1195=DIRECTION('',(0.560907330785321,0.439092669214679,0.7018408609601));
#1196=DIRECTION('',(0.149218111553778,-0.0223593354996325,0.988551473268003));
#1197=DIRECTION('',(1.,-2.81438197174299E-17,1.24844101278067E-18));
#1198=DIRECTION('',(-3.42144155551339E-17,-0.999999998353202,5.73898518011207E-5));
#1199=DIRECTION('',(0.965925826289068,-0.258819045102521,-9.13357369166793E-17));
#1200=DIRECTION('',(-0.258819044267319,-0.965925823172054,8.03364220191232E-5));
#1201=DIRECTION('',(0.258780679255561,0.965782642998938,-0.017217622542523));
#1202=DIRECTION('',(0.931859339878256,-0.254304405635631,-0.258780679255561));
#1203=DIRECTION('',(0.258780679255561,0.965782642998938,-0.017217622542523));
#1204=DIRECTION('',(0.931859339878256,-0.254304405635631,-0.258780679255561));
#1205=DIRECTION('',(0.866025403784439,-0.499999999999999,-7.29716890807774E-17));
#1206=DIRECTION('',(-0.499999996827648,-0.866025398289764,-0.000112647268924808));
#1207=DIRECTION('',(-0.707106781186547,0.707106781186548,6.01980963337864E-17));
#1208=DIRECTION('',(-0.707106769997112,-0.707106769997112,-0.000177900261463036));
#1209=DIRECTION('',(-0.5,0.866025403784439,-1.02125858191758E-16));
#1210=DIRECTION('',(-0.86602538046835,-0.49999998653845,-0.000232047838162421));
#1211=DIRECTION('',(-0.258819045102521,0.965925826289068,-4.34900747999882E-17));
#1212=DIRECTION('',(-0.965925809717649,-0.258819040662223,-0.000185234958722728));
#1213=DIRECTION('',(0.965925826289068,0.258819045102521,1.79390546113559E-17));
#1214=DIRECTION('',(0.258819044100906,-0.96592582255099,8.7976628877752E-5));
#1215=DIRECTION('',(0.866025403784439,0.499999999999999,-5.82926327962993E-17));
#1216=DIRECTION('',(0.49999999475079,-0.866025394692541,0.0001449028570973));
#1217=DIRECTION('',(0.5,0.866025403784439,3.18959563892546E-18));
#1218=DIRECTION('',(0.866025379530391,-0.499999985996919,0.000236669224460515));
#1219=DIRECTION('',(0.258819045102521,0.965925826289068,7.08146038673547E-17));
#1220=DIRECTION('',(0.965925807250069,-0.258819040001036,0.000198547838502858));
#1221=DIRECTION('',(0.,-1.,0.));
#1222=DIRECTION('',(1.,0.,0.));
#1223=DIRECTION('',(0.,-1.,0.));
#1224=DIRECTION('',(0.,0.,-1.));
#1225=DIRECTION('',(0.,-1.,0.));
#1226=DIRECTION('',(0.,0.,-1.));
#1227=DIRECTION('',(0.,-1.,0.));
#1228=DIRECTION('',(1.,0.,0.));
#1229=DIRECTION('',(0.,-1.,0.));
#1230=DIRECTION('',(0.,0.,-1.));
#1231=DIRECTION('',(0.,-1.,0.));
#1232=DIRECTION('',(0.,0.,-1.));
#1233=DIRECTION('',(0.,-1.,0.));
#1234=DIRECTION('',(0.,0.,-1.));
#1235=DIRECTION('',(0.,-1.,0.));
#1236=DIRECTION('',(0.,0.,-1.));
#1237=DIRECTION('',(0.,-1.,0.));
#1238=DIRECTION('',(0.,0.,-1.));
#1239=DIRECTION('',(0.,-1.,0.));
#1240=DIRECTION('',(0.,0.,-1.));
#1241=DIRECTION('',(0.,-1.,0.));
#1242=DIRECTION('',(1.,0.,0.));
#1243=DIRECTION('',(0.,-1.,0.));
#1244=DIRECTION('',(0.,0.,-1.));
#1245=DIRECTION('',(0.,-1.,0.));
#1246=DIRECTION('',(0.,0.,-1.));
#1247=DIRECTION('',(0.,-1.,0.));
#1248=DIRECTION('',(0.,0.,-1.));
#1249=DIRECTION('',(0.,-1.,0.));
#1250=DIRECTION('',(0.,0.,-1.));
#1251=DIRECTION('',(0.,-1.,0.));
#1252=DIRECTION('',(0.,0.,-1.));
#1253=CARTESIAN_POINT('',(0.,0.,0.));
#1254=CARTESIAN_POINT('',(0.0251526888823523,-0.0045265822189873,-0.00783073505764578));
#1255=CARTESIAN_POINT('',(0.0251526888823523,-0.0045265822189873,-0.000940299068438986));
#1256=CARTESIAN_POINT('',(0.024622675174001,-0.0045265822189873,0.00250378469622131));
#1257=CARTESIAN_POINT('',(0.0225734301254208,-0.0045265822189873,0.00888883085155172));
#1258=CARTESIAN_POINT('',(0.021054761682354,-0.0045265822189873,0.0118279733474576));
#1259=CARTESIAN_POINT('',(0.0172320491933111,-0.0045265822189873,0.0167615978991221));
#1260=CARTESIAN_POINT('',(0.0149278250791616,-0.0045265822189873,0.0187546248244463));
#1261=CARTESIAN_POINT('',(0.00985927400656755,-0.0045265822189873,0.0214642087226383));
#1262=CARTESIAN_POINT('',(0.00709586372321167,-0.0045265822189873,0.0221765616963051));
#1263=CARTESIAN_POINT('',(0.00156230327442125,-0.0045265822189873,0.0221765616963051));
#1264=CARTESIAN_POINT('',(-0.00120110700894882,-0.0045265822189873,0.0214642087226291));
#1265=CARTESIAN_POINT('',(-0.00626965808151435,-0.0045265822189873,0.0187546248244554));
#1266=CARTESIAN_POINT('',(-0.00857388219569554,-0.0045265822189873,0.0167615978990885));
#1267=CARTESIAN_POINT('',(-0.0123965946847036,-0.0045265822189873,0.0118279733474911));
#1268=CARTESIAN_POINT('',(-0.0139152631278025,-0.0045265822189873,0.00888883085152493));
#1269=CARTESIAN_POINT('',(-0.0159645081763535,-0.0045265822189873,0.002503784696248));
#1270=CARTESIAN_POINT('',(-0.0164945218847194,-0.0045265822189873,-0.000940299203341628));
#1271=CARTESIAN_POINT('',(-0.0164945218847194,-0.0045265822189873,-0.00783073492274314));
#1272=CARTESIAN_POINT('',(-0.0159645081763614,-0.0045265822189873,-0.0112748188223269));
#1273=CARTESIAN_POINT('',(-0.0139152631277946,-0.0045265822189873,-0.0176598649776157));
#1274=CARTESIAN_POINT('',(-0.0123965946847217,-0.0045265822189873,-0.0205990074735603));
#1275=CARTESIAN_POINT('',(-0.00857388219567742,-0.0045265822189873,-0.0255326320251888));
#1276=CARTESIAN_POINT('',(-0.00626965808150967,-0.0045265822189873,-0.0275256589505402));
#1277=CARTESIAN_POINT('',(-0.00120110700895353,-0.0045265822189873,-0.0302352428487139));
#1278=CARTESIAN_POINT('',(0.00156230327442322,-0.0045265822189873,-0.0309475958223899));
#1279=CARTESIAN_POINT('',(0.00709586372320975,-0.0045265822189873,-0.0309475958223899));
#1280=CARTESIAN_POINT('',(0.00985927400658179,-0.0045265822189873,-0.0302352428487233));
#1281=CARTESIAN_POINT('',(0.0149278250791473,-0.0045265822189873,-0.0275256589505308));
#1282=CARTESIAN_POINT('',(0.0172320491933208,-0.0045265822189873,-0.0255326320251991));
#1283=CARTESIAN_POINT('',(0.0210547616823443,-0.0045265822189873,-0.02059900747355));
#1284=CARTESIAN_POINT('',(0.0225734301254444,-0.0045265822189873,-0.0176598649775763));
#1285=CARTESIAN_POINT('',(0.0246226751739775,-0.0045265822189873,-0.0112748188223662));
#1286=CARTESIAN_POINT('',(0.0251526888823523,-0.0045265822189873,-0.00783073505764578));
#1287=CARTESIAN_POINT('',(0.0251526888823523,-0.0045265822189873,-0.000940299068438986));
#1288=CARTESIAN_POINT('',(0.0251526888823523,-0.00243671704139822,-0.00783073505764578));
#1289=CARTESIAN_POINT('',(0.0251526888823523,-0.00243671704139822,-0.000940299068438985));
#1290=CARTESIAN_POINT('',(0.024622675174001,-0.00243671704139822,0.00250378469622131));
#1291=CARTESIAN_POINT('',(0.0225734301254208,-0.00243671704139822,0.00888883085155171));
#1292=CARTESIAN_POINT('',(0.021054761682354,-0.00243671704139822,0.0118279733474576));
#1293=CARTESIAN_POINT('',(0.017232049193311,-0.00243671704139822,0.016761597899122));
#1294=CARTESIAN_POINT('',(0.0149278250791616,-0.00243671704139822,0.0187546248244463));
#1295=CARTESIAN_POINT('',(0.00985927400656754,-0.00243671704139822,0.0214642087226383));
#1296=CARTESIAN_POINT('',(0.00709586372321167,-0.00243671704139822,0.0221765616963051));
#1297=CARTESIAN_POINT('',(0.00156230327442125,-0.00243671704139822,0.0221765616963051));
#1298=CARTESIAN_POINT('',(-0.00120110700894882,-0.00243671704139822,0.0214642087226291));
#1299=CARTESIAN_POINT('',(-0.00626965808151435,-0.00243671704139822,0.0187546248244554));
#1300=CARTESIAN_POINT('',(-0.00857388219569554,-0.00243671704139822,0.0167615978990885));
#1301=CARTESIAN_POINT('',(-0.0123965946847036,-0.00243671704139822,0.0118279733474911));
#1302=CARTESIAN_POINT('',(-0.0139152631278025,-0.00243671704139822,0.00888883085152493));
#1303=CARTESIAN_POINT('',(-0.0159645081763535,-0.00243671704139822,0.002503784696248));
#1304=CARTESIAN_POINT('',(-0.0164945218847194,-0.00243671704139822,-0.000940299203341628));
#1305=CARTESIAN_POINT('',(-0.0164945218847194,-0.00243671704139822,-0.00783073492274314));
#1306=CARTESIAN_POINT('',(-0.0159645081763614,-0.00243671704139822,-0.0112748188223269));
#1307=CARTESIAN_POINT('',(-0.0139152631277946,-0.00243671704139822,-0.0176598649776156));
#1308=CARTESIAN_POINT('',(-0.0123965946847217,-0.00243671704139822,-0.0205990074735603));
#1309=CARTESIAN_POINT('',(-0.00857388219567742,-0.00243671704139822,-0.0255326320251888));
#1310=CARTESIAN_POINT('',(-0.00626965808150967,-0.00243671704139822,-0.0275256589505402));
#1311=CARTESIAN_POINT('',(-0.00120110700895353,-0.00243671704139822,-0.0302352428487138));
#1312=CARTESIAN_POINT('',(0.00156230327442322,-0.00243671704139822,-0.0309475958223899));
#1313=CARTESIAN_POINT('',(0.00709586372320975,-0.00243671704139822,-0.0309475958223899));
#1314=CARTESIAN_POINT('',(0.00985927400658178,-0.00243671704139822,-0.0302352428487233));
#1315=CARTESIAN_POINT('',(0.0149278250791473,-0.00243671704139822,-0.0275256589505308));
#1316=CARTESIAN_POINT('',(0.0172320491933207,-0.00243671704139822,-0.0255326320251991));
#1317=CARTESIAN_POINT('',(0.0210547616823444,-0.00243671704139822,-0.02059900747355));
#1318=CARTESIAN_POINT('',(0.0225734301254444,-0.00243671704139822,-0.0176598649775763));
#1319=CARTESIAN_POINT('',(0.0246226751739775,-0.00243671704139822,-0.0112748188223662));
#1320=CARTESIAN_POINT('',(0.0251526888823523,-0.00243671704139822,-0.00783073505764578));
#1321=CARTESIAN_POINT('',(0.0251526888823523,-0.00243671704139822,-0.000940299068438985));
#1322=CARTESIAN_POINT('',(0.0230628237047632,-0.00243671704139822,-0.00761877089522118));
#1323=CARTESIAN_POINT('',(0.0230628237047632,-0.00243671704139822,-0.00115226323086358));
#1324=CARTESIAN_POINT('',(0.0225639823023865,-0.00243671704139822,0.00207951063313843));
#1325=CARTESIAN_POINT('',(0.0206523393853863,-0.00243671704139822,0.00803581550089648));
#1326=CARTESIAN_POINT('',(0.0192405183726003,-0.00243671704139822,0.010757353233228));
#1327=CARTESIAN_POINT('',(0.0157422962416158,-0.00243671704139822,0.0152721878286996));
#1328=CARTESIAN_POINT('',(0.0136588538856195,-0.00243671704139822,0.0170632525272096));
#1329=CARTESIAN_POINT('',(0.00915771510329489,-0.00243671704139822,0.0194695049246831));
#1330=CARTESIAN_POINT('',(0.00674280142857337,-0.00243671704139822,0.020086696518716));
#1331=CARTESIAN_POINT('',(0.00191536556905954,-0.00243671704139822,0.020086696518716));
#1332=CARTESIAN_POINT('',(-0.00049954810567485,-0.00243671704139822,0.0194695049246781));
#1333=CARTESIAN_POINT('',(-0.00500068688797354,-0.00243671704139822,0.0170632525272147));
#1334=CARTESIAN_POINT('',(-0.00708412924400016,-0.00243671704139822,0.0152721878286663));
#1335=CARTESIAN_POINT('',(-0.0105823513749501,-0.00243671704139822,0.0107573532332613));
#1336=CARTESIAN_POINT('',(-0.0119941723877738,-0.00243671704139822,0.00803581550086924));
#1337=CARTESIAN_POINT('',(-0.0139058153047331,-0.00243671704139822,0.0020795106331656));
#1338=CARTESIAN_POINT('',(-0.0144046567071303,-0.00243671704139822,-0.00115226335752834));
#1339=CARTESIAN_POINT('',(-0.0144046567071303,-0.00243671704139822,-0.00761877076855644));
#1340=CARTESIAN_POINT('',(-0.0139058153047417,-0.00243671704139822,-0.0108505447592427));
#1341=CARTESIAN_POINT('',(-0.0119941723877653,-0.00243671704139822,-0.0168068496269618));
#1342=CARTESIAN_POINT('',(-0.0105823513749656,-0.00243671704139822,-0.0195283873593357));
#1343=CARTESIAN_POINT('',(-0.00708412924398463,-0.00243671704139822,-0.0240432219547614));
#1344=CARTESIAN_POINT('',(-0.00500068688797356,-0.00243671704139822,-0.0258342866532994));
#1345=CARTESIAN_POINT('',(-0.000499548105674862,-0.00243671704139822,-0.0282405390507628));
#1346=CARTESIAN_POINT('',(0.00191536556906126,-0.00243671704139822,-0.0288577306448008));
#1347=CARTESIAN_POINT('',(0.00674280142857171,-0.00243671704139822,-0.0288577306448008));
#1348=CARTESIAN_POINT('',(0.00915771510330194,-0.00243671704139822,-0.0282405390507628));
#1349=CARTESIAN_POINT('',(0.0136588538856124,-0.00243671704139822,-0.0258342866532994));
#1350=CARTESIAN_POINT('',(0.0157422962416227,-0.00243671704139822,-0.0240432219547718));
#1351=CARTESIAN_POINT('',(0.0192405183725934,-0.00243671704139822,-0.0195283873593253));
#1352=CARTESIAN_POINT('',(0.0206523393854151,-0.00243671704139822,-0.0168068496269309));
#1353=CARTESIAN_POINT('',(0.0225639823023578,-0.00243671704139822,-0.0108505447592735));
#1354=CARTESIAN_POINT('',(0.0230628237047632,-0.00243671704139822,-0.00761877089522118));
#1355=CARTESIAN_POINT('',(0.0230628237047632,-0.00243671704139822,-0.00115226323086358));
#1356=CARTESIAN_POINT('',(0.0230628237047632,-0.0045265822189873,-0.00761877089522119));
#1357=CARTESIAN_POINT('',(0.0230628237047632,-0.0045265822189873,-0.00115226323086358));
#1358=CARTESIAN_POINT('',(0.0225639823023865,-0.0045265822189873,0.00207951063313844));
#1359=CARTESIAN_POINT('',(0.0206523393853864,-0.0045265822189873,0.00803581550089648));
#1360=CARTESIAN_POINT('',(0.0192405183726004,-0.0045265822189873,0.010757353233228));
#1361=CARTESIAN_POINT('',(0.0157422962416158,-0.0045265822189873,0.0152721878286997));
#1362=CARTESIAN_POINT('',(0.0136588538856195,-0.0045265822189873,0.0170632525272096));
#1363=CARTESIAN_POINT('',(0.00915771510329489,-0.0045265822189873,0.0194695049246831));
#1364=CARTESIAN_POINT('',(0.00674280142857338,-0.0045265822189873,0.0200866965187161));
#1365=CARTESIAN_POINT('',(0.00191536556905954,-0.0045265822189873,0.0200866965187161));
#1366=CARTESIAN_POINT('',(-0.000499548105674849,-0.0045265822189873,0.019469504924678));
#1367=CARTESIAN_POINT('',(-0.00500068688797355,-0.0045265822189873,0.0170632525272146));
#1368=CARTESIAN_POINT('',(-0.00708412924400016,-0.0045265822189873,0.0152721878286663));
#1369=CARTESIAN_POINT('',(-0.0105823513749501,-0.0045265822189873,0.0107573532332613));
#1370=CARTESIAN_POINT('',(-0.0119941723877738,-0.0045265822189873,0.00803581550086924));
#1371=CARTESIAN_POINT('',(-0.0139058153047331,-0.0045265822189873,0.0020795106331656));
#1372=CARTESIAN_POINT('',(-0.0144046567071303,-0.0045265822189873,-0.00115226335752834));
#1373=CARTESIAN_POINT('',(-0.0144046567071303,-0.0045265822189873,-0.00761877076855643));
#1374=CARTESIAN_POINT('',(-0.0139058153047417,-0.0045265822189873,-0.0108505447592427));
#1375=CARTESIAN_POINT('',(-0.0119941723877653,-0.0045265822189873,-0.0168068496269618));
#1376=CARTESIAN_POINT('',(-0.0105823513749656,-0.0045265822189873,-0.0195283873593357));
#1377=CARTESIAN_POINT('',(-0.00708412924398463,-0.0045265822189873,-0.0240432219547614));
#1378=CARTESIAN_POINT('',(-0.00500068688797356,-0.0045265822189873,-0.0258342866532995));
#1379=CARTESIAN_POINT('',(-0.000499548105674862,-0.0045265822189873,-0.0282405390507628));
#1380=CARTESIAN_POINT('',(0.00191536556906126,-0.0045265822189873,-0.0288577306448008));
#1381=CARTESIAN_POINT('',(0.00674280142857171,-0.0045265822189873,-0.0288577306448008));
#1382=CARTESIAN_POINT('',(0.00915771510330195,-0.0045265822189873,-0.0282405390507628));
#1383=CARTESIAN_POINT('',(0.0136588538856124,-0.0045265822189873,-0.0258342866532995));
#1384=CARTESIAN_POINT('',(0.0157422962416227,-0.0045265822189873,-0.0240432219547718));
#1385=CARTESIAN_POINT('',(0.0192405183725934,-0.0045265822189873,-0.0195283873593253));
#1386=CARTESIAN_POINT('',(0.0206523393854151,-0.0045265822189873,-0.0168068496269309));
#1387=CARTESIAN_POINT('',(0.0225639823023578,-0.0045265822189873,-0.0108505447592735));
#1388=CARTESIAN_POINT('',(0.0230628237047632,-0.0045265822189873,-0.00761877089522119));
#1389=CARTESIAN_POINT('',(0.0230628237047632,-0.0045265822189873,-0.00115226323086358));
#1390=CARTESIAN_POINT('',(0.0230628237047632,-0.00661644739657638,-0.00761877089522118));
#1391=CARTESIAN_POINT('',(0.0230628237047632,-0.00661644739657638,-0.00115226323086358));
#1392=CARTESIAN_POINT('',(0.0225639823023865,-0.00661644739657638,0.00207951063313843));
#1393=CARTESIAN_POINT('',(0.0206523393853863,-0.00661644739657638,0.00803581550089648));
#1394=CARTESIAN_POINT('',(0.0192405183726003,-0.00661644739657638,0.010757353233228));
#1395=CARTESIAN_POINT('',(0.0157422962416158,-0.00661644739657638,0.0152721878286996));
#1396=CARTESIAN_POINT('',(0.0136588538856195,-0.00661644739657638,0.0170632525272096));
#1397=CARTESIAN_POINT('',(0.00915771510329489,-0.00661644739657638,0.0194695049246831));
#1398=CARTESIAN_POINT('',(0.00674280142857337,-0.00661644739657638,0.020086696518716));
#1399=CARTESIAN_POINT('',(0.00191536556905954,-0.00661644739657638,0.020086696518716));
#1400=CARTESIAN_POINT('',(-0.00049954810567485,-0.00661644739657638,0.0194695049246781));
#1401=CARTESIAN_POINT('',(-0.00500068688797354,-0.00661644739657638,0.0170632525272147));
#1402=CARTESIAN_POINT('',(-0.00708412924400016,-0.00661644739657638,0.0152721878286663));
#1403=CARTESIAN_POINT('',(-0.0105823513749501,-0.00661644739657638,0.0107573532332613));
#1404=CARTESIAN_POINT('',(-0.0119941723877738,-0.00661644739657638,0.00803581550086924));
#1405=CARTESIAN_POINT('',(-0.0139058153047331,-0.00661644739657638,0.0020795106331656));
#1406=CARTESIAN_POINT('',(-0.0144046567071303,-0.00661644739657638,-0.00115226335752834));
#1407=CARTESIAN_POINT('',(-0.0144046567071303,-0.00661644739657638,-0.00761877076855644));
#1408=CARTESIAN_POINT('',(-0.0139058153047417,-0.00661644739657638,-0.0108505447592427));
#1409=CARTESIAN_POINT('',(-0.0119941723877653,-0.00661644739657638,-0.0168068496269618));
#1410=CARTESIAN_POINT('',(-0.0105823513749656,-0.00661644739657638,-0.0195283873593357));
#1411=CARTESIAN_POINT('',(-0.00708412924398463,-0.00661644739657638,-0.0240432219547614));
#1412=CARTESIAN_POINT('',(-0.00500068688797356,-0.00661644739657638,-0.0258342866532994));
#1413=CARTESIAN_POINT('',(-0.000499548105674862,-0.00661644739657638,-0.0282405390507628));
#1414=CARTESIAN_POINT('',(0.00191536556906126,-0.00661644739657638,-0.0288577306448008));
#1415=CARTESIAN_POINT('',(0.00674280142857171,-0.00661644739657638,-0.0288577306448008));
#1416=CARTESIAN_POINT('',(0.00915771510330194,-0.00661644739657638,-0.0282405390507628));
#1417=CARTESIAN_POINT('',(0.0136588538856124,-0.00661644739657638,-0.0258342866532994));
#1418=CARTESIAN_POINT('',(0.0157422962416227,-0.00661644739657638,-0.0240432219547718));
#1419=CARTESIAN_POINT('',(0.0192405183725934,-0.00661644739657638,-0.0195283873593253));
#1420=CARTESIAN_POINT('',(0.0206523393854151,-0.00661644739657638,-0.0168068496269309));
#1421=CARTESIAN_POINT('',(0.0225639823023578,-0.00661644739657638,-0.0108505447592735));
#1422=CARTESIAN_POINT('',(0.0230628237047632,-0.00661644739657638,-0.00761877089522118));
#1423=CARTESIAN_POINT('',(0.0230628237047632,-0.00661644739657638,-0.00115226323086358));
#1424=CARTESIAN_POINT('',(0.0251526888823523,-0.00661644739657638,-0.00783073505764578));
#1425=CARTESIAN_POINT('',(0.0251526888823523,-0.00661644739657638,-0.000940299068438985));
#1426=CARTESIAN_POINT('',(0.024622675174001,-0.00661644739657638,0.00250378469622131));
#1427=CARTESIAN_POINT('',(0.0225734301254208,-0.00661644739657638,0.00888883085155171));
#1428=CARTESIAN_POINT('',(0.021054761682354,-0.00661644739657638,0.0118279733474576));
#1429=CARTESIAN_POINT('',(0.017232049193311,-0.00661644739657638,0.016761597899122));
#1430=CARTESIAN_POINT('',(0.0149278250791616,-0.00661644739657638,0.0187546248244463));
#1431=CARTESIAN_POINT('',(0.00985927400656754,-0.00661644739657638,0.0214642087226383));
#1432=CARTESIAN_POINT('',(0.00709586372321167,-0.00661644739657638,0.0221765616963051));
#1433=CARTESIAN_POINT('',(0.00156230327442125,-0.00661644739657638,0.0221765616963051));
#1434=CARTESIAN_POINT('',(-0.00120110700894882,-0.00661644739657638,0.0214642087226291));
#1435=CARTESIAN_POINT('',(-0.00626965808151435,-0.00661644739657638,0.0187546248244554));
#1436=CARTESIAN_POINT('',(-0.00857388219569554,-0.00661644739657638,0.0167615978990885));
#1437=CARTESIAN_POINT('',(-0.0123965946847036,-0.00661644739657638,0.0118279733474911));
#1438=CARTESIAN_POINT('',(-0.0139152631278025,-0.00661644739657638,0.00888883085152493));
#1439=CARTESIAN_POINT('',(-0.0159645081763535,-0.00661644739657638,0.002503784696248));
#1440=CARTESIAN_POINT('',(-0.0164945218847194,-0.00661644739657638,-0.000940299203341628));
#1441=CARTESIAN_POINT('',(-0.0164945218847194,-0.00661644739657638,-0.00783073492274314));
#1442=CARTESIAN_POINT('',(-0.0159645081763614,-0.00661644739657638,-0.0112748188223269));
#1443=CARTESIAN_POINT('',(-0.0139152631277946,-0.00661644739657638,-0.0176598649776156));
#1444=CARTESIAN_POINT('',(-0.0123965946847217,-0.00661644739657638,-0.0205990074735603));
#1445=CARTESIAN_POINT('',(-0.00857388219567742,-0.00661644739657638,-0.0255326320251888));
#1446=CARTESIAN_POINT('',(-0.00626965808150967,-0.00661644739657638,-0.0275256589505402));
#1447=CARTESIAN_POINT('',(-0.00120110700895353,-0.00661644739657638,-0.0302352428487138));
#1448=CARTESIAN_POINT('',(0.00156230327442322,-0.00661644739657638,-0.0309475958223899));
#1449=CARTESIAN_POINT('',(0.00709586372320975,-0.00661644739657638,-0.0309475958223899));
#1450=CARTESIAN_POINT('',(0.00985927400658178,-0.00661644739657638,-0.0302352428487233));
#1451=CARTESIAN_POINT('',(0.0149278250791473,-0.00661644739657638,-0.0275256589505308));
#1452=CARTESIAN_POINT('',(0.0172320491933207,-0.00661644739657638,-0.0255326320251991));
#1453=CARTESIAN_POINT('',(0.0210547616823444,-0.00661644739657638,-0.02059900747355));
#1454=CARTESIAN_POINT('',(0.0225734301254444,-0.00661644739657638,-0.0176598649775763));
#1455=CARTESIAN_POINT('',(0.0246226751739775,-0.00661644739657638,-0.0112748188223662));
#1456=CARTESIAN_POINT('',(0.0251526888823523,-0.00661644739657638,-0.00783073505764578));
#1457=CARTESIAN_POINT('',(0.0251526888823523,-0.00661644739657638,-0.000940299068438985));
#1458=CARTESIAN_POINT('',(0.0251526888823523,-0.0045265822189873,-0.00783073505764578));
#1459=CARTESIAN_POINT('',(0.0251526888823523,-0.0045265822189873,-0.000940299068438986));
#1460=CARTESIAN_POINT('',(0.024622675174001,-0.0045265822189873,0.00250378469622131));
#1461=CARTESIAN_POINT('',(0.0225734301254208,-0.0045265822189873,0.00888883085155172));
#1462=CARTESIAN_POINT('',(0.021054761682354,-0.0045265822189873,0.0118279733474576));
#1463=CARTESIAN_POINT('',(0.0172320491933111,-0.0045265822189873,0.0167615978991221));
#1464=CARTESIAN_POINT('',(0.0149278250791616,-0.0045265822189873,0.0187546248244463));
#1465=CARTESIAN_POINT('',(0.00985927400656755,-0.0045265822189873,0.0214642087226383));
#1466=CARTESIAN_POINT('',(0.00709586372321167,-0.0045265822189873,0.0221765616963051));
#1467=CARTESIAN_POINT('',(0.00156230327442125,-0.0045265822189873,0.0221765616963051));
#1468=CARTESIAN_POINT('',(-0.00120110700894882,-0.0045265822189873,0.0214642087226291));
#1469=CARTESIAN_POINT('',(-0.00626965808151435,-0.0045265822189873,0.0187546248244554));
#1470=CARTESIAN_POINT('',(-0.00857388219569554,-0.0045265822189873,0.0167615978990885));
#1471=CARTESIAN_POINT('',(-0.0123965946847036,-0.0045265822189873,0.0118279733474911));
#1472=CARTESIAN_POINT('',(-0.0139152631278025,-0.0045265822189873,0.00888883085152493));
#1473=CARTESIAN_POINT('',(-0.0159645081763535,-0.0045265822189873,0.002503784696248));
#1474=CARTESIAN_POINT('',(-0.0164945218847194,-0.0045265822189873,-0.000940299203341628));
#1475=CARTESIAN_POINT('',(-0.0164945218847194,-0.0045265822189873,-0.00783073492274314));
#1476=CARTESIAN_POINT('',(-0.0159645081763614,-0.0045265822189873,-0.0112748188223269));
#1477=CARTESIAN_POINT('',(-0.0139152631277946,-0.0045265822189873,-0.0176598649776157));
#1478=CARTESIAN_POINT('',(-0.0123965946847217,-0.0045265822189873,-0.0205990074735603));
#1479=CARTESIAN_POINT('',(-0.00857388219567742,-0.0045265822189873,-0.0255326320251888));
#1480=CARTESIAN_POINT('',(-0.00626965808150967,-0.0045265822189873,-0.0275256589505402));
#1481=CARTESIAN_POINT('',(-0.00120110700895353,-0.0045265822189873,-0.0302352428487139));
#1482=CARTESIAN_POINT('',(0.00156230327442322,-0.0045265822189873,-0.0309475958223899));
#1483=CARTESIAN_POINT('',(0.00709586372320975,-0.0045265822189873,-0.0309475958223899));
#1484=CARTESIAN_POINT('',(0.00985927400658179,-0.0045265822189873,-0.0302352428487233));
#1485=CARTESIAN_POINT('',(0.0149278250791473,-0.0045265822189873,-0.0275256589505308));
#1486=CARTESIAN_POINT('',(0.0172320491933208,-0.0045265822189873,-0.0255326320251991));
#1487=CARTESIAN_POINT('',(0.0210547616823443,-0.0045265822189873,-0.02059900747355));
#1488=CARTESIAN_POINT('',(0.0225734301254444,-0.0045265822189873,-0.0176598649775763));
#1489=CARTESIAN_POINT('',(0.0246226751739775,-0.0045265822189873,-0.0112748188223662));
#1490=CARTESIAN_POINT('',(0.0251526888823523,-0.0045265822189873,-0.00783073505764578));
#1491=CARTESIAN_POINT('',(0.0251526888823523,-0.0045265822189873,-0.000940299068438986));
#1492=CARTESIAN_POINT('',(-0.0148064261061685,-0.00548556439857603,-0.01276864311941));
#1493=CARTESIAN_POINT('',(-0.0143306277930371,-0.00561131165145131,-0.0129671354373674));
#1494=CARTESIAN_POINT('',(-0.0138649982813148,-0.00549756367063438,-0.0127599175093749));
#1495=CARTESIAN_POINT('',(-0.0137175885248343,-0.00529849764639906,-0.0124062122368378));
#1496=CARTESIAN_POINT('',(-0.0137723290504623,-0.00527021246489084,-0.0120804382363763));
#1497=CARTESIAN_POINT('',(-0.0139444516304918,-0.00536922514708104,-0.0118172394336825));
#1498=CARTESIAN_POINT('',(-0.0142911981359009,-0.00555957744059241,-0.0116499664505941));
#1499=CARTESIAN_POINT('',(-0.0147858530159264,-0.00558913432234923,-0.0118229070140365));
#1500=CARTESIAN_POINT('',(-0.0149957863082248,-0.00544325682487159,-0.0122873027728711));
#1501=CARTESIAN_POINT('',(-0.0148064261061685,-0.00548556439857603,-0.01276864311941));
#1502=CARTESIAN_POINT('',(-0.0143306277930371,-0.00561131165145131,-0.0129671354373674));
#1503=CARTESIAN_POINT('',(-0.0138649982813148,-0.00549756367063438,-0.0127599175093749));
#1504=CARTESIAN_POINT('',(-0.014332322593272,-0.00557139577916927,-0.0128995170630424));
#1505=CARTESIAN_POINT('',(0.0225221026632087,-0.00549725927736877,-0.01275914394786));
#1506=CARTESIAN_POINT('',(0.022989384729329,-0.00561128737803483,-0.0129672034374878));
#1507=CARTESIAN_POINT('',(0.0234632959648973,-0.00548596588565326,-0.0127691446804432));
#1508=CARTESIAN_POINT('',(0.0236539961313163,-0.00544294046542658,-0.0122898251262025));
#1509=CARTESIAN_POINT('',(0.0234454887258359,-0.00558845630753244,-0.0118247238984453));
#1510=CARTESIAN_POINT('',(0.022953180882405,-0.00556085664139404,-0.0116492504123966));
#1511=CARTESIAN_POINT('',(0.0226031429186741,-0.0053697634888273,-0.0118173349013575));
#1512=CARTESIAN_POINT('',(0.0224319098623278,-0.00527075431244039,-0.0120771277320074));
#1513=CARTESIAN_POINT('',(0.0223750265942049,-0.00529744436505633,-0.0124049076820729));
#1514=CARTESIAN_POINT('',(0.0225221026632087,-0.00549725927736877,-0.01275914394786));
#1515=CARTESIAN_POINT('',(0.022989384729329,-0.00561128737803483,-0.0129672034374878));
#1516=CARTESIAN_POINT('',(0.0234632959648973,-0.00548596588565326,-0.0127691446804432));
#1517=CARTESIAN_POINT('',(0.0229904895909037,-0.00557139577919356,-0.0128995170630424));
#1518=CARTESIAN_POINT('',(-0.0114496847458752,-0.00545656662362303,-0.0206864514619661));
#1519=CARTESIAN_POINT('',(-0.0109745751699882,-0.00558838100745566,-0.0208890657659107));
#1520=CARTESIAN_POINT('',(-0.0104932820460338,-0.00555860899797575,-0.0206743878526454));
#1521=CARTESIAN_POINT('',(-0.0103610295028929,-0.00536011513374543,-0.0203130672498039));
#1522=CARTESIAN_POINT('',(-0.0104107045892069,-0.00524002163180394,-0.0200119952516577));
#1523=CARTESIAN_POINT('',(-0.0105919535038779,-0.0052464939949377,-0.0197293233451125));
#1524=CARTESIAN_POINT('',(-0.0109381081235166,-0.00546069260794049,-0.0195756486995137));
#1525=CARTESIAN_POINT('',(-0.0114119953699721,-0.00561126886177567,-0.0197308507295842));
#1526=CARTESIAN_POINT('',(-0.0116379887118929,-0.00551262151135869,-0.020203943882005));
#1527=CARTESIAN_POINT('',(-0.0114496847458752,-0.00545656662362303,-0.0206864514619661));
#1528=CARTESIAN_POINT('',(-0.0109745751699882,-0.00558838100745566,-0.0208890657659107));
#1529=CARTESIAN_POINT('',(-0.0104932820460338,-0.00555860899797575,-0.0206743878526454));
#1530=CARTESIAN_POINT('',(-0.0109735445786436,-0.00556144994190357,-0.0208195170630424));
#1531=CARTESIAN_POINT('',(0.019150686373968,-0.00555818969706645,-0.0206734716183665));
#1532=CARTESIAN_POINT('',(0.0196333304914397,-0.00558841464269981,-0.0208889849209674));
#1533=CARTESIAN_POINT('',(0.0201062611179285,-0.00545685138355141,-0.0206876910760182));
#1534=CARTESIAN_POINT('',(0.0202961522761116,-0.00551220283027691,-0.0202049617433552));
#1535=CARTESIAN_POINT('',(0.0200720404262914,-0.00561138258595012,-0.0197326447170154));
#1536=CARTESIAN_POINT('',(0.0195971480832739,-0.00546129380895373,-0.0195750312536211));
#1537=CARTESIAN_POINT('',(0.0192498460611636,-0.00524634907986834,-0.0197295820286266));
#1538=CARTESIAN_POINT('',(0.0190687645233112,-0.00524002869225443,-0.0200120990159598));
#1539=CARTESIAN_POINT('',(0.0190193484541473,-0.00536063113218982,-0.020314170220693));
#1540=CARTESIAN_POINT('',(0.019150686373968,-0.00555818969706645,-0.0206734716183665));
#1541=CARTESIAN_POINT('',(0.0196333304914397,-0.00558841464269981,-0.0208889849209674));
#1542=CARTESIAN_POINT('',(0.0201062611179285,-0.00545685138355141,-0.0206876910760182));
#1543=CARTESIAN_POINT('',(0.0196317115762759,-0.00556144994190285,-0.0208195170630424));
#1544=CARTESIAN_POINT('',(-0.0113802115348673,-0.00561008061963868,0.0109822500710913));
#1545=CARTESIAN_POINT('',(-0.0109097571172406,-0.00544978329294327,0.010804933243782));
#1546=CARTESIAN_POINT('',(-0.0105685731229417,-0.00521304248406112,0.0109349176869022));
#1547=CARTESIAN_POINT('',(-0.0103684912885657,-0.00517647510446075,0.0112057406622077));
#1548=CARTESIAN_POINT('',(-0.0103015997657112,-0.00530160451844231,0.0115083346566221));
#1549=CARTESIAN_POINT('',(-0.0104047046842293,-0.00552124015619199,0.0118621563598457));
#1550=CARTESIAN_POINT('',(-0.0108638031263165,-0.00560318292689898,0.0121177632057219));
#1551=CARTESIAN_POINT('',(-0.0113598739530874,-0.0054858339006321,0.0119474534958665));
#1552=CARTESIAN_POINT('',(-0.0115809871986744,-0.00552030871559285,0.0114722393457672));
#1553=CARTESIAN_POINT('',(-0.0113802115348673,-0.00561008061963868,0.0109822500710913));
#1554=CARTESIAN_POINT('',(-0.0109097571172406,-0.00544978329294327,0.010804933243782));
#1555=CARTESIAN_POINT('',(-0.0105685731229417,-0.00521304248406112,0.0109349176869022));
#1556=CARTESIAN_POINT('',(-0.0109199293879852,-0.00542915135228279,0.0108604829369576));
#1557=CARTESIAN_POINT('',(0.0192264555548362,-0.00521274750919594,0.0109347830314671));
#1558=CARTESIAN_POINT('',(0.0195684846631018,-0.00544996268562687,0.0108053507796005));
#1559=CARTESIAN_POINT('',(0.0200365899281189,-0.00560975289728486,0.0109808250215033));
#1560=CARTESIAN_POINT('',(0.0202393001063322,-0.00552075092333517,0.011471072705741));
#1561=CARTESIAN_POINT('',(0.0200193982380122,-0.00548553538190502,0.0119457309990463));
#1562=CARTESIAN_POINT('',(0.0195251791919183,-0.0056027804770543,0.012117954751432));
#1563=CARTESIAN_POINT('',(0.0190640913078068,-0.00552239603524199,0.0118642468539221));
#1564=CARTESIAN_POINT('',(0.0189597996949503,-0.0053023976146094,0.0115096065172287));
#1565=CARTESIAN_POINT('',(0.0190261639212195,-0.00517659383681543,0.0112067281354552));
#1566=CARTESIAN_POINT('',(0.0192264555548362,-0.00521274750919594,0.0109347830314671));
#1567=CARTESIAN_POINT('',(0.0195684846631018,-0.00544996268562687,0.0108053507796005));
#1568=CARTESIAN_POINT('',(0.0200365899281189,-0.00560975289728486,0.0109808250215033));
#1569=CARTESIAN_POINT('',(0.0195780963856182,-0.00542915135228368,0.0108604829369576));
#1570=CARTESIAN_POINT('',(0.0236044992274255,-0.00547108986218295,-0.00392026299887569));
#1571=CARTESIAN_POINT('',(0.023418400768076,-0.00530786962236558,-0.00438602792461057));
#1572=CARTESIAN_POINT('',(0.0236036167255462,-0.00547030386567512,-0.00484872768093634));
#1573=CARTESIAN_POINT('',(0.024064247605793,-0.0056129616937353,-0.00504450211584674));
#1574=CARTESIAN_POINT('',(0.0245360013240695,-0.00550316866232661,-0.00485035874525064));
#1575=CARTESIAN_POINT('',(0.024732775457355,-0.00536216001516331,-0.0043878709716357));
#1576=CARTESIAN_POINT('',(0.0245370337881538,-0.0055024323867665,-0.00392119005522275));
#1577=CARTESIAN_POINT('',(0.0240673535284094,-0.00561306949843603,-0.00372691406970676));
#1578=CARTESIAN_POINT('',(0.0236044992274255,-0.00547108986218295,-0.00392026299887569));
#1579=CARTESIAN_POINT('',(0.023418400768076,-0.00530786962236558,-0.00438602792461057));
#1580=CARTESIAN_POINT('',(0.0236036167255462,-0.00547030386567512,-0.00484872768093634));
#1581=CARTESIAN_POINT('',(0.0234802865042126,-0.0053621453695534,-0.00438551706304238));
#1582=CARTESIAN_POINT('',(-0.015879403701313,-0.00550246206549171,-0.00484969148708421));
#1583=CARTESIAN_POINT('',(-0.015407199127834,-0.00561302524726676,-0.0050443756679125));
#1584=CARTESIAN_POINT('',(-0.0149467080277961,-0.00547100526769559,-0.00484990821952011));
#1585=CARTESIAN_POINT('',(-0.0147602902081906,-0.0053080428645277,-0.00438775609785466));
#1586=CARTESIAN_POINT('',(-0.0149448775764082,-0.00546971778712046,-0.00392274362775792));
#1587=CARTESIAN_POINT('',(-0.0154035872154125,-0.00561281093814944,-0.00372688776834568));
#1588=CARTESIAN_POINT('',(-0.0158766670199501,-0.00550394049185569,-0.00391885846623128));
#1589=CARTESIAN_POINT('',(-0.0160747614296288,-0.00536196255766396,-0.00438319771849115));
#1590=CARTESIAN_POINT('',(-0.015879403701313,-0.00550246206549171,-0.00484969148708421));
#1591=CARTESIAN_POINT('',(-0.015407199127834,-0.00561302524726676,-0.0050443756679125));
#1592=CARTESIAN_POINT('',(-0.0149467080277961,-0.00547100526769559,-0.00484990821952011));
#1593=CARTESIAN_POINT('',(-0.0154091513734076,-0.00557092805370907,-0.00497951706304378));
#1594=CARTESIAN_POINT('',(-0.0149323349735104,-0.00555037062611636,0.00307663568788593));
#1595=CARTESIAN_POINT('',(-0.014454398967351,-0.00559883047793278,0.0028755277505528));
#1596=CARTESIAN_POINT('',(-0.0140018348112822,-0.00541537710410075,0.00306415093164857));
#1597=CARTESIAN_POINT('',(-0.0138066088068162,-0.00534905038168954,0.00353894446329704));
#1598=CARTESIAN_POINT('',(-0.0139868172529317,-0.00554647068420472,0.0039939860459562));
#1599=CARTESIAN_POINT('',(-0.0144643150439181,-0.00559998096531542,0.00419284761170828));
#1600=CARTESIAN_POINT('',(-0.0149215817445982,-0.00542629724880362,0.00400549265271853));
#1601=CARTESIAN_POINT('',(-0.0151224914469071,-0.00536171603288061,0.00353209121092267));
#1602=CARTESIAN_POINT('',(-0.0149323349735104,-0.00555037062611636,0.00307663568788593));
#1603=CARTESIAN_POINT('',(-0.014454398967351,-0.00559883047793278,0.0028755277505528));
#1604=CARTESIAN_POINT('',(-0.0140018348112822,-0.00541537710410075,0.00306415093164857));
#1605=CARTESIAN_POINT('',(-0.0144586276090327,-0.00556017827365804,0.00294048293695762));
#1606=CARTESIAN_POINT('',(0.0226578525303119,-0.00541430438269411,0.00306509143079638));
#1607=CARTESIAN_POINT('',(0.0231134279909007,-0.00559907132214864,0.00287532630096125));
#1608=CARTESIAN_POINT('',(0.0235892031461945,-0.00555047996685466,0.0030765009871043));
#1609=CARTESIAN_POINT('',(0.0237804939359317,-0.00536266930080258,0.00352829489495126));
#1610=CARTESIAN_POINT('',(0.023581611016994,-0.00542510363932869,0.00400364376444684));
#1611=CARTESIAN_POINT('',(0.0231268183391295,-0.00559925379154762,0.00419267578451453));
#1612=CARTESIAN_POINT('',(0.0226472313505013,-0.00554774810881143,0.00399637288174022));
#1613=CARTESIAN_POINT('',(0.0224647530651195,-0.00534984836560912,0.00354315504082402));
#1614=CARTESIAN_POINT('',(0.0226578525303119,-0.00541430438269411,0.00306509143079638));
#1615=CARTESIAN_POINT('',(0.0231134279909007,-0.00559907132214864,0.00287532630096125));
#1616=CARTESIAN_POINT('',(0.0235892031461945,-0.00555047996685466,0.0030765009871043));
#1617=CARTESIAN_POINT('',(0.0231167946066849,-0.0055601782730239,0.00294048293695759));
#1618=CARTESIAN_POINT('',(0.00694047843239375,-0.00555681117853838,-0.0298551676849717));
#1619=CARTESIAN_POINT('',(0.00725537435722966,-0.00555500964755302,-0.0298122846474387));
#1620=CARTESIAN_POINT('',(0.0078732286095236,-0.00556248861316217,-0.0296472359618862));
#1621=CARTESIAN_POINT('',(0.00861601193883507,-0.00557244358715909,-0.0293507926687699));
#1622=CARTESIAN_POINT('',(0.00917900327988463,-0.00557108583932153,-0.0290640324903206));
#1623=CARTESIAN_POINT('',(0.00951090118324266,-0.00556363337933569,-0.0288647953736518));
#1624=CARTESIAN_POINT('',(0.00976202223286944,-0.00554849112152187,-0.0286845240335598));
#1625=CARTESIAN_POINT('',(0.00991232225165301,-0.00553263432148348,-0.0285577853376551));
#1626=CARTESIAN_POINT('',(0.0100143587298329,-0.00550888978863251,-0.0284410336454872));
#1627=CARTESIAN_POINT('',(0.0100823243394015,-0.00548061329830071,-0.0283342135943357));
#1628=CARTESIAN_POINT('',(0.0100296267198552,-0.00541814784375831,-0.0282289707844586));
#1629=CARTESIAN_POINT('',(0.00987398963325598,-0.00536099551737839,-0.0282030445248551));
#1630=CARTESIAN_POINT('',(0.00968563826442244,-0.00530894597295427,-0.0282080031121277));
#1631=CARTESIAN_POINT('',(0.00937859979210651,-0.00524048654966111,-0.0282468719608008));
#1632=CARTESIAN_POINT('',(0.0089954450923995,-0.00517149932951492,-0.0283182262141695));
#1633=CARTESIAN_POINT('',(0.00853721595207384,-0.00510636322940698,-0.0284140910598499));
#1634=CARTESIAN_POINT('',(0.00792465029461283,-0.00504466307590747,-0.0285462216812001));
#1635=CARTESIAN_POINT('',(0.00715961401124321,-0.00501634471063773,-0.0287150356389591));
#1636=CARTESIAN_POINT('',(0.00653086820443831,-0.00513239814054177,-0.0288679042420168));
#1637=CARTESIAN_POINT('',(0.00628211992678426,-0.00525457152430376,-0.0290212022030455));
#1638=CARTESIAN_POINT('',(0.00694047843239375,-0.00555681117853839,-0.0298551676849717));
#1639=CARTESIAN_POINT('',(0.00628211992678427,-0.00525457152430377,-0.0290212022030455));
#1640=CARTESIAN_POINT('',(0.00556045033021714,-0.00549990132008155,-0.0302340559422977));
#1641=CARTESIAN_POINT('',(0.00580041619580249,-0.00548112344715574,-0.0302632763545948));
#1642=CARTESIAN_POINT('',(0.0062862042386707,-0.00550053474799407,-0.0301678409833542));
#1643=CARTESIAN_POINT('',(0.00673480394261537,-0.00554181385727514,-0.0299799032571406));
#1644=CARTESIAN_POINT('',(0.00694047843239376,-0.00555681117853838,-0.0298551676849717));
#1645=CARTESIAN_POINT('',(0.00556045033021714,-0.00549990132008155,-0.0302340559422977));
#1646=CARTESIAN_POINT('',(0.00485971620393547,-0.00529611097798352,-0.0306006699578667));
#1647=CARTESIAN_POINT('',(0.00513905444216056,-0.00530623408087433,-0.0305802860090921));
#1648=CARTESIAN_POINT('',(0.00539502285304459,-0.00542191639581365,-0.0304474040244876));
#1649=CARTESIAN_POINT('',(0.00556045033021716,-0.00549990132008155,-0.0302340559422977));
#1650=CARTESIAN_POINT('',(0.00485971620393547,-0.00529611097798351,-0.0306006699578667));
#1651=CARTESIAN_POINT('',(0.00434447921518928,-0.00530817201910882,-0.030596198444587));
#1652=CARTESIAN_POINT('',(0.00449259960952987,-0.00523905785162265,-0.0306739424598745));
#1653=CARTESIAN_POINT('',(0.00469966654848102,-0.0052414867015996,-0.0306655270036205));
#1654=CARTESIAN_POINT('',(0.00485971620393287,-0.0052961109779828,-0.0306006699578678));
#1655=CARTESIAN_POINT('',(0.00434447921518926,-0.00530817201910882,-0.030596198444587));
#1656=CARTESIAN_POINT('',(0.00417517071671476,-0.00532471928330333,-0.0305763467119478));
#1657=CARTESIAN_POINT('',(0.00422934280018968,-0.00531302324116758,-0.0305907168785137));
#1658=CARTESIAN_POINT('',(0.00428742894193264,-0.00530692493098783,-0.0305976594769723));
#1659=CARTESIAN_POINT('',(0.00434447921518927,-0.00530817201910883,-0.030596198444587));
#1660=CARTESIAN_POINT('',(0.00417517071671476,-0.00532471928330331,-0.0305763467119478));
#1661=CARTESIAN_POINT('',(0.00364341354252228,-0.00530536742249188,-0.0305844989860545));
#1662=CARTESIAN_POINT('',(0.00381363668142618,-0.00526159141149192,-0.0306408463198482));
#1663=CARTESIAN_POINT('',(0.00402525428814454,-0.00525325390237327,-0.0306594619915766));
#1664=CARTESIAN_POINT('',(0.0041751707167147,-0.00532471928330342,-0.0305763467119478));
#1665=CARTESIAN_POINT('',(0.00364341354252228,-0.00530536742249188,-0.0305844989860545));
#1666=CARTESIAN_POINT('',(0.00315455916586324,-0.00537464907209171,-0.0304693568446227));
#1667=CARTESIAN_POINT('',(0.00330845320938995,-0.00533895133980096,-0.0305305392196414));
#1668=CARTESIAN_POINT('',(0.00347427978702914,-0.00530542663598334,-0.0305771103433314));
#1669=CARTESIAN_POINT('',(0.00364341354252229,-0.00530536742249199,-0.0305844989860544));
#1670=CARTESIAN_POINT('',(0.00315455916586324,-0.00537464907209172,-0.0304693568446226));
#1671=CARTESIAN_POINT('',(0.0014939211301673,-0.00557038264817812,-0.029687236061635));
#1672=CARTESIAN_POINT('',(0.00168515848468142,-0.00556057749891419,-0.0299369379563259));
#1673=CARTESIAN_POINT('',(0.00225479856225272,-0.0054733673312801,-0.0302322728458584));
#1674=CARTESIAN_POINT('',(0.00284524413834684,-0.0053846680655803,-0.0304323686101413));
#1675=CARTESIAN_POINT('',(0.00315455916586324,-0.00537464907209171,-0.0304693568446227));
#1676=CARTESIAN_POINT('',(0.0014939211301673,-0.00557038264817812,-0.029687236061635));
#1677=CARTESIAN_POINT('',(0.00303236922063359,-0.00537195412296639,-0.0292308674576062));
#1678=CARTESIAN_POINT('',(0.00299347431712002,-0.00528658827542061,-0.0291094733901578));
#1679=CARTESIAN_POINT('',(0.00278086618437088,-0.00510929181047402,-0.0289439503179943));
#1680=CARTESIAN_POINT('',(0.00220026850017319,-0.00493962983762166,-0.0287874144480624));
#1681=CARTESIAN_POINT('',(0.0014478207017603,-0.00493122163025922,-0.028657919331376));
#1682=CARTESIAN_POINT('',(0.000699019049746459,-0.00500824515283661,-0.0285155694630077));
#1683=CARTESIAN_POINT('',(0.000105798857007713,-0.00510258010004723,-0.0284058720690333));
#1684=CARTESIAN_POINT('',(-0.000265159218638828,-0.00517506203988615,-0.0283433907051474));
#1685=CARTESIAN_POINT('',(-0.00056032290889508,-0.00524485848974571,-0.0283079700913016));
#1686=CARTESIAN_POINT('',(-0.000746317680301109,-0.00529648173206032,-0.0282971060473306));
#1687=CARTESIAN_POINT('',(-0.000887734459191031,-0.00534742530627422,-0.0283099062933728));
#1688=CARTESIAN_POINT('',(-0.000997328461247564,-0.00539828069423199,-0.0283411410052808));
#1689=CARTESIAN_POINT('',(-0.00101311209228608,-0.00546103506454105,-0.0284510732786276));
#1690=CARTESIAN_POINT('',(-0.000919888828118459,-0.0054976065899748,-0.0285742232457468));
#1691=CARTESIAN_POINT('',(-0.000781335472199914,-0.0055230907710381,-0.028699242360988));
#1692=CARTESIAN_POINT('',(-0.000535173119127558,-0.00554668674054682,-0.0288742652474449));
#1693=CARTESIAN_POINT('',(-0.000206914123059522,-0.00556150364567737,-0.0290642893522051));
#1694=CARTESIAN_POINT('',(0.000201360783935473,-0.00556935044130146,-0.0292611784073574));
#1695=CARTESIAN_POINT('',(0.000763267081671732,-0.00557257347175789,-0.0294892028494172));
#1696=CARTESIAN_POINT('',(0.00119869110834563,-0.00557083702625863,-0.0296222047900577));
#1697=CARTESIAN_POINT('',(0.0014939211301673,-0.00557038264817812,-0.029687236061635));
#1698=CARTESIAN_POINT('',(0.00303236922063368,-0.00537195412296633,-0.0292308674576062));
#1699=CARTESIAN_POINT('',(0.00329398000684347,-0.00542428976862681,-0.0293313437962714));
#1700=CARTESIAN_POINT('',(0.00321161686985053,-0.00540242911787189,-0.0292887522963793));
#1701=CARTESIAN_POINT('',(0.00312397567907361,-0.00538460522027265,-0.0292564819647221));
#1702=CARTESIAN_POINT('',(0.00303236922063368,-0.00537195412296638,-0.0292308674576062));
#1703=CARTESIAN_POINT('',(0.00329398000684347,-0.00542428976862681,-0.0293313437962715));
#1704=CARTESIAN_POINT('',(0.00364481664790193,-0.00544473332048295,-0.0293878496308208));
#1705=CARTESIAN_POINT('',(0.00353319789196977,-0.00542693372861762,-0.0293498625613656));
#1706=CARTESIAN_POINT('',(0.00341259140579588,-0.00542048121167484,-0.0293333016558367));
#1707=CARTESIAN_POINT('',(0.00329398000684347,-0.00542428976862681,-0.0293313437962714));
#1708=CARTESIAN_POINT('',(0.00364481664790194,-0.00544473332048296,-0.0293878496308209));
#1709=CARTESIAN_POINT('',(0.00446514334307068,-0.00536829191057289,-0.0292828274567131));
#1710=CARTESIAN_POINT('',(0.00435057881370223,-0.00530683111127793,-0.0292003474225561));
#1711=CARTESIAN_POINT('',(0.00401711664345782,-0.00525114764980327,-0.0291478167091726));
#1712=CARTESIAN_POINT('',(0.00374908781727432,-0.00538893037365472,-0.029289896264067));
#1713=CARTESIAN_POINT('',(0.00364481664790193,-0.00544473332048295,-0.0293878496308209));
#1714=CARTESIAN_POINT('',(0.00446514334307067,-0.00536829191057289,-0.0292828274567131));
#1715=CARTESIAN_POINT('',(0.00556162921966766,-0.00527780586900775,-0.0291239082414265));
#1716=CARTESIAN_POINT('',(0.00537100281592205,-0.00521373170356683,-0.0290736210669934));
#1717=CARTESIAN_POINT('',(0.00507227801384151,-0.0051275287059754,-0.0290333828007243));
#1718=CARTESIAN_POINT('',(0.00464787464939299,-0.0051893748541439,-0.0290873699712961));
#1719=CARTESIAN_POINT('',(0.00450713495810753,-0.00531208544598403,-0.0292060278465244));
#1720=CARTESIAN_POINT('',(0.00446514334307068,-0.0053682919105729,-0.0292828274567131));
#1721=CARTESIAN_POINT('',(0.00556162921966766,-0.00527780586900775,-0.0291239082414265));
#1722=CARTESIAN_POINT('',(0.00628211992678427,-0.00525457152430378,-0.0290212022030455));
#1723=CARTESIAN_POINT('',(0.00604084084828799,-0.00522958251906401,-0.0290293207683388));
#1724=CARTESIAN_POINT('',(0.00579088251819322,-0.0052263915331611,-0.0290510508886678));
#1725=CARTESIAN_POINT('',(0.00556162921966765,-0.0052778058690077,-0.0291239082414265));
#1726=CARTESIAN_POINT('',(0.00518940053973046,-0.00458626669315674,0.0200623078559097));
#1727=CARTESIAN_POINT('',(0.00544415096363666,-0.00447491276741992,0.0200404786417003));
#1728=CARTESIAN_POINT('',(0.00601630425046024,-0.00450371602110656,0.0199969975230499));
#1729=CARTESIAN_POINT('',(0.00681637056396203,-0.00460462965571144,0.0198752522712116));
#1730=CARTESIAN_POINT('',(0.00748515572189172,-0.00473789493999717,0.0197579398547669));
#1731=CARTESIAN_POINT('',(0.00801412683449651,-0.0048617424891909,0.0196627876174166));
#1732=CARTESIAN_POINT('',(0.00840771219056235,-0.00496721034281289,0.0195971178217159));
#1733=CARTESIAN_POINT('',(0.00873653638181404,-0.00507177909683242,0.0195547396957907));
#1734=CARTESIAN_POINT('',(0.00895514974139399,-0.00516702232295465,0.0195543705780328));
#1735=CARTESIAN_POINT('',(0.00907521007663646,-0.00524691113654,0.0195860738730856));
#1736=CARTESIAN_POINT('',(0.00908729690199547,-0.00534879144410145,0.0196966170520877));
#1737=CARTESIAN_POINT('',(0.00894345576584654,-0.00539255634267678,0.0198133184025722));
#1738=CARTESIAN_POINT('',(0.00878231992572007,-0.00542965691153796,0.0199247251965856));
#1739=CARTESIAN_POINT('',(0.0086027251822163,-0.00545338019572567,0.020024946268965));
#1740=CARTESIAN_POINT('',(0.00835650207521432,-0.0054776140582707,0.0201466624711095));
#1741=CARTESIAN_POINT('',(0.00803753330915945,-0.00549718006423115,0.0202796379298795));
#1742=CARTESIAN_POINT('',(0.00751444060093179,-0.00551617571070714,0.0204571906014526));
#1743=CARTESIAN_POINT('',(0.00710922818415193,-0.00552063336926837,0.0205519712505171));
#1744=CARTESIAN_POINT('',(0.00683724696636139,-0.0055189693684031,0.02059282408414));
#1745=CARTESIAN_POINT('',(0.00518940053973103,-0.00458626669315816,0.0200623078559091));
#1746=CARTESIAN_POINT('',(0.00683724696636139,-0.0055189693684031,0.02059282408414));
#1747=CARTESIAN_POINT('',(0.00495801595545046,-0.00453849589591691,0.0200728133869352));
#1748=CARTESIAN_POINT('',(0.00503595240886574,-0.00455034451313376,0.0200694925169266));
#1749=CARTESIAN_POINT('',(0.00511315742048489,-0.00456735352802816,0.0200658470953593));
#1750=CARTESIAN_POINT('',(0.00518940053973124,-0.0045862666931574,0.0200623078559097));
#1751=CARTESIAN_POINT('',(0.00495801595545023,-0.0045384958959175,0.020072813386935));
#1752=CARTESIAN_POINT('',(0.0045873747530402,-0.00415460661286498,0.020152805542879));
#1753=CARTESIAN_POINT('',(0.00469394794479768,-0.00429228691068809,0.0200984162423219));
#1754=CARTESIAN_POINT('',(0.00482074995938657,-0.00441960895292858,0.0200775429250074));
#1755=CARTESIAN_POINT('',(0.00495801082628303,-0.00453850163023975,0.0200728136798473));
#1756=CARTESIAN_POINT('',(0.00458737682764115,-0.00415460422543751,0.020152803564459));
#1757=CARTESIAN_POINT('',(0.00423786911239514,-0.00449268258925478,0.0200869528224913));
#1758=CARTESIAN_POINT('',(0.00435347896847431,-0.00437784890477166,0.0200914247713865));
#1759=CARTESIAN_POINT('',(0.00447131036337201,-0.0042638144152028,0.0201133008187408));
#1760=CARTESIAN_POINT('',(0.00458737682764116,-0.00415460422543751,0.020152803564459));
#1761=CARTESIAN_POINT('',(0.00423786911239514,-0.00449268258925479,0.0200869528224914));
#1762=CARTESIAN_POINT('',(0.00167270046166471,-0.00548049839283433,0.0204661347838953));
#1763=CARTESIAN_POINT('',(0.00154633041481596,-0.00547798666747464,0.0204376438723817));
#1764=CARTESIAN_POINT('',(0.00129627452550423,-0.00547056578485648,0.020372602391463));
#1765=CARTESIAN_POINT('',(0.000929174157450648,-0.00545116722343626,0.0202516675386327));
#1766=CARTESIAN_POINT('',(0.0006305306307334,-0.00542440087956227,0.0201290690774324));
#1767=CARTESIAN_POINT('',(0.000398342562983734,-0.00539150107938988,0.020013724018473));
#1768=CARTESIAN_POINT('',(0.00023723131013069,-0.00535315879704127,0.0199148205875847));
#1769=CARTESIAN_POINT('',(0.000102845106506376,-0.00531038792656586,0.0198175516331131));
#1770=CARTESIAN_POINT('',(8.08781828587826E-5,-0.0052146578726264,0.0197135773934513));
#1771=CARTESIAN_POINT('',(0.000182704839526946,-0.00512561945259607,0.0196710562142097));
#1772=CARTESIAN_POINT('',(0.000326554379535856,-0.00505616280427029,0.0196675183055284));
#1773=CARTESIAN_POINT('',(0.000567762608292695,-0.00496048495688168,0.0196814787474349));
#1774=CARTESIAN_POINT('',(0.000871598394208213,-0.00486440844259166,0.0197209917177223));
#1775=CARTESIAN_POINT('',(0.00136384991245471,-0.0047278680972612,0.0197958329653525));
#1776=CARTESIAN_POINT('',(0.00198365808724537,-0.00458164603022842,0.0198965642657044));
#1777=CARTESIAN_POINT('',(0.00273408702591011,-0.00443498246116646,0.020005408618129));
#1778=CARTESIAN_POINT('',(0.00337452652845721,-0.00434416222245213,0.0200733960755578));
#1779=CARTESIAN_POINT('',(0.00388164840729839,-0.00433267998700794,0.0201013716596423));
#1780=CARTESIAN_POINT('',(0.0041528493234945,-0.00439310496779103,0.0200896375785734));
#1781=CARTESIAN_POINT('',(0.00423786911239517,-0.00449268258925477,0.0200869528224913));
#1782=CARTESIAN_POINT('',(0.00167270046166476,-0.00548049839283394,0.0204661347838952));
#1783=CARTESIAN_POINT('',(0.00286967839082622,-0.00557151180830639,0.0210640005191327));
#1784=CARTESIAN_POINT('',(0.00263696575150397,-0.0055715111540927,0.0210419205903727));
#1785=CARTESIAN_POINT('',(0.00229656037121943,-0.00557412738130602,0.0209528227628209));
#1786=CARTESIAN_POINT('',(0.00188764784655679,-0.00555541687122708,0.0207372403541288));
#1787=CARTESIAN_POINT('',(0.00170097073433784,-0.00552469389034865,0.020571622706219));
#1788=CARTESIAN_POINT('',(0.00167270046166481,-0.00548049839283393,0.0204661347838952));
#1789=CARTESIAN_POINT('',(0.00286967839082621,-0.00557151180830642,0.0210640005191327));
#1790=CARTESIAN_POINT('',(0.00341238647805131,-0.00556585508923778,0.0212127325090526));
#1791=CARTESIAN_POINT('',(0.00322340025342023,-0.00556519881267526,0.0212076906389731));
#1792=CARTESIAN_POINT('',(0.00303553235790148,-0.00557132977823166,0.02115623825233));
#1793=CARTESIAN_POINT('',(0.00286967839082623,-0.00557151180830637,0.0210640005191327));
#1794=CARTESIAN_POINT('',(0.00341238647805132,-0.00556585508923768,0.0212127325090527));
#1795=CARTESIAN_POINT('',(0.00406861614828816,-0.00556667307177192,0.0212298785881496));
#1796=CARTESIAN_POINT('',(0.0038650650242165,-0.00555699177930536,0.0213266345721156));
#1797=CARTESIAN_POINT('',(0.00361473044485641,-0.00555676509308541,0.0213119956577965));
#1798=CARTESIAN_POINT('',(0.00341238647805134,-0.00556585508923779,0.0212127325090526));
#1799=CARTESIAN_POINT('',(0.00406861614828817,-0.00556667307177192,0.0212298785881496));
#1800=CARTESIAN_POINT('',(0.00441488067172571,-0.00556034424076316,0.0212837700790035));
#1801=CARTESIAN_POINT('',(0.00429720047794186,-0.00555791138498107,0.0213009353021262));
#1802=CARTESIAN_POINT('',(0.00417478219916813,-0.00556184739746775,0.0212816529943263));
#1803=CARTESIAN_POINT('',(0.00406861614828811,-0.00556667307177205,0.0212298785881496));
#1804=CARTESIAN_POINT('',(0.00441488067172571,-0.00556034424076313,0.0212837700790035));
#1805=CARTESIAN_POINT('',(0.00497004841712645,-0.00556096704305995,0.0212663021981115));
#1806=CARTESIAN_POINT('',(0.00479957333578878,-0.00554930442907308,0.0213549629914824));
#1807=CARTESIAN_POINT('',(0.00458788981917857,-0.00554841484233434,0.0213637297240313));
#1808=CARTESIAN_POINT('',(0.00441488067172561,-0.0055603442407631,0.0212837700790037));
#1809=CARTESIAN_POINT('',(0.00497004841712645,-0.00556096704305991,0.0212663021981115));
#1810=CARTESIAN_POINT('',(0.00560661680215808,-0.00555509897686698,0.0208927486198269));
#1811=CARTESIAN_POINT('',(0.00550338610070056,-0.00559552344701404,0.0211276715732699));
#1812=CARTESIAN_POINT('',(0.00522926197600161,-0.00556023745246453,0.021260553907289));
#1813=CARTESIAN_POINT('',(0.00497004841712645,-0.00556096704305993,0.0212663021981115));
#1814=CARTESIAN_POINT('',(0.00560661680215809,-0.00555509897686698,0.0208927486198269));
#1815=CARTESIAN_POINT('',(0.00683724696636265,-0.0055189693684032,0.0205928240841397));
#1816=CARTESIAN_POINT('',(0.00666035533508124,-0.00554861870985433,0.0207138880178672));
#1817=CARTESIAN_POINT('',(0.00625174803011879,-0.00556011892675207,0.0208664506357313));
#1818=CARTESIAN_POINT('',(0.00582046910878143,-0.00556153069164633,0.0209105302711609));
#1819=CARTESIAN_POINT('',(0.00560661680215809,-0.00555509897686698,0.0208927486198269));
#1820=CARTESIAN_POINT('',(0.00299405833802095,-0.0045265822189873,0.0221214691064579));
#1821=CARTESIAN_POINT('',(0.0028658195956951,-0.0045265822189873,0.0221108960539348));
#1822=CARTESIAN_POINT('',(0.00260419191963504,-0.00446441200136406,0.0220936879782331));
#1823=CARTESIAN_POINT('',(0.00246963233281853,-0.00421795292318039,0.0220310861547712));
#1824=CARTESIAN_POINT('',(0.0024821722245746,-0.00410088221900838,0.0219799708057183));
#1825=CARTESIAN_POINT('',(0.00299405833802095,-0.0045265822189873,0.0221214691064579));
#1826=CARTESIAN_POINT('',(0.00248217222457268,-0.00410088221900856,0.0219799708057179));
#1827=CARTESIAN_POINT('',(0.00248217222456842,-0.00410088221900702,0.021979970805717));
#1828=CARTESIAN_POINT('',(0.00255761932075522,-0.00393337335723722,0.021913426226214));
#1829=CARTESIAN_POINT('',(0.00289563427846425,-0.00373075695331025,0.0217635134347491));
#1830=CARTESIAN_POINT('',(0.00327997911415518,-0.00367518221898564,0.0217037235865288));
#1831=CARTESIAN_POINT('',(0.00347680537461685,-0.0036751822189873,0.0217143685780608));
#1832=CARTESIAN_POINT('',(0.00347680537462187,-0.00367518221898731,0.0217143685780611));
#1833=CARTESIAN_POINT('',(0.00347680537462187,-0.0036751822189873,0.021714368578061));
#1834=CARTESIAN_POINT('',(0.00404421041204126,-0.0036751822189873,0.0217450556510309));
#1835=CARTESIAN_POINT('',(0.0046144968520413,-0.0036751822189873,0.0217450264317));
#1836=CARTESIAN_POINT('',(0.00518136162303156,-0.0036751822189873,0.0217143685780602));
#1837=CARTESIAN_POINT('',(0.00518136162303156,-0.0036751822189873,0.0217143685780602));
#1838=CARTESIAN_POINT('',(0.00518136162302693,-0.0036751822189873,0.0217143685780579));
#1839=CARTESIAN_POINT('',(0.00537855455056815,-0.0036751822189873,0.0217037037560039));
#1840=CARTESIAN_POINT('',(0.00576227309787858,-0.00373101396870865,0.021763592001385));
#1841=CARTESIAN_POINT('',(0.00610024298621662,-0.00393269687811846,0.0219131574880819));
#1842=CARTESIAN_POINT('',(0.00617599477306126,-0.0041008822189979,0.0219799708057141));
#1843=CARTESIAN_POINT('',(0.00617599477306304,-0.00410088221899749,0.0219799708057129));
#1844=CARTESIAN_POINT('',(0.00617599477305735,-0.00410088221899772,0.0219799708057145));
#1845=CARTESIAN_POINT('',(0.00618847679310479,-0.00421741264082348,0.0220308502569758));
#1846=CARTESIAN_POINT('',(0.00605524837162455,-0.0044638270026736,0.0220935879882334));
#1847=CARTESIAN_POINT('',(0.00579217453825486,-0.0045265822189873,0.0221109103062336));
#1848=CARTESIAN_POINT('',(0.00566410865961241,-0.0045265822189873,0.0221214691064584));
#1849=CARTESIAN_POINT('',(0.00566410865961241,-0.0045265822189873,0.0221214691064584));
#1850=CARTESIAN_POINT('',(0.0251526888823523,-0.0045265822189873,-0.00783073505764578));
#1851=CARTESIAN_POINT('',(0.0251526888823523,-0.0045265822189873,-0.000940299068438986));
#1852=CARTESIAN_POINT('',(0.024622675174001,-0.0045265822189873,0.00250378469622131));
#1853=CARTESIAN_POINT('',(0.0225734301254208,-0.0045265822189873,0.00888883085155172));
#1854=CARTESIAN_POINT('',(0.021054761682354,-0.0045265822189873,0.0118279733474576));
#1855=CARTESIAN_POINT('',(0.0172320491933111,-0.0045265822189873,0.0167615978991221));
#1856=CARTESIAN_POINT('',(0.0149278250791616,-0.0045265822189873,0.0187546248244463));
#1857=CARTESIAN_POINT('',(0.00985927400656755,-0.0045265822189873,0.0214642087226383));
#1858=CARTESIAN_POINT('',(0.00709586372321167,-0.0045265822189873,0.0221765616963051));
#1859=CARTESIAN_POINT('',(0.00156230327442125,-0.0045265822189873,0.0221765616963051));
#1860=CARTESIAN_POINT('',(-0.00120110700894882,-0.0045265822189873,0.0214642087226291));
#1861=CARTESIAN_POINT('',(-0.00626965808151435,-0.0045265822189873,0.0187546248244554));
#1862=CARTESIAN_POINT('',(-0.00857388219569554,-0.0045265822189873,0.0167615978990885));
#1863=CARTESIAN_POINT('',(-0.0123965946847036,-0.0045265822189873,0.0118279733474911));
#1864=CARTESIAN_POINT('',(-0.0139152631278025,-0.0045265822189873,0.00888883085152493));
#1865=CARTESIAN_POINT('',(-0.0159645081763535,-0.0045265822189873,0.002503784696248));
#1866=CARTESIAN_POINT('',(-0.0164945218847194,-0.0045265822189873,-0.000940299203341628));
#1867=CARTESIAN_POINT('',(-0.0164945218847194,-0.0045265822189873,-0.00783073492274314));
#1868=CARTESIAN_POINT('',(-0.0159645081763614,-0.0045265822189873,-0.0112748188223269));
#1869=CARTESIAN_POINT('',(-0.0139152631277946,-0.0045265822189873,-0.0176598649776157));
#1870=CARTESIAN_POINT('',(-0.0123965946847217,-0.0045265822189873,-0.0205990074735603));
#1871=CARTESIAN_POINT('',(-0.00857388219567742,-0.0045265822189873,-0.0255326320251888));
#1872=CARTESIAN_POINT('',(-0.00626965808150967,-0.0045265822189873,-0.0275256589505402));
#1873=CARTESIAN_POINT('',(-0.00120110700895353,-0.0045265822189873,-0.0302352428487139));
#1874=CARTESIAN_POINT('',(0.00156230327442322,-0.0045265822189873,-0.0309475958223899));
#1875=CARTESIAN_POINT('',(0.00709586372320975,-0.0045265822189873,-0.0309475958223899));
#1876=CARTESIAN_POINT('',(0.00985927400658179,-0.0045265822189873,-0.0302352428487233));
#1877=CARTESIAN_POINT('',(0.0149278250791473,-0.0045265822189873,-0.0275256589505308));
#1878=CARTESIAN_POINT('',(0.0172320491933208,-0.0045265822189873,-0.0255326320251991));
#1879=CARTESIAN_POINT('',(0.0210547616823443,-0.0045265822189873,-0.02059900747355));
#1880=CARTESIAN_POINT('',(0.0225734301254444,-0.0045265822189873,-0.0176598649775763));
#1881=CARTESIAN_POINT('',(0.0246226751739775,-0.0045265822189873,-0.0112748188223662));
#1882=CARTESIAN_POINT('',(0.0251526888823523,-0.0045265822189873,-0.00783073505764578));
#1883=CARTESIAN_POINT('',(0.0251526888823523,-0.0045265822189873,-0.000940299068438986));
#1884=CARTESIAN_POINT('',(0.00521134931724771,-0.0045265822189873,0.0221524798484682));
#1885=CARTESIAN_POINT('',(0.0052113493172477,-0.0045265822189873,0.0221524798484682));
#1886=CARTESIAN_POINT('',(0.00510981597909223,-0.00452658221898731,0.0221580170961427));
#1887=CARTESIAN_POINT('',(0.00498804318197722,-0.00448261262291974,0.0221670264713405));
#1888=CARTESIAN_POINT('',(0.00496651519100666,-0.00438317793338234,0.0221540891583668));
#1889=CARTESIAN_POINT('',(0.00496651519100666,-0.00438317793338234,0.0221540891583667));
#1890=CARTESIAN_POINT('',(0.00498172089989298,-0.0045265822189873,0.0221633767285035));
#1891=CARTESIAN_POINT('',(0.00498172089989298,-0.00447804284750907,0.0221633767285035));
#1892=CARTESIAN_POINT('',(0.00497670438122786,-0.00443024033542759,0.0221602123838466));
#1893=CARTESIAN_POINT('',(0.00496651519100666,-0.00438317793338234,0.0221540891583668));
#1894=CARTESIAN_POINT('',(0.00498172089989298,-0.0045265822189873,0.0221633767285035));
#1895=CARTESIAN_POINT('',(0.0251526888823523,-0.0045265822189873,-0.00783073505764578));
#1896=CARTESIAN_POINT('',(0.0251526888823523,-0.0045265822189873,-0.000940299068438986));
#1897=CARTESIAN_POINT('',(0.024622675174001,-0.0045265822189873,0.00250378469622131));
#1898=CARTESIAN_POINT('',(0.0225734301254208,-0.0045265822189873,0.00888883085155172));
#1899=CARTESIAN_POINT('',(0.021054761682354,-0.0045265822189873,0.0118279733474576));
#1900=CARTESIAN_POINT('',(0.0172320491933111,-0.0045265822189873,0.0167615978991221));
#1901=CARTESIAN_POINT('',(0.0149278250791616,-0.0045265822189873,0.0187546248244463));
#1902=CARTESIAN_POINT('',(0.00985927400656755,-0.0045265822189873,0.0214642087226383));
#1903=CARTESIAN_POINT('',(0.00709586372321167,-0.0045265822189873,0.0221765616963051));
#1904=CARTESIAN_POINT('',(0.00156230327442125,-0.0045265822189873,0.0221765616963051));
#1905=CARTESIAN_POINT('',(-0.00120110700894882,-0.0045265822189873,0.0214642087226291));
#1906=CARTESIAN_POINT('',(-0.00626965808151435,-0.0045265822189873,0.0187546248244554));
#1907=CARTESIAN_POINT('',(-0.00857388219569554,-0.0045265822189873,0.0167615978990885));
#1908=CARTESIAN_POINT('',(-0.0123965946847036,-0.0045265822189873,0.0118279733474911));
#1909=CARTESIAN_POINT('',(-0.0139152631278025,-0.0045265822189873,0.00888883085152493));
#1910=CARTESIAN_POINT('',(-0.0159645081763535,-0.0045265822189873,0.002503784696248));
#1911=CARTESIAN_POINT('',(-0.0164945218847194,-0.0045265822189873,-0.000940299203341628));
#1912=CARTESIAN_POINT('',(-0.0164945218847194,-0.0045265822189873,-0.00783073492274314));
#1913=CARTESIAN_POINT('',(-0.0159645081763614,-0.0045265822189873,-0.0112748188223269));
#1914=CARTESIAN_POINT('',(-0.0139152631277946,-0.0045265822189873,-0.0176598649776157));
#1915=CARTESIAN_POINT('',(-0.0123965946847217,-0.0045265822189873,-0.0205990074735603));
#1916=CARTESIAN_POINT('',(-0.00857388219567742,-0.0045265822189873,-0.0255326320251888));
#1917=CARTESIAN_POINT('',(-0.00626965808150967,-0.0045265822189873,-0.0275256589505402));
#1918=CARTESIAN_POINT('',(-0.00120110700895353,-0.0045265822189873,-0.0302352428487139));
#1919=CARTESIAN_POINT('',(0.00156230327442322,-0.0045265822189873,-0.0309475958223899));
#1920=CARTESIAN_POINT('',(0.00709586372320975,-0.0045265822189873,-0.0309475958223899));
#1921=CARTESIAN_POINT('',(0.00985927400658179,-0.0045265822189873,-0.0302352428487233));
#1922=CARTESIAN_POINT('',(0.0149278250791473,-0.0045265822189873,-0.0275256589505308));
#1923=CARTESIAN_POINT('',(0.0172320491933208,-0.0045265822189873,-0.0255326320251991));
#1924=CARTESIAN_POINT('',(0.0210547616823443,-0.0045265822189873,-0.02059900747355));
#1925=CARTESIAN_POINT('',(0.0225734301254444,-0.0045265822189873,-0.0176598649775763));
#1926=CARTESIAN_POINT('',(0.0246226751739775,-0.0045265822189873,-0.0112748188223662));
#1927=CARTESIAN_POINT('',(0.0251526888823523,-0.0045265822189873,-0.00783073505764578));
#1928=CARTESIAN_POINT('',(0.0251526888823523,-0.0045265822189873,-0.000940299068438986));
#1929=CARTESIAN_POINT('',(0.00367644609774021,-0.0045265822189873,0.0221633767285033));
#1930=CARTESIAN_POINT('',(0.00369165180662652,-0.00438317793338234,0.0221540891583666));
#1931=CARTESIAN_POINT('',(0.00368146261640532,-0.00443024033542759,0.0221602123838465));
#1932=CARTESIAN_POINT('',(0.0036764460977402,-0.00447804284750907,0.0221633767285033));
#1933=CARTESIAN_POINT('',(0.0036764460977402,-0.0045265822189873,0.0221633767285033));
#1934=CARTESIAN_POINT('',(0.00369165180662652,-0.00438317793338234,0.0221540891583666));
#1935=CARTESIAN_POINT('',(0.00369165180662652,-0.00438317793338234,0.0221540891583666));
#1936=CARTESIAN_POINT('',(0.0036700691228696,-0.00448286524102238,0.0221670593391401));
#1937=CARTESIAN_POINT('',(0.00354827225944679,-0.0045265822189873,0.0221580128009168));
#1938=CARTESIAN_POINT('',(0.00344681768038554,-0.0045265822189873,0.022152479848468));
#1939=CARTESIAN_POINT('',(0.00344681768038554,-0.0045265822189873,0.022152479848468));
#1940=CARTESIAN_POINT('',(0.0251526888823523,-0.0045265822189873,-0.00783073505764578));
#1941=CARTESIAN_POINT('',(0.0251526888823523,-0.0045265822189873,-0.000940299068438986));
#1942=CARTESIAN_POINT('',(0.024622675174001,-0.0045265822189873,0.00250378469622131));
#1943=CARTESIAN_POINT('',(0.0225734301254208,-0.0045265822189873,0.00888883085155172));
#1944=CARTESIAN_POINT('',(0.021054761682354,-0.0045265822189873,0.0118279733474576));
#1945=CARTESIAN_POINT('',(0.0172320491933111,-0.0045265822189873,0.0167615978991221));
#1946=CARTESIAN_POINT('',(0.0149278250791616,-0.0045265822189873,0.0187546248244463));
#1947=CARTESIAN_POINT('',(0.00985927400656755,-0.0045265822189873,0.0214642087226383));
#1948=CARTESIAN_POINT('',(0.00709586372321167,-0.0045265822189873,0.0221765616963051));
#1949=CARTESIAN_POINT('',(0.00156230327442125,-0.0045265822189873,0.0221765616963051));
#1950=CARTESIAN_POINT('',(-0.00120110700894882,-0.0045265822189873,0.0214642087226291));
#1951=CARTESIAN_POINT('',(-0.00626965808151435,-0.0045265822189873,0.0187546248244554));
#1952=CARTESIAN_POINT('',(-0.00857388219569554,-0.0045265822189873,0.0167615978990885));
#1953=CARTESIAN_POINT('',(-0.0123965946847036,-0.0045265822189873,0.0118279733474911));
#1954=CARTESIAN_POINT('',(-0.0139152631278025,-0.0045265822189873,0.00888883085152493));
#1955=CARTESIAN_POINT('',(-0.0159645081763535,-0.0045265822189873,0.002503784696248));
#1956=CARTESIAN_POINT('',(-0.0164945218847194,-0.0045265822189873,-0.000940299203341628));
#1957=CARTESIAN_POINT('',(-0.0164945218847194,-0.0045265822189873,-0.00783073492274314));
#1958=CARTESIAN_POINT('',(-0.0159645081763614,-0.0045265822189873,-0.0112748188223269));
#1959=CARTESIAN_POINT('',(-0.0139152631277946,-0.0045265822189873,-0.0176598649776157));
#1960=CARTESIAN_POINT('',(-0.0123965946847217,-0.0045265822189873,-0.0205990074735603));
#1961=CARTESIAN_POINT('',(-0.00857388219567742,-0.0045265822189873,-0.0255326320251888));
#1962=CARTESIAN_POINT('',(-0.00626965808150967,-0.0045265822189873,-0.0275256589505402));
#1963=CARTESIAN_POINT('',(-0.00120110700895353,-0.0045265822189873,-0.0302352428487139));
#1964=CARTESIAN_POINT('',(0.00156230327442322,-0.0045265822189873,-0.0309475958223899));
#1965=CARTESIAN_POINT('',(0.00709586372320975,-0.0045265822189873,-0.0309475958223899));
#1966=CARTESIAN_POINT('',(0.00985927400658179,-0.0045265822189873,-0.0302352428487233));
#1967=CARTESIAN_POINT('',(0.0149278250791473,-0.0045265822189873,-0.0275256589505308));
#1968=CARTESIAN_POINT('',(0.0172320491933208,-0.0045265822189873,-0.0255326320251991));
#1969=CARTESIAN_POINT('',(0.0210547616823443,-0.0045265822189873,-0.02059900747355));
#1970=CARTESIAN_POINT('',(0.0225734301254444,-0.0045265822189873,-0.0176598649775763));
#1971=CARTESIAN_POINT('',(0.0246226751739775,-0.0045265822189873,-0.0112748188223662));
#1972=CARTESIAN_POINT('',(0.0251526888823523,-0.0045265822189873,-0.00783073505764578));
#1973=CARTESIAN_POINT('',(0.0251526888823523,-0.0045265822189873,-0.000940299068438986));
#1974=CARTESIAN_POINT('',(0.00432908465351951,-0.0056870270041533,-0.0046544281132864));
#1975=CARTESIAN_POINT('',(0.00481773301921259,-0.0300849633921111,-0.0128043861737637));
#1976=CARTESIAN_POINT('',(0.00497757659022224,-0.0296573101390172,-0.0129540211524568));
#1977=CARTESIAN_POINT('',(0.00481046161279734,-0.0292430173699713,-0.0127761790871144));
#1978=CARTESIAN_POINT('',(0.00442872542434936,-0.0291233383809105,-0.0125020194331018));
#1979=CARTESIAN_POINT('',(0.00398292401629585,-0.0291677696572912,-0.0126476028758261));
#1980=CARTESIAN_POINT('',(0.00370887603758618,-0.0294534544930329,-0.0129193260729944));
#1981=CARTESIAN_POINT('',(0.00374796040679117,-0.0299333527891134,-0.0128966264271831));
#1982=CARTESIAN_POINT('',(0.00395792914746393,-0.0302501011455933,-0.0125998559833865));
#1983=CARTESIAN_POINT('',(0.00384507068615889,-0.0303004808211017,-0.0121440482547858));
#1984=CARTESIAN_POINT('',(0.00368060167136124,-0.0300414436461374,-0.0117757464035173));
#1985=CARTESIAN_POINT('',(0.00384324086031184,-0.0295995568717996,-0.0116706468293107));
#1986=CARTESIAN_POINT('',(0.00422748702768774,-0.0293402279722314,-0.0118207920756909));
#1987=CARTESIAN_POINT('',(0.00467519677890561,-0.0294594711398085,-0.011730467120161));
#1988=CARTESIAN_POINT('',(0.00495078956120659,-0.0298513420365894,-0.0116813919569114));
#1989=CARTESIAN_POINT('',(0.00490854624978003,-0.0302300826434366,-0.0119786096613825));
#1990=CARTESIAN_POINT('',(0.00469763949357731,-0.0303137320132376,-0.0124074849662166));
#1991=CARTESIAN_POINT('',(0.00481773301921259,-0.0300849633921111,-0.0128043861737637));
#1992=CARTESIAN_POINT('',(0.00497757659022224,-0.0296573101390172,-0.0129540211524568));
#1993=CARTESIAN_POINT('',(0.00481046161279734,-0.0292430173699713,-0.0127761790871144));
#1994=CARTESIAN_POINT('',(0.00492308349881648,-0.0296595368863585,-0.0128994416451176));
#1995=CARTESIAN_POINT('',(0.00489681560201407,-0.025775355410633,-0.0205482246662218));
#1996=CARTESIAN_POINT('',(0.00493436556938569,-0.0256769951041435,-0.0201942483505587));
#1997=CARTESIAN_POINT('',(0.00490422311334204,-0.0257984380525035,-0.0198616363380178));
#1998=CARTESIAN_POINT('',(0.00493087680032915,-0.026075793281939,-0.0196401953957647));
#1999=CARTESIAN_POINT('',(0.00490940548904166,-0.0264374022069074,-0.0196148212206517));
#2000=CARTESIAN_POINT('',(0.0046873888830336,-0.0266938531154373,-0.0197504516627619));
#2001=CARTESIAN_POINT('',(0.00434816646500209,-0.0267689807056131,-0.0198321636383866));
#2002=CARTESIAN_POINT('',(0.00400484034935107,-0.0267093265849364,-0.0197652670179142));
#2003=CARTESIAN_POINT('',(0.00376357617860054,-0.0264762594012336,-0.0196256030567292));
#2004=CARTESIAN_POINT('',(0.0037232778357916,-0.0261126356801471,-0.0196264036613987));
#2005=CARTESIAN_POINT('',(0.00375390420510741,-0.0258212095196125,-0.0198311817538213));
#2006=CARTESIAN_POINT('',(0.00372778164455441,-0.0256805332244711,-0.020157484811258));
#2007=CARTESIAN_POINT('',(0.0037473541115288,-0.0257546024237645,-0.0205157694175952));
#2008=CARTESIAN_POINT('',(0.00397130298805445,-0.0259663119706367,-0.0207157658562212));
#2009=CARTESIAN_POINT('',(0.00431073064664063,-0.0260697740271848,-0.0207588487147915));
#2010=CARTESIAN_POINT('',(0.00465455757316801,-0.0259847938431587,-0.0207248478777218));
#2011=CARTESIAN_POINT('',(0.00489681560201407,-0.025775355410633,-0.0205482246662218));
#2012=CARTESIAN_POINT('',(0.00493436556938569,-0.0256769951041435,-0.0201942483505587));
#2013=CARTESIAN_POINT('',(0.00490422311334204,-0.0257984380525035,-0.0198616363380178));
#2014=CARTESIAN_POINT('',(0.00492308349881649,-0.0257136289799517,-0.0201978090677458));
#2015=CARTESIAN_POINT('',(0.0048757097511714,-0.0313132475099734,-0.00492695436319912));
#2016=CARTESIAN_POINT('',(0.00494736786270313,-0.0310375384357758,-0.00500354605003562));
#2017=CARTESIAN_POINT('',(0.00487331979091496,-0.0307508752160014,-0.00493528622273971));
#2018=CARTESIAN_POINT('',(0.00471320366657717,-0.0305668328240149,-0.00477726484956005));
#2019=CARTESIAN_POINT('',(0.00455576677711123,-0.0304814443542595,-0.00462078122199593));
#2020=CARTESIAN_POINT('',(0.00444042463932636,-0.030452329920751,-0.00450315187373324));
#2021=CARTESIAN_POINT('',(0.00437481788475193,-0.0304439051300058,-0.00443975172651359));
#2022=CARTESIAN_POINT('',(0.00432021312415033,-0.0304415829461913,-0.00437677223161262));
#2023=CARTESIAN_POINT('',(0.00427087925288256,-0.0304452602459972,-0.00445696242175214));
#2024=CARTESIAN_POINT('',(0.00420439662109025,-0.0304549533782752,-0.00451393310907286));
#2025=CARTESIAN_POINT('',(0.00408943070258553,-0.0304871053236235,-0.00463568996517288));
#2026=CARTESIAN_POINT('',(0.00393559078474829,-0.0305743397147271,-0.004785935580398));
#2027=CARTESIAN_POINT('',(0.00377767193302267,-0.0307647585421878,-0.00494237913696392));
#2028=CARTESIAN_POINT('',(0.00371105107450773,-0.0310510525123783,-0.00500301882474867));
#2029=CARTESIAN_POINT('',(0.00378956533983175,-0.031327217705936,-0.00491943487816057));
#2030=CARTESIAN_POINT('',(0.0039461483785605,-0.0315093166843417,-0.00476053836258186));
#2031=CARTESIAN_POINT('',(0.00410273379508851,-0.0315945393096698,-0.00460440956978059));
#2032=CARTESIAN_POINT('',(0.00421846558106772,-0.031622484817765,-0.00448858179718406));
#2033=CARTESIAN_POINT('',(0.00428431901896863,-0.0316298638165475,-0.00442449213732847));
#2034=CARTESIAN_POINT('',(0.0043393379041249,-0.0316308781725587,-0.00436648558882656));
#2035=CARTESIAN_POINT('',(0.0043885798287921,-0.0316286277852776,-0.00444436033542476));
#2036=CARTESIAN_POINT('',(0.00445511817416244,-0.0316195323937369,-0.00450088379322159));
#2037=CARTESIAN_POINT('',(0.00456927331416391,-0.0315885123831604,-0.00462037469002065));
#2038=CARTESIAN_POINT('',(0.00472278191909431,-0.031500473940074,-0.00477063053584363));
#2039=CARTESIAN_POINT('',(0.0048757097511714,-0.0313132475099734,-0.00492695436319912));
#2040=CARTESIAN_POINT('',(0.00494736786270313,-0.0310375384357758,-0.00500354605003562));
#2041=CARTESIAN_POINT('',(0.00487331979091496,-0.0307508752160014,-0.00493528622273971));
#2042=CARTESIAN_POINT('',(0.00492308349881649,-0.0310357127448463,-0.00497940413101355));
#2043=CARTESIAN_POINT('',(0.00457438700790568,-0.00565443247609594,-0.0294642239780945));
#2044=CARTESIAN_POINT('',(0.00457805605135132,-0.00565922464394187,-0.0294658938710903));
#2045=CARTESIAN_POINT('',(0.00458172339169585,-0.00566400706477566,-0.0294676065715573));
#2046=CARTESIAN_POINT('',(0.00458538980689039,-0.00566877872154484,-0.0294693636637304));
#2047=CARTESIAN_POINT('',(0.0045743870079054,-0.00565443247609619,-0.0294642239780944));
#2048=CARTESIAN_POINT('',(0.00458538980689037,-0.00566877872154484,-0.0294693636637304));
#2049=CARTESIAN_POINT('',(0.00384999822232798,-0.00623429492057378,-0.0303505102289286));
#2050=CARTESIAN_POINT('',(0.00385023430108977,-0.00650410301720461,-0.0303450860682797));
#2051=CARTESIAN_POINT('',(0.00383248705224115,-0.00704378084452061,-0.0303014178241155));
#2052=CARTESIAN_POINT('',(0.00379314352099079,-0.00770887869971545,-0.030189933674957));
#2053=CARTESIAN_POINT('',(0.00376125545960636,-0.00823227868043667,-0.0300574224145536));
#2054=CARTESIAN_POINT('',(0.00374259105393262,-0.00855453835824386,-0.0299538420986081));
#2055=CARTESIAN_POINT('',(0.00373516579530385,-0.00879959010564438,-0.029838407227177));
#2056=CARTESIAN_POINT('',(0.00373232973970785,-0.00894831287620097,-0.0297573105598051));
#2057=CARTESIAN_POINT('',(0.00375378497315996,-0.00902118299819732,-0.0296242942914108));
#2058=CARTESIAN_POINT('',(0.00379742730285897,-0.00891385869207297,-0.0295234862490591));
#2059=CARTESIAN_POINT('',(0.00383442944592434,-0.00875756232343136,-0.0294859958704973));
#2060=CARTESIAN_POINT('',(0.00387794626541722,-0.00856501382476519,-0.0294504063920973));
#2061=CARTESIAN_POINT('',(0.00393224739296922,-0.00830517472540242,-0.0294233503058466));
#2062=CARTESIAN_POINT('',(0.00399840983189836,-0.00797825907819893,-0.0294039196610764));
#2063=CARTESIAN_POINT('',(0.00407758151052633,-0.00758643869495308,-0.0293929180841876));
#2064=CARTESIAN_POINT('',(0.0041864959242233,-0.00706444446460485,-0.0293876380684909));
#2065=CARTESIAN_POINT('',(0.00433328766899222,-0.00641424019709,-0.0293948742479869));
#2066=CARTESIAN_POINT('',(0.00448425237001332,-0.00590129865481401,-0.0294236799617033));
#2067=CARTESIAN_POINT('',(0.00457438700790537,-0.00565443247609628,-0.0294642239780939));
#2068=CARTESIAN_POINT('',(0.00384999822232802,-0.00623429492057378,-0.0303505102289287));
#2069=CARTESIAN_POINT('',(0.00417517071671477,-0.00532471928330332,-0.0305763467119478));
#2070=CARTESIAN_POINT('',(0.00402678769526331,-0.00562005043798783,-0.0305406653546822));
#2071=CARTESIAN_POINT('',(0.00393344175176328,-0.00593715507304684,-0.0304706996929937));
#2072=CARTESIAN_POINT('',(0.003849998222328,-0.00623429492057381,-0.0303505102289287));
#2073=CARTESIAN_POINT('',(0.00458538980689033,-0.00566877872154358,-0.0294693636637304));
#2074=CARTESIAN_POINT('',(0.00459469148637975,-0.00595703005411039,-0.0294740244695809));
#2075=CARTESIAN_POINT('',(0.00464218049459939,-0.00653093875699281,-0.0294879583960322));
#2076=CARTESIAN_POINT('',(0.00472054499692695,-0.00724624696124501,-0.0295080787343284));
#2077=CARTESIAN_POINT('',(0.0047901677987918,-0.00781795833198749,-0.0295379286010719));
#2078=CARTESIAN_POINT('',(0.00483580958739751,-0.00817239542606139,-0.0295681509566568));
#2079=CARTESIAN_POINT('',(0.00487446339290295,-0.00845729166768305,-0.0296133158674863));
#2080=CARTESIAN_POINT('',(0.00489834333252088,-0.00862484376104585,-0.0296584585983553));
#2081=CARTESIAN_POINT('',(0.00491983449255892,-0.00876301986484292,-0.0297308514681868));
#2082=CARTESIAN_POINT('',(0.00492500888603635,-0.00876595519632754,-0.0298514420433687));
#2083=CARTESIAN_POINT('',(0.00491569627355134,-0.00867839428062201,-0.0299252646110617));
#2084=CARTESIAN_POINT('',(0.00490243054876416,-0.00856253645882801,-0.030003838145661));
#2085=CARTESIAN_POINT('',(0.0048822727286282,-0.00840010050797243,-0.0300804894012895));
#2086=CARTESIAN_POINT('',(0.00484833915609786,-0.00813802127196171,-0.0301813760605031));
#2087=CARTESIAN_POINT('',(0.00480241953059178,-0.00779942951563064,-0.0302821216097258));
#2088=CARTESIAN_POINT('',(0.00474367031473213,-0.00738740222118788,-0.0303782955130872));
#2089=CARTESIAN_POINT('',(0.0046606281476088,-0.00683451711260874,-0.0304803051052502));
#2090=CARTESIAN_POINT('',(0.00454441896902559,-0.00613696647008496,-0.0305661471453987));
#2091=CARTESIAN_POINT('',(0.0044296557087693,-0.00558066047841142,-0.0305979693564793));
#2092=CARTESIAN_POINT('',(0.00434447921518923,-0.00530817201910884,-0.030596198444587));
#2093=CARTESIAN_POINT('',(0.00227090711949441,-0.0025485700809031,-0.00465442811328642));
#2094=CARTESIAN_POINT('',(0.0198384515532208,-0.0196119741687859,-0.0126393253042284));
#2095=CARTESIAN_POINT('',(0.0198198585640342,-0.0194724669456647,-0.0127427872846812));
#2096=CARTESIAN_POINT('',(0.0197687121259992,-0.019282567340392,-0.0128448917064105));
#2097=CARTESIAN_POINT('',(0.0196378665085329,-0.0190545958431339,-0.0129149928021851));
#2098=CARTESIAN_POINT('',(0.0194212094313586,-0.0188830442443238,-0.0128811319575919));
#2099=CARTESIAN_POINT('',(0.0191869288353294,-0.0188579377771474,-0.0127328689103986));
#2100=CARTESIAN_POINT('',(0.0190077877408786,-0.0189461240546717,-0.0125495347131997));
#2101=CARTESIAN_POINT('',(0.0188819090843169,-0.0190817429086528,-0.0123744047490618));
#2102=CARTESIAN_POINT('',(0.0187695734690088,-0.0193066445417042,-0.0121967918899948));
#2103=CARTESIAN_POINT('',(0.0186580197939022,-0.019491452029615,-0.0124240915514106));
#2104=CARTESIAN_POINT('',(0.0186411017108126,-0.0196665619693337,-0.0126084059663014));
#2105=CARTESIAN_POINT('',(0.0187365972266085,-0.0199190828470512,-0.0128623456256553));
#2106=CARTESIAN_POINT('',(0.0190974087048523,-0.0200824573201143,-0.0129359566466495));
#2107=CARTESIAN_POINT('',(0.019432656748598,-0.0200566693986523,-0.0127960834120226));
#2108=CARTESIAN_POINT('',(0.0196015379580971,-0.0200066979358789,-0.0126704178198909));
#2109=CARTESIAN_POINT('',(0.0197180454712264,-0.0199521281773905,-0.0125351864601236));
#2110=CARTESIAN_POINT('',(0.0197379783764231,-0.0199929617838759,-0.0124017028844038));
#2111=CARTESIAN_POINT('',(0.0196998654971662,-0.020072816379058,-0.0123002833655903));
#2112=CARTESIAN_POINT('',(0.019633637747376,-0.0201653815671911,-0.0121676905660275));
#2113=CARTESIAN_POINT('',(0.0195138265869346,-0.0202598281899788,-0.0120065462664282));
#2114=CARTESIAN_POINT('',(0.0193178712902003,-0.0203022867190748,-0.0118255816865776));
#2115=CARTESIAN_POINT('',(0.0190820836521877,-0.020217397456099,-0.0117054229486899));
#2116=CARTESIAN_POINT('',(0.018899386916494,-0.0200091822442821,-0.0117093853374338));
#2117=CARTESIAN_POINT('',(0.0188079238675737,-0.019771988390083,-0.0117977834926477));
#2118=CARTESIAN_POINT('',(0.0187792892500422,-0.0195481730673771,-0.0119185791766959));
#2119=CARTESIAN_POINT('',(0.018815784879925,-0.0193303397875523,-0.0120476657731037));
#2120=CARTESIAN_POINT('',(0.0189415692862224,-0.0192222726114479,-0.0119508352108393));
#2121=CARTESIAN_POINT('',(0.0190690336734985,-0.0191532285341364,-0.0118595842333404));
#2122=CARTESIAN_POINT('',(0.0192569118016545,-0.0190988118873971,-0.0117569273956651));
#2123=CARTESIAN_POINT('',(0.0196122485393622,-0.0190986083747161,-0.0116697114680938));
#2124=CARTESIAN_POINT('',(0.0199156965652211,-0.0193046078208882,-0.011827144417892));
#2125=CARTESIAN_POINT('',(0.0199612312785487,-0.019541345927173,-0.0120957389842325));
#2126=CARTESIAN_POINT('',(0.0199288872193355,-0.019667765936595,-0.0122683070298995));
#2127=CARTESIAN_POINT('',(0.0198677540775943,-0.0197531472321454,-0.0124207956129719));
#2128=CARTESIAN_POINT('',(0.0198409789954538,-0.0197133966989179,-0.0125520495752313));
#2129=CARTESIAN_POINT('',(0.0198384515532208,-0.0196119741687859,-0.0126393253042284));
#2130=CARTESIAN_POINT('',(0.0198198585640342,-0.0194724669456647,-0.0127427872846812));
#2131=CARTESIAN_POINT('',(0.0197687121259992,-0.019282567340392,-0.0128448917064105));
#2132=CARTESIAN_POINT('',(0.0198226464645607,-0.0195063093796869,-0.0127151069193122));
#2133=CARTESIAN_POINT('',(0.016697071101312,-0.016780655471277,-0.0207671260335391));
#2134=CARTESIAN_POINT('',(0.0167806168096378,-0.0164339745046074,-0.0207388257911696));
#2135=CARTESIAN_POINT('',(0.016702252944318,-0.0161072152852319,-0.020570383661691));
#2136=CARTESIAN_POINT('',(0.0166026009490519,-0.0160639174019205,-0.0202086592650345));
#2137=CARTESIAN_POINT('',(0.0166596558432537,-0.0162010022053144,-0.0198796945755321));
#2138=CARTESIAN_POINT('',(0.0168839278862884,-0.016358953303487,-0.0196488748109567));
#2139=CARTESIAN_POINT('',(0.0171737317754549,-0.0165751631756956,-0.0196101752257046));
#2140=CARTESIAN_POINT('',(0.0173078880003333,-0.0168905299402243,-0.0197374971337993));
#2141=CARTESIAN_POINT('',(0.0172287519715423,-0.0172314333935362,-0.0198261692462959));
#2142=CARTESIAN_POINT('',(0.0170267053630374,-0.0175206217942431,-0.0197659288585141));
#2143=CARTESIAN_POINT('',(0.0167058307799385,-0.0176496325656106,-0.0196223207845086));
#2144=CARTESIAN_POINT('',(0.0163672064982432,-0.0174827783375379,-0.0196318466054879));
#2145=CARTESIAN_POINT('',(0.0161596802330857,-0.0172731934061296,-0.0198418288129497));
#2146=CARTESIAN_POINT('',(0.0160604852453685,-0.0171770355732161,-0.020173575743745));
#2147=CARTESIAN_POINT('',(0.0161626876628334,-0.0171511577479167,-0.02052290297267));
#2148=CARTESIAN_POINT('',(0.0164489955871322,-0.0170400179922316,-0.0207228608435208));
#2149=CARTESIAN_POINT('',(0.016697071101312,-0.016780655471277,-0.0207671260335391));
#2150=CARTESIAN_POINT('',(0.0167806168096378,-0.0164339745046074,-0.0207388257911696));
#2151=CARTESIAN_POINT('',(0.016702252944318,-0.0161072152852319,-0.020570383661691));
#2152=CARTESIAN_POINT('',(0.0167536318806969,-0.0164372947958231,-0.0207154688099847));
#2153=CARTESIAN_POINT('',(0.0169443381058195,-0.0170102239393162,0.0110149697727536));
#2154=CARTESIAN_POINT('',(0.0170399369585277,-0.0166918041360168,0.0109515955454683));
#2155=CARTESIAN_POINT('',(0.0169508205801995,-0.0163794435275033,0.010845838320242));
#2156=CARTESIAN_POINT('',(0.0167042188019613,-0.0161424521805645,0.0108694963582382));
#2157=CARTESIAN_POINT('',(0.0164879907342972,-0.0159747210469158,0.0110684607085166));
#2158=CARTESIAN_POINT('',(0.0164039885628408,-0.0158474018096288,0.0113687345970255));
#2159=CARTESIAN_POINT('',(0.0164535656719849,-0.015874517924575,0.0117177820166769));
#2160=CARTESIAN_POINT('',(0.016499688824269,-0.0161683222271257,0.0119122607138779));
#2161=CARTESIAN_POINT('',(0.0164091585379819,-0.0164918053516937,0.0119525244484115));
#2162=CARTESIAN_POINT('',(0.0161862421857966,-0.0167423578751148,0.0119074351493767));
#2163=CARTESIAN_POINT('',(0.0159283151167179,-0.0168705246926757,0.0117216413755321));
#2164=CARTESIAN_POINT('',(0.0158244445484029,-0.0169207001946113,0.0113984113382115));
#2165=CARTESIAN_POINT('',(0.0159087704781821,-0.0170173385210853,0.0110843751246936));
#2166=CARTESIAN_POINT('',(0.0161018844747834,-0.0172027516988782,0.0108760455832923));
#2167=CARTESIAN_POINT('',(0.0164137031307485,-0.0173651305387173,0.010842312919421));
#2168=CARTESIAN_POINT('',(0.0167339657893055,-0.017271067103666,0.0109585290394136));
#2169=CARTESIAN_POINT('',(0.0169443381058195,-0.0170102239393162,0.0110149697727536));
#2170=CARTESIAN_POINT('',(0.0170399369585277,-0.0166918041360168,0.0109515955454683));
#2171=CARTESIAN_POINT('',(0.0169508205801995,-0.0163794435275033,0.010845838320242));
#2172=CARTESIAN_POINT('',(0.0170091510866883,-0.0166928140018145,0.0109445317124782));
#2173=CARTESIAN_POINT('',(0.0207385368987321,-0.0204496161061426,-0.00425137241463903));
#2174=CARTESIAN_POINT('',(0.020741193293147,-0.0204500256239338,-0.00451136900551231));
#2175=CARTESIAN_POINT('',(0.0207328053769848,-0.0202883743371846,-0.00470519895826621));
#2176=CARTESIAN_POINT('',(0.0206484098114419,-0.0200568526253227,-0.00492153689149497));
#2177=CARTESIAN_POINT('',(0.0202997109997347,-0.0197747901342232,-0.00503745641325814));
#2178=CARTESIAN_POINT('',(0.0199059621044614,-0.0198500927760366,-0.00483291356180689));
#2179=CARTESIAN_POINT('',(0.0196853338755144,-0.0200237669900147,-0.00464958381746254));
#2180=CARTESIAN_POINT('',(0.0195604751378093,-0.0202506908182663,-0.00465403877708155));
#2181=CARTESIAN_POINT('',(0.0195423347056908,-0.0204600675321163,-0.0047922839063257));
#2182=CARTESIAN_POINT('',(0.0196002775510327,-0.0207389680870873,-0.00495424655449105));
#2183=CARTESIAN_POINT('',(0.0199354907891969,-0.0210482743389563,-0.00502232071906845));
#2184=CARTESIAN_POINT('',(0.0203017413638049,-0.02101829964448,-0.00476394626958796));
#2185=CARTESIAN_POINT('',(0.0204839563604195,-0.0209132726513092,-0.00450478962409284));
#2186=CARTESIAN_POINT('',(0.0204787618439044,-0.020914384328854,-0.00424523458084293));
#2187=CARTESIAN_POINT('',(0.0203337411074888,-0.0209891864336914,-0.00405396799958313));
#2188=CARTESIAN_POINT('',(0.0200896740348379,-0.0210348201149224,-0.00384239468583985));
#2189=CARTESIAN_POINT('',(0.0196666486495471,-0.020884861246627,-0.00373595649978273));
#2190=CARTESIAN_POINT('',(0.0195253840656874,-0.0205134629863513,-0.00394758089097584));
#2191=CARTESIAN_POINT('',(0.0195597587932483,-0.0202384908130967,-0.00413246248643601));
#2192=CARTESIAN_POINT('',(0.0196868542506835,-0.0200126658675637,-0.0041278700968617));
#2193=CARTESIAN_POINT('',(0.0198530735522209,-0.0198851700481327,-0.00398812314499889));
#2194=CARTESIAN_POINT('',(0.020116170323775,-0.0197844964942398,-0.00382344615466554));
#2195=CARTESIAN_POINT('',(0.0205560613035775,-0.0199033743568347,-0.00374419516722189));
#2196=CARTESIAN_POINT('',(0.0207272293361028,-0.0202353830809843,-0.00399570998842346));
#2197=CARTESIAN_POINT('',(0.0207385368987321,-0.0204496161061426,-0.00425137241463903));
#2198=CARTESIAN_POINT('',(0.020741193293147,-0.0204500256239338,-0.00451136900551231));
#2199=CARTESIAN_POINT('',(0.0207328053769848,-0.0202883743371846,-0.00470519895826621));
#2200=CARTESIAN_POINT('',(0.0207393525747175,-0.0204230154898437,-0.00450034123249241));
#2201=CARTESIAN_POINT('',(0.019764307182269,-0.0199675567591858,0.00323436343685654));
#2202=CARTESIAN_POINT('',(0.019934992801158,-0.0195672246836092,0.00314392358121877));
#2203=CARTESIAN_POINT('',(0.0198222160545938,-0.0191920164386291,0.0029219104969547));
#2204=CARTESIAN_POINT('',(0.0194289998978136,-0.0189667846451994,0.00294373631230807));
#2205=CARTESIAN_POINT('',(0.0190957510784364,-0.0189316683855618,0.00324792278788505));
#2206=CARTESIAN_POINT('',(0.0191056826083038,-0.0188008048358088,0.00366896246623728));
#2207=CARTESIAN_POINT('',(0.0193723298096633,-0.0187710944498034,0.00403616432703773));
#2208=CARTESIAN_POINT('',(0.0196485304810973,-0.0191159647197525,0.00416286569029734));
#2209=CARTESIAN_POINT('',(0.019676135121823,-0.0195545234676836,0.00407921092308463));
#2210=CARTESIAN_POINT('',(0.0193932813986558,-0.0198941685626955,0.00412272635885798));
#2211=CARTESIAN_POINT('',(0.0189432391687348,-0.0199606152120539,0.00414319342535727));
#2212=CARTESIAN_POINT('',(0.0186279764906121,-0.0197956371024344,0.0038605167699053));
#2213=CARTESIAN_POINT('',(0.018628533472961,-0.0196461832005487,0.00343158465668126));
#2214=CARTESIAN_POINT('',(0.0187492960149268,-0.0198481838674625,0.00305567514306705));
#2215=CARTESIAN_POINT('',(0.0190214312690217,-0.0201750297667368,0.00289032309125967));
#2216=CARTESIAN_POINT('',(0.0194576172346465,-0.0202248397482233,0.00302955143260917));
#2217=CARTESIAN_POINT('',(0.019764307182269,-0.0199675567591858,0.00323436343685654));
#2218=CARTESIAN_POINT('',(0.019934992801158,-0.0195672246836092,0.00314392358121877));
#2219=CARTESIAN_POINT('',(0.0198222160545938,-0.0191920164386291,0.0029219104969547));
#2220=CARTESIAN_POINT('',(0.0198877490735825,-0.0195714119887086,0.00312199470978106));
#2221=CARTESIAN_POINT('',(0.00556162921966765,-0.00527780586900775,-0.0291239082414265));
#2222=CARTESIAN_POINT('',(0.00570880730672382,-0.00543338725692003,-0.029081246374884));
#2223=CARTESIAN_POINT('',(0.00601784918665795,-0.00573454374179243,-0.0290051038003076));
#2224=CARTESIAN_POINT('',(0.00642269573179429,-0.00609228155099113,-0.0289211009861043));
#2225=CARTESIAN_POINT('',(0.00675428358072617,-0.00637134218371805,-0.0288635329639744));
#2226=CARTESIAN_POINT('',(0.00700700867974451,-0.00657777956150685,-0.0288295253471567));
#2227=CARTESIAN_POINT('',(0.00722119986226035,-0.00674787925855429,-0.028811787911953));
#2228=CARTESIAN_POINT('',(0.00739403373105302,-0.00688113106420818,-0.0288233239375183));
#2229=CARTESIAN_POINT('',(0.0075037207862729,-0.00696394966380038,-0.0288410956647656));
#2230=CARTESIAN_POINT('',(0.00757808221316736,-0.00701543719306673,-0.0289214326827472));
#2231=CARTESIAN_POINT('',(0.00755446668297176,-0.00699181095623807,-0.029037787129208));
#2232=CARTESIAN_POINT('',(0.00744649068390014,-0.00690646433093488,-0.0291689677438707));
#2233=CARTESIAN_POINT('',(0.00726886945335202,-0.00677181240632233,-0.0293241157043371));
#2234=CARTESIAN_POINT('',(0.00704080627300522,-0.0066048111017839,-0.0294782672784745));
#2235=CARTESIAN_POINT('',(0.00672390363423808,-0.00637933801451187,-0.0296631322505814));
#2236=CARTESIAN_POINT('',(0.00630893008718171,-0.00609703740018178,-0.0298616380754701));
#2237=CARTESIAN_POINT('',(0.00596042467653578,-0.00587878036403842,-0.0299922120049125));
#2238=CARTESIAN_POINT('',(0.00578095282462655,-0.00577368293714394,-0.0300492402187309));
#2239=CARTESIAN_POINT('',(0.00578095282462654,-0.00577368293714395,-0.0300492402187309));
#2240=CARTESIAN_POINT('',(0.00446514334307069,-0.00536829191057289,-0.0292828274567131));
#2241=CARTESIAN_POINT('',(0.00450179758594394,-0.00547427692934887,-0.0293235523072219));
#2242=CARTESIAN_POINT('',(0.00453919802277124,-0.00557664301051347,-0.0293782135700411));
#2243=CARTESIAN_POINT('',(0.00457438700790561,-0.0056544324760959,-0.0294642239780946));
#2244=CARTESIAN_POINT('',(0.00458538980689028,-0.00566877872154481,-0.0294693636637304));
#2245=CARTESIAN_POINT('',(0.00467061405131804,-0.0057554169929734,-0.0294539741060805));
#2246=CARTESIAN_POINT('',(0.00475443850484693,-0.00584499056524752,-0.0294475242931181));
#2247=CARTESIAN_POINT('',(0.00483725313455098,-0.00593451362758353,-0.0294482441955973));
#2248=CARTESIAN_POINT('',(0.00483725313455096,-0.00593451362758353,-0.0294482441955974));
#2249=CARTESIAN_POINT('',(0.00483725313455065,-0.00593451362758296,-0.0294482441955974));
#2250=CARTESIAN_POINT('',(0.00500938088321315,-0.00609788041512335,-0.0293800166483522));
#2251=CARTESIAN_POINT('',(0.00535587551161293,-0.00643637478716645,-0.0292742323137332));
#2252=CARTESIAN_POINT('',(0.00577972550251083,-0.00687449910515463,-0.0291761928318545));
#2253=CARTESIAN_POINT('',(0.00611887347099945,-0.00722789975519275,-0.0291123707373926));
#2254=CARTESIAN_POINT('',(0.00637545984565467,-0.00749304988949036,-0.0290743036444663));
#2255=CARTESIAN_POINT('',(0.00659273565980565,-0.0077118694951371,-0.0290543249019325));
#2256=CARTESIAN_POINT('',(0.00677472761289087,-0.00788259036953555,-0.0290576681390079));
#2257=CARTESIAN_POINT('',(0.00688884505537703,-0.00798014143262531,-0.0290738951554645));
#2258=CARTESIAN_POINT('',(0.00699586610208623,-0.00804897232337638,-0.0291217300048806));
#2259=CARTESIAN_POINT('',(0.00704731400474297,-0.00801022135298136,-0.0292422545158206));
#2260=CARTESIAN_POINT('',(0.00699140891064765,-0.00788271135625179,-0.0293363159783239));
#2261=CARTESIAN_POINT('',(0.00692766380553937,-0.00774360653434951,-0.0294306660826121));
#2262=CARTESIAN_POINT('',(0.00682278114637112,-0.00754848355171955,-0.0295379128004838));
#2263=CARTESIAN_POINT('',(0.00668346994750482,-0.00730465040705548,-0.0296517787408355));
#2264=CARTESIAN_POINT('',(0.00644759536088837,-0.00690677088884526,-0.0298063357204373));
#2265=CARTESIAN_POINT('',(0.00614227013031972,-0.00639939399052264,-0.0299560543009361));
#2266=CARTESIAN_POINT('',(0.00590051732220716,-0.00598501819471584,-0.0300291641207503));
#2267=CARTESIAN_POINT('',(0.00578095282462654,-0.00577368293714395,-0.0300492402187309));
#2268=CARTESIAN_POINT('',(0.00578095282462651,-0.00577368293714393,0.0207403839921581));
#2269=CARTESIAN_POINT('',(0.0059969300392267,-0.00590015764212327,0.0206717559892535));
#2270=CARTESIAN_POINT('',(0.00631050989446349,-0.00609906581163,0.0205509486799743));
#2271=CARTESIAN_POINT('',(0.00670987307977549,-0.00637028410144215,0.0203588055555243));
#2272=CARTESIAN_POINT('',(0.00699961254807809,-0.00657477599536346,0.0201966022573516));
#2273=CARTESIAN_POINT('',(0.00723061371442738,-0.00674358060725628,0.0200421676916282));
#2274=CARTESIAN_POINT('',(0.007404405605368,-0.00687443569771827,0.0198989518988177));
#2275=CARTESIAN_POINT('',(0.00750206215356736,-0.00695021509895081,0.0197942883269278));
#2276=CARTESIAN_POINT('',(0.00756865204739346,-0.00700416168551775,0.0196928235538481));
#2277=CARTESIAN_POINT('',(0.00756982123721604,-0.0070109080506281,0.0195827198336257));
#2278=CARTESIAN_POINT('',(0.00748874722851603,-0.0069522723144855,0.0195365629415397));
#2279=CARTESIAN_POINT('',(0.00738970640313679,-0.00687786848043921,0.0195120491719236));
#2280=CARTESIAN_POINT('',(0.0072596182787832,-0.00677757795694344,0.0195054440696649));
#2281=CARTESIAN_POINT('',(0.00705790272338338,-0.0066185101300224,0.0195148249797402));
#2282=CARTESIAN_POINT('',(0.00680828959014197,-0.00641634208144631,0.0195459325117142));
#2283=CARTESIAN_POINT('',(0.00641589822532137,-0.00608747786087941,0.0196125552473491));
#2284=CARTESIAN_POINT('',(0.0059386313818788,-0.00566361675248335,0.0197133020269239));
#2285=CARTESIAN_POINT('',(0.00540155731680124,-0.00512585606980431,0.0198516403848232));
#2286=CARTESIAN_POINT('',(0.00509629723161153,-0.00473543334951505,0.0199788599142813));
#2287=CARTESIAN_POINT('',(0.00495801595545014,-0.00453849589591756,0.020072813386935));
#2288=CARTESIAN_POINT('',(0.00578095282462652,-0.00577368293714393,0.0207403839921581));
#2289=CARTESIAN_POINT('',(0.00578095282462652,-0.00577368293714392,0.0207403839921581));
#2290=CARTESIAN_POINT('',(0.00590212594364986,-0.00598786150049479,0.020720037790239));
#2291=CARTESIAN_POINT('',(0.00614711235499295,-0.00640762339237059,0.0206455064896504));
#2292=CARTESIAN_POINT('',(0.00645586989963505,-0.00692040777183151,0.0204930821940363));
#2293=CARTESIAN_POINT('',(0.00669310158733293,-0.00732126286894821,0.0203358362230397));
#2294=CARTESIAN_POINT('',(0.00683521380989799,-0.00757001591174862,0.0202187349698473));
#2295=CARTESIAN_POINT('',(0.00693734463878242,-0.00776395384373418,0.0201087638463274));
#2296=CARTESIAN_POINT('',(0.00699437381923864,-0.00788503465992061,0.0200279069570573));
#2297=CARTESIAN_POINT('',(0.0070246597876039,-0.00797420325634796,0.0199510399368321));
#2298=CARTESIAN_POINT('',(0.00703434401945536,-0.00804149357966807,0.019874116103932));
#2299=CARTESIAN_POINT('',(0.00696770402778332,-0.00803449333277399,0.0197951825150463));
#2300=CARTESIAN_POINT('',(0.00686804401319061,-0.00796220858496521,0.0197622771828952));
#2301=CARTESIAN_POINT('',(0.00675302122101616,-0.0078631784454578,0.019746992414058));
#2302=CARTESIAN_POINT('',(0.00657528638515195,-0.00769425737191255,0.01974706423437));
#2303=CARTESIAN_POINT('',(0.00636059291495151,-0.00747790617992348,0.0197672042381824));
#2304=CARTESIAN_POINT('',(0.00610650371888679,-0.00721499039850932,0.0198057115297222));
#2305=CARTESIAN_POINT('',(0.00577061324828213,-0.00686503747803327,0.0198693182374454));
#2306=CARTESIAN_POINT('',(0.00535057277996963,-0.0064311115410475,0.0199668904775594));
#2307=CARTESIAN_POINT('',(0.00500788629778202,-0.00609646190112753,0.0200717528416474));
#2308=CARTESIAN_POINT('',(0.00483725313455091,-0.00593451362758345,0.0201393879690246));
#2309=CARTESIAN_POINT('',(0.00483725313455091,-0.00593451362758346,0.0201393879690246));
#2310=CARTESIAN_POINT('',(0.00483725313455092,-0.00593451362758345,0.0201393879690246));
#2311=CARTESIAN_POINT('',(0.0047540256863671,-0.00584454430623948,0.0201386644779397));
#2312=CARTESIAN_POINT('',(0.00467060122430327,-0.00575540395313478,0.0201451201957744));
#2313=CARTESIAN_POINT('',(0.00458538980689035,-0.0056687787215448,0.0201605074371576));
#2314=CARTESIAN_POINT('',(0.00458538980689035,-0.0056687787215448,0.0201605074371576));
#2315=CARTESIAN_POINT('',(0.00458538980689036,-0.00566877872154481,0.0201605074371576));
#2316=CARTESIAN_POINT('',(0.00458172458547502,-0.00566400861841979,0.020158750917091));
#2317=CARTESIAN_POINT('',(0.00457805723326823,-0.00565922618765328,0.0201570381824438));
#2318=CARTESIAN_POINT('',(0.00457438700790556,-0.0056544324760958,0.0201553677515217));
#2319=CARTESIAN_POINT('',(0.00457438700790556,-0.00565443247609579,0.0201553677515217));
#2320=CARTESIAN_POINT('',(0.00457438700790556,-0.00565443247609582,0.0201553677515217));
#2321=CARTESIAN_POINT('',(0.00454278354103903,-0.00558456922801657,0.0200781212190992));
#2322=CARTESIAN_POINT('',(0.00447474782110882,-0.00540243299180152,0.0199731634123351));
#2323=CARTESIAN_POINT('',(0.004394475380096,-0.00515573192432278,0.0199068204655732));
#2324=CARTESIAN_POINT('',(0.00432606108726563,-0.0049506245264817,0.0198796171778401));
#2325=CARTESIAN_POINT('',(0.00427897992803938,-0.00479909828567197,0.0198710446195697));
#2326=CARTESIAN_POINT('',(0.00418402964827292,-0.00464713283619382,0.019879648319319));
#2327=CARTESIAN_POINT('',(0.00406842192056672,-0.00467593490083802,0.0199200251489057));
#2328=CARTESIAN_POINT('',(0.00402082126429713,-0.00468490648287151,0.0199439284495543));
#2329=CARTESIAN_POINT('',(0.00402082126429712,-0.00468490648287137,0.0199439284495543));
#2330=CARTESIAN_POINT('',(0.00425946249970169,-0.00453712541482787,0.0204674235466588));
#2331=CARTESIAN_POINT('',(0.00309473438509131,-0.00526237209121802,0.0179353307180989));
#2332=CARTESIAN_POINT('',(0.00402082126429712,-0.00468490648287137,0.0199439284495543));
#2333=CARTESIAN_POINT('',(0.00407635288510841,-0.00462555862307299,0.019921941010425));
#2334=CARTESIAN_POINT('',(0.00413301666808925,-0.00456585611051407,0.0199044332280629));
#2335=CARTESIAN_POINT('',(0.00419067375032311,-0.0045058424443664,0.0198908556597992));
#2336=CARTESIAN_POINT('',(0.0041906737503231,-0.00450584244436641,0.0198908556597992));
#2337=CARTESIAN_POINT('',(0.00297997399174787,-0.0043244271871337,0.0118701199892943));
#2338=CARTESIAN_POINT('',(0.00421920217234039,-0.00451011723750323,0.0200798529157057));
#2339=CARTESIAN_POINT('',(0.00421920217234039,-0.00451011723750325,0.0200798529157058));
#2340=CARTESIAN_POINT('',(0.0042254280686491,-0.00450429579520632,0.0200821831963812));
#2341=CARTESIAN_POINT('',(0.00423165037490264,-0.00449848426538851,0.0200845499039975));
#2342=CARTESIAN_POINT('',(0.00423786911239514,-0.00449268258925478,0.0200869528224913));
#2343=CARTESIAN_POINT('',(0.00432908465351951,-0.0056870270041533,-0.0046544281132864));
#2344=CARTESIAN_POINT('',(0.00482119964556746,-0.0257935537464368,0.0113912360962045));
#2345=CARTESIAN_POINT('',(0.00499394616837276,-0.0256446564416495,0.010990645935009));
#2346=CARTESIAN_POINT('',(0.00481237934339666,-0.0252484267122585,0.0108386503305753));
#2347=CARTESIAN_POINT('',(0.00458195085253832,-0.0250231249476063,0.010875082022697));
#2348=CARTESIAN_POINT('',(0.00435665044920999,-0.0249001535842975,0.0109320652387973));
#2349=CARTESIAN_POINT('',(0.00411459722759292,-0.0249909844802256,0.0108872393909594));
#2350=CARTESIAN_POINT('',(0.00387837356875066,-0.025208074467417,0.0108361904538835));
#2351=CARTESIAN_POINT('',(0.003665151100941,-0.0255983581815869,0.0109486410066405));
#2352=CARTESIAN_POINT('',(0.00381239455639857,-0.0257881588166953,0.0113451280589535));
#2353=CARTESIAN_POINT('',(0.00398440744235926,-0.0257640850973172,0.0116165649850786));
#2354=CARTESIAN_POINT('',(0.0041007791744514,-0.0256638912504178,0.0118312435492897));
#2355=CARTESIAN_POINT('',(0.00400302232483719,-0.0254740071124009,0.0119852298652812));
#2356=CARTESIAN_POINT('',(0.00383232928625478,-0.025218493727085,0.0120741284275282));
#2357=CARTESIAN_POINT('',(0.00366410584278006,-0.0247926081233059,0.0120075184055757));
#2358=CARTESIAN_POINT('',(0.00385101538582739,-0.0245829283446058,0.0116368332211756));
#2359=CARTESIAN_POINT('',(0.00407625339208541,-0.0245833858921055,0.011408076592965));
#2360=CARTESIAN_POINT('',(0.00430025194206685,-0.0246184970492208,0.011272839703494));
#2361=CARTESIAN_POINT('',(0.00454284260796138,-0.0245901610673066,0.0113725253880465));
#2362=CARTESIAN_POINT('',(0.00477301479455385,-0.024574381622518,0.011595103947782));
#2363=CARTESIAN_POINT('',(0.00499258111815225,-0.0247417220866858,0.0119686121212007));
#2364=CARTESIAN_POINT('',(0.00484984516653521,-0.025171894701053,0.0120782064335453));
#2365=CARTESIAN_POINT('',(0.00468405312439215,-0.0254357463145689,0.0120028400793295));
#2366=CARTESIAN_POINT('',(0.00456013941193743,-0.0256278700423776,0.0118730293044057));
#2367=CARTESIAN_POINT('',(0.00464379437936409,-0.0257531915703707,0.0116577102916718));
#2368=CARTESIAN_POINT('',(0.00482119964556746,-0.0257935537464368,0.0113912360962045));
#2369=CARTESIAN_POINT('',(0.00499394616837276,-0.0256446564416495,0.010990645935009));
#2370=CARTESIAN_POINT('',(0.00481237934339666,-0.0252484267122585,0.0108386503305753));
#2371=CARTESIAN_POINT('',(0.0049230834988165,-0.0255951899567288,0.0110403648463613));
#2372=CARTESIAN_POINT('',(0.00487204004800135,-0.0307333035849397,-0.00384281843935754));
#2373=CARTESIAN_POINT('',(0.00494716542470338,-0.0310277765400527,-0.00376748878188057));
#2374=CARTESIAN_POINT('',(0.00487779924608401,-0.0312942221492146,-0.00383633402053739));
#2375=CARTESIAN_POINT('',(0.0047309102807002,-0.0314846275401671,-0.00398137803192522));
#2376=CARTESIAN_POINT('',(0.00458189286973153,-0.0315772669341816,-0.00412980563514384));
#2377=CARTESIAN_POINT('',(0.00447022464456919,-0.0316131096279948,-0.00423823779968915));
#2378=CARTESIAN_POINT('',(0.00440534005634574,-0.0316251938994147,-0.00430563468745195));
#2379=CARTESIAN_POINT('',(0.00436477482957217,-0.0316291563901273,-0.00433752531322802));
#2380=CARTESIAN_POINT('',(0.00433150817079619,-0.0316305938059068,-0.0043870525911204));
#2381=CARTESIAN_POINT('',(0.00429396021979381,-0.0316293311290132,-0.00434085963798412));
#2382=CARTESIAN_POINT('',(0.00423742116561274,-0.0316236848163204,-0.00429075731725664));
#2383=CARTESIAN_POINT('',(0.00411944629822644,-0.031596657194068,-0.0041699077739454));
#2384=CARTESIAN_POINT('',(0.0039632260552484,-0.0315146207956813,-0.00401780946349412));
#2385=CARTESIAN_POINT('',(0.00380159623006914,-0.0313362691499802,-0.00385715931791936));
#2386=CARTESIAN_POINT('',(0.00371278235064834,-0.031067127533082,-0.00376922334078572));
#2387=CARTESIAN_POINT('',(0.00376600028399613,-0.0307762351133656,-0.00382285653465795));
#2388=CARTESIAN_POINT('',(0.00391818115403002,-0.0305801853814363,-0.00397614571890545));
#2389=CARTESIAN_POINT('',(0.00407187708305222,-0.0304894344127125,-0.00413259971286374));
#2390=CARTESIAN_POINT('',(0.00418623646840733,-0.030456182412616,-0.00424645307186499));
#2391=CARTESIAN_POINT('',(0.00425297710595414,-0.0304457446040257,-0.00431671096834647));
#2392=CARTESIAN_POINT('',(0.00429368262619642,-0.0304426012747799,-0.0043504767509561));
#2393=CARTESIAN_POINT('',(0.0043293247063543,-0.0304423254051473,-0.00440109534884967));
#2394=CARTESIAN_POINT('',(0.00436586149004982,-0.0304426388993636,-0.00434890133739763));
#2395=CARTESIAN_POINT('',(0.00442453275996048,-0.0304473283706807,-0.00429940814210403));
#2396=CARTESIAN_POINT('',(0.00454453095295854,-0.0304719797047152,-0.00417121261907525));
#2397=CARTESIAN_POINT('',(0.00470408632065741,-0.0305513890851312,-0.00401366937829323));
#2398=CARTESIAN_POINT('',(0.00487204004800135,-0.0307333035849397,-0.00384281843935754));
#2399=CARTESIAN_POINT('',(0.00494716542470338,-0.0310277765400527,-0.00376748878188057));
#2400=CARTESIAN_POINT('',(0.00487779924608401,-0.0312942221492146,-0.00383633402053739));
#2401=CARTESIAN_POINT('',(0.00492308349881646,-0.0310231053157275,-0.0037915179312362));
#2402=CARTESIAN_POINT('',(0.00487961554185424,-0.0301032362908394,0.00309694745875502));
#2403=CARTESIAN_POINT('',(0.00494487239964672,-0.0298705241703976,0.00295102623790468));
#2404=CARTESIAN_POINT('',(0.00487939585245776,-0.0295964869928362,0.00292725682647534));
#2405=CARTESIAN_POINT('',(0.00473374714101919,-0.0293774527157533,0.00300839375803174));
#2406=CARTESIAN_POINT('',(0.00458961518400458,-0.0292470791369801,0.00312380307427218));
#2407=CARTESIAN_POINT('',(0.00447400510344991,-0.0291703815821487,0.00323292965015953));
#2408=CARTESIAN_POINT('',(0.00439558792099178,-0.0291174597345702,0.00334947536757305));
#2409=CARTESIAN_POINT('',(0.00448529882951049,-0.0290926511747626,0.00346859895494657));
#2410=CARTESIAN_POINT('',(0.00459622184716859,-0.0290880529973101,0.00360126859445166));
#2411=CARTESIAN_POINT('',(0.00474059535904255,-0.0291226777362988,0.0037733583364153));
#2412=CARTESIAN_POINT('',(0.00488209653987318,-0.0292467028240722,0.00397116836836481));
#2413=CARTESIAN_POINT('',(0.00494481184222415,-0.0294788207989205,0.00411869995400308));
#2414=CARTESIAN_POINT('',(0.00487695943398994,-0.0297523043280858,0.00414070241715244));
#2415=CARTESIAN_POINT('',(0.00473376155257472,-0.0299718759681318,0.00406697757205884));
#2416=CARTESIAN_POINT('',(0.00458338670781963,-0.0301064298556539,0.00396045804646296));
#2417=CARTESIAN_POINT('',(0.00445750858491153,-0.0301806802523158,0.0038686497183789));
#2418=CARTESIAN_POINT('',(0.00433389086095736,-0.0302238111308863,0.00379133639451312));
#2419=CARTESIAN_POINT('',(0.00420652963849926,-0.0301841549583526,0.00386326552446848));
#2420=CARTESIAN_POINT('',(0.00407827341289641,-0.0301088883061569,0.00395854831922731));
#2421=CARTESIAN_POINT('',(0.00392736226364694,-0.0299755728763402,0.00406494532967864));
#2422=CARTESIAN_POINT('',(0.00378177386928805,-0.0297541453765685,0.00414078819962378));
#2423=CARTESIAN_POINT('',(0.003713043107941,-0.0294790464111502,0.00411912178762073));
#2424=CARTESIAN_POINT('',(0.00377675820726467,-0.0292444838685096,0.00396957050349604));
#2425=CARTESIAN_POINT('',(0.00392143441709463,-0.0291206417539855,0.0037687806797967));
#2426=CARTESIAN_POINT('',(0.00406594351952094,-0.0290875183408568,0.00359545471644433));
#2427=CARTESIAN_POINT('',(0.00418099205453202,-0.0290933121232989,0.0034608536253153));
#2428=CARTESIAN_POINT('',(0.00426318015353904,-0.0291217047147763,0.00333676304895916));
#2429=CARTESIAN_POINT('',(0.00417493165246853,-0.0291751176371524,0.00322531166521292));
#2430=CARTESIAN_POINT('',(0.00406222360820409,-0.0292528184511243,0.00311745678586421));
#2431=CARTESIAN_POINT('',(0.0039169641465554,-0.0293855444694252,0.00300348304288626));
#2432=CARTESIAN_POINT('',(0.00377369548769421,-0.0296077838411919,0.00292560012672544));
#2433=CARTESIAN_POINT('',(0.0037133607744759,-0.0298824985653281,0.00295521232416693));
#2434=CARTESIAN_POINT('',(0.00378409247829107,-0.0301122207333276,0.00310549436127338));
#2435=CARTESIAN_POINT('',(0.00393058884476999,-0.0302403201004861,0.00329825403244036));
#2436=CARTESIAN_POINT('',(0.00408276932522345,-0.0302804726773018,0.00346197253210196));
#2437=CARTESIAN_POINT('',(0.00421105168955432,-0.0302808745536962,0.00358304829044721));
#2438=CARTESIAN_POINT('',(0.00434012515570724,-0.030269057931505,0.0036582164656271));
#2439=CARTESIAN_POINT('',(0.0044603572678628,-0.0302821641174526,0.00356883152668874));
#2440=CARTESIAN_POINT('',(0.0045872188693842,-0.0302783900803133,0.00345143336748903));
#2441=CARTESIAN_POINT('',(0.00473712706183948,-0.0302351121022703,0.00328622999753432));
#2442=CARTESIAN_POINT('',(0.00487961554185424,-0.0301032362908394,0.00309694745875502));
#2443=CARTESIAN_POINT('',(0.00494487239964672,-0.0298705241703976,0.00295102623790468));
#2444=CARTESIAN_POINT('',(0.00487939585245776,-0.0295964869928362,0.00292725682647534));
#2445=CARTESIAN_POINT('',(0.00492308349881647,-0.0298636366608779,0.00297138487280825));
#2446=CARTESIAN_POINT('',(0.00441488067172562,-0.00556034424076469,0.0212837700790035));
#2447=CARTESIAN_POINT('',(0.00448211257792751,-0.00582743977541667,0.0212752611227461));
#2448=CARTESIAN_POINT('',(0.00458525156860636,-0.00636827778741446,0.0212343186330883));
#2449=CARTESIAN_POINT('',(0.00469251662340716,-0.00704082823262671,0.0211382324391727));
#2450=CARTESIAN_POINT('',(0.00477091089221033,-0.00757602914627813,0.0210281490020142));
#2451=CARTESIAN_POINT('',(0.00482628471609877,-0.00797324661855904,0.0209245176611544));
#2452=CARTESIAN_POINT('',(0.00486932732734851,-0.00829724013968815,0.02081764364234));
#2453=CARTESIAN_POINT('',(0.00490062888482773,-0.0085479318872103,0.0207014321645206));
#2454=CARTESIAN_POINT('',(0.00491774819466031,-0.00869238376767666,0.0206176306499165));
#2455=CARTESIAN_POINT('',(0.00492601491313083,-0.0087874474182093,0.0204933175239203));
#2456=CARTESIAN_POINT('',(0.00491330344113014,-0.00872269662317576,0.0203952656712789));
#2457=CARTESIAN_POINT('',(0.00489892948977118,-0.00862714519642284,0.0203551476612441));
#2458=CARTESIAN_POINT('',(0.00488016280576756,-0.00849772160122359,0.0203138182048968));
#2459=CARTESIAN_POINT('',(0.00485699658442388,-0.00832939789849495,0.0202828795837126));
#2460=CARTESIAN_POINT('',(0.00482106595130892,-0.00805898771263947,0.0202484210396655));
#2461=CARTESIAN_POINT('',(0.00477792434567003,-0.00771931057532281,0.0202231526081401));
#2462=CARTESIAN_POINT('',(0.00471240635002029,-0.00717427004008332,0.0201970710168517));
#2463=CARTESIAN_POINT('',(0.00463854417191936,-0.00649124091016772,0.0201781174032663));
#2464=CARTESIAN_POINT('',(0.00459426211080911,-0.00594372406129944,0.0201649530951766));
#2465=CARTESIAN_POINT('',(0.00458538980689036,-0.0056687787215448,0.0201605074371576));
#2466=CARTESIAN_POINT('',(0.00384999822232782,-0.00623429492057447,0.0210416540023556));
#2467=CARTESIAN_POINT('',(0.00391150383428515,-0.00601527532393534,0.0211302447725229));
#2468=CARTESIAN_POINT('',(0.00398079969990022,-0.00579014468981492,0.0211880733165667));
#2469=CARTESIAN_POINT('',(0.00406861614828817,-0.00556667307177192,0.0212298785881496));
#2470=CARTESIAN_POINT('',(0.00384999822232754,-0.00623429492057449,0.0210416540023558));
#2471=CARTESIAN_POINT('',(0.00457438700790555,-0.00565443247609578,0.0201553677515216));
#2472=CARTESIAN_POINT('',(0.00448299903214497,-0.00590473137210785,0.0201142599635082));
#2473=CARTESIAN_POINT('',(0.00433021436064988,-0.00642574906027862,0.0200856174185753));
#2474=CARTESIAN_POINT('',(0.00418253322299859,-0.00708257611812921,0.0200787199369335));
#2475=CARTESIAN_POINT('',(0.00407241993837163,-0.00761172526452267,0.0200844511863655));
#2476=CARTESIAN_POINT('',(0.00399227244374244,-0.00800855893494576,0.0200964622534249));
#2477=CARTESIAN_POINT('',(0.00392541032372725,-0.00833935369941484,0.0201165081321485));
#2478=CARTESIAN_POINT('',(0.00386985580225802,-0.00860151254762876,0.0201474576600182));
#2479=CARTESIAN_POINT('',(0.00383324060682332,-0.00876508227552088,0.0201766765539737));
#2480=CARTESIAN_POINT('',(0.00380116138022767,-0.0088883641665098,0.0202178820637325));
#2481=CARTESIAN_POINT('',(0.00377426188378035,-0.00898186726845317,0.0202603915261569));
#2482=CARTESIAN_POINT('',(0.00374287529660622,-0.00901225821274733,0.0203648328418082));
#2483=CARTESIAN_POINT('',(0.00373400583403432,-0.00890675366931009,0.0204680515433731));
#2484=CARTESIAN_POINT('',(0.00373529956517951,-0.00876591466174948,0.0205492090022914));
#2485=CARTESIAN_POINT('',(0.00374492382286471,-0.00851763050351492,0.0206566916654018));
#2486=CARTESIAN_POINT('',(0.00376291888349008,-0.00820271597614699,0.0207571835352833));
#2487=CARTESIAN_POINT('',(0.00379450319679066,-0.00768801556139899,0.0208846943067315));
#2488=CARTESIAN_POINT('',(0.00383300764019033,-0.00703133307207443,0.0209939527926927));
#2489=CARTESIAN_POINT('',(0.00385022994765624,-0.00649912759455963,0.0210363298664729));
#2490=CARTESIAN_POINT('',(0.00384999822232801,-0.00623429492057449,0.0210416540023558));
#2491=CARTESIAN_POINT('',(0.00416987137656235,-0.00521629135749411,-0.00465442811328638));
#2492=CARTESIAN_POINT('',(-0.00150945349001037,-0.0285976876683067,-0.0129365155107711));
#2493=CARTESIAN_POINT('',(-0.00132080877040826,-0.0281374792476675,-0.0128638091525746));
#2494=CARTESIAN_POINT('',(-0.00147748641714322,-0.0278611125159778,-0.0126027649639143));
#2495=CARTESIAN_POINT('',(-0.00172162459040075,-0.0277026509289796,-0.0124928812961878));
#2496=CARTESIAN_POINT('',(-0.00200337864111841,-0.0275949811763374,-0.0125728698520879));
#2497=CARTESIAN_POINT('',(-0.00232498585223721,-0.0275942703951272,-0.0128245749588103));
#2498=CARTESIAN_POINT('',(-0.00260453239777298,-0.0279975603773042,-0.0129503703745843));
#2499=CARTESIAN_POINT('',(-0.00256875757261327,-0.0283640225873455,-0.012773926454055));
#2500=CARTESIAN_POINT('',(-0.00253787393239935,-0.0285562051514682,-0.0125336196801967));
#2501=CARTESIAN_POINT('',(-0.00259245618351373,-0.0285922665201167,-0.0122272925118283));
#2502=CARTESIAN_POINT('',(-0.00270269540987952,-0.0283960596096206,-0.0118853249163987));
#2503=CARTESIAN_POINT('',(-0.0024868668374426,-0.0280057206474479,-0.0116563406636333));
#2504=CARTESIAN_POINT('',(-0.00212106187047635,-0.0278494445930642,-0.0117590373230313));
#2505=CARTESIAN_POINT('',(-0.00182047392844955,-0.0278883537378807,-0.0118282060256553));
#2506=CARTESIAN_POINT('',(-0.00157597742198058,-0.0280763475278559,-0.0117803838124151));
#2507=CARTESIAN_POINT('',(-0.00142584910664525,-0.0284367234556396,-0.0116574301144483));
#2508=CARTESIAN_POINT('',(-0.00155959324028235,-0.0288920326666313,-0.0118345644179813));
#2509=CARTESIAN_POINT('',(-0.00180094798623443,-0.0289520160997406,-0.0121589823874976));
#2510=CARTESIAN_POINT('',(-0.00189530884740129,-0.0288959588987366,-0.0124486612654388));
#2511=CARTESIAN_POINT('',(-0.00180427992216937,-0.0287924064713476,-0.0127301510291492));
#2512=CARTESIAN_POINT('',(-0.00150945349001037,-0.0285976876683067,-0.0129365155107711));
#2513=CARTESIAN_POINT('',(-0.00132080877040826,-0.0281374792476675,-0.0128638091525746));
#2514=CARTESIAN_POINT('',(-0.00147748641714322,-0.0278611125159778,-0.0126027649639143));
#2515=CARTESIAN_POINT('',(-0.00138358508635559,-0.0281589073047695,-0.0128237180412086));
#2516=CARTESIAN_POINT('',(-0.00143681899928151,-0.0239755793756298,-0.0200776755013765));
#2517=CARTESIAN_POINT('',(-0.00149743175962862,-0.0239622925995358,-0.0204465444803381));
#2518=CARTESIAN_POINT('',(-0.00144841613096685,-0.0242364237944825,-0.0207002424103953));
#2519=CARTESIAN_POINT('',(-0.00122897366423413,-0.0245195005573977,-0.0207607827052176));
#2520=CARTESIAN_POINT('',(-0.000899208752378254,-0.0246565432298055,-0.0207464032901695));
#2521=CARTESIAN_POINT('',(-0.000562102117763102,-0.0246212089255258,-0.0206129494510466));
#2522=CARTESIAN_POINT('',(-0.00039438386968932,-0.0245447542418632,-0.0202958931851786));
#2523=CARTESIAN_POINT('',(-0.000413188261551369,-0.0246107275242022,-0.0199390052688424));
#2524=CARTESIAN_POINT('',(-0.000472614610154207,-0.0248521708275749,-0.0196815856782986));
#2525=CARTESIAN_POINT('',(-0.000599339066430693,-0.0251912385515585,-0.0195980255032351));
#2526=CARTESIAN_POINT('',(-0.000902749439925175,-0.0253750793280998,-0.0197213882849272));
#2527=CARTESIAN_POINT('',(-0.00124352880894663,-0.0253057067369527,-0.0198290030788766));
#2528=CARTESIAN_POINT('',(-0.00153931646373343,-0.0251082386236863,-0.0197909370002032));
#2529=CARTESIAN_POINT('',(-0.00168622162668967,-0.0248055438324782,-0.0196499974734574));
#2530=CARTESIAN_POINT('',(-0.00160883340925135,-0.0244503598937557,-0.0196070235288313));
#2531=CARTESIAN_POINT('',(-0.00146570397116783,-0.0241624271003733,-0.0197756502748403));
#2532=CARTESIAN_POINT('',(-0.00143681899928151,-0.0239755793756298,-0.0200776755013765));
#2533=CARTESIAN_POINT('',(-0.00149743175962862,-0.0239622925995358,-0.0204465444803381));
#2534=CARTESIAN_POINT('',(-0.00144841613096685,-0.0242364237944825,-0.0207002424103953));
#2535=CARTESIAN_POINT('',(-0.00147916036146043,-0.0240101955947092,-0.0204273493055205));
#2536=CARTESIAN_POINT('',(-0.000463063839779954,-0.0247092235408863,0.0110601202966215));
#2537=CARTESIAN_POINT('',(-0.000320896797432967,-0.0243460094584627,0.0108389371492993));
#2538=CARTESIAN_POINT('',(-0.000349011590712581,-0.0240250808822992,0.0108695992455616));
#2539=CARTESIAN_POINT('',(-0.0003890776598651,-0.023805284614686,0.0109480271396158));
#2540=CARTESIAN_POINT('',(-0.000384476973849176,-0.0236187754442808,0.0111151698243419));
#2541=CARTESIAN_POINT('',(-0.000235718682483158,-0.0235583600832725,0.0114008377850856));
#2542=CARTESIAN_POINT('',(-9.83285528514865E-5,-0.0236800761128866,0.0117896801816515));
#2543=CARTESIAN_POINT('',(-0.000328191257157454,-0.0239649019546693,0.0120386029398533));
#2544=CARTESIAN_POINT('',(-0.000613710193399037,-0.024107506532738,0.0120555463767403));
#2545=CARTESIAN_POINT('',(-0.000849452790422883,-0.0241613974583327,0.0120223146575085));
#2546=CARTESIAN_POINT('',(-0.00107938514861269,-0.0240642687617078,0.0120159888578877));
#2547=CARTESIAN_POINT('',(-0.00125308115623734,-0.0237972586382217,0.0120603871113328));
#2548=CARTESIAN_POINT('',(-0.00133468246208568,-0.0234734116476715,0.0120458303703471));
#2549=CARTESIAN_POINT('',(-0.00127327894258748,-0.0232129355077954,0.0118507717409759));
#2550=CARTESIAN_POINT('',(-0.00116342291601144,-0.0231445423335763,0.0116414200008526));
#2551=CARTESIAN_POINT('',(-0.00104790033652214,-0.0231784835522525,0.0114350043007395));
#2552=CARTESIAN_POINT('',(-0.000948153038277223,-0.0232721948657293,0.0112427622005657));
#2553=CARTESIAN_POINT('',(-0.000920882804692774,-0.0234200694136753,0.0110422522968139));
#2554=CARTESIAN_POINT('',(-0.00112105127358448,-0.0236050292375457,0.0108573489460752));
#2555=CARTESIAN_POINT('',(-0.00145811069429693,-0.023868250339788,0.0108259683286441));
#2556=CARTESIAN_POINT('',(-0.00153640510393736,-0.0241949329081083,0.0111143290699426));
#2557=CARTESIAN_POINT('',(-0.00139585083375923,-0.0243502211057323,0.0113577540669468));
#2558=CARTESIAN_POINT('',(-0.00122859034092612,-0.0244344883764491,0.011512907582997));
#2559=CARTESIAN_POINT('',(-0.00100288127546493,-0.0245394914732405,0.0115362195467819));
#2560=CARTESIAN_POINT('',(-0.000756744572577437,-0.0246684407725583,0.0113736418444366));
#2561=CARTESIAN_POINT('',(-0.000463063839779954,-0.0247092235408863,0.0110601202966215));
#2562=CARTESIAN_POINT('',(-0.000320896797432967,-0.0243460094584627,0.0108389371492993));
#2563=CARTESIAN_POINT('',(-0.000349011590712581,-0.0240250808822992,0.0108695992455616));
#2564=CARTESIAN_POINT('',(-0.000339746198015983,-0.0242632475385697,0.0108639033912082));
#2565=CARTESIAN_POINT('',(-0.00186821885223542,-0.0299173118530194,-0.0049840429696895));
#2566=CARTESIAN_POINT('',(-0.0016997012343555,-0.0295561516803972,-0.0049944171735342));
#2567=CARTESIAN_POINT('',(-0.00177490549497772,-0.0292513082862065,-0.00480847600088465));
#2568=CARTESIAN_POINT('',(-0.00188109697954094,-0.0290811652059492,-0.00465430335008686));
#2569=CARTESIAN_POINT('',(-0.00207214648515807,-0.0289332735092047,-0.00446553534539064));
#2570=CARTESIAN_POINT('',(-0.00230187331419391,-0.0288805835203523,-0.00466191306228737));
#2571=CARTESIAN_POINT('',(-0.00250114354385966,-0.0289039607363279,-0.00481250899797979));
#2572=CARTESIAN_POINT('',(-0.00278626850582904,-0.0290366698521145,-0.00499670574905017));
#2573=CARTESIAN_POINT('',(-0.00296148207951119,-0.0293955507115693,-0.00498168606032072));
#2574=CARTESIAN_POINT('',(-0.00290041433164834,-0.0296936177491577,-0.00478179634607067));
#2575=CARTESIAN_POINT('',(-0.00281126866609384,-0.0298576379094464,-0.00461283670924377));
#2576=CARTESIAN_POINT('',(-0.00266297654301861,-0.0299851288150913,-0.0043773792289453));
#2577=CARTESIAN_POINT('',(-0.00281228277066401,-0.0298501595635132,-0.00414336789688302));
#2578=CARTESIAN_POINT('',(-0.00289935335145179,-0.0296820642457191,-0.0039769812075767));
#2579=CARTESIAN_POINT('',(-0.00295779577473539,-0.0293772162017827,-0.00378248152525321));
#2580=CARTESIAN_POINT('',(-0.00277825090365828,-0.029018664019052,-0.00378031009127519));
#2581=CARTESIAN_POINT('',(-0.00249071841404873,-0.0288932507671878,-0.00397291809897135));
#2582=CARTESIAN_POINT('',(-0.00229344474148653,-0.0288749445756847,-0.00412873068269236));
#2583=CARTESIAN_POINT('',(-0.00205863745730068,-0.028937956084313,-0.00431828166955373));
#2584=CARTESIAN_POINT('',(-0.00187420559014164,-0.0290824384971672,-0.00411847076365381));
#2585=CARTESIAN_POINT('',(-0.00176833212430577,-0.0292518091582068,-0.00396505065039995));
#2586=CARTESIAN_POINT('',(-0.00169742880829261,-0.0295565361806694,-0.00377589172560957));
#2587=CARTESIAN_POINT('',(-0.00187529255023868,-0.0299151957137475,-0.00378721462377366));
#2588=CARTESIAN_POINT('',(-0.00214698883446341,-0.0300532950205313,-0.00398383240526414));
#2589=CARTESIAN_POINT('',(-0.00233377829672534,-0.0300864263261568,-0.00415104394327806));
#2590=CARTESIAN_POINT('',(-0.00251999105477087,-0.0300542366351424,-0.0043902771038504));
#2591=CARTESIAN_POINT('',(-0.00232066885436484,-0.0300920213000441,-0.00461863180375021));
#2592=CARTESIAN_POINT('',(-0.00213813737446062,-0.0300574452074465,-0.00478763593667202));
#2593=CARTESIAN_POINT('',(-0.00186821885223542,-0.0299173118530194,-0.0049840429696895));
#2594=CARTESIAN_POINT('',(-0.0016997012343555,-0.0295561516803972,-0.0049944171735342));
#2595=CARTESIAN_POINT('',(-0.00177490549497772,-0.0292513082862065,-0.00480847600088465));
#2596=CARTESIAN_POINT('',(-0.00173881245605289,-0.0294846338967188,-0.00493157226566397));
#2597=CARTESIAN_POINT('',(-0.00146359822681595,-0.0285875139784922,0.00293309054379301));
#2598=CARTESIAN_POINT('',(-0.00141993558193308,-0.0283357012341529,0.00294022280320891));
#2599=CARTESIAN_POINT('',(-0.00144819688244352,-0.0281055201102543,0.00302989841521474));
#2600=CARTESIAN_POINT('',(-0.00151625717660413,-0.0279108234182011,0.00316562398742384));
#2601=CARTESIAN_POINT('',(-0.00154913990298901,-0.0277748964420657,0.00338987726962638));
#2602=CARTESIAN_POINT('',(-0.00139805929986162,-0.0278330572003118,0.00369611667867878));
#2603=CARTESIAN_POINT('',(-0.00127657234211496,-0.0280805723638271,0.00404316580902313));
#2604=CARTESIAN_POINT('',(-0.00152439186653492,-0.0284547133112169,0.00416018098799992));
#2605=CARTESIAN_POINT('',(-0.00181209575213678,-0.0285996615313867,0.00407599804951828));
#2606=CARTESIAN_POINT('',(-0.00203352231972312,-0.028651186741929,0.00397410905019032));
#2607=CARTESIAN_POINT('',(-0.00228141881417852,-0.0285721864993954,0.00393486898459884));
#2608=CARTESIAN_POINT('',(-0.00246945662804656,-0.0283192794815227,0.00406957304563036));
#2609=CARTESIAN_POINT('',(-0.00255361507746295,-0.0279989036136591,0.00416186211493181));
#2610=CARTESIAN_POINT('',(-0.00246569326415375,-0.0276755204617221,0.00408126032577823));
#2611=CARTESIAN_POINT('',(-0.00231955851385805,-0.027534891938393,0.00392366895416283));
#2612=CARTESIAN_POINT('',(-0.00216398476378687,-0.0274999717879868,0.00373284286972212));
#2613=CARTESIAN_POINT('',(-0.00202017366307527,-0.0275323028241,0.00353654601125311));
#2614=CARTESIAN_POINT('',(-0.00195742148095805,-0.0276146967405843,0.00329422686731457));
#2615=CARTESIAN_POINT('',(-0.00212559526491841,-0.0276825545695203,0.00310198791596138));
#2616=CARTESIAN_POINT('',(-0.0023084811220507,-0.0277854084176531,0.00298179243570821));
#2617=CARTESIAN_POINT('',(-0.00255735208958234,-0.0280050928695475,0.00290220927928898));
#2618=CARTESIAN_POINT('',(-0.00265324315460065,-0.0283291784064112,0.00304613803565078));
#2619=CARTESIAN_POINT('',(-0.00254226078850505,-0.0285538516221207,0.00326383438829383));
#2620=CARTESIAN_POINT('',(-0.00240328948977064,-0.0286778470303331,0.00342962139292122));
#2621=CARTESIAN_POINT('',(-0.002174487923237,-0.0287925446946856,0.00348416358798387));
#2622=CARTESIAN_POINT('',(-0.00190691290493119,-0.0288814402109756,0.00329094672740931));
#2623=CARTESIAN_POINT('',(-0.00165137638011229,-0.0288408626599389,0.00306724279288216));
#2624=CARTESIAN_POINT('',(-0.00146359822681595,-0.0285875139784922,0.00293309054379301));
#2625=CARTESIAN_POINT('',(-0.00141993558193308,-0.0283357012341529,0.00294022280320891));
#2626=CARTESIAN_POINT('',(-0.00144819688244352,-0.0281055201102543,0.00302989841521474));
#2627=CARTESIAN_POINT('',(-0.0014319229061653,-0.0283393065042263,0.00295398002864057));
#2628=CARTESIAN_POINT('',(0.0035686572947163,-0.0056892951535036,-0.029394957777547));
#2629=CARTESIAN_POINT('',(0.00359686899746256,-0.00560875008666746,-0.029389294994525));
#2630=CARTESIAN_POINT('',(0.0036225431046299,-0.00552732339229669,-0.0293867765061078));
#2631=CARTESIAN_POINT('',(0.00364481705669604,-0.00544473345273076,-0.029387849775011));
#2632=CARTESIAN_POINT('',(0.00356865679521061,-0.00568929500867737,-0.0293949573489826));
#2633=CARTESIAN_POINT('',(0.00384999822232802,-0.00623429492057378,-0.0303505102289286));
#2634=CARTESIAN_POINT('',(0.00371418328478062,-0.00644563464450106,-0.0303347021408899));
#2635=CARTESIAN_POINT('',(0.00346503758231553,-0.00687507618525192,-0.0302703262487557));
#2636=CARTESIAN_POINT('',(0.00318677200829293,-0.00742278879377875,-0.0301359911019542));
#2637=CARTESIAN_POINT('',(0.00297899602280339,-0.0078600880592156,-0.0299928976107803));
#2638=CARTESIAN_POINT('',(0.00285662893048235,-0.00812838278780839,-0.0298849548672537));
#2639=CARTESIAN_POINT('',(0.00276278635599684,-0.0083406044233742,-0.0297812836285865));
#2640=CARTESIAN_POINT('',(0.00269929229087853,-0.00848771545334728,-0.0296875908422332));
#2641=CARTESIAN_POINT('',(0.00264561473916843,-0.00861555096607022,-0.0295978797701091));
#2642=CARTESIAN_POINT('',(0.0026339369716517,-0.00864974323304116,-0.0294588366448278));
#2643=CARTESIAN_POINT('',(0.00267990910824081,-0.00854216411802213,-0.0293749612898623));
#2644=CARTESIAN_POINT('',(0.00273674723119635,-0.00840180402121564,-0.0293403250227604));
#2645=CARTESIAN_POINT('',(0.00282955366734163,-0.00816673900297458,-0.0293040854930374));
#2646=CARTESIAN_POINT('',(0.00294161945776932,-0.00787165510268114,-0.0292895627749134));
#2647=CARTESIAN_POINT('',(0.00307130760558043,-0.00751329567854196,-0.0292858955837996));
#2648=CARTESIAN_POINT('',(0.00323485379240968,-0.0070336810353329,-0.0292939706699686));
#2649=CARTESIAN_POINT('',(0.00341995741524446,-0.00642615424616923,-0.0293187681773696));
#2650=CARTESIAN_POINT('',(0.00352844594703676,-0.00593523256936881,-0.0293587174465792));
#2651=CARTESIAN_POINT('',(0.00356865679521058,-0.00568929500867737,-0.0293949573489826));
#2652=CARTESIAN_POINT('',(0.00356865679521014,-0.00568929500867797,0.0200861011224098));
#2653=CARTESIAN_POINT('',(0.00352839099407982,-0.00593556867260266,0.0200498116938244));
#2654=CARTESIAN_POINT('',(0.00342017295378974,-0.00642486179302111,0.0200100683306646));
#2655=CARTESIAN_POINT('',(0.00323656977613428,-0.00702830370145753,0.0199852721493659));
#2656=CARTESIAN_POINT('',(0.00307337796379535,-0.00750739186822597,0.0199771209010846));
#2657=CARTESIAN_POINT('',(0.0029443554676317,-0.0078642770107757,0.0199803885531407));
#2658=CARTESIAN_POINT('',(0.00283228954811259,-0.00815961577207713,0.0199950548682629));
#2659=CARTESIAN_POINT('',(0.002740220183556,-0.00839312532803433,0.0200292744946324));
#2660=CARTESIAN_POINT('',(0.00268390134025168,-0.00853236023886072,0.0200644017425805));
#2661=CARTESIAN_POINT('',(0.00263654454042027,-0.00864400666929066,0.0201394040416441));
#2662=CARTESIAN_POINT('',(0.00264124899798098,-0.00862622748471347,0.0202804816275174));
#2663=CARTESIAN_POINT('',(0.00269638504429412,-0.00849448829202194,0.0203736340838615));
#2664=CARTESIAN_POINT('',(0.00275961216318303,-0.00834788006479556,0.0204686087258649));
#2665=CARTESIAN_POINT('',(0.00285381898747128,-0.00813460298987582,0.0205733932944172));
#2666=CARTESIAN_POINT('',(0.00297635626163324,-0.00786577266207201,0.0206819892910898));
#2667=CARTESIAN_POINT('',(0.00318313383947507,-0.00743024203290011,0.0208249930460917));
#2668=CARTESIAN_POINT('',(0.00346136892608405,-0.00688164591266804,0.0209603469629521));
#2669=CARTESIAN_POINT('',(0.00371346028635165,-0.00644675969223985,0.0210257617614027));
#2670=CARTESIAN_POINT('',(0.00384999822232755,-0.00623429492057449,0.0210416540023558));
#2671=CARTESIAN_POINT('',(0.00356865679521085,-0.00568929500867745,0.0200861011224096));
#2672=CARTESIAN_POINT('',(0.00370459047299589,-0.00516845596179016,0.0200978583310154));
#2673=CARTESIAN_POINT('',(0.00367603724514473,-0.00534600626265807,0.0200746089306942));
#2674=CARTESIAN_POINT('',(0.00362828472717133,-0.0055190598423299,0.0200741331219211));
#2675=CARTESIAN_POINT('',(0.00356865795573978,-0.00568929529157437,0.0200861017935675));
#2676=CARTESIAN_POINT('',(0.00370458984660944,-0.00516845579232097,0.0200978578061007));
#2677=CARTESIAN_POINT('',(0.0039333927609162,-0.0044340146633705,0.0200529383773715));
#2678=CARTESIAN_POINT('',(0.00395564146475596,-0.00455862616460662,0.0199994968304839));
#2679=CARTESIAN_POINT('',(0.00393224585973112,-0.00484292921393221,0.0199762238337252));
#2680=CARTESIAN_POINT('',(0.00377970281108183,-0.00506970974163441,0.0200401075802104));
#2681=CARTESIAN_POINT('',(0.00370459108211132,-0.00516845616695724,0.0200978588650146));
#2682=CARTESIAN_POINT('',(0.00393339314532816,-0.00443401475546821,0.0200529387521567));
#2683=CARTESIAN_POINT('',(0.0043514205234565,-0.00453873680756221,0.0204617448222442));
#2684=CARTESIAN_POINT('',(-0.000781438088371809,-0.00330602719345015,0.0124609253952808));
#2685=CARTESIAN_POINT('',(0.00421920217234038,-0.00451011723750322,0.0200798529157058));
#2686=CARTESIAN_POINT('',(0.00412476812969169,-0.00448508351556083,0.0200647189122038));
#2687=CARTESIAN_POINT('',(0.00402958100288766,-0.00445974899356598,0.0200551387440348));
#2688=CARTESIAN_POINT('',(0.00393339314532816,-0.00443401475546821,0.0200529387521567));
#2689=CARTESIAN_POINT('',(0.00496172373524949,-0.00342542373246529,-0.0046544281132864));
#2690=CARTESIAN_POINT('',(-0.00662005964874671,-0.0247562761767364,-0.0129564221911169));
#2691=CARTESIAN_POINT('',(-0.0064599447412972,-0.0243360207646422,-0.0126914128365283));
#2692=CARTESIAN_POINT('',(-0.00664668207689694,-0.024046103364663,-0.0124015169905404));
#2693=CARTESIAN_POINT('',(-0.00688278796792413,-0.0238331875570054,-0.0125069990723629));
#2694=CARTESIAN_POINT('',(-0.00710565090519591,-0.0237130057210266,-0.0126875374657412));
#2695=CARTESIAN_POINT('',(-0.00747410144836138,-0.023745702761529,-0.0129393345634332));
#2696=CARTESIAN_POINT('',(-0.00768629717716005,-0.0241378154863343,-0.0128824894303513));
#2697=CARTESIAN_POINT('',(-0.0077262765919811,-0.024399691964687,-0.0127181873147951));
#2698=CARTESIAN_POINT('',(-0.00773499785636051,-0.024569451851416,-0.0125393671410152));
#2699=CARTESIAN_POINT('',(-0.00778575956318244,-0.0245811171494936,-0.0122956366158706));
#2700=CARTESIAN_POINT('',(-0.00784068759336115,-0.0244401064412336,-0.0120169429996071));
#2701=CARTESIAN_POINT('',(-0.00773613921810221,-0.0241487916896901,-0.0117088129899341));
#2702=CARTESIAN_POINT('',(-0.0072547655413878,-0.0239506507029243,-0.0116941482727081));
#2703=CARTESIAN_POINT('',(-0.00686223839546836,-0.0240431848810347,-0.0118978511904128));
#2704=CARTESIAN_POINT('',(-0.00669550003048507,-0.0243242005997124,-0.0118275279032543));
#2705=CARTESIAN_POINT('',(-0.0066470230674494,-0.024613598264658,-0.0117211038780576));
#2706=CARTESIAN_POINT('',(-0.00676274178152753,-0.0250426316419303,-0.011675551418535));
#2707=CARTESIAN_POINT('',(-0.00708859090487915,-0.0251693945057541,-0.011957016649431));
#2708=CARTESIAN_POINT('',(-0.00726095637700558,-0.0251107817113765,-0.0122110768783894));
#2709=CARTESIAN_POINT('',(-0.00734188460271603,-0.025029008792687,-0.0124298573248604));
#2710=CARTESIAN_POINT('',(-0.0072481457460542,-0.0249815025159895,-0.0126561940472955));
#2711=CARTESIAN_POINT('',(-0.00700479313012814,-0.0249399337212699,-0.0128550732242048));
#2712=CARTESIAN_POINT('',(-0.00662005964874671,-0.0247562761767364,-0.0129564221911169));
#2713=CARTESIAN_POINT('',(-0.0064599447412972,-0.0243360207646422,-0.0126914128365283));
#2714=CARTESIAN_POINT('',(-0.00664668207689694,-0.024046103364663,-0.0124015169905404));
#2715=CARTESIAN_POINT('',(-0.00652397802632539,-0.0243480798533287,-0.0126776018930955));
#2716=CARTESIAN_POINT('',(-0.00544768711849827,-0.0202646638262592,-0.0203949025543714));
#2717=CARTESIAN_POINT('',(-0.00557858873946614,-0.0204830776801884,-0.0207232292508584));
#2718=CARTESIAN_POINT('',(-0.00553649105482836,-0.0208756224431743,-0.0207967457425588));
#2719=CARTESIAN_POINT('',(-0.00530304947749034,-0.0211844707744717,-0.0208024410151495));
#2720=CARTESIAN_POINT('',(-0.00492800565496682,-0.0212954029237357,-0.0207308489348592));
#2721=CARTESIAN_POINT('',(-0.00464958186805904,-0.0212522336597692,-0.0204486326720917));
#2722=CARTESIAN_POINT('',(-0.00463746463046102,-0.0212432167686457,-0.0200495353847738));
#2723=CARTESIAN_POINT('',(-0.00475465234602734,-0.0214360545273418,-0.019732710422222));
#2724=CARTESIAN_POINT('',(-0.00493128740717754,-0.0217665476191686,-0.0195897476230413));
#2725=CARTESIAN_POINT('',(-0.00527959349908079,-0.0219545775176717,-0.0197038297684258));
#2726=CARTESIAN_POINT('',(-0.00560774650459653,-0.0218026677188172,-0.0198819949453271));
#2727=CARTESIAN_POINT('',(-0.00586679309924092,-0.0215136433491449,-0.0198939724989641));
#2728=CARTESIAN_POINT('',(-0.00596637154278618,-0.0211715601416931,-0.0197172099402857));
#2729=CARTESIAN_POINT('',(-0.00579084916579987,-0.0208363369026325,-0.0195901068276845));
#2730=CARTESIAN_POINT('',(-0.00549884811552676,-0.0205914809041832,-0.0197115096745879));
#2731=CARTESIAN_POINT('',(-0.00537445189259947,-0.0203899572196115,-0.020019325791995));
#2732=CARTESIAN_POINT('',(-0.00544768711849827,-0.0202646638262592,-0.0203949025543714));
#2733=CARTESIAN_POINT('',(-0.00557858873946614,-0.0204830776801884,-0.0207232292508584));
#2734=CARTESIAN_POINT('',(-0.00553649105482836,-0.0208756224431743,-0.0207967457425588));
#2735=CARTESIAN_POINT('',(-0.00554975552186514,-0.0205120994983644,-0.0206807608833939));
#2736=CARTESIAN_POINT('',(-0.00510610938139802,-0.0201474644039159,0.0109654231464314));
#2737=CARTESIAN_POINT('',(-0.00547129960842209,-0.0203649239917308,0.0108073900633429));
#2738=CARTESIAN_POINT('',(-0.0057324912951919,-0.0206894737281562,0.0109679142219428));
#2739=CARTESIAN_POINT('',(-0.00564773834856571,-0.0210212831957457,0.0112582243615009));
#2740=CARTESIAN_POINT('',(-0.00535127941442222,-0.0213377706475437,0.0112965402628276));
#2741=CARTESIAN_POINT('',(-0.00503629030020611,-0.0215389950569682,0.0110585648442766));
#2742=CARTESIAN_POINT('',(-0.00467687812894888,-0.0213810681783217,0.0108226135738849));
#2743=CARTESIAN_POINT('',(-0.00451067397867864,-0.0209640033406553,0.0108847754713882));
#2744=CARTESIAN_POINT('',(-0.00438173739507965,-0.0206758745182416,0.0111843053283725));
#2745=CARTESIAN_POINT('',(-0.00428792311281222,-0.0207108657050487,0.011623290800964));
#2746=CARTESIAN_POINT('',(-0.00452206079461436,-0.020847976678806,0.0119797568783121));
#2747=CARTESIAN_POINT('',(-0.00496837361854663,-0.0208535464457441,0.0120560541800737));
#2748=CARTESIAN_POINT('',(-0.00528800339530097,-0.0205567204781676,0.0120473035027131));
#2749=CARTESIAN_POINT('',(-0.00534625958402984,-0.0201155929374559,0.0120299550389756));
#2750=CARTESIAN_POINT('',(-0.00519593586956604,-0.0197951537104811,0.0117336246866555));
#2751=CARTESIAN_POINT('',(-0.00503849543948506,-0.0199127641292383,0.0113244449193859));
#2752=CARTESIAN_POINT('',(-0.00510610938139802,-0.0201474644039159,0.0109654231464314));
#2753=CARTESIAN_POINT('',(-0.00547129960842209,-0.0203649239917308,0.0108073900633429));
#2754=CARTESIAN_POINT('',(-0.0057324912951919,-0.0206894737281562,0.0109679142219428));
#2755=CARTESIAN_POINT('',(-0.00545396651837971,-0.0203827723498326,0.0108604829369576));
#2756=CARTESIAN_POINT('',(-0.00731040199558004,-0.0259659933743079,-0.00505351010604055));
#2757=CARTESIAN_POINT('',(-0.00715209727492427,-0.025544200592139,-0.00489301907076927));
#2758=CARTESIAN_POINT('',(-0.00720406048577654,-0.0252801244598014,-0.00471147779164668));
#2759=CARTESIAN_POINT('',(-0.00732233396194057,-0.025072608510227,-0.00457631258418642));
#2760=CARTESIAN_POINT('',(-0.00752379710710589,-0.0249322034409204,-0.00469440498315954));
#2761=CARTESIAN_POINT('',(-0.00778363471852909,-0.0248618786002846,-0.00488034665947413));
#2762=CARTESIAN_POINT('',(-0.00811804639815136,-0.0249470812161671,-0.00501906021446304));
#2763=CARTESIAN_POINT('',(-0.00832268978439894,-0.0252196965504995,-0.00493417334621136));
#2764=CARTESIAN_POINT('',(-0.00837528148269817,-0.0254258579711942,-0.00479580368351155));
#2765=CARTESIAN_POINT('',(-0.00836455521398314,-0.0256033565317361,-0.00462460117382316));
#2766=CARTESIAN_POINT('',(-0.00831350530086989,-0.0257355899650804,-0.00439120968481024));
#2767=CARTESIAN_POINT('',(-0.00835768777719943,-0.0256148505820878,-0.00415209699379147));
#2768=CARTESIAN_POINT('',(-0.00837246823815947,-0.0254369655392251,-0.00398188901780613));
#2769=CARTESIAN_POINT('',(-0.00832610298022536,-0.0252317382419755,-0.00384286855095817));
#2770=CARTESIAN_POINT('',(-0.00813606302792203,-0.0249525792054382,-0.00375033302162789));
#2771=CARTESIAN_POINT('',(-0.00780172180954848,-0.0248520666216504,-0.0038856063586648));
#2772=CARTESIAN_POINT('',(-0.00754136100420733,-0.0249183260082692,-0.00406897079386124));
#2773=CARTESIAN_POINT('',(-0.00734301227362585,-0.0250459038615857,-0.00420560893416506));
#2774=CARTESIAN_POINT('',(-0.00720877764624449,-0.0252515150712082,-0.00408943475876542));
#2775=CARTESIAN_POINT('',(-0.00714670290594108,-0.0255086256518606,-0.00390029695180985));
#2776=CARTESIAN_POINT('',(-0.00727523799458001,-0.0259257554999635,-0.00371665767641074));
#2777=CARTESIAN_POINT('',(-0.00767882213947704,-0.0260883150517335,-0.00390737964043294));
#2778=CARTESIAN_POINT('',(-0.00791267151288111,-0.026064995121579,-0.00413220240881583));
#2779=CARTESIAN_POINT('',(-0.00804915629780687,-0.02601213275225,-0.00436157790463949));
#2780=CARTESIAN_POINT('',(-0.00793687563574045,-0.0260625246568301,-0.00460446929914288));
#2781=CARTESIAN_POINT('',(-0.00770963337886891,-0.0260997717488304,-0.00483444924051358));
#2782=CARTESIAN_POINT('',(-0.00731040199558004,-0.0259659933743079,-0.00505351010604055));
#2783=CARTESIAN_POINT('',(-0.00715209727492427,-0.025544200592139,-0.00489301907076927));
#2784=CARTESIAN_POINT('',(-0.00720406048577654,-0.0252801244598014,-0.00471147779164668));
#2785=CARTESIAN_POINT('',(-0.00717997199325102,-0.0254842947335034,-0.00484320471341192));
#2786=CARTESIAN_POINT('',(-0.00663669329676944,-0.0248147214515163,0.00288974279961032));
#2787=CARTESIAN_POINT('',(-0.00656569657515297,-0.0244513567830666,0.00307360809708531));
#2788=CARTESIAN_POINT('',(-0.00653817822852364,-0.024262559810025,0.00332002244780355));
#2789=CARTESIAN_POINT('',(-0.00647375852696208,-0.0242565719807105,0.00362825345686502));
#2790=CARTESIAN_POINT('',(-0.00644341815443795,-0.0244799909341329,0.00397491992123635));
#2791=CARTESIAN_POINT('',(-0.00680502768925696,-0.0247634054594627,0.0041839052823111));
#2792=CARTESIAN_POINT('',(-0.00720178887811626,-0.0247829754021619,0.00407287021372571));
#2793=CARTESIAN_POINT('',(-0.0074680857548964,-0.024623808108062,0.0040165703408948));
#2794=CARTESIAN_POINT('',(-0.00761282320708844,-0.0243531558223979,0.00407223822671875));
#2795=CARTESIAN_POINT('',(-0.00761986983075924,-0.0239593868974647,0.00418117925573569));
#2796=CARTESIAN_POINT('',(-0.00732251164109965,-0.0235880040476668,0.00399330745580751));
#2797=CARTESIAN_POINT('',(-0.00707733540591758,-0.023647597928945,0.00366569577178309));
#2798=CARTESIAN_POINT('',(-0.007008959613391,-0.0237473198332686,0.00337958378459838));
#2799=CARTESIAN_POINT('',(-0.00713365782638303,-0.0238165481950443,0.00309812344612948));
#2800=CARTESIAN_POINT('',(-0.00748618114781393,-0.023897706020629,0.00289581327963446));
#2801=CARTESIAN_POINT('',(-0.00781159044681747,-0.0242715801915975,0.00299068105124886));
#2802=CARTESIAN_POINT('',(-0.00775877611387386,-0.0245863249988238,0.00325308152915527));
#2803=CARTESIAN_POINT('',(-0.00757616665829708,-0.024824287763341,0.00334807104257634));
#2804=CARTESIAN_POINT('',(-0.00734542860043722,-0.0250140359158924,0.00325706166085229));
#2805=CARTESIAN_POINT('',(-0.00703284104948478,-0.025113020261626,0.00301257243910015));
#2806=CARTESIAN_POINT('',(-0.00663669329676944,-0.0248147214515163,0.00288974279961032));
#2807=CARTESIAN_POINT('',(-0.00656569657515297,-0.0244513567830666,0.00307360809708531));
#2808=CARTESIAN_POINT('',(-0.00653817822852364,-0.024262559810025,0.00332002244780355));
#2809=CARTESIAN_POINT('',(-0.00656125690771764,-0.0244126487699494,0.00314348852749306));
#2810=CARTESIAN_POINT('',(0.0036434135425219,-0.00530536742249195,-0.0305844989860544));
#2811=CARTESIAN_POINT('',(0.00345206634673494,-0.00550792286462769,-0.0305372337873916));
#2812=CARTESIAN_POINT('',(0.00310252704451014,-0.00594081095482978,-0.0304287545000142));
#2813=CARTESIAN_POINT('',(0.00268587245732556,-0.00648419979812606,-0.0302534039084232));
#2814=CARTESIAN_POINT('',(0.00236560548806073,-0.00691772047170533,-0.0300834033565918));
#2815=CARTESIAN_POINT('',(0.00213165639224364,-0.00724198119115141,-0.0299379116705406));
#2816=CARTESIAN_POINT('',(0.00194607646787774,-0.00750786321847974,-0.0297980406172353));
#2817=CARTESIAN_POINT('',(0.00180488619707143,-0.00771814388629562,-0.0296692991642392));
#2818=CARTESIAN_POINT('',(0.00170971182932673,-0.00786989814426916,-0.0295558485798834));
#2819=CARTESIAN_POINT('',(0.00163510576854276,-0.0079933789220259,-0.0294545196389809));
#2820=CARTESIAN_POINT('',(0.00162482426327283,-0.00806232720732554,-0.0293056294628411));
#2821=CARTESIAN_POINT('',(0.00173090061797553,-0.00797721755944991,-0.0292140338142489));
#2822=CARTESIAN_POINT('',(0.00184925850068702,-0.00784871716421748,-0.029196873595397));
#2823=CARTESIAN_POINT('',(0.00199177039012312,-0.00768947574759673,-0.0291853182980059));
#2824=CARTESIAN_POINT('',(0.00212991996586269,-0.00752795817980624,-0.0291898142628309));
#2825=CARTESIAN_POINT('',(0.00231229925112511,-0.00731045563546884,-0.0292030613972805));
#2826=CARTESIAN_POINT('',(0.00262622091343637,-0.00692624729554411,-0.0292410842574123));
#2827=CARTESIAN_POINT('',(0.00306390049997671,-0.00637126984621313,-0.029311115567468));
#2828=CARTESIAN_POINT('',(0.00340473668742032,-0.00591969340849433,-0.0293681275378856));
#2829=CARTESIAN_POINT('',(0.00356865679521059,-0.00568929500867735,-0.0293949573489826));
#2830=CARTESIAN_POINT('',(0.00356865679521064,-0.00568929500867732,0.0200861011224098));
#2831=CARTESIAN_POINT('',(0.00341246955834914,-0.0059088244485357,0.0200605369978052));
#2832=CARTESIAN_POINT('',(0.00308842418490469,-0.00633908554405929,0.0200064521209822));
#2833=CARTESIAN_POINT('',(0.00267246908115857,-0.00686811292917022,0.0199392929829718));
#2834=CARTESIAN_POINT('',(0.00233204495222234,-0.00728685660231529,0.0198960378892829));
#2835=CARTESIAN_POINT('',(0.0021153801132937,-0.00754609841339049,0.0198781846596545));
#2836=CARTESIAN_POINT('',(0.00193818715623781,-0.00775020681387384,0.019878888698972));
#2837=CARTESIAN_POINT('',(0.00182394768615519,-0.00787689730816666,0.0198898459876309));
#2838=CARTESIAN_POINT('',(0.00173277980945994,-0.00797015507954864,0.0199177253291169));
#2839=CARTESIAN_POINT('',(0.0016579373132898,-0.00804114248190972,0.0199542943889857));
#2840=CARTESIAN_POINT('',(0.00161854055487193,-0.00804516947867434,0.0200598170109867));
#2841=CARTESIAN_POINT('',(0.00165763856231785,-0.00795881799500065,0.0201692087913785));
#2842=CARTESIAN_POINT('',(0.00172350543863341,-0.0078458451855677,0.0202687996508777));
#2843=CARTESIAN_POINT('',(0.00184909169632772,-0.00765042471432374,0.0204058776133998));
#2844=CARTESIAN_POINT('',(0.00201859259628394,-0.00740263670952701,0.0205476177586277));
#2845=CARTESIAN_POINT('',(0.00223481646200851,-0.00709807197437076,0.0206958220805386));
#2846=CARTESIAN_POINT('',(0.00253253921893344,-0.00668967952590028,0.0208688441649603));
#2847=CARTESIAN_POINT('',(0.00291988937569401,-0.00617549305947558,0.0210491723552771));
#2848=CARTESIAN_POINT('',(0.00324340121892582,-0.00576563709162694,0.021162567563668));
#2849=CARTESIAN_POINT('',(0.00341238647805088,-0.00556585508923839,0.0212127325090525));
#2850=CARTESIAN_POINT('',(0.00665674396637091,-0.00220547449298373,-0.00465442811328641));
#2851=CARTESIAN_POINT('',(-0.0100279704875999,-0.0196750545424008,-0.0126741019825043));
#2852=CARTESIAN_POINT('',(-0.010024506506924,-0.0194941023143695,-0.0125013996437999));
#2853=CARTESIAN_POINT('',(-0.0101004523913616,-0.0193122955821521,-0.0123042467621852));
#2854=CARTESIAN_POINT('',(-0.0102313165276656,-0.01907853468703,-0.0123700977067877));
#2855=CARTESIAN_POINT('',(-0.0103531051645591,-0.018934016346687,-0.0125440174262092));
#2856=CARTESIAN_POINT('',(-0.0105217908777032,-0.0188361069398793,-0.012710363540716));
#2857=CARTESIAN_POINT('',(-0.0107411082799924,-0.0188307318680393,-0.0128607448705185));
#2858=CARTESIAN_POINT('',(-0.010966415890875,-0.0189641988051755,-0.0129174185603917));
#2859=CARTESIAN_POINT('',(-0.011117143760728,-0.0191739701625112,-0.0128666182118099));
#2860=CARTESIAN_POINT('',(-0.0111999727690141,-0.0193883404984381,-0.0127533681812613));
#2861=CARTESIAN_POINT('',(-0.0112270936537203,-0.0195583178786408,-0.0126264126215102));
#2862=CARTESIAN_POINT('',(-0.0112511393472412,-0.0196487854412569,-0.0124754191221268));
#2863=CARTESIAN_POINT('',(-0.0112988040257803,-0.0196226855507116,-0.0123071442473508));
#2864=CARTESIAN_POINT('',(-0.0113352115647605,-0.019504842601166,-0.0121317703214421));
#2865=CARTESIAN_POINT('',(-0.0113028017744104,-0.0192928348089469,-0.0118649360511401));
#2866=CARTESIAN_POINT('',(-0.0110425315511926,-0.0190804364632191,-0.0116799942670374));
#2867=CARTESIAN_POINT('',(-0.0106898551826881,-0.0190595274328211,-0.0117329822575712));
#2868=CARTESIAN_POINT('',(-0.0104646542492389,-0.0191154044914818,-0.0118262135672186));
#2869=CARTESIAN_POINT('',(-0.010258401977279,-0.019228057996308,-0.0119784818864219));
#2870=CARTESIAN_POINT('',(-0.0101631574132537,-0.0194787380844958,-0.0119244785970654));
#2871=CARTESIAN_POINT('',(-0.0101845343567319,-0.0197028572266356,-0.0118000797366292));
#2872=CARTESIAN_POINT('',(-0.0102587531072911,-0.0199326581329855,-0.0117183384689267));
#2873=CARTESIAN_POINT('',(-0.0104162372291372,-0.0201431529165176,-0.0116991676323869));
#2874=CARTESIAN_POINT('',(-0.0106384107651838,-0.0202567864444248,-0.0117958198595595));
#2875=CARTESIAN_POINT('',(-0.010837401274716,-0.0202417547578848,-0.0119652611254217));
#2876=CARTESIAN_POINT('',(-0.0109827866382684,-0.0201546595582509,-0.0121557371690651));
#2877=CARTESIAN_POINT('',(-0.0110644769985335,-0.0200443555546467,-0.0123208587132878));
#2878=CARTESIAN_POINT('',(-0.0110702381171755,-0.0199727553672344,-0.012481681031753));
#2879=CARTESIAN_POINT('',(-0.0109870087465631,-0.0199807219799751,-0.0126382591488649));
#2880=CARTESIAN_POINT('',(-0.0108270116335142,-0.0200284396961266,-0.0127701558345775));
#2881=CARTESIAN_POINT('',(-0.0105200782098108,-0.0200515085006095,-0.0129225002496082));
#2882=CARTESIAN_POINT('',(-0.0101623159817415,-0.0199204566050754,-0.0128949303701984));
#2883=CARTESIAN_POINT('',(-0.0100279704875999,-0.0196750545424008,-0.0126741019825043));
#2884=CARTESIAN_POINT('',(-0.010024506506924,-0.0194941023143695,-0.0125013996437999));
#2885=CARTESIAN_POINT('',(-0.0101004523913616,-0.0193122955821521,-0.0123042467621852));
#2886=CARTESIAN_POINT('',(-0.0100377414844429,-0.0194939598970052,-0.0124973245533148));
#2887=CARTESIAN_POINT('',(-0.00804033719267307,-0.0160143719116229,-0.0205171049862696));
#2888=CARTESIAN_POINT('',(-0.00819323801749407,-0.0163052058960637,-0.020758474450223));
#2889=CARTESIAN_POINT('',(-0.00817856807922688,-0.0166872979633651,-0.0207963602009312));
#2890=CARTESIAN_POINT('',(-0.00795673053859051,-0.0169993007228137,-0.0207870882482378));
#2891=CARTESIAN_POINT('',(-0.00761648537043414,-0.0171381387076882,-0.0206541759390475));
#2892=CARTESIAN_POINT('',(-0.00742101960030934,-0.0171378235545314,-0.0203151429243528));
#2893=CARTESIAN_POINT('',(-0.00747990074705702,-0.0171749030958383,-0.019933298045826));
#2894=CARTESIAN_POINT('',(-0.00766591676145996,-0.0173781632545645,-0.0196694654438196));
#2895=CARTESIAN_POINT('',(-0.00796841760608033,-0.0176286256521191,-0.0195970358654519));
#2896=CARTESIAN_POINT('',(-0.0083374563964421,-0.0176006009581146,-0.019757923545466));
#2897=CARTESIAN_POINT('',(-0.00857829533989253,-0.0173261193877584,-0.0198886279496555));
#2898=CARTESIAN_POINT('',(-0.0087167367873296,-0.0169735450001024,-0.0198316787537634));
#2899=CARTESIAN_POINT('',(-0.00864751508669392,-0.0166335379513836,-0.0196508165825088));
#2900=CARTESIAN_POINT('',(-0.00834258293203368,-0.016391323886834,-0.0196041183771066));
#2901=CARTESIAN_POINT('',(-0.00804499484074915,-0.016237426200156,-0.0198006365860956));
#2902=CARTESIAN_POINT('',(-0.00794583104531644,-0.0160749085452321,-0.0201313466813099));
#2903=CARTESIAN_POINT('',(-0.00804033719267307,-0.0160143719116229,-0.0205171049862696));
#2904=CARTESIAN_POINT('',(-0.00819323801749407,-0.0163052058960637,-0.020758474450223));
#2905=CARTESIAN_POINT('',(-0.00817856807922688,-0.0166872979633651,-0.0207963602009312));
#2906=CARTESIAN_POINT('',(-0.00816530955697936,-0.0163204155765405,-0.0207245604980155));
#2907=CARTESIAN_POINT('',(-0.00795146611026882,-0.0160469204667109,0.0109294045272997));
#2908=CARTESIAN_POINT('',(-0.00825077804950153,-0.0162400680810801,0.0108258680258671));
#2909=CARTESIAN_POINT('',(-0.0084503940065112,-0.0165325966823862,0.0109300209909774));
#2910=CARTESIAN_POINT('',(-0.00841826383004624,-0.0168734383553194,0.0110632897464805));
#2911=CARTESIAN_POINT('',(-0.00823584127886064,-0.0171851389058284,0.0110506914809761));
#2912=CARTESIAN_POINT('',(-0.00795334326414677,-0.0173804653441242,0.0109068176116287));
#2913=CARTESIAN_POINT('',(-0.00759271383436671,-0.0172877505169652,0.0108261692032857));
#2914=CARTESIAN_POINT('',(-0.0073469471359566,-0.0170480980249666,0.0109730648733211));
#2915=CARTESIAN_POINT('',(-0.00719901597990921,-0.0169055562178849,0.0112701843328887));
#2916=CARTESIAN_POINT('',(-0.00721384343842533,-0.0168806245028319,0.0116385051409953));
#2917=CARTESIAN_POINT('',(-0.00746175121077116,-0.0168274065402785,0.0119087395061914));
#2918=CARTESIAN_POINT('',(-0.00775971353550693,-0.016627832770253,0.0119947820754939));
#2919=CARTESIAN_POINT('',(-0.00791406799031216,-0.01630164271544,0.0119874161034891));
#2920=CARTESIAN_POINT('',(-0.0078951886309937,-0.0159416805126385,0.0118856390490498));
#2921=CARTESIAN_POINT('',(-0.00777662191410819,-0.0157787046466802,0.0115599696746348));
#2922=CARTESIAN_POINT('',(-0.00777641875335566,-0.0158896096069152,0.0112032985318352));
#2923=CARTESIAN_POINT('',(-0.00795146611026882,-0.0160469204667109,0.0109294045272997));
#2924=CARTESIAN_POINT('',(-0.00825077804950153,-0.0162400680810801,0.0108258680258671));
#2925=CARTESIAN_POINT('',(-0.0084503940065112,-0.0165325966823862,0.0109300209909774));
#2926=CARTESIAN_POINT('',(-0.00823416205246436,-0.0162566315789029,0.0108604829369576));
#2927=CARTESIAN_POINT('',(-0.0110182625698911,-0.0208188599007706,-0.00502947547050848));
#2928=CARTESIAN_POINT('',(-0.0108959872477407,-0.0204457133939159,-0.00481215634907119));
#2929=CARTESIAN_POINT('',(-0.0109426487290385,-0.020161677437434,-0.00463358087127847));
#2930=CARTESIAN_POINT('',(-0.0110825949513736,-0.0199452867858007,-0.00467430242768734));
#2931=CARTESIAN_POINT('',(-0.0112537117537583,-0.019830330121388,-0.00481091852354184));
#2932=CARTESIAN_POINT('',(-0.0115303350322381,-0.0197440279497319,-0.00496937518450394));
#2933=CARTESIAN_POINT('',(-0.0119645530362033,-0.0198952821041395,-0.00500671949957539));
#2934=CARTESIAN_POINT('',(-0.0121069333978596,-0.0202198183426113,-0.00474222864078446));
#2935=CARTESIAN_POINT('',(-0.0121068966724672,-0.0204212967974223,-0.00446891249648387));
#2936=CARTESIAN_POINT('',(-0.0121085914836949,-0.0203765735307705,-0.00421330878854893));
#2937=CARTESIAN_POINT('',(-0.0120893168091939,-0.020210473536406,-0.00403077000006376));
#2938=CARTESIAN_POINT('',(-0.0119896439008942,-0.0199747489557233,-0.00382671705920987));
#2939=CARTESIAN_POINT('',(-0.0116193610478138,-0.019711095182207,-0.00374503176711924));
#2940=CARTESIAN_POINT('',(-0.0112429369756567,-0.0198076577161004,-0.00396502925787261));
#2941=CARTESIAN_POINT('',(-0.0110295795361142,-0.0199967849366261,-0.00414590614957417));
#2942=CARTESIAN_POINT('',(-0.0109170129470315,-0.0202289499829018,-0.00411087758176492));
#2943=CARTESIAN_POINT('',(-0.0109064808994731,-0.0204334739966736,-0.00397169615688475));
#2944=CARTESIAN_POINT('',(-0.0109759927876625,-0.0207114497326567,-0.0038082792343099));
#2945=CARTESIAN_POINT('',(-0.0113299471378197,-0.0210013693970066,-0.00375708549394085));
#2946=CARTESIAN_POINT('',(-0.0116879487554573,-0.0209576193692975,-0.00401707051917738));
#2947=CARTESIAN_POINT('',(-0.0118636468585973,-0.0208546026292506,-0.00428540363832135));
#2948=CARTESIAN_POINT('',(-0.0118346429323802,-0.0208797515768131,-0.0045431816068377));
#2949=CARTESIAN_POINT('',(-0.0116867489729057,-0.0209532946099665,-0.0047290536340356));
#2950=CARTESIAN_POINT('',(-0.0114374096000797,-0.0209944769479773,-0.00493857631009353));
#2951=CARTESIAN_POINT('',(-0.0110182625698911,-0.0208188599007706,-0.00502947547050848));
#2952=CARTESIAN_POINT('',(-0.0108959872477407,-0.0204457133939159,-0.00481215634907119));
#2953=CARTESIAN_POINT('',(-0.0109426487290385,-0.020161677437434,-0.00463358087127847));
#2954=CARTESIAN_POINT('',(-0.0109196927629833,-0.0203759111755456,-0.0047671191312361));
#2955=CARTESIAN_POINT('',(-0.0106190221777061,-0.018915393384383,0.0030416230522442));
#2956=CARTESIAN_POINT('',(-0.0110464171849927,-0.0190204481459104,0.00288827475142583));
#2957=CARTESIAN_POINT('',(-0.0113085555232161,-0.0193646487357306,0.0030481755637982));
#2958=CARTESIAN_POINT('',(-0.0112408829750151,-0.0197648630058537,0.00326656946314248));
#2959=CARTESIAN_POINT('',(-0.0109762954142427,-0.0201087961504806,0.00314276327446809));
#2960=CARTESIAN_POINT('',(-0.0105867107038795,-0.0202132099903488,0.00291753834563166));
#2961=CARTESIAN_POINT('',(-0.0102026257864352,-0.0199510672274266,0.00295309808515276));
#2962=CARTESIAN_POINT('',(-0.0100499665700789,-0.0196318036721966,0.00324548547868458));
#2963=CARTESIAN_POINT('',(-0.00997214549307526,-0.0196537615708595,0.00369023603827967));
#2964=CARTESIAN_POINT('',(-0.0101363276935112,-0.0198738873147751,0.00406024010189867));
#2965=CARTESIAN_POINT('',(-0.0105842848623326,-0.0199280144606939,0.00416246329138823));
#2966=CARTESIAN_POINT('',(-0.0109790953630164,-0.0197116965140502,0.00406039351297698));
#2967=CARTESIAN_POINT('',(-0.0110809941368798,-0.0192755743656198,0.00412429677708924));
#2968=CARTESIAN_POINT('',(-0.0108995481986298,-0.0188494082145834,0.00414566797063118));
#2969=CARTESIAN_POINT('',(-0.0105644633946617,-0.0187118882425634,0.00384698702435312));
#2970=CARTESIAN_POINT('',(-0.0104061001052594,-0.0188632298757081,0.00344011716036214));
#2971=CARTESIAN_POINT('',(-0.0106190221777061,-0.018915393384383,0.0030416230522442));
#2972=CARTESIAN_POINT('',(-0.0110464171849927,-0.0190204481459104,0.00288827475142583));
#2973=CARTESIAN_POINT('',(-0.0113085555232161,-0.0193646487357306,0.0030481755637982));
#2974=CARTESIAN_POINT('',(-0.0110188744068155,-0.0190603057839592,0.00294048293695762));
#2975=CARTESIAN_POINT('',(0.00370458984660942,-0.00516845579232093,0.0200978578061008));
#2976=CARTESIAN_POINT('',(0.00363060646321329,-0.00519655767046161,0.0200852358852346));
#2977=CARTESIAN_POINT('',(0.00355722910929294,-0.00522635455815432,0.0200748057938275));
#2978=CARTESIAN_POINT('',(0.0034840743661622,-0.00525689100111976,0.0200662170038367));
#2979=CARTESIAN_POINT('',(0.0034840743661622,-0.00525689100111976,0.0200662170038367));
#2980=CARTESIAN_POINT('',(0.00348407436616219,-0.00525689100111975,0.0200662170038367));
#2981=CARTESIAN_POINT('',(0.00328266971898696,-0.00544068686805177,0.020019569429248));
#2982=CARTESIAN_POINT('',(0.00285951865989216,-0.00578530924787661,0.0199231455506153));
#2983=CARTESIAN_POINT('',(0.00232137364910968,-0.00620104456234603,0.0197997210462282));
#2984=CARTESIAN_POINT('',(0.00188488765441245,-0.00652758802809127,0.0197059885213017));
#2985=CARTESIAN_POINT('',(0.0015540230122095,-0.00676981337507337,0.0196420894223373));
#2986=CARTESIAN_POINT('',(0.00127445238333594,-0.00696894321517978,0.0195998022945078));
#2987=CARTESIAN_POINT('',(0.00104457600827852,-0.00712629727987523,0.0195845795791714));
#2988=CARTESIAN_POINT('',(0.000902589396343589,-0.00721844474194646,0.0195932597707036));
#2989=CARTESIAN_POINT('',(0.000777874553803656,-0.00729175239608706,0.0196299560719003));
#2990=CARTESIAN_POINT('',(0.000735443385633493,-0.00729311678720326,0.0197379098177674));
#2991=CARTESIAN_POINT('',(0.000780605699613531,-0.00724192999364691,0.0198255439544662));
#2992=CARTESIAN_POINT('',(0.000847273131750787,-0.00717428200642853,0.0199227413016216));
#2993=CARTESIAN_POINT('',(0.0009492348322186,-0.00708186618770976,0.020026246010855));
#2994=CARTESIAN_POINT('',(0.00112360692622098,-0.00693057876736741,0.0201751549693731));
#2995=CARTESIAN_POINT('',(0.00135410986451649,-0.00673877881091987,0.0203375204243756));
#2996=CARTESIAN_POINT('',(0.00173762272207208,-0.0064285796415114,0.0205696693159258));
#2997=CARTESIAN_POINT('',(0.00223925382647927,-0.00603608788961574,0.020820004314628));
#2998=CARTESIAN_POINT('',(0.00265586480128482,-0.0057238835237336,0.0209874322151389));
#2999=CARTESIAN_POINT('',(0.00286967839082623,-0.00557151180830643,0.0210640005191327));
#3000=CARTESIAN_POINT('',(0.00315455916586323,-0.00537464907209171,-0.0304693568446227));
#3001=CARTESIAN_POINT('',(0.00292897643070907,-0.00552462129684557,-0.0303973624419488));
#3002=CARTESIAN_POINT('',(0.0024953713308054,-0.00584141679543976,-0.030238842381502));
#3003=CARTESIAN_POINT('',(0.00197254966975464,-0.00624365692975142,-0.0299998941192589));
#3004=CARTESIAN_POINT('',(0.00157004605767771,-0.00656351711637214,-0.0297796289267397));
#3005=CARTESIAN_POINT('',(0.00127651329984196,-0.00680261390325416,-0.0295948759949685));
#3006=CARTESIAN_POINT('',(0.00104379503147941,-0.00699813128642379,-0.0294228884519845));
#3007=CARTESIAN_POINT('',(0.000872027765585587,-0.00715147606650657,-0.0292582906716874));
#3008=CARTESIAN_POINT('',(0.000778487121391695,-0.00724037616561392,-0.029146345416135));
#3009=CARTESIAN_POINT('',(0.000731957178445259,-0.0073046917740669,-0.0290090246662911));
#3010=CARTESIAN_POINT('',(0.000810373674996222,-0.00727398008434232,-0.0289239890343036));
#3011=CARTESIAN_POINT('',(0.000900153972770912,-0.00721901944701132,-0.0289060918953414));
#3012=CARTESIAN_POINT('',(0.00101655830847648,-0.00714483713253572,-0.0288937093773368));
#3013=CARTESIAN_POINT('',(0.00116181515780932,-0.00704642345025636,-0.028900017784008));
#3014=CARTESIAN_POINT('',(0.00138898012847564,-0.0068879320364992,-0.0289243634471732));
#3015=CARTESIAN_POINT('',(0.00166881569122214,-0.00668643072014882,-0.0289720007388424));
#3016=CARTESIAN_POINT('',(0.00211130953760789,-0.00635990586843344,-0.029061570455824));
#3017=CARTESIAN_POINT('',(0.00265650139289064,-0.00594464507771982,-0.029185169798551));
#3018=CARTESIAN_POINT('',(0.00308537125713013,-0.00560261480389811,-0.0292835342228514));
#3019=CARTESIAN_POINT('',(0.00329398000684347,-0.00542428976862681,-0.0293313437962714));
#3020=CARTESIAN_POINT('',(0.00873766418016286,-0.00200902012333625,-0.00465442811328641));
#3021=CARTESIAN_POINT('',(-0.0121791055419948,-0.0146077779102748,-0.0124998295054329));
#3022=CARTESIAN_POINT('',(-0.0121943746566785,-0.0144754670613218,-0.0123293072751185));
#3023=CARTESIAN_POINT('',(-0.0122473716214594,-0.0143626926017671,-0.0121780672591717));
#3024=CARTESIAN_POINT('',(-0.0122770043920332,-0.0144182944187604,-0.0120481506374801));
#3025=CARTESIAN_POINT('',(-0.0122957035805302,-0.0145231941014531,-0.0119650459560718));
#3026=CARTESIAN_POINT('',(-0.0123398034475703,-0.0146602255458759,-0.0118616431604828));
#3027=CARTESIAN_POINT('',(-0.0124281022098559,-0.0148395375703963,-0.0117585052878661));
#3028=CARTESIAN_POINT('',(-0.0126097434632854,-0.0150375141334151,-0.011692469995461));
#3029=CARTESIAN_POINT('',(-0.0128643985441781,-0.0151490400095919,-0.0117430718940836));
#3030=CARTESIAN_POINT('',(-0.0130937506276349,-0.0151157940171783,-0.0118997865495984));
#3031=CARTESIAN_POINT('',(-0.0132488362915583,-0.0149962817284024,-0.0120874458062908));
#3032=CARTESIAN_POINT('',(-0.0133299949696834,-0.0148548177184084,-0.0122385180012512));
#3033=CARTESIAN_POINT('',(-0.013367525739759,-0.0147257224214445,-0.0123607671586242));
#3034=CARTESIAN_POINT('',(-0.0134086534465202,-0.0145893405992531,-0.0123812941265398));
#3035=CARTESIAN_POINT('',(-0.0134457619415949,-0.0144937903809047,-0.0122794715668195));
#3036=CARTESIAN_POINT('',(-0.0134675705146306,-0.0143710076615484,-0.0121571203681629));
#3037=CARTESIAN_POINT('',(-0.0134498982426394,-0.0142208246325263,-0.0119903872477489));
#3038=CARTESIAN_POINT('',(-0.0132938129134987,-0.0139901090196004,-0.0117432757810732));
#3039=CARTESIAN_POINT('',(-0.0128985739846048,-0.0139092086825608,-0.0116769655124242));
#3040=CARTESIAN_POINT('',(-0.0125795975132378,-0.0140208951206084,-0.0118261915332443));
#3041=CARTESIAN_POINT('',(-0.0124292803737995,-0.0141109450552401,-0.0119544267519272));
#3042=CARTESIAN_POINT('',(-0.012325815426508,-0.0142075145340907,-0.0120870985274785));
#3043=CARTESIAN_POINT('',(-0.0123052264459109,-0.0141576178244952,-0.012221802212865));
#3044=CARTESIAN_POINT('',(-0.0123298649298843,-0.014065704068559,-0.0123187680146181));
#3045=CARTESIAN_POINT('',(-0.0123778799371016,-0.013956684346508,-0.012452851998437));
#3046=CARTESIAN_POINT('',(-0.0124777862353654,-0.0138365465400494,-0.0126160783583213));
#3047=CARTESIAN_POINT('',(-0.0126680977033182,-0.0137559376520228,-0.0128007474383054));
#3048=CARTESIAN_POINT('',(-0.0129245987650937,-0.013806543583759,-0.0129121552216836));
#3049=CARTESIAN_POINT('',(-0.0131425025784979,-0.0139845990002691,-0.0128944278232371));
#3050=CARTESIAN_POINT('',(-0.0132800659771834,-0.0141991310283074,-0.0127973796910532));
#3051=CARTESIAN_POINT('',(-0.0133379173314109,-0.0143848761956401,-0.0126899106185911));
#3052=CARTESIAN_POINT('',(-0.013358349778334,-0.0145345382835358,-0.0125844646749178));
#3053=CARTESIAN_POINT('',(-0.0133232047936586,-0.0146722104287874,-0.0125679490469277));
#3054=CARTESIAN_POINT('',(-0.0132437385461921,-0.0147538242704462,-0.0126564077015264));
#3055=CARTESIAN_POINT('',(-0.0131276997864345,-0.0148468667389346,-0.0127505016385186));
#3056=CARTESIAN_POINT('',(-0.0129490693714976,-0.0149327997861183,-0.012855367169588));
#3057=CARTESIAN_POINT('',(-0.012591557556312,-0.0149979610604214,-0.0129421349709075));
#3058=CARTESIAN_POINT('',(-0.0122526950115619,-0.01484345355875,-0.0127750319617183));
#3059=CARTESIAN_POINT('',(-0.0121791055419948,-0.0146077779102748,-0.0124998295054329));
#3060=CARTESIAN_POINT('',(-0.0121943746566785,-0.0144754670613218,-0.0123293072751185));
#3061=CARTESIAN_POINT('',(-0.0122473716214594,-0.0143626926017671,-0.0121780672591717));
#3062=CARTESIAN_POINT('',(-0.0122110223706265,-0.0144466962980671,-0.0122902620851572));
#3063=CARTESIAN_POINT('',(-0.00947836863656871,-0.0118090879159983,-0.0204264776066525));
#3064=CARTESIAN_POINT('',(-0.00965435780701455,-0.0120056048911866,-0.0207104492562056));
#3065=CARTESIAN_POINT('',(-0.00973010703513544,-0.0123643902579436,-0.0207787248717054));
#3066=CARTESIAN_POINT('',(-0.00961257701141313,-0.0127110174231233,-0.0207756213369395));
#3067=CARTESIAN_POINT('',(-0.00933768046614515,-0.0129407939041314,-0.0206703016523274));
#3068=CARTESIAN_POINT('',(-0.00912355334140479,-0.0130083758511839,-0.0203698661286922));
#3069=CARTESIAN_POINT('',(-0.00914877685520904,-0.0130208040576574,-0.0199972034616825));
#3070=CARTESIAN_POINT('',(-0.00934574560527498,-0.0131374037293113,-0.0197126104492704));
#3071=CARTESIAN_POINT('',(-0.00966112186052881,-0.0133091131860389,-0.0195935725533215));
#3072=CARTESIAN_POINT('',(-0.0100278402907057,-0.0132705903051165,-0.0197032123008861));
#3073=CARTESIAN_POINT('',(-0.0102408860868732,-0.0129926174033051,-0.0198386721327638));
#3074=CARTESIAN_POINT('',(-0.0103319309954116,-0.0126378552506206,-0.0198212388498384));
#3075=CARTESIAN_POINT('',(-0.0102500430794954,-0.01230663112685,-0.0196704830789065));
#3076=CARTESIAN_POINT('',(-0.0099488619805992,-0.0120934292060003,-0.0195984721836612));
#3077=CARTESIAN_POINT('',(-0.00962186811264453,-0.0119961042836011,-0.0197508126935657));
#3078=CARTESIAN_POINT('',(-0.00945225685912815,-0.0118864875261714,-0.0200562036155907));
#3079=CARTESIAN_POINT('',(-0.00947836863656871,-0.0118090879159983,-0.0204264776066525));
#3080=CARTESIAN_POINT('',(-0.00965435780701455,-0.0120056048911866,-0.0207104492562056));
#3081=CARTESIAN_POINT('',(-0.00973010703513544,-0.0123643902579436,-0.0207787248717054));
#3082=CARTESIAN_POINT('',(-0.00963765114995945,-0.0120326496231145,-0.0206744999171958));
#3083=CARTESIAN_POINT('',(-0.00962601053339869,-0.0119200270737389,0.010904135902297));
#3084=CARTESIAN_POINT('',(-0.00988749947011737,-0.0120890527838474,0.0108391646488744));
#3085=CARTESIAN_POINT('',(-0.0100460439421886,-0.0123555462706882,0.0109021031239511));
#3086=CARTESIAN_POINT('',(-0.0100391788875896,-0.0126655661099098,0.0109571150444783));
#3087=CARTESIAN_POINT('',(-0.00990763864378388,-0.0129465604551814,0.0109281384280286));
#3088=CARTESIAN_POINT('',(-0.00964883927170269,-0.0131219025568362,0.0108469392197899));
#3089=CARTESIAN_POINT('',(-0.00932702796412066,-0.0130867407111416,0.0108732615097235));
#3090=CARTESIAN_POINT('',(-0.00909653130052077,-0.0129741098876088,0.0110592852673305));
#3091=CARTESIAN_POINT('',(-0.00898283705421033,-0.0128970148258201,0.0113404901678234));
#3092=CARTESIAN_POINT('',(-0.00903279074073157,-0.0128250836470704,0.011644927606774));
#3093=CARTESIAN_POINT('',(-0.00922043712329164,-0.0126643402517641,0.0118455505715544));
#3094=CARTESIAN_POINT('',(-0.00938379205750143,-0.0124040255631634,0.0119090706630067));
#3095=CARTESIAN_POINT('',(-0.00943584611358705,-0.0120964544729123,0.0118796030716156));
#3096=CARTESIAN_POINT('',(-0.00937581984158132,-0.0118207876425215,0.0117213172667199));
#3097=CARTESIAN_POINT('',(-0.00932809373095667,-0.0117431174102241,0.0114077566151065));
#3098=CARTESIAN_POINT('',(-0.00941748698509431,-0.0118138715579806,0.0111114336404683));
#3099=CARTESIAN_POINT('',(-0.00962601053339869,-0.0119200270737389,0.010904135902297));
#3100=CARTESIAN_POINT('',(-0.00988749947011737,-0.0120890527838474,0.0108391646488744));
#3101=CARTESIAN_POINT('',(-0.0100460439421886,-0.0123555462706882,0.0109021031239511));
#3102=CARTESIAN_POINT('',(-0.00987034205934281,-0.0121052974133028,0.0108604829369576));
#3103=CARTESIAN_POINT('',(-0.0132492133118304,-0.0152392152475901,-0.00482281946387591));
#3104=CARTESIAN_POINT('',(-0.0132082996453169,-0.0150392929850814,-0.00468598191170434));
#3105=CARTESIAN_POINT('',(-0.0132561683124579,-0.0147897189227163,-0.0046128410490961));
#3106=CARTESIAN_POINT('',(-0.0134268857887134,-0.0145462675564886,-0.00478882844309393));
#3107=CARTESIAN_POINT('',(-0.0137617534506341,-0.0143697474353262,-0.00501636351222206));
#3108=CARTESIAN_POINT('',(-0.0141933006935533,-0.0145301294009965,-0.00495790915010647));
#3109=CARTESIAN_POINT('',(-0.0143482410619124,-0.014745916577705,-0.00475452540240723));
#3110=CARTESIAN_POINT('',(-0.0144025552083521,-0.0149058965047436,-0.0045767712049211));
#3111=CARTESIAN_POINT('',(-0.014408788910091,-0.0149841994354178,-0.00432360152599345));
#3112=CARTESIAN_POINT('',(-0.0143749046811803,-0.0147898322668297,-0.00403939469741627));
#3113=CARTESIAN_POINT('',(-0.0141903052197147,-0.0144899518320361,-0.00377397884901392));
#3114=CARTESIAN_POINT('',(-0.0137360960461227,-0.0143952270820151,-0.0037939188621327));
#3115=CARTESIAN_POINT('',(-0.0134721765187929,-0.0145242810746502,-0.00395646271569362));
#3116=CARTESIAN_POINT('',(-0.013324269278063,-0.0146634206157143,-0.00409483628764807));
#3117=CARTESIAN_POINT('',(-0.0132177415039683,-0.0148932212130364,-0.00416976480315274));
#3118=CARTESIAN_POINT('',(-0.0132091117871131,-0.0151897810079481,-0.00399242225797219));
#3119=CARTESIAN_POINT('',(-0.0133730496796736,-0.0155264232133184,-0.00375853856830616));
#3120=CARTESIAN_POINT('',(-0.0138179536893203,-0.0156509287567845,-0.00380784882209011));
#3121=CARTESIAN_POINT('',(-0.0140740869551845,-0.0155693891678677,-0.0040075754675092));
#3122=CARTESIAN_POINT('',(-0.0142155587147367,-0.0154726489576207,-0.0041849867459381));
#3123=CARTESIAN_POINT('',(-0.0142694791603869,-0.0154165633250555,-0.0044369582756215));
#3124=CARTESIAN_POINT('',(-0.0141332890643547,-0.015555246955694,-0.00472207146986412));
#3125=CARTESIAN_POINT('',(-0.0138130387769406,-0.0156883737877449,-0.00499227582919438));
#3126=CARTESIAN_POINT('',(-0.0133908903917353,-0.015498683488598,-0.00498111870886467));
#3127=CARTESIAN_POINT('',(-0.0132492133118304,-0.0152392152475901,-0.00482281946387591));
#3128=CARTESIAN_POINT('',(-0.0132082996453169,-0.0150392929850814,-0.00468598191170434));
#3129=CARTESIAN_POINT('',(-0.0132561683124579,-0.0147897189227163,-0.0046128410490961));
#3130=CARTESIAN_POINT('',(-0.013223096700926,-0.0150310176851053,-0.00469659802663156));
#3131=CARTESIAN_POINT('',(-0.0127181649500478,-0.0138356704499167,0.00303379737033494));
#3132=CARTESIAN_POINT('',(-0.0131317048703118,-0.0138976166066837,0.00289340556570256));
#3133=CARTESIAN_POINT('',(-0.0134137473361043,-0.0141984198411545,0.00303547798860052));
#3134=CARTESIAN_POINT('',(-0.0134123922424696,-0.0145971093733068,0.00319392507552591));
#3135=CARTESIAN_POINT('',(-0.0132171187674169,-0.0149592929136016,0.00308518295684041));
#3136=CARTESIAN_POINT('',(-0.0128513029714059,-0.0151187909306141,0.00290640905973795));
#3137=CARTESIAN_POINT('',(-0.012448209076718,-0.0149526943351166,0.00297689335101331));
#3138=CARTESIAN_POINT('',(-0.0122411524222091,-0.0147319378402126,0.00328197092819378));
#3139=CARTESIAN_POINT('',(-0.0121897015343306,-0.0147749098784006,0.00370431951622176));
#3140=CARTESIAN_POINT('',(-0.0124061017115733,-0.0149151789212941,0.00405824413910522));
#3141=CARTESIAN_POINT('',(-0.0128280576979971,-0.014843362074849,0.0041542238102028));
#3142=CARTESIAN_POINT('',(-0.0131284516729632,-0.0145407110848723,0.00409263514486758));
#3143=CARTESIAN_POINT('',(-0.013134785869618,-0.0141152312356611,0.0041392283586194));
#3144=CARTESIAN_POINT('',(-0.0128831520394655,-0.0137549634700493,0.00411413603904691));
#3145=CARTESIAN_POINT('',(-0.0125736373031831,-0.0136948903790998,0.0038026306941255));
#3146=CARTESIAN_POINT('',(-0.0124931320027602,-0.0138254642713724,0.00339858211808662));
#3147=CARTESIAN_POINT('',(-0.0127181649500478,-0.0138356704499167,0.00303379737033494));
#3148=CARTESIAN_POINT('',(-0.0131317048703118,-0.0138976166066837,0.00289340556570256));
#3149=CARTESIAN_POINT('',(-0.0134137473361043,-0.0141984198411545,0.00303547798860052));
#3150=CARTESIAN_POINT('',(-0.0131097886278999,-0.0139374261196343,0.00294048293695762));
#3151=CARTESIAN_POINT('',(0.00149392113016734,-0.0055703826481782,-0.0296872360616351));
#3152=CARTESIAN_POINT('',(0.00133543681279166,-0.00564988032116184,-0.029607042390836));
#3153=CARTESIAN_POINT('',(0.00110016977338385,-0.00576723649750815,-0.0294786560946647));
#3154=CARTESIAN_POINT('',(0.000799646356823088,-0.00592006410149511,-0.0292868626646955));
#3155=CARTESIAN_POINT('',(0.000579114272271212,-0.0060345002976196,-0.0291293204038058));
#3156=CARTESIAN_POINT('',(0.000417844296025878,-0.00612652549012832,-0.028978335224121));
#3157=CARTESIAN_POINT('',(0.00029195833091638,-0.00620306442933236,-0.0288388409784406));
#3158=CARTESIAN_POINT('',(0.000307355710136997,-0.00624310308100573,-0.0286763811008983));
#3159=CARTESIAN_POINT('',(0.000475957832025884,-0.00619896829285753,-0.0286594708390633));
#3160=CARTESIAN_POINT('',(0.000652756309226932,-0.00614828126039003,-0.028660100802137));
#3161=CARTESIAN_POINT('',(0.000887121393556689,-0.00607299919800517,-0.0286921294837658));
#3162=CARTESIAN_POINT('',(0.00115651104849453,-0.00598335066993043,-0.0287431711285962));
#3163=CARTESIAN_POINT('',(0.00151587551457536,-0.005861592784475,-0.0288229992839483));
#3164=CARTESIAN_POINT('',(0.00196182081075504,-0.00570965098347404,-0.0289342817943198));
#3165=CARTESIAN_POINT('',(0.00249632239777693,-0.00553246876265929,-0.0290768441731946));
#3166=CARTESIAN_POINT('',(0.00285338356634474,-0.00542250480316274,-0.0291775030908994));
#3167=CARTESIAN_POINT('',(0.00303236922063441,-0.00537195412296614,-0.0292308674576064));
#3168=CARTESIAN_POINT('',(0.0034840743661622,-0.00525689100111976,0.0200662170038367));
#3169=CARTESIAN_POINT('',(0.0032757697597629,-0.00530289091886548,0.0199935728475676));
#3170=CARTESIAN_POINT('',(0.00286023989775441,-0.00541724053074424,0.0198690756042268));
#3171=CARTESIAN_POINT('',(0.00224070532625474,-0.00561572697034973,0.0196984087966263));
#3172=CARTESIAN_POINT('',(0.00172484131869694,-0.00579035044186797,0.0195651036909386));
#3173=CARTESIAN_POINT('',(0.00131005766504034,-0.00593151378644994,0.0194671279429187));
#3174=CARTESIAN_POINT('',(0.000996723723567037,-0.00603680257263739,0.0194025842505989));
#3175=CARTESIAN_POINT('',(0.000731962463681041,-0.00612380970473033,0.0193581989678575));
#3176=CARTESIAN_POINT('',(0.000518158852672175,-0.00618711842526181,0.019349793519922));
#3177=CARTESIAN_POINT('',(0.000378320695327307,-0.00622681184611666,0.0193516807820713));
#3178=CARTESIAN_POINT('',(0.000283665997443622,-0.00623217730101322,0.0194328324644342));
#3179=CARTESIAN_POINT('',(0.000312542735788432,-0.00619207405762407,0.0195475128159002));
#3180=CARTESIAN_POINT('',(0.00042619992179557,-0.00611979235495889,0.0196845223040308));
#3181=CARTESIAN_POINT('',(0.000622024998908853,-0.00601183222168252,0.0198537162932269));
#3182=CARTESIAN_POINT('',(0.000872254280850088,-0.00588275621475079,0.020027054798027));
#3183=CARTESIAN_POINT('',(0.00122062468595509,-0.00570690616559781,0.020239463970725));
#3184=CARTESIAN_POINT('',(0.00149049661490908,-0.00557237340091756,0.0203793817616334));
#3185=CARTESIAN_POINT('',(0.00167270046166477,-0.0054804983928341,0.0204661347838952));
#3186=CARTESIAN_POINT('',(0.0101289369147733,-0.00299692809010711,-0.0046544281132864));
#3187=CARTESIAN_POINT('',(-0.0136627694701721,-0.00878534913253169,-0.0127851406797777));
#3188=CARTESIAN_POINT('',(-0.014007264212932,-0.00881594734912187,-0.0129339081523246));
#3189=CARTESIAN_POINT('',(-0.0142658880533478,-0.00903637683366309,-0.0128679267526147));
#3190=CARTESIAN_POINT('',(-0.0143939302444514,-0.00922522374708581,-0.0127808818040386));
#3191=CARTESIAN_POINT('',(-0.0144709660436958,-0.00945416787508315,-0.0126580648709769));
#3192=CARTESIAN_POINT('',(-0.0143815744994416,-0.00969929042965996,-0.0127247458411092));
#3193=CARTESIAN_POINT('',(-0.0142162179232365,-0.00984932330045451,-0.0128365366063445));
#3194=CARTESIAN_POINT('',(-0.0139314937040509,-0.0100071349819835,-0.0129317496420311));
#3195=CARTESIAN_POINT('',(-0.0135655191040227,-0.0100000988913118,-0.0128486596076542));
#3196=CARTESIAN_POINT('',(-0.0133910291947797,-0.00982912293790864,-0.0126009884318645));
#3197=CARTESIAN_POINT('',(-0.013343787824843,-0.00969203967945115,-0.0124043503968872));
#3198=CARTESIAN_POINT('',(-0.0133676534751881,-0.00954967065161412,-0.0121727790563476));
#3199=CARTESIAN_POINT('',(-0.0134578882441244,-0.00966695108729417,-0.0119446599747509));
#3200=CARTESIAN_POINT('',(-0.0135781976780323,-0.0098345654211287,-0.0118088958254564));
#3201=CARTESIAN_POINT('',(-0.0138138893797289,-0.0100453767032921,-0.0116778617276146));
#3202=CARTESIAN_POINT('',(-0.0141777709704149,-0.0101215513544094,-0.0117456679389611));
#3203=CARTESIAN_POINT('',(-0.0144067465562845,-0.00997304233174382,-0.0119607320663487));
#3204=CARTESIAN_POINT('',(-0.0145107945973212,-0.00981774791884735,-0.0121194112485765));
#3205=CARTESIAN_POINT('',(-0.0145648196618721,-0.00960619429768143,-0.0122815309952044));
#3206=CARTESIAN_POINT('',(-0.0145953313891365,-0.00935337453387868,-0.0121931883617183));
#3207=CARTESIAN_POINT('',(-0.0145648193652664,-0.00917391177741633,-0.0120223170074103));
#3208=CARTESIAN_POINT('',(-0.0144310855901202,-0.0089536398596326,-0.0117999337927503));
#3209=CARTESIAN_POINT('',(-0.0140912039201778,-0.00885963599892529,-0.0116705737970726));
#3210=CARTESIAN_POINT('',(-0.0137732252705246,-0.00895962591520078,-0.0117671319975073));
#3211=CARTESIAN_POINT('',(-0.0135914671362623,-0.00906464783000367,-0.0118934685430346));
#3212=CARTESIAN_POINT('',(-0.013446098433063,-0.00918688044684064,-0.0120908285334974));
#3213=CARTESIAN_POINT('',(-0.0134270897385645,-0.00907384120638583,-0.0123373715245836));
#3214=CARTESIAN_POINT('',(-0.0134922830509615,-0.00893542466271983,-0.0125296552755591));
#3215=CARTESIAN_POINT('',(-0.0136627694701721,-0.00878534913253169,-0.0127851406797777));
#3216=CARTESIAN_POINT('',(-0.014007264212932,-0.00881594734912187,-0.0129339081523246));
#3217=CARTESIAN_POINT('',(-0.0142658880533478,-0.00903637683366309,-0.0128679267526147));
#3218=CARTESIAN_POINT('',(-0.0140647642645073,-0.00888687399258642,-0.0128995170630424));
#3219=CARTESIAN_POINT('',(-0.0101951929701064,-0.00783209312801877,-0.0200883576154691));
#3220=CARTESIAN_POINT('',(-0.0102201075514741,-0.0078228067538469,-0.0204398054046171));
#3221=CARTESIAN_POINT('',(-0.0103801863100367,-0.00802853676986851,-0.0206784253470714));
#3222=CARTESIAN_POINT('',(-0.0104573297429375,-0.0083584689747683,-0.0207431452850915));
#3223=CARTESIAN_POINT('',(-0.0103715129383578,-0.00868628878407386,-0.0207245183012015));
#3224=CARTESIAN_POINT('',(-0.0101642850901856,-0.00892771307277897,-0.0205865377741032));
#3225=CARTESIAN_POINT('',(-0.0100251454024153,-0.00901303498150766,-0.020278378236578));
#3226=CARTESIAN_POINT('',(-0.0100921351384563,-0.00902872129832671,-0.0199403380424811));
#3227=CARTESIAN_POINT('',(-0.0103140062018558,-0.00909305116119763,-0.019691585686467));
#3228=CARTESIAN_POINT('',(-0.0106474484704099,-0.00914929279018053,-0.0196006281167496));
#3229=CARTESIAN_POINT('',(-0.0109579548601224,-0.00900788763333016,-0.0196950399433825));
#3230=CARTESIAN_POINT('',(-0.0111023762066834,-0.0087076212230127,-0.0197855692783193));
#3231=CARTESIAN_POINT('',(-0.0111156529189662,-0.00836809744007981,-0.0197523890182696));
#3232=CARTESIAN_POINT('',(-0.0109637849821907,-0.00807952677238043,-0.0196361369690747));
#3233=CARTESIAN_POINT('',(-0.0106468132652281,-0.00793373870835673,-0.0196175434945854));
#3234=CARTESIAN_POINT('',(-0.0103522335763836,-0.00788830778605009,-0.0197910368462447));
#3235=CARTESIAN_POINT('',(-0.0101951929701064,-0.00783209312801877,-0.0200883576154691));
#3236=CARTESIAN_POINT('',(-0.0102201075514741,-0.0078228067538469,-0.0204398054046171));
#3237=CARTESIAN_POINT('',(-0.0103801863100367,-0.00802853676986851,-0.0206784253470714));
#3238=CARTESIAN_POINT('',(-0.0102426349143399,-0.00785864281887915,-0.0204210007635015));
#3239=CARTESIAN_POINT('',(-0.010249974688424,-0.00784605225888068,0.0109637768922286));
#3240=CARTESIAN_POINT('',(-0.0107695910355745,-0.00807143378430274,0.0108204074294464));
#3241=CARTESIAN_POINT('',(-0.0108543465293301,-0.00854421710798656,0.0109013104146839));
#3242=CARTESIAN_POINT('',(-0.0106878392601859,-0.00885761520268546,0.0108608187573221));
#3243=CARTESIAN_POINT('',(-0.0103741838575323,-0.00903366106153815,0.0108520465701024));
#3244=CARTESIAN_POINT('',(-0.00996192643087139,-0.00897021897546681,0.0111292411772521));
#3245=CARTESIAN_POINT('',(-0.010001594205363,-0.00882616914936423,0.0116936209001169));
#3246=CARTESIAN_POINT('',(-0.0101908209502045,-0.0083915173194454,0.0118132827043984));
#3247=CARTESIAN_POINT('',(-0.0101636859579157,-0.00804933430720945,0.0117134159193712));
#3248=CARTESIAN_POINT('',(-0.010102172103516,-0.007817952909804,0.0114433306015525));
#3249=CARTESIAN_POINT('',(-0.010249974688424,-0.00784605225888068,0.0109637768922286));
#3250=CARTESIAN_POINT('',(-0.0107695910355745,-0.00807143378430274,0.0108204074294464));
#3251=CARTESIAN_POINT('',(-0.0108543465293301,-0.00854421710798656,0.0109013104146839));
#3252=CARTESIAN_POINT('',(-0.0106999394098006,-0.00812842686146916,0.0108604829369576));
#3253=CARTESIAN_POINT('',(-0.0144843532724462,-0.00995881635451076,-0.0047469989267118));
#3254=CARTESIAN_POINT('',(-0.0144369561642623,-0.00975244548831028,-0.00458069057101065));
#3255=CARTESIAN_POINT('',(-0.014493940908652,-0.00949037894340826,-0.00462443134894354));
#3256=CARTESIAN_POINT('',(-0.0146467065432276,-0.00927040394616936,-0.00483537585813229));
#3257=CARTESIAN_POINT('',(-0.0150231201391984,-0.00907014213902617,-0.00504814078350872));
#3258=CARTESIAN_POINT('',(-0.0154437735776978,-0.0092632876856433,-0.00490090246599013));
#3259=CARTESIAN_POINT('',(-0.015585357990535,-0.0094666588527151,-0.00467722607078143));
#3260=CARTESIAN_POINT('',(-0.0156360337890113,-0.00964287928226711,-0.00447503352563486));
#3261=CARTESIAN_POINT('',(-0.015622168376552,-0.00958819193493887,-0.00420948000939242));
#3262=CARTESIAN_POINT('',(-0.0155320172090062,-0.00936382099258571,-0.00397219569477559));
#3263=CARTESIAN_POINT('',(-0.015225163256443,-0.00910035360552137,-0.00372469122506861));
#3264=CARTESIAN_POINT('',(-0.0147650163665735,-0.00917213352986943,-0.00385395357104036));
#3265=CARTESIAN_POINT('',(-0.0145663025797099,-0.00936807727637642,-0.0040372843128522));
#3266=CARTESIAN_POINT('',(-0.014462394333683,-0.00955529234156807,-0.00420575265207635));
#3267=CARTESIAN_POINT('',(-0.014439620092077,-0.00981963969614488,-0.00415350969582704));
#3268=CARTESIAN_POINT('',(-0.0145155390552865,-0.0100730544856418,-0.00394237325771267));
#3269=CARTESIAN_POINT('',(-0.0148114982497906,-0.0103736404826744,-0.00372440460415791));
#3270=CARTESIAN_POINT('',(-0.0152706701395199,-0.0103165760626572,-0.00386394267412444));
#3271=CARTESIAN_POINT('',(-0.0154707646987927,-0.0101673809230262,-0.00408355119443456));
#3272=CARTESIAN_POINT('',(-0.0155759226924535,-0.0100165257073428,-0.00428347975421612));
#3273=CARTESIAN_POINT('',(-0.0155520803366218,-0.0100642919222646,-0.00454846239576244));
#3274=CARTESIAN_POINT('',(-0.0154039579910961,-0.0102505046458971,-0.00478784733007837));
#3275=CARTESIAN_POINT('',(-0.0150399785996117,-0.0104088017529869,-0.00504232173979634));
#3276=CARTESIAN_POINT('',(-0.0146197893275524,-0.0102051293787952,-0.0049259367688604));
#3277=CARTESIAN_POINT('',(-0.0144843532724462,-0.00995881635451076,-0.0047469989267118));
#3278=CARTESIAN_POINT('',(-0.0144369561642623,-0.00975244548831028,-0.00458069057101065));
#3279=CARTESIAN_POINT('',(-0.014493940908652,-0.00949037894340826,-0.00462443134894354));
#3280=CARTESIAN_POINT('',(-0.0144543531396911,-0.00974316287519334,-0.00461569875994971));
#3281=CARTESIAN_POINT('',(-0.0138030659877836,-0.00884083253612693,0.00302611037258667));
#3282=CARTESIAN_POINT('',(-0.0142038886958762,-0.00886200376600878,0.00289776735746974));
#3283=CARTESIAN_POINT('',(-0.014503006209174,-0.00912740373189252,0.00302571781928006));
#3284=CARTESIAN_POINT('',(-0.0145532173542727,-0.00951590660745549,0.00314775061331166));
#3285=CARTESIAN_POINT('',(-0.0144129853669037,-0.00988629864686132,0.00304743726994669));
#3286=CARTESIAN_POINT('',(-0.0140738022042459,-0.0100869665274586,0.00290208527280259));
#3287=CARTESIAN_POINT('',(-0.0136707986732653,-0.0100006516867691,0.00299775301835286));
#3288=CARTESIAN_POINT('',(-0.0134435321963826,-0.00986222349464271,0.00331113913128444));
#3289=CARTESIAN_POINT('',(-0.0134149782963375,-0.00991961707823212,0.00371575700903561));
#3290=CARTESIAN_POINT('',(-0.0136515539383849,-0.00999392962760187,0.00405467725898943));
#3291=CARTESIAN_POINT('',(-0.014028814812668,-0.00983068052206569,0.00414791492456265));
#3292=CARTESIAN_POINT('',(-0.0142427088743088,-0.00948201277199919,0.004110006523809));
#3293=CARTESIAN_POINT('',(-0.0141748382609632,-0.00907892066236501,0.00414344979480049));
#3294=CARTESIAN_POINT('',(-0.0138805342270903,-0.0087824187747622,0.00408432420625639));
#3295=CARTESIAN_POINT('',(-0.0136027768735608,-0.00876862385416844,0.00376422535503026));
#3296=CARTESIAN_POINT('',(-0.0135735500116792,-0.00886962085579044,0.00336632214727033));
#3297=CARTESIAN_POINT('',(-0.0138030659877836,-0.00884083253612693,0.00302611037258667));
#3298=CARTESIAN_POINT('',(-0.0142038886958762,-0.00886200376600878,0.00289776735746974));
#3299=CARTESIAN_POINT('',(-0.014503006209174,-0.00912740373189252,0.00302571781928006));
#3300=CARTESIAN_POINT('',(-0.0141869378300771,-0.00890270855534243,0.00294048293695762));
#3301=CARTESIAN_POINT('',(0.00450178267279305,-0.00490112251700077,-0.00465442811328641));
#3302=CARTESIAN_POINT('',(0.011270123893534,-0.0285406030293463,-0.0125788402104422));
#3303=CARTESIAN_POINT('',(0.0113616795051527,-0.0281583456133505,-0.0128843295782439));
#3304=CARTESIAN_POINT('',(0.0112248471530057,-0.0276882877943667,-0.0129288700975324));
#3305=CARTESIAN_POINT('',(0.0108475273053699,-0.0275267504047851,-0.0126582727759577));
#3306=CARTESIAN_POINT('',(0.0104243577238019,-0.0276707161628189,-0.0124599300662798));
#3307=CARTESIAN_POINT('',(0.0101132037230023,-0.0279390820867601,-0.0127455102792359));
#3308=CARTESIAN_POINT('',(0.0101294502875114,-0.0283818581506098,-0.0129544271193019));
#3309=CARTESIAN_POINT('',(0.0104589693827085,-0.0287214901306147,-0.012823425185756));
#3310=CARTESIAN_POINT('',(0.0106818195939131,-0.0288840560701039,-0.0124219784454792));
#3311=CARTESIAN_POINT('',(0.0104279342312276,-0.028928146612937,-0.0119972066945642));
#3312=CARTESIAN_POINT('',(0.0101874269441526,-0.0286314340214693,-0.0116847544380681));
#3313=CARTESIAN_POINT('',(0.010246258981139,-0.0281442639006094,-0.0117241796409166));
#3314=CARTESIAN_POINT('',(0.0105776040783039,-0.0278066875093011,-0.0118519130974109));
#3315=CARTESIAN_POINT('',(0.0110451306884024,-0.0278563579956159,-0.0116792452446478));
#3316=CARTESIAN_POINT('',(0.0114046200465993,-0.0281843804988761,-0.0117450843860582));
#3317=CARTESIAN_POINT('',(0.0113959765723724,-0.0285166051065785,-0.0121086946923659));
#3318=CARTESIAN_POINT('',(0.011270123893534,-0.0285406030293463,-0.0125788402104422));
#3319=CARTESIAN_POINT('',(0.0113616795051527,-0.0281583456133505,-0.0128843295782439));
#3320=CARTESIAN_POINT('',(0.0112248471530057,-0.0276882877943667,-0.0129288700975324));
#3321=CARTESIAN_POINT('',(0.0113236148445251,-0.0281437122128525,-0.0128408381034918));
#3322=CARTESIAN_POINT('',(0.0101388646328793,-0.0243709006746904,-0.0207707455249755));
#3323=CARTESIAN_POINT('',(0.0102607508121885,-0.024023501905186,-0.0206274026610218));
#3324=CARTESIAN_POINT('',(0.0101924013898063,-0.0238874206294533,-0.0202624858139566));
#3325=CARTESIAN_POINT('',(0.0101461384504331,-0.0240227247857798,-0.0199098869682467));
#3326=CARTESIAN_POINT('',(0.0102611133107678,-0.0242724960716323,-0.0196533932030487));
#3327=CARTESIAN_POINT('',(0.0104310875062725,-0.0246124580898669,-0.0196052687199495));
#3328=CARTESIAN_POINT('',(0.0104005517230587,-0.0249654890721439,-0.0197576351593935));
#3329=CARTESIAN_POINT('',(0.0101455274547353,-0.0252185777500838,-0.0198806616957657));
#3330=CARTESIAN_POINT('',(0.00980372289947327,-0.0253629330831019,-0.019821504229561));
#3331=CARTESIAN_POINT('',(0.00945809333171722,-0.0253132416993547,-0.0196478924875041));
#3332=CARTESIAN_POINT('',(0.00925048238670122,-0.0249787168816054,-0.0196085922526496));
#3333=CARTESIAN_POINT('',(0.0091891670013408,-0.0246546002293633,-0.0198023203866748));
#3334=CARTESIAN_POINT('',(0.00912984049212422,-0.0245033027008925,-0.020142731511833));
#3335=CARTESIAN_POINT('',(0.00918458391510167,-0.02455523406275,-0.0205202032051937));
#3336=CARTESIAN_POINT('',(0.00948194333753199,-0.0246650982000058,-0.020743494789344));
#3337=CARTESIAN_POINT('',(0.00985720642592111,-0.0246193385314197,-0.0207890447302619));
#3338=CARTESIAN_POINT('',(0.0101388646328793,-0.0243709006746904,-0.0207707455249755));
#3339=CARTESIAN_POINT('',(0.0102607508121885,-0.024023501905186,-0.0206274026610218));
#3340=CARTESIAN_POINT('',(0.0101924013898063,-0.0238874206294533,-0.0202624858139566));
#3341=CARTESIAN_POINT('',(0.0102290448785733,-0.0240587214874813,-0.0205904736638365));
#3342=CARTESIAN_POINT('',(0.0101899945085378,-0.0242851845615848,0.0113726985829961));
#3343=CARTESIAN_POINT('',(0.0103048395763661,-0.0241227003796553,0.0110794564756732));
#3344=CARTESIAN_POINT('',(0.0101591362295092,-0.0238412500972965,0.0108476920675596));
#3345=CARTESIAN_POINT('',(0.00986728106982046,-0.023631459807209,0.0108608911364211));
#3346=CARTESIAN_POINT('',(0.00968849311439772,-0.0235358313940669,0.0109302169650557));
#3347=CARTESIAN_POINT('',(0.00955872528977243,-0.0234610780052028,0.0110299284669167));
#3348=CARTESIAN_POINT('',(0.00953478674935927,-0.0233487342662862,0.0111708100773964));
#3349=CARTESIAN_POINT('',(0.00964894657914878,-0.0232270128806706,0.011322936640366));
#3350=CARTESIAN_POINT('',(0.00978203986969805,-0.0231387391862544,0.0115211482849885));
#3351=CARTESIAN_POINT('',(0.00993326852886569,-0.0231259461216346,0.0117414121491508));
#3352=CARTESIAN_POINT('',(0.0100539201920698,-0.0232579556115839,0.0119475525397919));
#3353=CARTESIAN_POINT('',(0.0100821505121681,-0.0235086836334903,0.0120482912987841));
#3354=CARTESIAN_POINT('',(0.0100363270686084,-0.0237691633923724,0.0120528541210456));
#3355=CARTESIAN_POINT('',(0.00994859566432157,-0.0239998920616029,0.0120096367712305));
#3356=CARTESIAN_POINT('',(0.00979898408978478,-0.0242352054409762,0.0119183544479117));
#3357=CARTESIAN_POINT('',(0.00952418725368929,-0.0242185382889473,0.012008336225955));
#3358=CARTESIAN_POINT('',(0.00929801262147705,-0.0241148867781931,0.0120579684746132));
#3359=CARTESIAN_POINT('',(0.00900432872927577,-0.0239138582895192,0.0120351975663179));
#3360=CARTESIAN_POINT('',(0.00887877268699494,-0.0236477531434911,0.0117792082178037));
#3361=CARTESIAN_POINT('',(0.00899746336795397,-0.0235311399463095,0.0114642133739034));
#3362=CARTESIAN_POINT('',(0.00914427885092599,-0.023493354605741,0.0112559724970414));
#3363=CARTESIAN_POINT('',(0.00927993139528953,-0.0235858973877039,0.0110258267940458));
#3364=CARTESIAN_POINT('',(0.00917434563379035,-0.0238271871832843,0.0109109797862817));
#3365=CARTESIAN_POINT('',(0.00911665129733085,-0.0240623981601159,0.0108524715218087));
#3366=CARTESIAN_POINT('',(0.00908931620115848,-0.0243273100331062,0.0108639284321363));
#3367=CARTESIAN_POINT('',(0.00914905017046743,-0.0245602328135513,0.0109860742890397));
#3368=CARTESIAN_POINT('',(0.00929204411898786,-0.0246641076359752,0.0111900616100335));
#3369=CARTESIAN_POINT('',(0.00945742685368494,-0.0246464196375352,0.0113930404499371));
#3370=CARTESIAN_POINT('',(0.00962056863120476,-0.0245628246208975,0.0115646395918838));
#3371=CARTESIAN_POINT('',(0.0098094661730722,-0.0244070146774192,0.0117204933299519));
#3372=CARTESIAN_POINT('',(0.0100468365082602,-0.0243522487748568,0.0115689152844535));
#3373=CARTESIAN_POINT('',(0.0101899945085378,-0.0242851845615848,0.0113726985829961));
#3374=CARTESIAN_POINT('',(0.0103048395763661,-0.0241227003796553,0.0110794564756732));
#3375=CARTESIAN_POINT('',(0.0101591362295092,-0.0238412500972965,0.0108476920675596));
#3376=CARTESIAN_POINT('',(0.0102544159415186,-0.0241534075834352,0.0111578901441047));
#3377=CARTESIAN_POINT('',(0.0116403331468574,-0.0296647185290724,-0.00476610835050849));
#3378=CARTESIAN_POINT('',(0.0117075569446491,-0.0293783315398628,-0.00497029724356411));
#3379=CARTESIAN_POINT('',(0.0115467139155923,-0.029008243885001,-0.00500519727423224));
#3380=CARTESIAN_POINT('',(0.0112578588331561,-0.0288647469541556,-0.00482332259806314));
#3381=CARTESIAN_POINT('',(0.0110555184588076,-0.0288384854227081,-0.00467465909335466));
#3382=CARTESIAN_POINT('',(0.0108279583916651,-0.0288860036281536,-0.00446864737135083));
#3383=CARTESIAN_POINT('',(0.0106292144769822,-0.0290347682417225,-0.00464455409537841));
#3384=CARTESIAN_POINT('',(0.0105228547187975,-0.0292031391004691,-0.00480210259337922));
#3385=CARTESIAN_POINT('',(0.0104436150517619,-0.029505452391893,-0.00499022613430826));
#3386=CARTESIAN_POINT('',(0.0106080897117054,-0.0298713806554812,-0.00498821690344582));
#3387=CARTESIAN_POINT('',(0.0108809950359297,-0.0300150037348374,-0.00479178452433197));
#3388=CARTESIAN_POINT('',(0.0110645872958968,-0.0300502923675408,-0.00462237272180961));
#3389=CARTESIAN_POINT('',(0.0112662925547196,-0.0300117927121398,-0.00439329720535419));
#3390=CARTESIAN_POINT('',(0.0110843723445856,-0.0300441957010501,-0.0041536609670097));
#3391=CARTESIAN_POINT('',(0.0108976668532499,-0.0300132730507641,-0.00398643915085882));
#3392=CARTESIAN_POINT('',(0.0106265813253289,-0.0298790675494992,-0.00378950886594051));
#3393=CARTESIAN_POINT('',(0.0104437374125628,-0.0295248732648412,-0.003773677169436));
#3394=CARTESIAN_POINT('',(0.0105098429794059,-0.0292179123890196,-0.00396116666407904));
#3395=CARTESIAN_POINT('',(0.0106136830212994,-0.0290471424395079,-0.004112569248061));
#3396=CARTESIAN_POINT('',(0.0107928411791791,-0.0289016009270438,-0.00431484756452888));
#3397=CARTESIAN_POINT('',(0.0110278420964143,-0.0288337654533843,-0.00413551237586743));
#3398=CARTESIAN_POINT('',(0.0112238807063313,-0.0288489381301264,-0.0039783813002173));
#3399=CARTESIAN_POINT('',(0.0115087956091664,-0.028964928523514,-0.00378638898825208));
#3400=CARTESIAN_POINT('',(0.0116996144869984,-0.0293149037923178,-0.00377770071870448));
#3401=CARTESIAN_POINT('',(0.011649846112265,-0.0296224603469777,-0.00396540102287603));
#3402=CARTESIAN_POINT('',(0.0115696739821272,-0.0297925698561374,-0.0041314919427369));
#3403=CARTESIAN_POINT('',(0.0114151171218763,-0.0299374376175722,-0.00435185754863696));
#3404=CARTESIAN_POINT('',(0.0115451201449987,-0.0298268598275166,-0.00459763248309177));
#3405=CARTESIAN_POINT('',(0.0116403331468574,-0.0296647185290724,-0.00476610835050849));
#3406=CARTESIAN_POINT('',(0.0117075569446491,-0.0293783315398628,-0.00497029724356411));
#3407=CARTESIAN_POINT('',(0.0115467139155923,-0.029008243885001,-0.00500519727423224));
#3408=CARTESIAN_POINT('',(0.0116717454262971,-0.0294429532316942,-0.00490514261510123));
#3409=CARTESIAN_POINT('',(0.0113182829746726,-0.0284783798866199,0.00323655341470371));
#3410=CARTESIAN_POINT('',(0.0114031959569248,-0.0282339502907019,0.00300895750472216));
#3411=CARTESIAN_POINT('',(0.0112521427888091,-0.0279060476764165,0.00289968246390984));
#3412=CARTESIAN_POINT('',(0.0109872539887584,-0.0277148264958905,0.0030108390786589));
#3413=CARTESIAN_POINT('',(0.0107944541142271,-0.0276322345449776,0.00314252536573725));
#3414=CARTESIAN_POINT('',(0.0106510411897617,-0.0275680434953034,0.00336714518903311));
#3415=CARTESIAN_POINT('',(0.0107819560805638,-0.0274853328305137,0.00359397231805303));
#3416=CARTESIAN_POINT('',(0.0109329140331606,-0.0274660598509872,0.00378793063425528));
#3417=CARTESIAN_POINT('',(0.0111003977123768,-0.027522259534749,0.00397555582488467));
#3418=CARTESIAN_POINT('',(0.0112386214027652,-0.0276967706838986,0.00411241299602552));
#3419=CARTESIAN_POINT('',(0.0112839329684935,-0.0279536427243591,0.00414128142825519));
#3420=CARTESIAN_POINT('',(0.0112424700297495,-0.0281992457389813,0.00408663704652091));
#3421=CARTESIAN_POINT('',(0.0111488420579942,-0.0284084987660202,0.00399551102707272));
#3422=CARTESIAN_POINT('',(0.0109798028327118,-0.028596315796363,0.00388793627142613));
#3423=CARTESIAN_POINT('',(0.0107256022828976,-0.0286243891611863,0.00398775879551447));
#3424=CARTESIAN_POINT('',(0.0105099531519274,-0.028557243582502,0.00408730072425374));
#3425=CARTESIAN_POINT('',(0.0102224156257302,-0.0283829718961233,0.00416374354073743));
#3426=CARTESIAN_POINT('',(0.0100585154614591,-0.028067897775246,0.0040374762916621));
#3427=CARTESIAN_POINT('',(0.0101239226972228,-0.0278538044347849,0.0037741835724337));
#3428=CARTESIAN_POINT('',(0.0102244856008295,-0.0277515729532446,0.00357239851613076));
#3429=CARTESIAN_POINT('',(0.0103351978658378,-0.0277378859474616,0.00332145532985625));
#3430=CARTESIAN_POINT('',(0.0102519416517934,-0.0279140957685298,0.0031269307929972));
#3431=CARTESIAN_POINT('',(0.0101902123613771,-0.0281150411410782,0.00300343788837557));
#3432=CARTESIAN_POINT('',(0.0101588331449122,-0.0284459471303639,0.00290019921242278));
#3433=CARTESIAN_POINT('',(0.0103298591900471,-0.0287632908039368,0.00301694200739334));
#3434=CARTESIAN_POINT('',(0.0105838560464575,-0.0288337156502047,0.00324008451121546));
#3435=CARTESIAN_POINT('',(0.0107688321327329,-0.028814985665751,0.00339943653151706));
#3436=CARTESIAN_POINT('',(0.0109863817041866,-0.0287222756083378,0.00354008439604995));
#3437=CARTESIAN_POINT('',(0.011197596953875,-0.0286095712660456,0.0034071869558375));
#3438=CARTESIAN_POINT('',(0.0113182829746726,-0.0284783798866199,0.00323655341470371));
#3439=CARTESIAN_POINT('',(0.0114031959569248,-0.0282339502907019,0.00300895750472216));
#3440=CARTESIAN_POINT('',(0.0112521427888091,-0.0279060476764165,0.00289968246390984));
#3441=CARTESIAN_POINT('',(0.0113623038654977,-0.0282881016048175,0.00307571655464831));
#3442=CARTESIAN_POINT('',(0.00483725313455098,-0.00593451362758352,-0.0294482441955974));
#3443=CARTESIAN_POINT('',(0.00494794431914971,-0.00619652014891995,-0.0294396608506466));
#3444=CARTESIAN_POINT('',(0.00511620479677862,-0.00658853009323583,-0.0294255793637212));
#3445=CARTESIAN_POINT('',(0.00534485544102804,-0.00710945624794233,-0.0294093331192123));
#3446=CARTESIAN_POINT('',(0.00551901975226235,-0.00749903488647434,-0.0294009205010547));
#3447=CARTESIAN_POINT('',(0.00566699210347698,-0.00782216861199969,-0.0294005816178636));
#3448=CARTESIAN_POINT('',(0.00578843913489391,-0.00807970165438189,-0.0294095712368089));
#3449=CARTESIAN_POINT('',(0.00588128901166066,-0.00827082586612931,-0.0294244926257512));
#3450=CARTESIAN_POINT('',(0.00596216322072927,-0.00843015277269879,-0.0294482191968216));
#3451=CARTESIAN_POINT('',(0.00602735993082774,-0.00854694539050794,-0.0294867258863968));
#3452=CARTESIAN_POINT('',(0.0060833110933476,-0.00863832041499918,-0.0295346548506309));
#3453=CARTESIAN_POINT('',(0.00611249415192723,-0.00863340321884422,-0.0296510416132447));
#3454=CARTESIAN_POINT('',(0.00608876560899901,-0.00852417329882737,-0.0297532005578429));
#3455=CARTESIAN_POINT('',(0.00604793828116236,-0.00838306597797084,-0.0298466711148579));
#3456=CARTESIAN_POINT('',(0.00598703747811553,-0.00819847318958556,-0.0299397853165598));
#3457=CARTESIAN_POINT('',(0.00590084305306855,-0.00795045841978338,-0.0300466111929881));
#3458=CARTESIAN_POINT('',(0.00578505218288761,-0.00763283740165125,-0.0301594631686686));
#3459=CARTESIAN_POINT('',(0.00564011078634831,-0.00724828536089487,-0.0302721283144814));
#3460=CARTESIAN_POINT('',(0.0054409507840658,-0.0067318829206588,-0.0303982896626648));
#3461=CARTESIAN_POINT('',(0.00518247635701406,-0.00607965758555077,-0.0305178072351843));
#3462=CARTESIAN_POINT('',(0.00496969122179559,-0.00555689182091785,-0.0305781361152821));
#3463=CARTESIAN_POINT('',(0.00485971620393547,-0.00529611097798351,-0.0306006699578667));
#3464=CARTESIAN_POINT('',(0.00497004841712644,-0.00556096704305991,0.0212663021981115));
#3465=CARTESIAN_POINT('',(0.00507372378095669,-0.00581236816080679,0.0212395240549357));
#3466=CARTESIAN_POINT('',(0.00527691631932431,-0.00631570153507563,0.0211708557327284));
#3467=CARTESIAN_POINT('',(0.00552202956494267,-0.00693996090409893,0.0210433720299362));
#3468=CARTESIAN_POINT('',(0.00571108369118974,-0.0074354032888197,0.0209108054527914));
#3469=CARTESIAN_POINT('',(0.00584792005365684,-0.00780357960400596,0.020792965163567));
#3470=CARTESIAN_POINT('',(0.00595601590118953,-0.00810645403723268,0.020674589525467));
#3471=CARTESIAN_POINT('',(0.00603438372334828,-0.00834112635645952,0.0205601483426152));
#3472=CARTESIAN_POINT('',(0.00607824596845638,-0.0084851424070223,0.0204730881238023));
#3473=CARTESIAN_POINT('',(0.0061026081960158,-0.00858538447829329,0.0203891564336367));
#3474=CARTESIAN_POINT('',(0.00611012346103481,-0.00865477211711291,0.0202962378716273));
#3475=CARTESIAN_POINT('',(0.00606175160957229,-0.00860565195610072,0.0202029596268987));
#3476=CARTESIAN_POINT('',(0.00599630400684003,-0.00849302645233544,0.0201566786305252));
#3477=CARTESIAN_POINT('',(0.00591880843682612,-0.00834610430978444,0.0201244760116096));
#3478=CARTESIAN_POINT('',(0.00579900144773184,-0.00810300169687079,0.0201001766015281));
#3479=CARTESIAN_POINT('',(0.00565473401770144,-0.0077962182010579,0.0200909249165328));
#3480=CARTESIAN_POINT('',(0.00543005278062772,-0.00730279319657181,0.0200941296132284));
#3481=CARTESIAN_POINT('',(0.00515653248123416,-0.00668253578532675,0.020113547616235));
#3482=CARTESIAN_POINT('',(0.0049427638827318,-0.00618425803310854,0.0201312063315172));
#3483=CARTESIAN_POINT('',(0.00483725313455091,-0.00593451362758346,0.0201393879690246));
#3484=CARTESIAN_POINT('',(0.00374789209059248,-0.00340962491004379,-0.00465442811328642));
#3485=CARTESIAN_POINT('',(0.0164267990016019,-0.0245032113233153,-0.0125815787460618));
#3486=CARTESIAN_POINT('',(0.0164162412319969,-0.0242639634503215,-0.0127992719122635));
#3487=CARTESIAN_POINT('',(0.0163190448108929,-0.0238765362542905,-0.0129631409699154));
#3488=CARTESIAN_POINT('',(0.015961562396101,-0.0236587806297663,-0.0128061112443938));
#3489=CARTESIAN_POINT('',(0.0157109665265333,-0.023718539411044,-0.0126143463714972));
#3490=CARTESIAN_POINT('',(0.0155429355108295,-0.0238187298663005,-0.0124797581617595));
#3491=CARTESIAN_POINT('',(0.0153669651611215,-0.0239900722985898,-0.0124303786528653));
#3492=CARTESIAN_POINT('',(0.0152073701672807,-0.0242211965337253,-0.0125992982145242));
#3493=CARTESIAN_POINT('',(0.015191221830988,-0.0245445085572866,-0.0128807855639162));
#3494=CARTESIAN_POINT('',(0.0155261548695411,-0.0248309951647346,-0.0129227648434669));
#3495=CARTESIAN_POINT('',(0.0157991691853358,-0.024917300037437,-0.0127804677373235));
#3496=CARTESIAN_POINT('',(0.015978529727224,-0.0249451604490382,-0.0126190859997378));
#3497=CARTESIAN_POINT('',(0.0160340276615452,-0.0250040227122758,-0.0123827390052251));
#3498=CARTESIAN_POINT('',(0.0159069697291719,-0.0251080030535758,-0.012106791061199));
#3499=CARTESIAN_POINT('',(0.0156225869504548,-0.0251307724645043,-0.0117835498087394));
#3500=CARTESIAN_POINT('',(0.0153733778734255,-0.0247743906636221,-0.0116832632361695));
#3501=CARTESIAN_POINT('',(0.0153589407188066,-0.0244630216188684,-0.0117620968772041));
#3502=CARTESIAN_POINT('',(0.0154032627394532,-0.0242443880037254,-0.0118440106699583));
#3503=CARTESIAN_POINT('',(0.0155480841248367,-0.0240432789331427,-0.0118783048994863));
#3504=CARTESIAN_POINT('',(0.0158342674645601,-0.0239326136872757,-0.0117631278017042));
#3505=CARTESIAN_POINT('',(0.0162449793550836,-0.0239824131374495,-0.0116507736553982));
#3506=CARTESIAN_POINT('',(0.0165089653231571,-0.0242700421927838,-0.0118614299986255));
#3507=CARTESIAN_POINT('',(0.0165174252835266,-0.0244558779695925,-0.0121230270962153));
#3508=CARTESIAN_POINT('',(0.0164697120458928,-0.0245542837830099,-0.0123385837264422));
#3509=CARTESIAN_POINT('',(0.0164267990016019,-0.0245032113233153,-0.0125815787460618));
#3510=CARTESIAN_POINT('',(0.0164162412319969,-0.0242639634503215,-0.0127992719122635));
#3511=CARTESIAN_POINT('',(0.0163190448108929,-0.0238765362542905,-0.0129631409699154));
#3512=CARTESIAN_POINT('',(0.0164132807271262,-0.0243178842615852,-0.0127376321273713));
#3513=CARTESIAN_POINT('',(0.014181216077048,-0.0209356732253982,-0.0208005030941621));
#3514=CARTESIAN_POINT('',(0.0142786082714011,-0.0205549561502502,-0.0207624687532395));
#3515=CARTESIAN_POINT('',(0.0141862821198247,-0.0202390390238376,-0.0205142598785585));
#3516=CARTESIAN_POINT('',(0.0140729665468647,-0.0202922655831088,-0.0201239016535853));
#3517=CARTESIAN_POINT('',(0.0141300801400469,-0.020483063913434,-0.0197933913038158));
#3518=CARTESIAN_POINT('',(0.014391457762159,-0.0207074205545232,-0.0195998097973883));
#3519=CARTESIAN_POINT('',(0.0146339627446539,-0.0210173777375262,-0.0196582207658939));
#3520=CARTESIAN_POINT('',(0.0146160288776171,-0.0213664398699756,-0.0198508573028294));
#3521=CARTESIAN_POINT('',(0.0143892065475526,-0.0216789600558312,-0.0199068061161315));
#3522=CARTESIAN_POINT('',(0.0140866651044232,-0.0218889321523947,-0.0197667553643531));
#3523=CARTESIAN_POINT('',(0.0137188696854233,-0.0218194370348291,-0.0195962363662829));
#3524=CARTESIAN_POINT('',(0.0134914150103887,-0.0214878186813602,-0.019668568477931));
#3525=CARTESIAN_POINT('',(0.0133629356080833,-0.0212385908578079,-0.0199372720061997));
#3526=CARTESIAN_POINT('',(0.0133154334089353,-0.0211934608750972,-0.0203274146372167));
#3527=CARTESIAN_POINT('',(0.0135145228969147,-0.0212479770243297,-0.0206679914336644));
#3528=CARTESIAN_POINT('',(0.0138906678160024,-0.0211954235466174,-0.0207946455254825));
#3529=CARTESIAN_POINT('',(0.014181216077048,-0.0209356732253982,-0.0208005030941621));
#3530=CARTESIAN_POINT('',(0.0142786082714011,-0.0205549561502502,-0.0207624687532395));
#3531=CARTESIAN_POINT('',(0.0141862821198247,-0.0202390390238376,-0.0205142598785585));
#3532=CARTESIAN_POINT('',(0.0142469885470795,-0.0205657561417061,-0.0207274396642798));
#3533=CARTESIAN_POINT('',(0.0142236367914674,-0.0211202884494011,0.0113179871688318));
#3534=CARTESIAN_POINT('',(0.0144306875760973,-0.0207931633578212,0.0110941473341028));
#3535=CARTESIAN_POINT('',(0.014312452888686,-0.0204472403143714,0.0108403388844894));
#3536=CARTESIAN_POINT('',(0.0139438975107681,-0.0201931453505608,0.0108594883292799));
#3537=CARTESIAN_POINT('',(0.0137233134436961,-0.0199714391814848,0.0111615456842557));
#3538=CARTESIAN_POINT('',(0.0138058340835718,-0.0197671349085236,0.0115410942204462));
#3539=CARTESIAN_POINT('',(0.0139964743256477,-0.0198822402119694,0.0119411767790541));
#3540=CARTESIAN_POINT('',(0.0140300064338933,-0.020319850521176,0.0120518821923392));
#3541=CARTESIAN_POINT('',(0.0138404746942149,-0.0207096608985443,0.0120471104313685));
#3542=CARTESIAN_POINT('',(0.0134116159723749,-0.0208336069048388,0.0120421442768));
#3543=CARTESIAN_POINT('',(0.0130446151812658,-0.0207353383670434,0.0118094393661462));
#3544=CARTESIAN_POINT('',(0.013010090180794,-0.020622320876012,0.0113755745632692));
#3545=CARTESIAN_POINT('',(0.0131567680126513,-0.0207650470772359,0.0109904106810666));
#3546=CARTESIAN_POINT('',(0.0132734360322374,-0.0211565383762046,0.0108161896221101));
#3547=CARTESIAN_POINT('',(0.0135667736101399,-0.0214883943994669,0.0109281687993149));
#3548=CARTESIAN_POINT('',(0.0139161563008819,-0.0214063617900504,0.0112053321054884));
#3549=CARTESIAN_POINT('',(0.0142236367914674,-0.0211202884494011,0.0113179871688318));
#3550=CARTESIAN_POINT('',(0.0144306875760973,-0.0207931633578212,0.0110941473341028));
#3551=CARTESIAN_POINT('',(0.014312452888686,-0.0204472403143714,0.0108403388844894));
#3552=CARTESIAN_POINT('',(0.0143764733307571,-0.0207900303658428,0.0110891525649554));
#3553=CARTESIAN_POINT('',(0.0170411980577961,-0.0256217436955535,-0.00455670160838486));
#3554=CARTESIAN_POINT('',(0.0170867400934688,-0.0253955248398445,-0.00479683829667491));
#3555=CARTESIAN_POINT('',(0.0169769171546587,-0.0250121849693205,-0.0050436416757528));
#3556=CARTESIAN_POINT('',(0.0165566007505723,-0.0248223866095881,-0.00492253798507022));
#3557=CARTESIAN_POINT('',(0.0162826325799927,-0.0248707464042838,-0.00474678893361346));
#3558=CARTESIAN_POINT('',(0.0160857228731757,-0.0249704508756223,-0.00459249148940527));
#3559=CARTESIAN_POINT('',(0.0159248807868577,-0.0251741717155935,-0.00465451011623917));
#3560=CARTESIAN_POINT('',(0.0158700697978448,-0.0253704782043322,-0.00480397626733489));
#3561=CARTESIAN_POINT('',(0.015877218706745,-0.0255872921530667,-0.00492532626030249));
#3562=CARTESIAN_POINT('',(0.0160180462667623,-0.025893624750029,-0.00502106807729021));
#3563=CARTESIAN_POINT('',(0.0163337933587246,-0.0260496993518929,-0.00488953589205439));
#3564=CARTESIAN_POINT('',(0.016575197234157,-0.0260394698743624,-0.0046664894773401));
#3565=CARTESIAN_POINT('',(0.0167330123594868,-0.0259798481474211,-0.00445682788040233));
#3566=CARTESIAN_POINT('',(0.0166696403592233,-0.0260050206569685,-0.00419861178987157));
#3567=CARTESIAN_POINT('',(0.0164429468549774,-0.0260557805375912,-0.0039617015225198));
#3568=CARTESIAN_POINT('',(0.0160539093426286,-0.025957167849347,-0.00372479488716199));
#3569=CARTESIAN_POINT('',(0.0158467602814307,-0.0255502272550369,-0.00385606842472385));
#3570=CARTESIAN_POINT('',(0.0158838274350235,-0.0252774402544531,-0.00403621723844706));
#3571=CARTESIAN_POINT('',(0.015976761674934,-0.0250780139218073,-0.004191548345074));
#3572=CARTESIAN_POINT('',(0.0161726915433786,-0.0249086650798194,-0.00412462703150525));
#3573=CARTESIAN_POINT('',(0.0164216377142744,-0.024817540611256,-0.00392766724849361));
#3574=CARTESIAN_POINT('',(0.016840055543773,-0.0248778943456005,-0.00372232896934982));
#3575=CARTESIAN_POINT('',(0.0170623162620177,-0.0252698517859333,-0.00387369732288075));
#3576=CARTESIAN_POINT('',(0.0170656681887672,-0.0255129903878702,-0.00409183973035733));
#3577=CARTESIAN_POINT('',(0.0170173592423233,-0.0256774767253334,-0.00429649447800618));
#3578=CARTESIAN_POINT('',(0.0170411980577961,-0.0256217436955535,-0.00455670160838486));
#3579=CARTESIAN_POINT('',(0.0170867400934688,-0.0253955248398445,-0.00479683829667491));
#3580=CARTESIAN_POINT('',(0.0169769171546587,-0.0250121849693205,-0.0050436416757528));
#3581=CARTESIAN_POINT('',(0.0170642378856572,-0.0254453751337125,-0.00473324629251675));
#3582=CARTESIAN_POINT('',(0.0163073958986888,-0.024776638446181,0.00340709146588772));
#3583=CARTESIAN_POINT('',(0.0165224467614723,-0.0244074750823806,0.00312549906211347));
#3584=CARTESIAN_POINT('',(0.0163699334603965,-0.0239986136946574,0.00288960080569859));
#3585=CARTESIAN_POINT('',(0.0159312235635073,-0.0237807113059388,0.00299561381753787));
#3586=CARTESIAN_POINT('',(0.015642334405213,-0.0237137745915838,0.00339880289053113));
#3587=CARTESIAN_POINT('',(0.0158672202838313,-0.0235405313542104,0.00381936388675709));
#3588=CARTESIAN_POINT('',(0.0162122862828043,-0.0237003502443234,0.00414991874694554));
#3589=CARTESIAN_POINT('',(0.0163431152147705,-0.0241842019398764,0.00412526815279001));
#3590=CARTESIAN_POINT('',(0.0161832677989933,-0.0246369386308582,0.00397961825260877));
#3591=CARTESIAN_POINT('',(0.0157209775368355,-0.0247699464142886,0.00414919734737779));
#3592=CARTESIAN_POINT('',(0.015256878210281,-0.0245904336009825,0.00411721368029435));
#3593=CARTESIAN_POINT('',(0.0151247535107944,-0.0242689657522181,0.00375608679780931));
#3594=CARTESIAN_POINT('',(0.0152511852959775,-0.0241755772568664,0.00327951562318204));
#3595=CARTESIAN_POINT('',(0.0152618466420029,-0.0245727810586297,0.00296147717074126));
#3596=CARTESIAN_POINT('',(0.0155284120369804,-0.0249960409198459,0.00290823425653146));
#3597=CARTESIAN_POINT('',(0.0159485411492022,-0.0250429590557236,0.00317767141816372));
#3598=CARTESIAN_POINT('',(0.0163073958986888,-0.024776638446181,0.00340709146588772));
#3599=CARTESIAN_POINT('',(0.0165224467614723,-0.0244074750823806,0.00312549906211347));
#3600=CARTESIAN_POINT('',(0.0163699334603965,-0.0239986136946574,0.00288960080569859));
#3601=CARTESIAN_POINT('',(0.0164611860674958,-0.0244008587450601,0.00313311475334004));
#3602=CARTESIAN_POINT('',(0.00578095282462654,-0.00577368293714395,-0.0300492402187309));
#3603=CARTESIAN_POINT('',(0.00571420905682338,-0.00568511734945916,-0.0301212544503589));
#3604=CARTESIAN_POINT('',(0.00563883301273761,-0.0055929893724835,-0.0301809398962735));
#3605=CARTESIAN_POINT('',(0.00556045033021716,-0.00549990132008153,-0.0302340559422977));
#3606=CARTESIAN_POINT('',(0.00560661680215818,-0.0055550989768669,0.0208927486198269));
#3607=CARTESIAN_POINT('',(0.00566804938699908,-0.0056290769721108,0.0208479267882631));
#3608=CARTESIAN_POINT('',(0.00572753147900595,-0.00570279552659571,0.0207980237881125));
#3609=CARTESIAN_POINT('',(0.00578095282462651,-0.00577368293714392,0.0207403839921581));
#3610=CARTESIAN_POINT('',(9.97157669260814E-5,-0.00200961226495087,-0.00465442811328641));
#3611=CARTESIAN_POINT('',(0.0220189993281246,-0.0145792297041465,-0.0125621096940631));
#3612=CARTESIAN_POINT('',(0.0220276186472136,-0.0143083123103603,-0.0126826337181768));
#3613=CARTESIAN_POINT('',(0.0219498038059043,-0.0140980972507655,-0.0128106736829425));
#3614=CARTESIAN_POINT('',(0.0218126034674644,-0.0138840593873267,-0.0128977750329564));
#3615=CARTESIAN_POINT('',(0.0215973975751534,-0.0137137354604098,-0.0129092293966814));
#3616=CARTESIAN_POINT('',(0.0213472240350801,-0.0136658883606825,-0.0127959125334946));
#3617=CARTESIAN_POINT('',(0.0211621638455613,-0.0137443353379629,-0.0126130270973082));
#3618=CARTESIAN_POINT('',(0.0210656902337374,-0.013858841445173,-0.0124518801429184));
#3619=CARTESIAN_POINT('',(0.0210195480901187,-0.013962804033924,-0.0123169885241383));
#3620=CARTESIAN_POINT('',(0.0209989785793604,-0.0140466413076382,-0.0122151691075744));
#3621=CARTESIAN_POINT('',(0.0210247822990265,-0.0140840417633067,-0.0120819537599193));
#3622=CARTESIAN_POINT('',(0.0211254105862764,-0.0140072926107258,-0.0119459096214329));
#3623=CARTESIAN_POINT('',(0.0212772665388712,-0.0139202910746097,-0.0118197108927788));
#3624=CARTESIAN_POINT('',(0.0215952250430693,-0.013819493192973,-0.0116760843936824));
#3625=CARTESIAN_POINT('',(0.0219802092307037,-0.0139048363741301,-0.0117449652637144));
#3626=CARTESIAN_POINT('',(0.0221311615014778,-0.0141347813355206,-0.011991130767624));
#3627=CARTESIAN_POINT('',(0.0221562232643903,-0.014313126567456,-0.0121698407766405));
#3628=CARTESIAN_POINT('',(0.0220932120301238,-0.0145141807394212,-0.0123960934218724));
#3629=CARTESIAN_POINT('',(0.0220213077808988,-0.0147607108035509,-0.0122423909148515));
#3630=CARTESIAN_POINT('',(0.0219239848633075,-0.0149143685070965,-0.0120632294056206));
#3631=CARTESIAN_POINT('',(0.0217631888024632,-0.0150317601604271,-0.0118830619999557));
#3632=CARTESIAN_POINT('',(0.0215340274006658,-0.0150565299906632,-0.011735687345436));
#3633=CARTESIAN_POINT('',(0.0212846812051227,-0.0149423324811045,-0.0116942312813574));
#3634=CARTESIAN_POINT('',(0.0211082108786015,-0.0147490763147351,-0.0117630245854365));
#3635=CARTESIAN_POINT('',(0.0210205445920754,-0.0145758901796015,-0.0118663326158269));
#3636=CARTESIAN_POINT('',(0.0209745520142565,-0.0144442503902514,-0.0119715934560819));
#3637=CARTESIAN_POINT('',(0.0209515366825301,-0.0143461944225754,-0.0120616619101023));
#3638=CARTESIAN_POINT('',(0.0209168950747152,-0.0143175083820663,-0.0121933262908093));
#3639=CARTESIAN_POINT('',(0.0208738942535298,-0.014412403885655,-0.0123433145249633));
#3640=CARTESIAN_POINT('',(0.0208641801697708,-0.0145422964712548,-0.0125142271550532));
#3641=CARTESIAN_POINT('',(0.0209482698099265,-0.0147648118289722,-0.0127818818062726));
#3642=CARTESIAN_POINT('',(0.0212827014799867,-0.0149060922657613,-0.0129414219866564));
#3643=CARTESIAN_POINT('',(0.0216320055401878,-0.0148386375347488,-0.0128549199938384));
#3644=CARTESIAN_POINT('',(0.0218363023769437,-0.0147347277887425,-0.0127503218978429));
#3645=CARTESIAN_POINT('',(0.0220189993281246,-0.0145792297041465,-0.0125621096940631));
#3646=CARTESIAN_POINT('',(0.0220276186472136,-0.0143083123103603,-0.0126826337181768));
#3647=CARTESIAN_POINT('',(0.0219498038059043,-0.0140980972507655,-0.0128106736829425));
#3648=CARTESIAN_POINT('',(0.0220132129538141,-0.0143184293660589,-0.0126838863749522));
#3649=CARTESIAN_POINT('',(0.0183009525721466,-0.0125537971418759,-0.020766691792503));
#3650=CARTESIAN_POINT('',(0.0183845899951273,-0.0122052369517727,-0.0207609858725516));
#3651=CARTESIAN_POINT('',(0.0182926876688348,-0.0118645646739781,-0.0206647505340875));
#3652=CARTESIAN_POINT('',(0.0181406577995951,-0.0117177556408434,-0.0203530048397652));
#3653=CARTESIAN_POINT('',(0.0181545056074068,-0.0118058292103244,-0.0199958367278471));
#3654=CARTESIAN_POINT('',(0.018350060885413,-0.01190869495574,-0.0197160269279598));
#3655=CARTESIAN_POINT('',(0.018676198224755,-0.0120223859262177,-0.0195978031490063));
#3656=CARTESIAN_POINT('',(0.018940477869199,-0.0122592302010709,-0.0196859467568595));
#3657=CARTESIAN_POINT('',(0.0189909904901923,-0.0125961713764304,-0.0198135420156759));
#3658=CARTESIAN_POINT('',(0.0188854987744736,-0.0129366095874242,-0.0198051483908827));
#3659=CARTESIAN_POINT('',(0.0186535372013786,-0.0131879019325138,-0.019670608093383));
#3660=CARTESIAN_POINT('',(0.0182853343489548,-0.0131889784587433,-0.0195995021838596));
#3661=CARTESIAN_POINT('',(0.017991595750925,-0.0130249611055193,-0.0197499873563012));
#3662=CARTESIAN_POINT('',(0.0178187162861679,-0.0129285320429593,-0.0200470727967497));
#3663=CARTESIAN_POINT('',(0.0178272038981252,-0.0129080982719214,-0.020410530390995));
#3664=CARTESIAN_POINT('',(0.0180545637135733,-0.0128076915588659,-0.0206802986270465));
#3665=CARTESIAN_POINT('',(0.0183009525721466,-0.0125537971418759,-0.020766691792503));
#3666=CARTESIAN_POINT('',(0.0183845899951273,-0.0122052369517727,-0.0207609858725516));
#3667=CARTESIAN_POINT('',(0.0182926876688348,-0.0118645646739781,-0.0206647505340875));
#3668=CARTESIAN_POINT('',(0.0183553333702485,-0.0122065516038242,-0.0207458976361329));
#3669=CARTESIAN_POINT('',(0.0186536046093248,-0.0126973494459871,0.0109374860937909));
#3670=CARTESIAN_POINT('',(0.0187191624919483,-0.0124017050176654,0.010921268244391));
#3671=CARTESIAN_POINT('',(0.0186431419373812,-0.0121137408055872,0.0108569579868826));
#3672=CARTESIAN_POINT('',(0.0184238219969731,-0.0118986046525819,0.0108576410004244));
#3673=CARTESIAN_POINT('',(0.0181881266718973,-0.0117687829422768,0.0110012516973941));
#3674=CARTESIAN_POINT('',(0.0180416884039482,-0.0116816443254362,0.011249322084162));
#3675=CARTESIAN_POINT('',(0.0180183368713241,-0.0116708826522039,0.0115602389559191));
#3676=CARTESIAN_POINT('',(0.0180830503159272,-0.0118630367061223,0.0118007889403485));
#3677=CARTESIAN_POINT('',(0.0180828774809454,-0.0121610327651137,0.0118808243572305));
#3678=CARTESIAN_POINT('',(0.0179746490242454,-0.0124420540899185,0.0118635264110194));
#3679=CARTESIAN_POINT('',(0.0177955179200576,-0.0126543738232469,0.0117345706122708));
#3680=CARTESIAN_POINT('',(0.0176767353915212,-0.0127670193352287,0.011475972219355));
#3681=CARTESIAN_POINT('',(0.0177187784578088,-0.0128385350772363,0.0111812446178659));
#3682=CARTESIAN_POINT('',(0.0178908376971432,-0.0129330596194555,0.0109514777231365));
#3683=CARTESIAN_POINT('',(0.0181680340225838,-0.0130189113010825,0.0108400643956839));
#3684=CARTESIAN_POINT('',(0.018470199354406,-0.0129389902878044,0.0108806232233275));
#3685=CARTESIAN_POINT('',(0.0186536046093248,-0.0126973494459871,0.0109374860937909));
#3686=CARTESIAN_POINT('',(0.0187191624919483,-0.0124017050176654,0.010921268244391));
#3687=CARTESIAN_POINT('',(0.0186431419373812,-0.0121137408055872,0.0108569579868826));
#3688=CARTESIAN_POINT('',(0.0186955660857501,-0.012402985053706,0.0109132528430391));
#3689=CARTESIAN_POINT('',(0.0219502455020498,-0.0152309098935164,-0.00487499933780437));
#3690=CARTESIAN_POINT('',(0.0222322595606578,-0.0155538011190817,-0.00505141409777039));
#3691=CARTESIAN_POINT('',(0.0226624397472559,-0.0155416427082899,-0.00486834368409636));
#3692=CARTESIAN_POINT('',(0.0228612371013574,-0.0154269686419586,-0.00464187047936657));
#3693=CARTESIAN_POINT('',(0.0229601766508935,-0.0153245394777361,-0.00441845627081839));
#3694=CARTESIAN_POINT('',(0.02289394241807,-0.0153920865361015,-0.00417193992289761));
#3695=CARTESIAN_POINT('',(0.0227083184895022,-0.015518763838015,-0.00393913050245644));
#3696=CARTESIAN_POINT('',(0.0223035459156759,-0.0155750632537204,-0.0037215583823111));
#3697=CARTESIAN_POINT('',(0.021970559231009,-0.0152829318466634,-0.00386847292401064));
#3698=CARTESIAN_POINT('',(0.0218966535745866,-0.0150216942656122,-0.00404391038012963));
#3699=CARTESIAN_POINT('',(0.0219065797633217,-0.0147914673257207,-0.00417415164569976));
#3700=CARTESIAN_POINT('',(0.022017996463906,-0.014568522439451,-0.00408588491915425));
#3701=CARTESIAN_POINT('',(0.0222114842760758,-0.014384366520304,-0.0039043028779952));
#3702=CARTESIAN_POINT('',(0.0226256683397088,-0.0142825709118899,-0.00371993744762565));
#3703=CARTESIAN_POINT('',(0.0229711025693551,-0.014545370374012,-0.00389413765640697));
#3704=CARTESIAN_POINT('',(0.0230702091422052,-0.0147563321369479,-0.00411693063565153));
#3705=CARTESIAN_POINT('',(0.023095473612114,-0.0148998577771584,-0.00433731391771989));
#3706=CARTESIAN_POINT('',(0.0230861349592664,-0.0148094376863362,-0.00458609380556875));
#3707=CARTESIAN_POINT('',(0.0230144522220925,-0.0145985284938277,-0.00482175329577547));
#3708=CARTESIAN_POINT('',(0.0227235634181672,-0.0143155672098385,-0.00504807715802047));
#3709=CARTESIAN_POINT('',(0.0222787294518518,-0.0143592270145843,-0.0049096064657594));
#3710=CARTESIAN_POINT('',(0.0220631830701137,-0.0145280478177911,-0.0047379538043316));
#3711=CARTESIAN_POINT('',(0.0219342785468378,-0.0147200617593632,-0.00460846745214121));
#3712=CARTESIAN_POINT('',(0.0218961012408488,-0.0149666100898746,-0.00469468704343431));
#3713=CARTESIAN_POINT('',(0.0219502455020498,-0.0152309098935164,-0.00487499933780437));
#3714=CARTESIAN_POINT('',(0.0222322595606578,-0.0155538011190817,-0.00505141409777039));
#3715=CARTESIAN_POINT('',(0.0226624397472559,-0.0155416427082899,-0.00486834368409636));
#3716=CARTESIAN_POINT('',(0.0222618927862558,-0.0154867911918103,-0.00497951706304238));
#3717=CARTESIAN_POINT('',(0.0219868096265641,-0.0147538555094206,0.00314479446339308));
#3718=CARTESIAN_POINT('',(0.0221208749425024,-0.0143539893835138,0.00315231360850538));
#3719=CARTESIAN_POINT('',(0.022026482448059,-0.0139818150434599,0.00296026231473846));
#3720=CARTESIAN_POINT('',(0.0216575600383376,-0.0137572482166114,0.00291175568185141));
#3721=CARTESIAN_POINT('',(0.021292818256068,-0.0137530840856287,0.00314530127817368));
#3722=CARTESIAN_POINT('',(0.0211772194855687,-0.013690067595769,0.00354333035683961));
#3723=CARTESIAN_POINT('',(0.0213431518120192,-0.0135846773722781,0.00392720899257976));
#3724=CARTESIAN_POINT('',(0.0216732823340193,-0.0137709615424067,0.0041513956059318));
#3725=CARTESIAN_POINT('',(0.0218417505657699,-0.0141673603578101,0.004115871910344));
#3726=CARTESIAN_POINT('',(0.0217297117388973,-0.014573421389759,0.00411163188079011));
#3727=CARTESIAN_POINT('',(0.0213657527378873,-0.0148037751747988,0.00415317259385169));
#3728=CARTESIAN_POINT('',(0.0209806581090349,-0.0147916257121156,0.00395131805600305));
#3729=CARTESIAN_POINT('',(0.0208702345256999,-0.0146469828108369,0.00355625618963185));
#3730=CARTESIAN_POINT('',(0.0209832331873558,-0.01470795986874,0.00315614184022319));
#3731=CARTESIAN_POINT('',(0.0212525080819832,-0.0149501567617747,0.0029181425283726));
#3732=CARTESIAN_POINT('',(0.0216876319952943,-0.0150051752212298,0.00295329626042596));
#3733=CARTESIAN_POINT('',(0.0219868096265641,-0.0147538555094206,0.00314479446339308));
#3734=CARTESIAN_POINT('',(0.0221208749425024,-0.0143539893835138,0.00315231360850538));
#3735=CARTESIAN_POINT('',(0.022026482448059,-0.0139818150434599,0.00296026231473846));
#3736=CARTESIAN_POINT('',(0.0220827986407721,-0.0143586046811559,0.00311905186869218));
#3737=CARTESIAN_POINT('',(0.0062821199267842,-0.00525457152430389,-0.0290212022030455));
#3738=CARTESIAN_POINT('',(0.0064612991503372,-0.00534234225110455,-0.0289717909724562));
#3739=CARTESIAN_POINT('',(0.00682335288377304,-0.0055109921247788,-0.0288736728689128));
#3740=CARTESIAN_POINT('',(0.00728086073205625,-0.00571231161883087,-0.0287545269539116));
#3741=CARTESIAN_POINT('',(0.00764997992572637,-0.00586958735468749,-0.0286659213872523));
#3742=CARTESIAN_POINT('',(0.00792982316899495,-0.00598623081499459,-0.0286058973349642));
#3743=CARTESIAN_POINT('',(0.0081634932574551,-0.0060814183283429,-0.0285649617957589));
#3744=CARTESIAN_POINT('',(0.00835698144780136,-0.00615792923309288,-0.0285474303035105));
#3745=CARTESIAN_POINT('',(0.00849303773473456,-0.00621055395424491,-0.0285454384971314));
#3746=CARTESIAN_POINT('',(0.00866783656848476,-0.00627342256708309,-0.028588937309102));
#3747=CARTESIAN_POINT('',(0.00861949804361822,-0.00624079625580511,-0.0287671532719283));
#3748=CARTESIAN_POINT('',(0.00852262914516522,-0.00619658572226376,-0.0288702403335669));
#3749=CARTESIAN_POINT('',(0.00838236217802086,-0.00613381957498612,-0.0290072532078258));
#3750=CARTESIAN_POINT('',(0.00819279269360172,-0.00605278145930918,-0.0291523309404512));
#3751=CARTESIAN_POINT('',(0.00787539259132211,-0.0059205615612938,-0.029367057482732));
#3752=CARTESIAN_POINT('',(0.00745927689718613,-0.00575322672052439,-0.0296058314984343));
#3753=CARTESIAN_POINT('',(0.00711542591601298,-0.00562144074418077,-0.029775161610993));
#3754=CARTESIAN_POINT('',(0.00694047843239376,-0.00555681117853837,-0.0298551676849717));
#3755=CARTESIAN_POINT('',(0.00683724696636139,-0.0055189693684031,0.02059282408414));
#3756=CARTESIAN_POINT('',(0.00706519181161371,-0.00560185757011965,0.0204916452548058));
#3757=CARTESIAN_POINT('',(0.00739977291832197,-0.00572999341322003,0.0203286513284074));
#3758=CARTESIAN_POINT('',(0.00783129474530714,-0.00590287623962824,0.0200825829652663));
#3759=CARTESIAN_POINT('',(0.00809212007615004,-0.00601050226635638,0.0199144993913027));
#3760=CARTESIAN_POINT('',(0.00829302335743673,-0.00609559412562443,0.0197669508350218));
#3761=CARTESIAN_POINT('',(0.00843620185301154,-0.00615765670099033,0.0196484316125986));
#3762=CARTESIAN_POINT('',(0.00854768423225841,-0.00620774239632928,0.0195380659701054));
#3763=CARTESIAN_POINT('',(0.00862121225381467,-0.00624322657558198,0.0194365742140181));
#3764=CARTESIAN_POINT('',(0.00866386250560237,-0.00626752950298041,0.0193336947190828));
#3765=CARTESIAN_POINT('',(0.00858513941086064,-0.00624421731945077,0.0192540086491466));
#3766=CARTESIAN_POINT('',(0.00845893729728856,-0.00619734172311075,0.0192373778693105));
#3767=CARTESIAN_POINT('',(0.0083037850849259,-0.00613726944987821,0.0192402271241306));
#3768=CARTESIAN_POINT('',(0.00812012587148677,-0.00606370904459788,0.0192643107933681));
#3769=CARTESIAN_POINT('',(0.0078766845296099,-0.00596432131359287,0.0193072006719776));
#3770=CARTESIAN_POINT('',(0.0075761182997073,-0.00583863178852795,0.0193737578135057));
#3771=CARTESIAN_POINT('',(0.00709977432783077,-0.00563389732438336,0.0194914650520336));
#3772=CARTESIAN_POINT('',(0.00651021682389169,-0.00536929700910035,0.019648391856101));
#3773=CARTESIAN_POINT('',(0.00581695880907525,-0.00502720534109616,0.0198420980078046));
#3774=CARTESIAN_POINT('',(0.00537393666140937,-0.00475425599944002,0.0199722060230945));
#3775=CARTESIAN_POINT('',(0.00518940053973102,-0.00458626669315818,0.0200623078559091));
#3776=CARTESIAN_POINT('',(-0.00167800307275646,-0.00288036503592553,-0.0046544281132864));
#3777=CARTESIAN_POINT('',(0.0231247569367521,-0.00949528394799782,-0.0126532372721439));
#3778=CARTESIAN_POINT('',(0.0231323636598342,-0.00932053347567524,-0.0126781704961863));
#3779=CARTESIAN_POINT('',(0.0230613641153515,-0.00914637400389321,-0.012782310366892));
#3780=CARTESIAN_POINT('',(0.0229243115715123,-0.00895710373208289,-0.0128733652037352));
#3781=CARTESIAN_POINT('',(0.0227210936786612,-0.00880114262784198,-0.0129162505517152));
#3782=CARTESIAN_POINT('',(0.0224740678142559,-0.00873119454966041,-0.0128570531199602));
#3783=CARTESIAN_POINT('',(0.0222691477847234,-0.00878318944157816,-0.0127012993516336));
#3784=CARTESIAN_POINT('',(0.0221478101247604,-0.00890061353814428,-0.0125103829074238));
#3785=CARTESIAN_POINT('',(0.0220868863126807,-0.00905232930098666,-0.0123192705372297));
#3786=CARTESIAN_POINT('',(0.0221192291470595,-0.00915294695867859,-0.0120648512705271));
#3787=CARTESIAN_POINT('',(0.0222718011338215,-0.00900696865260939,-0.0118812128531236));
#3788=CARTESIAN_POINT('',(0.022518137905274,-0.00886061710847627,-0.0117116703102964));
#3789=CARTESIAN_POINT('',(0.0229998140969185,-0.00879669933720884,-0.0116906711897397));
#3790=CARTESIAN_POINT('',(0.0232406168976546,-0.00907689234340534,-0.0119932185850428));
#3791=CARTESIAN_POINT('',(0.0232638237269611,-0.00931802989683511,-0.0122362384092592));
#3792=CARTESIAN_POINT('',(0.0232276827424497,-0.00958225466876285,-0.0122952248591692));
#3793=CARTESIAN_POINT('',(0.0231742308141401,-0.00977933268103228,-0.0121120452747843));
#3794=CARTESIAN_POINT('',(0.0230635913866425,-0.00993319754336941,-0.011948374703065));
#3795=CARTESIAN_POINT('',(0.0228829067292893,-0.0100331978582948,-0.0117882019667045));
#3796=CARTESIAN_POINT('',(0.0226331223740242,-0.0100292054125589,-0.0116976952754841));
#3797=CARTESIAN_POINT('',(0.0223975360161512,-0.00991029152736645,-0.0117209224323037));
#3798=CARTESIAN_POINT('',(0.0222274356525163,-0.0097487153469888,-0.0118252250841705));
#3799=CARTESIAN_POINT('',(0.0221154334055939,-0.00956727150801102,-0.0119656747813135));
#3800=CARTESIAN_POINT('',(0.0220297991739663,-0.00947501183024342,-0.0122100016138298));
#3801=CARTESIAN_POINT('',(0.0220164579702176,-0.0096423149690087,-0.0124296680779234));
#3802=CARTESIAN_POINT('',(0.0220853665949064,-0.0098327212636092,-0.012695418442448));
#3803=CARTESIAN_POINT('',(0.0224450126045885,-0.0100099220071126,-0.0129662509313162));
#3804=CARTESIAN_POINT('',(0.0228746326776871,-0.00982810934424839,-0.0128540246885372));
#3805=CARTESIAN_POINT('',(0.023053459064826,-0.00964253045141739,-0.0127168912094627));
#3806=CARTESIAN_POINT('',(0.0231247569367521,-0.00949528394799782,-0.0126532372721439));
#3807=CARTESIAN_POINT('',(0.0231323636598342,-0.00932053347567524,-0.0126781704961863));
#3808=CARTESIAN_POINT('',(0.0230613641153515,-0.00914637400389321,-0.012782310366892));
#3809=CARTESIAN_POINT('',(0.0231250947825086,-0.00936717300166405,-0.0126768020795529));
#3810=CARTESIAN_POINT('',(0.0190767877273742,-0.00864007918330635,-0.0207494204767773));
#3811=CARTESIAN_POINT('',(0.0191650293243206,-0.00829691250734798,-0.0207639898773166));
#3812=CARTESIAN_POINT('',(0.0190716275622991,-0.00796005955696578,-0.020702464114741));
#3813=CARTESIAN_POINT('',(0.0188896700018452,-0.00775586719004346,-0.0204580053690143));
#3814=CARTESIAN_POINT('',(0.0188558163477642,-0.00778049947938216,-0.0200946265900543));
#3815=CARTESIAN_POINT('',(0.0190161597739275,-0.00784150390360414,-0.0197879242238338));
#3816=CARTESIAN_POINT('',(0.0193241964723008,-0.00787679235267241,-0.0196120715037735));
#3817=CARTESIAN_POINT('',(0.0196563068559785,-0.00801555457730377,-0.0196423784836349));
#3818=CARTESIAN_POINT('',(0.0198126905619562,-0.00831146154518602,-0.0197776842681586));
#3819=CARTESIAN_POINT('',(0.0197962989008279,-0.00866238208438412,-0.0198140154185449));
#3820=CARTESIAN_POINT('',(0.0196500887031632,-0.00896930382466914,-0.0197095561288702));
#3821=CARTESIAN_POINT('',(0.0193291790891457,-0.00910835090512508,-0.0195983442907835));
#3822=CARTESIAN_POINT('',(0.0189822026576012,-0.0090358177590735,-0.0196879729862662));
#3823=CARTESIAN_POINT('',(0.0187540840586456,-0.00896574010577296,-0.0199472968720754));
#3824=CARTESIAN_POINT('',(0.018690524454237,-0.00896226634827814,-0.0202985893741293));
#3825=CARTESIAN_POINT('',(0.0188480677361878,-0.00888639560735264,-0.0206159106638084));
#3826=CARTESIAN_POINT('',(0.0190767877273742,-0.00864007918330635,-0.0207494204767773));
#3827=CARTESIAN_POINT('',(0.0191650293243206,-0.00829691250734798,-0.0207639898773166));
#3828=CARTESIAN_POINT('',(0.0190716275622991,-0.00796005955696578,-0.020702464114741));
#3829=CARTESIAN_POINT('',(0.0191347554311592,-0.00829796479494404,-0.0207513073501308));
#3830=CARTESIAN_POINT('',(0.019484462572166,-0.00867614286910678,0.0108945086152838));
#3831=CARTESIAN_POINT('',(0.0195648573570864,-0.00830670072858526,0.0109055431104298));
#3832=CARTESIAN_POINT('',(0.0193042487289925,-0.00787959451717364,0.0107930100084609));
#3833=CARTESIAN_POINT('',(0.0188777646361913,-0.00777800268131082,0.0110688414656273));
#3834=CARTESIAN_POINT('',(0.0187838373530136,-0.00776973147405035,0.0114338142848227));
#3835=CARTESIAN_POINT('',(0.0188242729014926,-0.0078925811970188,0.0116891059316747));
#3836=CARTESIAN_POINT('',(0.0188774883630718,-0.00814417628248733,0.0118131104072508));
#3837=CARTESIAN_POINT('',(0.0188505254577983,-0.00842232142597916,0.0118259756246053));
#3838=CARTESIAN_POINT('',(0.0187477821762582,-0.00866910698282804,0.0117421786751723));
#3839=CARTESIAN_POINT('',(0.0186052646823785,-0.0088823888402646,0.011462468496982));
#3840=CARTESIAN_POINT('',(0.0187135702377521,-0.0089353290910329,0.0110701831479862));
#3841=CARTESIAN_POINT('',(0.019031787004164,-0.00897313517942055,0.0108729680924696));
#3842=CARTESIAN_POINT('',(0.0193070789739072,-0.00889417128563526,0.0108508494111228));
#3843=CARTESIAN_POINT('',(0.019484462572166,-0.00867614286910678,0.0108945086152838));
#3844=CARTESIAN_POINT('',(0.0195648573570864,-0.00830670072858526,0.0109055431104298));
#3845=CARTESIAN_POINT('',(0.0193042487289925,-0.00787959451717364,0.0107930100084609));
#3846=CARTESIAN_POINT('',(0.0195206851869067,-0.00840137436133169,0.0108943627385833));
#3847=CARTESIAN_POINT('',(0.0233457246121829,-0.0101709961886561,-0.00494145113368194));
#3848=CARTESIAN_POINT('',(0.0235777335410329,-0.0102817050677785,-0.00499853382740432));
#3849=CARTESIAN_POINT('',(0.0238358837457404,-0.010281809590678,-0.00494151593495503));
#3850=CARTESIAN_POINT('',(0.0240384590011554,-0.0101948179345375,-0.00480404043601525));
#3851=CARTESIAN_POINT('',(0.0241743110938607,-0.0100759809370407,-0.0046343145504355));
#3852=CARTESIAN_POINT('',(0.0242555531936592,-0.00993425534697981,-0.00440585246013693));
#3853=CARTESIAN_POINT('',(0.0241907643319612,-0.0100452894265527,-0.00415994864063956));
#3854=CARTESIAN_POINT('',(0.0240607810899523,-0.0101727108629139,-0.00398843466442971));
#3855=CARTESIAN_POINT('',(0.0238694808484846,-0.0102666482682716,-0.00384565227729659));
#3856=CARTESIAN_POINT('',(0.023618656393538,-0.010287994430021,-0.00377391279793369));
#3857=CARTESIAN_POINT('',(0.0233726002944704,-0.010196000160382,-0.00381502526228793));
#3858=CARTESIAN_POINT('',(0.0232110719488079,-0.0100325784549834,-0.00393602728494458));
#3859=CARTESIAN_POINT('',(0.0231254173863873,-0.00984799260726777,-0.00407732386781521));
#3860=CARTESIAN_POINT('',(0.0231044293158784,-0.00961441333919755,-0.00423081033224775));
#3861=CARTESIAN_POINT('',(0.0231839867172464,-0.00937797744306642,-0.00410603512927283));
#3862=CARTESIAN_POINT('',(0.0233107907424806,-0.00922362666268194,-0.00395910774062737));
#3863=CARTESIAN_POINT('',(0.0235025843445838,-0.00910422851857312,-0.00383233158994124));
#3864=CARTESIAN_POINT('',(0.0237557877015833,-0.0090702338319577,-0.00377264583151515));
#3865=CARTESIAN_POINT('',(0.0240023911593302,-0.00914985312230491,-0.00382646546731847));
#3866=CARTESIAN_POINT('',(0.0241699781500951,-0.00929432745591234,-0.00396041435833458));
#3867=CARTESIAN_POINT('',(0.0242666080184271,-0.00945005821163925,-0.00412837096570277));
#3868=CARTESIAN_POINT('',(0.0243051318929742,-0.00960817201501745,-0.00435650843730673));
#3869=CARTESIAN_POINT('',(0.0242809181258934,-0.00948084590851137,-0.00460159745132437));
#3870=CARTESIAN_POINT('',(0.0241982351036937,-0.00932136264820225,-0.00477459642063971));
#3871=CARTESIAN_POINT('',(0.0240468160059986,-0.00917474679832666,-0.00492012961843688));
#3872=CARTESIAN_POINT('',(0.0238153849346279,-0.00907972347169014,-0.00499614402584535));
#3873=CARTESIAN_POINT('',(0.0235537706036593,-0.00909392947630814,-0.0049602910391895));
#3874=CARTESIAN_POINT('',(0.0233485009610523,-0.0092011038154818,-0.00484350839484301));
#3875=CARTESIAN_POINT('',(0.0232089288793957,-0.00935070182679871,-0.00470548868533543));
#3876=CARTESIAN_POINT('',(0.0231154297528215,-0.00956585757133484,-0.00455253256503728));
#3877=CARTESIAN_POINT('',(0.0231216070367364,-0.00981500755413117,-0.00467342477629028));
#3878=CARTESIAN_POINT('',(0.0231992595308883,-0.0100014306581823,-0.00481930446541948));
#3879=CARTESIAN_POINT('',(0.0233457246121829,-0.0101709961886561,-0.00494145113368194));
#3880=CARTESIAN_POINT('',(0.0235777335410329,-0.0102817050677785,-0.00499853382740432));
#3881=CARTESIAN_POINT('',(0.0238358837457404,-0.010281809590678,-0.00494151593495503));
#3882=CARTESIAN_POINT('',(0.0235820904203425,-0.010263271008408,-0.00497951706304238));
#3883=CARTESIAN_POINT('',(0.0231239353866291,-0.0097774068913124,0.00308237011346652));
#3884=CARTESIAN_POINT('',(0.0232341478805578,-0.00938454118643816,0.00314998454083117));
#3885=CARTESIAN_POINT('',(0.0231439074385313,-0.00900907930793687,0.00299724704992335));
#3886=CARTESIAN_POINT('',(0.0228002150392813,-0.0087818304474411,0.00289838549380635));
#3887=CARTESIAN_POINT('',(0.0224141125809186,-0.0087985342878038,0.00307153218304735));
#3888=CARTESIAN_POINT('',(0.022224441122215,-0.00880915032371483,0.00343505647428518));
#3889=CARTESIAN_POINT('',(0.0222990685019938,-0.00869748543365348,0.00383002323605241));
#3890=CARTESIAN_POINT('',(0.0226101841597271,-0.00875498347322283,0.0041166324089557));
#3891=CARTESIAN_POINT('',(0.0228822587640985,-0.00908089694515137,0.00413565306563912));
#3892=CARTESIAN_POINT('',(0.022908233703012,-0.00948931601482632,0.00410923982709081));
#3893=CARTESIAN_POINT('',(0.0226517136188841,-0.0098188000808668,0.0041515986188599));
#3894=CARTESIAN_POINT('',(0.0222685806334031,-0.00993982145746559,0.00401868343383975));
#3895=CARTESIAN_POINT('',(0.0220714864082587,-0.00983927635980059,0.00365568907421006));
#3896=CARTESIAN_POINT('',(0.0221361873188697,-0.00980952791648985,0.00325073292390351));
#3897=CARTESIAN_POINT('',(0.0223940703116803,-0.00997007204283955,0.00296245247375524));
#3898=CARTESIAN_POINT('',(0.0228162037607704,-0.0100186839506416,0.00291474590151769));
#3899=CARTESIAN_POINT('',(0.0231239353866291,-0.0097774068913124,0.00308237011346652));
#3900=CARTESIAN_POINT('',(0.0232341478805578,-0.00938454118643816,0.00314998454083117));
#3901=CARTESIAN_POINT('',(0.0231439074385313,-0.00900907930793687,0.00299724704992335));
#3902=CARTESIAN_POINT('',(0.0232007390578986,-0.00938744182416698,0.00311325922111909));
#3903=CARTESIAN_POINT('',(-0.0144724300234714,-0.00491170638874317,0.00294048293695762));
#3904=CARTESIAN_POINT('',(-0.0144358222392955,-0.00807687195312782,0.00294048293695762));
#3905=CARTESIAN_POINT('',(-0.0139485359997165,-0.0112308773209091,0.00294048293695762));
#3906=CARTESIAN_POINT('',(-0.0121013699399909,-0.0171978834520978,0.00294048293695762));
#3907=CARTESIAN_POINT('',(-0.0107076450305299,-0.019988880227702,0.00294048293695762));
#3908=CARTESIAN_POINT('',(-0.00722669425466027,-0.0246465933993061,0.00294048293695762));
#3909=CARTESIAN_POINT('',(-0.00514083751889533,-0.0265114778192563,0.00294048293695762));
#3910=CARTESIAN_POINT('',(-0.000592756176848852,-0.0290322140098899,0.00294048293695762));
#3911=CARTESIAN_POINT('',(0.00186767962039271,-0.0296870743368293,0.00294048293695762));
#3912=CARTESIAN_POINT('',(0.00679048737724027,-0.0296870743368293,0.00294048293695762));
#3913=CARTESIAN_POINT('',(0.00925092317451446,-0.0290322140098762,0.00294048293695762));
#3914=CARTESIAN_POINT('',(0.0137990045164957,-0.0265114778192699,0.00294048293695762));
#3915=CARTESIAN_POINT('',(0.0158848612522781,-0.0246465933993313,0.00294048293695762));
#3916=CARTESIAN_POINT('',(0.019365812028178,-0.0199888802276769,0.00294048293695762));
#3917=CARTESIAN_POINT('',(0.0207595369376274,-0.0171978834520892,0.00294048293695762));
#3918=CARTESIAN_POINT('',(0.0226067623777272,-0.0112306855010773,0.00294048293695762));
#3919=CARTESIAN_POINT('',(0.0230940531643417,-0.00807645816434071,0.00294048293695762));
#3920=CARTESIAN_POINT('',(0.0231306042193894,-0.00491108351073421,0.00294048293695762));
#3921=CARTESIAN_POINT('',(-0.0132845049415847,-0.00489811460846011,0.00294048293695762));
#3922=CARTESIAN_POINT('',(-0.0132491306542172,-0.00795155637298121,0.00294048293695762));
#3923=CARTESIAN_POINT('',(-0.012778357227533,-0.0109936338601159,0.00294048293695762));
#3924=CARTESIAN_POINT('',(-0.0110032467966924,-0.0167278745738667,0.00294048293695762));
#3925=CARTESIAN_POINT('',(-0.00966675551058083,-0.0193971575739716,0.00294048293695762));
#3926=CARTESIAN_POINT('',(-0.00636436735337023,-0.0238159436496464,0.00294048293695762));
#3927=CARTESIAN_POINT('',(-0.00440182213133989,-0.0255628051155441,0.00294048293695762));
#3928=CARTESIAN_POINT('',(-0.00017997102757333,-0.0279027309149778,0.00294048293695762));
#3929=CARTESIAN_POINT('',(0.00207575941315766,-0.0284990743368293,0.00294048293695762));
#3930=CARTESIAN_POINT('',(0.00658240758447531,-0.0284990743368293,0.00294048293695762));
#3931=CARTESIAN_POINT('',(0.00883813802523724,-0.0279027309149661,0.00294048293695762));
#3932=CARTESIAN_POINT('',(0.0130599891289419,-0.0255628051155558,0.00294048293695762));
#3933=CARTESIAN_POINT('',(0.0150225343509906,-0.0238159436496691,0.00294048293695762));
#3934=CARTESIAN_POINT('',(0.0183249225082264,-0.0193971575739489,0.00294048293695762));
#3935=CARTESIAN_POINT('',(0.0196614137943287,-0.0167278745738585,0.00294048293695762));
#3936=CARTESIAN_POINT('',(0.0214365812891897,-0.0109934495229349,0.00294048293695762));
#3937=CARTESIAN_POINT('',(0.0219073594129561,-0.00795115726849425,0.00294048293695762));
#3938=CARTESIAN_POINT('',(0.0219426788949582,-0.00489751371674921,0.00294048293695762));
#3939=CARTESIAN_POINT('',(-0.0132845049415847,-0.00489811460846011,0.00412848293695761));
#3940=CARTESIAN_POINT('',(-0.0132491306542172,-0.00795155637298121,0.00412848293695761));
#3941=CARTESIAN_POINT('',(-0.012778357227533,-0.0109936338601159,0.00412848293695761));
#3942=CARTESIAN_POINT('',(-0.0110032467966924,-0.0167278745738667,0.00412848293695761));
#3943=CARTESIAN_POINT('',(-0.00966675551058083,-0.0193971575739716,0.00412848293695761));
#3944=CARTESIAN_POINT('',(-0.00636436735337023,-0.0238159436496464,0.00412848293695761));
#3945=CARTESIAN_POINT('',(-0.00440182213133989,-0.0255628051155441,0.00412848293695761));
#3946=CARTESIAN_POINT('',(-0.00017997102757333,-0.0279027309149778,0.00412848293695761));
#3947=CARTESIAN_POINT('',(0.00207575941315766,-0.0284990743368293,0.00412848293695761));
#3948=CARTESIAN_POINT('',(0.00658240758447531,-0.0284990743368293,0.00412848293695761));
#3949=CARTESIAN_POINT('',(0.00883813802523724,-0.0279027309149661,0.00412848293695761));
#3950=CARTESIAN_POINT('',(0.0130599891289419,-0.0255628051155558,0.00412848293695761));
#3951=CARTESIAN_POINT('',(0.0150225343509906,-0.0238159436496691,0.00412848293695761));
#3952=CARTESIAN_POINT('',(0.0183249225082264,-0.0193971575739489,0.00412848293695761));
#3953=CARTESIAN_POINT('',(0.0196614137943287,-0.0167278745738585,0.00412848293695761));
#3954=CARTESIAN_POINT('',(0.0214365812891897,-0.0109934495229349,0.00412848293695761));
#3955=CARTESIAN_POINT('',(0.0219073594129561,-0.00795115726849425,0.00412848293695761));
#3956=CARTESIAN_POINT('',(0.0219426788949582,-0.00489751371674921,0.00412848293695761));
#3957=CARTESIAN_POINT('',(-0.0144724300234714,-0.00491170638874317,0.00412848293695762));
#3958=CARTESIAN_POINT('',(-0.0144358222392955,-0.00807687195312782,0.00412848293695762));
#3959=CARTESIAN_POINT('',(-0.0139485359997165,-0.0112308773209091,0.00412848293695762));
#3960=CARTESIAN_POINT('',(-0.0121013699399909,-0.0171978834520978,0.00412848293695762));
#3961=CARTESIAN_POINT('',(-0.0107076450305299,-0.019988880227702,0.00412848293695762));
#3962=CARTESIAN_POINT('',(-0.00722669425466027,-0.0246465933993061,0.00412848293695762));
#3963=CARTESIAN_POINT('',(-0.00514083751889533,-0.0265114778192563,0.00412848293695762));
#3964=CARTESIAN_POINT('',(-0.000592756176848852,-0.0290322140098899,0.00412848293695762));
#3965=CARTESIAN_POINT('',(0.00186767962039271,-0.0296870743368293,0.00412848293695762));
#3966=CARTESIAN_POINT('',(0.00679048737724027,-0.0296870743368293,0.00412848293695762));
#3967=CARTESIAN_POINT('',(0.00925092317451446,-0.0290322140098762,0.00412848293695762));
#3968=CARTESIAN_POINT('',(0.0137990045164957,-0.0265114778192699,0.00412848293695762));
#3969=CARTESIAN_POINT('',(0.0158848612522781,-0.0246465933993313,0.00412848293695762));
#3970=CARTESIAN_POINT('',(0.019365812028178,-0.0199888802276769,0.00412848293695762));
#3971=CARTESIAN_POINT('',(0.0207595369376274,-0.0171978834520892,0.00412848293695762));
#3972=CARTESIAN_POINT('',(0.0226067623777272,-0.0112306855010773,0.00412848293695762));
#3973=CARTESIAN_POINT('',(0.0230940531643417,-0.00807645816434071,0.00412848293695762));
#3974=CARTESIAN_POINT('',(0.0231306042193894,-0.00491108351073421,0.00412848293695762));
#3975=CARTESIAN_POINT('',(-0.0156603551053581,-0.00492529816902623,0.00412848293695761));
#3976=CARTESIAN_POINT('',(-0.0156225138243739,-0.00820218753327442,0.00412848293695761));
#3977=CARTESIAN_POINT('',(-0.0151187147719,-0.0114681207817022,0.00412848293695761));
#3978=CARTESIAN_POINT('',(-0.0131994930832895,-0.0176678923303291,0.00412848293695761));
#3979=CARTESIAN_POINT('',(-0.0117485345504791,-0.0205806028814324,0.00412848293695761));
#3980=CARTESIAN_POINT('',(-0.00808902115595029,-0.0254772431489658,0.00412848293695761));
#3981=CARTESIAN_POINT('',(-0.00587985290645077,-0.0274601505229685,0.00412848293695761));
#3982=CARTESIAN_POINT('',(-0.00100554132612437,-0.030161697104802,0.00412848293695761));
#3983=CARTESIAN_POINT('',(0.00165959982762776,-0.0308750743368293,0.00412848293695761));
#3984=CARTESIAN_POINT('',(0.00699856717000521,-0.0308750743368293,0.00412848293695761));
#3985=CARTESIAN_POINT('',(0.00966370832379166,-0.0301616971047864,0.00412848293695761));
#3986=CARTESIAN_POINT('',(0.0145380199040494,-0.0274601505229841,0.00412848293695761));
#3987=CARTESIAN_POINT('',(0.0167471881535656,-0.0254772431489935,0.00412848293695761));
#3988=CARTESIAN_POINT('',(0.0204067015481297,-0.0205806028814047,0.00412848293695761));
#3989=CARTESIAN_POINT('',(0.0218576600809261,-0.01766789233032,0.00412848293695761));
#3990=CARTESIAN_POINT('',(0.0237769434662646,-0.0114679214792197,0.00412848293695761));
#3991=CARTESIAN_POINT('',(0.0242807469157273,-0.00820175906018717,0.00412848293695761));
#3992=CARTESIAN_POINT('',(0.0243185295438206,-0.00492465330471921,0.00412848293695761));
#3993=CARTESIAN_POINT('',(-0.0156603551053581,-0.00492529816902623,0.00294048293695762));
#3994=CARTESIAN_POINT('',(-0.0156225138243739,-0.00820218753327442,0.00294048293695762));
#3995=CARTESIAN_POINT('',(-0.0151187147719,-0.0114681207817022,0.00294048293695762));
#3996=CARTESIAN_POINT('',(-0.0131994930832895,-0.0176678923303291,0.00294048293695762));
#3997=CARTESIAN_POINT('',(-0.0117485345504791,-0.0205806028814324,0.00294048293695762));
#3998=CARTESIAN_POINT('',(-0.00808902115595029,-0.0254772431489658,0.00294048293695762));
#3999=CARTESIAN_POINT('',(-0.00587985290645077,-0.0274601505229685,0.00294048293695762));
#4000=CARTESIAN_POINT('',(-0.00100554132612437,-0.030161697104802,0.00294048293695762));
#4001=CARTESIAN_POINT('',(0.00165959982762776,-0.0308750743368293,0.00294048293695762));
#4002=CARTESIAN_POINT('',(0.00699856717000521,-0.0308750743368293,0.00294048293695762));
#4003=CARTESIAN_POINT('',(0.00966370832379166,-0.0301616971047864,0.00294048293695762));
#4004=CARTESIAN_POINT('',(0.0145380199040494,-0.0274601505229841,0.00294048293695762));
#4005=CARTESIAN_POINT('',(0.0167471881535656,-0.0254772431489935,0.00294048293695762));
#4006=CARTESIAN_POINT('',(0.0204067015481297,-0.0205806028814047,0.00294048293695762));
#4007=CARTESIAN_POINT('',(0.0218576600809261,-0.01766789233032,0.00294048293695762));
#4008=CARTESIAN_POINT('',(0.0237769434662646,-0.0114679214792197,0.00294048293695762));
#4009=CARTESIAN_POINT('',(0.0242807469157273,-0.00820175906018717,0.00294048293695762));
#4010=CARTESIAN_POINT('',(0.0243185295438206,-0.00492465330471921,0.00294048293695762));
#4011=CARTESIAN_POINT('',(-0.0144724300234714,-0.00491170638874317,0.00294048293695762));
#4012=CARTESIAN_POINT('',(-0.0144358222392955,-0.00807687195312782,0.00294048293695762));
#4013=CARTESIAN_POINT('',(-0.0139485359997165,-0.0112308773209091,0.00294048293695762));
#4014=CARTESIAN_POINT('',(-0.0121013699399909,-0.0171978834520978,0.00294048293695762));
#4015=CARTESIAN_POINT('',(-0.0107076450305299,-0.019988880227702,0.00294048293695762));
#4016=CARTESIAN_POINT('',(-0.00722669425466027,-0.0246465933993061,0.00294048293695762));
#4017=CARTESIAN_POINT('',(-0.00514083751889533,-0.0265114778192563,0.00294048293695762));
#4018=CARTESIAN_POINT('',(-0.000592756176848852,-0.0290322140098899,0.00294048293695762));
#4019=CARTESIAN_POINT('',(0.00186767962039271,-0.0296870743368293,0.00294048293695762));
#4020=CARTESIAN_POINT('',(0.00679048737724027,-0.0296870743368293,0.00294048293695762));
#4021=CARTESIAN_POINT('',(0.00925092317451446,-0.0290322140098762,0.00294048293695762));
#4022=CARTESIAN_POINT('',(0.0137990045164957,-0.0265114778192699,0.00294048293695762));
#4023=CARTESIAN_POINT('',(0.0158848612522781,-0.0246465933993313,0.00294048293695762));
#4024=CARTESIAN_POINT('',(0.019365812028178,-0.0199888802276769,0.00294048293695762));
#4025=CARTESIAN_POINT('',(0.0207595369376274,-0.0171978834520892,0.00294048293695762));
#4026=CARTESIAN_POINT('',(0.0226067623777272,-0.0112306855010773,0.00294048293695762));
#4027=CARTESIAN_POINT('',(0.0230940531643417,-0.00807645816434071,0.00294048293695762));
#4028=CARTESIAN_POINT('',(0.0231306042193894,-0.00491108351073421,0.00294048293695762));
#4029=CARTESIAN_POINT('',(-0.0154284752646593,-0.0048842481746077,-0.00497951706304238));
#4030=CARTESIAN_POINT('',(-0.0153658271085217,-0.00824955482905217,-0.00497951706304238));
#4031=CARTESIAN_POINT('',(-0.0148319548322161,-0.0115967191752576,-0.00497951706304238));
#4032=CARTESIAN_POINT('',(-0.0128592279801257,-0.0179028836538207,-0.00497951706304238));
#4033=CARTESIAN_POINT('',(-0.0113897593452917,-0.02084085922731,-0.00497951706304238));
#4034=CARTESIAN_POINT('',(-0.0077371938507067,-0.0257404936300483,-0.00497951706304238));
#4035=CARTESIAN_POINT('',(-0.00555549117899267,-0.027700282263295,-0.00497951706304238));
#4036=CARTESIAN_POINT('',(-0.000805282444396802,-0.0303487256483429,-0.00497951706304238));
#4037=CARTESIAN_POINT('',(0.00176141050593542,-0.0310363695013423,-0.00497951706304238));
#4038=CARTESIAN_POINT('',(0.00689675649169756,-0.0310363695013333,-0.00497951706304238));
#4039=CARTESIAN_POINT('',(0.00946344944201487,-0.0303487256483427,-0.00497951706304238));
#4040=CARTESIAN_POINT('',(0.0142136581766405,-0.0277002822632951,-0.00497951706304238));
#4041=CARTESIAN_POINT('',(0.0163953608483405,-0.0257404936300508,-0.00497951706304238));
#4042=CARTESIAN_POINT('',(0.0200479263429239,-0.0208408592273075,-0.00497951706304238));
#4043=CARTESIAN_POINT('',(0.021517394977774,-0.0179028836537901,-0.00497951706304238));
#4044=CARTESIAN_POINT('',(0.0234894429762642,-0.01159888924879,-0.00497951706304238));
#4045=CARTESIAN_POINT('',(0.0240232460145629,-0.00825424360120348,-0.00497951706304238));
#4046=CARTESIAN_POINT('',(0.024086509927218,-0.00489131961138244,-0.00497951706304238));
#4047=CARTESIAN_POINT('',(-0.014240530419947,-0.00487257400264976,-0.00497951706304239));
#4048=CARTESIAN_POINT('',(-0.0141789219198499,-0.00812800558240105,-0.00497951706304239));
#4049=CARTESIAN_POINT('',(-0.013660831340634,-0.011364871133078,-0.00497951706304239));
#4050=CARTESIAN_POINT('',(-0.0117578590108833,-0.0174410664273073,-0.00497951706304239));
#4051=CARTESIAN_POINT('',(-0.0103437892473311,-0.0202584739598218,-0.00497951706304239));
#4052=CARTESIAN_POINT('',(-0.00686598187026103,-0.0249193872238033,-0.00497951706304239));
#4053=CARTESIAN_POINT('',(-0.00480564715848061,-0.0267600885190446,-0.00497951706304239));
#4054=CARTESIAN_POINT('',(-0.000380119697850644,-0.0292237958860281,-0.00497951706304239));
#4055=CARTESIAN_POINT('',(0.001981206649031,-0.0298502326491046,-0.00497951706304239));
#4056=CARTESIAN_POINT('',(0.00669758404312612,-0.0298465958621542,-0.00497951706304239));
#4057=CARTESIAN_POINT('',(0.00905787881986084,-0.0292165848436535,-0.00497951706304239));
#4058=CARTESIAN_POINT('',(0.0134802483064057,-0.0267472133811763,-0.00497951706304239));
#4059=CARTESIAN_POINT('',(0.0155385340267408,-0.0249043872713577,-0.00497951706304239));
#4060=CARTESIAN_POINT('',(0.0190122236914734,-0.0202404043469171,-0.00497951706304239));
#4061=CARTESIAN_POINT('',(0.0204242088190051,-0.0174220169577231,-0.00497951706304239));
#4062=CARTESIAN_POINT('',(0.0223225460626926,-0.0113466674821588,-0.00497951706304239));
#4063=CARTESIAN_POINT('',(0.0228386544875071,-0.00811195465103908,-0.00497951706304239));
#4064=CARTESIAN_POINT('',(0.0228989529580166,-0.00485879443219589,-0.00497951706304239));
#4065=CARTESIAN_POINT('',(-0.014240530419947,-0.00487257400264976,-0.00379151706304238));
#4066=CARTESIAN_POINT('',(-0.0141789219198499,-0.00812800558240105,-0.00379151706304238));
#4067=CARTESIAN_POINT('',(-0.013660831340634,-0.011364871133078,-0.00379151706304238));
#4068=CARTESIAN_POINT('',(-0.0117578590108833,-0.0174410664273073,-0.00379151706304238));
#4069=CARTESIAN_POINT('',(-0.0103437892473311,-0.0202584739598218,-0.00379151706304238));
#4070=CARTESIAN_POINT('',(-0.00686598187026103,-0.0249193872238033,-0.00379151706304238));
#4071=CARTESIAN_POINT('',(-0.00480564715848061,-0.0267600885190446,-0.00379151706304238));
#4072=CARTESIAN_POINT('',(-0.000380119697850644,-0.0292237958860281,-0.00379151706304238));
#4073=CARTESIAN_POINT('',(0.001981206649031,-0.0298502326491046,-0.00379151706304238));
#4074=CARTESIAN_POINT('',(0.00669758404312614,-0.0298465958621542,-0.00379151706304238));
#4075=CARTESIAN_POINT('',(0.00905787881986084,-0.0292165848436535,-0.00379151706304238));
#4076=CARTESIAN_POINT('',(0.0134802483064057,-0.0267472133811763,-0.00379151706304238));
#4077=CARTESIAN_POINT('',(0.0155385340267408,-0.0249043872713577,-0.00379151706304238));
#4078=CARTESIAN_POINT('',(0.0190122236914734,-0.0202404043469171,-0.00379151706304238));
#4079=CARTESIAN_POINT('',(0.0204242088190051,-0.0174220169577231,-0.00379151706304238));
#4080=CARTESIAN_POINT('',(0.0223225460626926,-0.0113466674821588,-0.00379151706304238));
#4081=CARTESIAN_POINT('',(0.0228386544875071,-0.00811195465103908,-0.00379151706304238));
#4082=CARTESIAN_POINT('',(0.0228989529580166,-0.00485879443219589,-0.00379151706304238));
#4083=CARTESIAN_POINT('',(-0.0154284752646593,-0.0048842481746077,-0.00379151706304239));
#4084=CARTESIAN_POINT('',(-0.0153658271085217,-0.00824955482905217,-0.00379151706304239));
#4085=CARTESIAN_POINT('',(-0.0148319548322161,-0.0115967191752576,-0.00379151706304239));
#4086=CARTESIAN_POINT('',(-0.0128592279801257,-0.0179028836538207,-0.00379151706304239));
#4087=CARTESIAN_POINT('',(-0.0113897593452917,-0.02084085922731,-0.00379151706304239));
#4088=CARTESIAN_POINT('',(-0.0077371938507067,-0.0257404936300483,-0.00379151706304239));
#4089=CARTESIAN_POINT('',(-0.00555549117899267,-0.027700282263295,-0.00379151706304239));
#4090=CARTESIAN_POINT('',(-0.000805282444396802,-0.0303487256483429,-0.00379151706304239));
#4091=CARTESIAN_POINT('',(0.00176141050593542,-0.0310363695013423,-0.00379151706304239));
#4092=CARTESIAN_POINT('',(0.00689675649169756,-0.0310363695013333,-0.00379151706304239));
#4093=CARTESIAN_POINT('',(0.00946344944201487,-0.0303487256483427,-0.00379151706304239));
#4094=CARTESIAN_POINT('',(0.0142136581766405,-0.0277002822632951,-0.00379151706304239));
#4095=CARTESIAN_POINT('',(0.0163953608483405,-0.0257404936300508,-0.00379151706304239));
#4096=CARTESIAN_POINT('',(0.0200479263429239,-0.0208408592273075,-0.00379151706304239));
#4097=CARTESIAN_POINT('',(0.021517394977774,-0.0179028836537901,-0.00379151706304239));
#4098=CARTESIAN_POINT('',(0.0234894429762642,-0.01159888924879,-0.00379151706304239));
#4099=CARTESIAN_POINT('',(0.0240232460145629,-0.00825424360120348,-0.00379151706304239));
#4100=CARTESIAN_POINT('',(0.024086509927218,-0.00489131961138244,-0.00379151706304239));
#4101=CARTESIAN_POINT('',(-0.0166164201093718,-0.00489592234656565,-0.00379151706304238));
#4102=CARTESIAN_POINT('',(-0.0165527322971935,-0.00837110407570328,-0.00379151706304238));
#4103=CARTESIAN_POINT('',(-0.0160030783237982,-0.0118285672174373,-0.00379151706304238));
#4104=CARTESIAN_POINT('',(-0.0139605969493682,-0.0183647008803341,-0.00379151706304238));
#4105=CARTESIAN_POINT('',(-0.0124357294432522,-0.0214232444947981,-0.00379151706304238));
#4106=CARTESIAN_POINT('',(-0.00860840583115237,-0.0265616000362932,-0.00379151706304238));
#4107=CARTESIAN_POINT('',(-0.00630533519950473,-0.0286404760075453,-0.00379151706304238));
#4108=CARTESIAN_POINT('',(-0.00123044519094296,-0.0314736554106575,-0.00379151706304238));
#4109=CARTESIAN_POINT('',(0.00154161436283983,-0.0322225063535799,-0.00379151706304238));
#4110=CARTESIAN_POINT('',(0.00709592894026897,-0.0322261431405124,-0.00379151706304238));
#4111=CARTESIAN_POINT('',(0.00986902006416889,-0.0314808664530318,-0.00379151706304238));
#4112=CARTESIAN_POINT('',(0.0149470680468754,-0.0286533511454138,-0.00379151706304238));
#4113=CARTESIAN_POINT('',(0.0172521876699401,-0.0265765999887438,-0.00379151706304238));
#4114=CARTESIAN_POINT('',(0.0210836289943743,-0.0214413141076977,-0.00379151706304238));
#4115=CARTESIAN_POINT('',(0.0226105811365427,-0.0183837503498571,-0.00379151706304238));
#4116=CARTESIAN_POINT('',(0.0246563398898358,-0.0118511110154213,-0.00379151706304238));
#4117=CARTESIAN_POINT('',(0.0252078375416185,-0.00839653255136787,-0.00379151706304238));
#4118=CARTESIAN_POINT('',(0.0252740668964193,-0.00492384479056897,-0.00379151706304238));
#4119=CARTESIAN_POINT('',(-0.0166164201093718,-0.00489592234656565,-0.00497951706304239));
#4120=CARTESIAN_POINT('',(-0.0165527322971935,-0.00837110407570328,-0.00497951706304239));
#4121=CARTESIAN_POINT('',(-0.0160030783237982,-0.0118285672174373,-0.00497951706304239));
#4122=CARTESIAN_POINT('',(-0.0139605969493682,-0.0183647008803341,-0.00497951706304239));
#4123=CARTESIAN_POINT('',(-0.0124357294432522,-0.0214232444947981,-0.00497951706304239));
#4124=CARTESIAN_POINT('',(-0.00860840583115237,-0.0265616000362932,-0.00497951706304239));
#4125=CARTESIAN_POINT('',(-0.00630533519950473,-0.0286404760075453,-0.00497951706304239));
#4126=CARTESIAN_POINT('',(-0.00123044519094296,-0.0314736554106575,-0.00497951706304239));
#4127=CARTESIAN_POINT('',(0.00154161436283983,-0.0322225063535799,-0.00497951706304239));
#4128=CARTESIAN_POINT('',(0.00709592894026897,-0.0322261431405124,-0.00497951706304239));
#4129=CARTESIAN_POINT('',(0.00986902006416889,-0.0314808664530318,-0.00497951706304239));
#4130=CARTESIAN_POINT('',(0.0149470680468754,-0.0286533511454138,-0.00497951706304239));
#4131=CARTESIAN_POINT('',(0.0172521876699401,-0.0265765999887438,-0.00497951706304239));
#4132=CARTESIAN_POINT('',(0.0210836289943743,-0.0214413141076977,-0.00497951706304239));
#4133=CARTESIAN_POINT('',(0.0226105811365427,-0.0183837503498571,-0.00497951706304239));
#4134=CARTESIAN_POINT('',(0.0246563398898358,-0.0118511110154213,-0.00497951706304239));
#4135=CARTESIAN_POINT('',(0.0252078375416185,-0.00839653255136787,-0.00497951706304239));
#4136=CARTESIAN_POINT('',(0.0252740668964193,-0.00492384479056897,-0.00497951706304239));
#4137=CARTESIAN_POINT('',(-0.0154284752646593,-0.0048842481746077,-0.00497951706304238));
#4138=CARTESIAN_POINT('',(-0.0153658271085217,-0.00824955482905217,-0.00497951706304238));
#4139=CARTESIAN_POINT('',(-0.0148319548322161,-0.0115967191752576,-0.00497951706304238));
#4140=CARTESIAN_POINT('',(-0.0128592279801257,-0.0179028836538207,-0.00497951706304238));
#4141=CARTESIAN_POINT('',(-0.0113897593452917,-0.02084085922731,-0.00497951706304238));
#4142=CARTESIAN_POINT('',(-0.0077371938507067,-0.0257404936300483,-0.00497951706304238));
#4143=CARTESIAN_POINT('',(-0.00555549117899267,-0.027700282263295,-0.00497951706304238));
#4144=CARTESIAN_POINT('',(-0.000805282444396802,-0.0303487256483429,-0.00497951706304238));
#4145=CARTESIAN_POINT('',(0.00176141050593542,-0.0310363695013423,-0.00497951706304238));
#4146=CARTESIAN_POINT('',(0.00689675649169756,-0.0310363695013333,-0.00497951706304238));
#4147=CARTESIAN_POINT('',(0.00946344944201487,-0.0303487256483427,-0.00497951706304238));
#4148=CARTESIAN_POINT('',(0.0142136581766405,-0.0277002822632951,-0.00497951706304238));
#4149=CARTESIAN_POINT('',(0.0163953608483405,-0.0257404936300508,-0.00497951706304238));
#4150=CARTESIAN_POINT('',(0.0200479263429239,-0.0208408592273075,-0.00497951706304238));
#4151=CARTESIAN_POINT('',(0.021517394977774,-0.0179028836537901,-0.00497951706304238));
#4152=CARTESIAN_POINT('',(0.0234894429762642,-0.01159888924879,-0.00497951706304238));
#4153=CARTESIAN_POINT('',(0.0240232460145629,-0.00825424360120348,-0.00497951706304238));
#4154=CARTESIAN_POINT('',(0.024086509927218,-0.00489131961138244,-0.00497951706304238));
#4155=CARTESIAN_POINT('',(-0.0109330971073404,-0.00481931608731777,0.0108604829369576));
#4156=CARTESIAN_POINT('',(-0.0109055013689899,-0.00742595380049252,0.0108604829369576));
#4157=CARTESIAN_POINT('',(-0.0105097857104052,-0.0100239169094003,0.0108604829369576));
#4158=CARTESIAN_POINT('',(-0.00900815667977211,-0.0149303570951248,0.0108604829369576));
#4159=CARTESIAN_POINT('',(-0.00787681576505071,-0.0172219057114087,0.0108604829369576));
#4160=CARTESIAN_POINT('',(-0.00505119222267333,-0.0210461221847698,0.0108604829369576));
#4161=CARTESIAN_POINT('',(-0.00335802088470221,-0.0225772860145208,0.0108604829369576));
#4162=CARTESIAN_POINT('',(0.000333834163186567,-0.0246469370418631,0.0108604829369576));
#4163=CARTESIAN_POINT('',(0.00233106595195332,-0.0251846102817223,0.0108604829369576));
#4164=CARTESIAN_POINT('',(0.00632710104567965,-0.0251846102817223,0.0108604829369576));
#4165=CARTESIAN_POINT('',(0.00832433283445166,-0.0246469370418602,0.0108604829369576));
#4166=CARTESIAN_POINT('',(0.0120161878823299,-0.0225772860145237,0.0108604829369576));
#4167=CARTESIAN_POINT('',(0.0137093592203005,-0.021046122184776,0.0108604829369576));
#4168=CARTESIAN_POINT('',(0.0165349827626894,-0.0172219057114024,0.0108604829369576));
#4169=CARTESIAN_POINT('',(0.017666323677405,-0.0149303570951325,0.0108604829369576));
#4170=CARTESIAN_POINT('',(0.0191677758524742,-0.010024494769323,0.0108604829369576));
#4171=CARTESIAN_POINT('',(0.0195634784350584,-0.00742720060436536,0.0108604829369576));
#4172=CARTESIAN_POINT('',(0.0195912441757582,-0.00482119255269757,0.0108604829369576));
#4173=CARTESIAN_POINT('',(-0.00974515974666408,-0.00480687609682821,0.0108604829369576));
#4174=CARTESIAN_POINT('',(-0.00971868134011776,-0.00730272557616384,0.0108604829369576));
#4175=CARTESIAN_POINT('',(-0.00933907597314675,-0.00978969591723985,0.0108604829369576));
#4176=CARTESIAN_POINT('',(-0.00790819062072277,-0.0144649873850272,0.0108604829369576));
#4177=CARTESIAN_POINT('',(-0.00683300198250604,-0.0166354813030446,0.0108604829369576));
#4178=CARTESIAN_POINT('',(-0.00418405153441373,-0.0202205873123778,0.0108604829369576));
#4179=CARTESIAN_POINT('',(-0.002613434088306,-0.0216327576285086,0.0108604829369576));
#4180=CARTESIAN_POINT('',(0.000751114261537165,-0.023518920779649,0.0108604829369576));
#4181=CARTESIAN_POINT('',(0.00254153256392174,-0.0239966102817223,0.0108604829369576));
#4182=CARTESIAN_POINT('',(0.00611663443371124,-0.0239966102817223,0.0108604829369576));
#4183=CARTESIAN_POINT('',(0.00790705273610014,-0.0235189207796463,0.0108604829369576));
#4184=CARTESIAN_POINT('',(0.0112716010859346,-0.0216327576285113,0.0108604829369576));
#4185=CARTESIAN_POINT('',(0.0128422185320406,-0.0202205873123834,0.0108604829369576));
#4186=CARTESIAN_POINT('',(0.0154911689801451,-0.016635481303039,0.0108604829369576));
#4187=CARTESIAN_POINT('',(0.0165663576183558,-0.0144649873850345,0.0108604829369576));
#4188=CARTESIAN_POINT('',(0.0179970744471091,-0.00979024655343707,0.0108604829369576));
#4189=CARTESIAN_POINT('',(0.0183766661389112,-0.00730391911223097,0.0108604829369576));
#4190=CARTESIAN_POINT('',(0.0184033076220168,-0.00480867280791659,0.0108604829369576));
#4191=CARTESIAN_POINT('',(-0.00974515974666408,-0.00480687609682821,0.0120484829369576));
#4192=CARTESIAN_POINT('',(-0.00971868134011776,-0.00730272557616384,0.0120484829369576));
#4193=CARTESIAN_POINT('',(-0.00933907597314675,-0.00978969591723985,0.0120484829369576));
#4194=CARTESIAN_POINT('',(-0.00790819062072277,-0.0144649873850272,0.0120484829369576));
#4195=CARTESIAN_POINT('',(-0.00683300198250604,-0.0166354813030446,0.0120484829369576));
#4196=CARTESIAN_POINT('',(-0.00418405153441373,-0.0202205873123778,0.0120484829369576));
#4197=CARTESIAN_POINT('',(-0.002613434088306,-0.0216327576285086,0.0120484829369576));
#4198=CARTESIAN_POINT('',(0.000751114261537165,-0.023518920779649,0.0120484829369576));
#4199=CARTESIAN_POINT('',(0.00254153256392174,-0.0239966102817223,0.0120484829369576));
#4200=CARTESIAN_POINT('',(0.00611663443371124,-0.0239966102817223,0.0120484829369576));
#4201=CARTESIAN_POINT('',(0.00790705273610014,-0.0235189207796463,0.0120484829369576));
#4202=CARTESIAN_POINT('',(0.0112716010859346,-0.0216327576285113,0.0120484829369576));
#4203=CARTESIAN_POINT('',(0.0128422185320406,-0.0202205873123834,0.0120484829369576));
#4204=CARTESIAN_POINT('',(0.0154911689801451,-0.016635481303039,0.0120484829369576));
#4205=CARTESIAN_POINT('',(0.0165663576183558,-0.0144649873850345,0.0120484829369576));
#4206=CARTESIAN_POINT('',(0.0179970744471091,-0.00979024655343707,0.0120484829369576));
#4207=CARTESIAN_POINT('',(0.0183766661389112,-0.00730391911223097,0.0120484829369576));
#4208=CARTESIAN_POINT('',(0.0184033076220168,-0.00480867280791659,0.0120484829369576));
#4209=CARTESIAN_POINT('',(-0.0109330971073404,-0.00481931608731777,0.0120484829369576));
#4210=CARTESIAN_POINT('',(-0.0109055013689899,-0.00742595380049252,0.0120484829369576));
#4211=CARTESIAN_POINT('',(-0.0105097857104052,-0.0100239169094003,0.0120484829369576));
#4212=CARTESIAN_POINT('',(-0.00900815667977211,-0.0149303570951248,0.0120484829369576));
#4213=CARTESIAN_POINT('',(-0.00787681576505071,-0.0172219057114087,0.0120484829369576));
#4214=CARTESIAN_POINT('',(-0.00505119222267333,-0.0210461221847698,0.0120484829369576));
#4215=CARTESIAN_POINT('',(-0.00335802088470221,-0.0225772860145208,0.0120484829369576));
#4216=CARTESIAN_POINT('',(0.000333834163186567,-0.0246469370418631,0.0120484829369576));
#4217=CARTESIAN_POINT('',(0.00233106595195332,-0.0251846102817223,0.0120484829369576));
#4218=CARTESIAN_POINT('',(0.00632710104567965,-0.0251846102817223,0.0120484829369576));
#4219=CARTESIAN_POINT('',(0.00832433283445166,-0.0246469370418602,0.0120484829369576));
#4220=CARTESIAN_POINT('',(0.0120161878823299,-0.0225772860145237,0.0120484829369576));
#4221=CARTESIAN_POINT('',(0.0137093592203005,-0.021046122184776,0.0120484829369576));
#4222=CARTESIAN_POINT('',(0.0165349827626894,-0.0172219057114024,0.0120484829369576));
#4223=CARTESIAN_POINT('',(0.017666323677405,-0.0149303570951325,0.0120484829369576));
#4224=CARTESIAN_POINT('',(0.0191677758524742,-0.010024494769323,0.0120484829369576));
#4225=CARTESIAN_POINT('',(0.0195634784350584,-0.00742720060436536,0.0120484829369576));
#4226=CARTESIAN_POINT('',(0.0195912441757582,-0.00482119255269757,0.0120484829369576));
#4227=CARTESIAN_POINT('',(-0.0121210344680168,-0.00483175607780733,0.0120484829369576));
#4228=CARTESIAN_POINT('',(-0.0120923213978621,-0.00754918202482119,0.0120484829369576));
#4229=CARTESIAN_POINT('',(-0.0116804954476637,-0.0102581379015608,0.0120484829369576));
#4230=CARTESIAN_POINT('',(-0.0101081227388214,-0.0153957268052225,0.0120484829369576));
#4231=CARTESIAN_POINT('',(-0.00892062954759538,-0.0178083301197727,0.0120484829369576));
#4232=CARTESIAN_POINT('',(-0.00591833291093295,-0.0218716570571617,0.0120484829369576));
#4233=CARTESIAN_POINT('',(-0.00410260768109841,-0.023521814400533,0.0120484829369576));
#4234=CARTESIAN_POINT('',(-8.34459351640313E-5,-0.0257749533040772,0.0120484829369576));
#4235=CARTESIAN_POINT('',(0.00212059933998492,-0.0263726102817223,0.0120484829369576));
#4236=CARTESIAN_POINT('',(0.00653756765764806,-0.0263726102817223,0.0120484829369576));
#4237=CARTESIAN_POINT('',(0.00874161293280317,-0.025774953304074,0.0120484829369576));
#4238=CARTESIAN_POINT('',(0.0127607746787252,-0.0235218144005362,0.0120484829369576));
#4239=CARTESIAN_POINT('',(0.0145764999085604,-0.0218716570571686,0.0120484829369576));
#4240=CARTESIAN_POINT('',(0.0175787965452338,-0.0178083301197658,0.0120484829369576));
#4241=CARTESIAN_POINT('',(0.0187662897364542,-0.0153957268052306,0.0120484829369576));
#4242=CARTESIAN_POINT('',(0.0203384772578393,-0.0102587429852088,0.0120484829369576));
#4243=CARTESIAN_POINT('',(0.0207502907312055,-0.00755048209649973,0.0120484829369576));
#4244=CARTESIAN_POINT('',(0.0207791807294995,-0.00483371229747855,0.0120484829369576));
#4245=CARTESIAN_POINT('',(-0.0121210344680168,-0.00483175607780733,0.0108604829369576));
#4246=CARTESIAN_POINT('',(-0.0120923213978621,-0.00754918202482119,0.0108604829369576));
#4247=CARTESIAN_POINT('',(-0.0116804954476637,-0.0102581379015608,0.0108604829369576));
#4248=CARTESIAN_POINT('',(-0.0101081227388214,-0.0153957268052225,0.0108604829369576));
#4249=CARTESIAN_POINT('',(-0.00892062954759538,-0.0178083301197727,0.0108604829369576));
#4250=CARTESIAN_POINT('',(-0.00591833291093295,-0.0218716570571617,0.0108604829369576));
#4251=CARTESIAN_POINT('',(-0.00410260768109841,-0.023521814400533,0.0108604829369576));
#4252=CARTESIAN_POINT('',(-8.34459351640313E-5,-0.0257749533040772,0.0108604829369576));
#4253=CARTESIAN_POINT('',(0.00212059933998492,-0.0263726102817223,0.0108604829369576));
#4254=CARTESIAN_POINT('',(0.00653756765764806,-0.0263726102817223,0.0108604829369576));
#4255=CARTESIAN_POINT('',(0.00874161293280317,-0.025774953304074,0.0108604829369576));
#4256=CARTESIAN_POINT('',(0.0127607746787252,-0.0235218144005362,0.0108604829369576));
#4257=CARTESIAN_POINT('',(0.0145764999085604,-0.0218716570571686,0.0108604829369576));
#4258=CARTESIAN_POINT('',(0.0175787965452338,-0.0178083301197658,0.0108604829369576));
#4259=CARTESIAN_POINT('',(0.0187662897364542,-0.0153957268052306,0.0108604829369576));
#4260=CARTESIAN_POINT('',(0.0203384772578393,-0.0102587429852088,0.0108604829369576));
#4261=CARTESIAN_POINT('',(0.0207502907312055,-0.00755048209649973,0.0108604829369576));
#4262=CARTESIAN_POINT('',(0.0207791807294995,-0.00483371229747855,0.0108604829369576));
#4263=CARTESIAN_POINT('',(-0.0109330971073404,-0.00481931608731777,0.0108604829369576));
#4264=CARTESIAN_POINT('',(-0.0109055013689899,-0.00742595380049252,0.0108604829369576));
#4265=CARTESIAN_POINT('',(-0.0105097857104052,-0.0100239169094003,0.0108604829369576));
#4266=CARTESIAN_POINT('',(-0.00900815667977211,-0.0149303570951248,0.0108604829369576));
#4267=CARTESIAN_POINT('',(-0.00787681576505071,-0.0172219057114087,0.0108604829369576));
#4268=CARTESIAN_POINT('',(-0.00505119222267333,-0.0210461221847698,0.0108604829369576));
#4269=CARTESIAN_POINT('',(-0.00335802088470221,-0.0225772860145208,0.0108604829369576));
#4270=CARTESIAN_POINT('',(0.000333834163186567,-0.0246469370418631,0.0108604829369576));
#4271=CARTESIAN_POINT('',(0.00233106595195332,-0.0251846102817223,0.0108604829369576));
#4272=CARTESIAN_POINT('',(0.00632710104567965,-0.0251846102817223,0.0108604829369576));
#4273=CARTESIAN_POINT('',(0.00832433283445166,-0.0246469370418602,0.0108604829369576));
#4274=CARTESIAN_POINT('',(0.0120161878823299,-0.0225772860145237,0.0108604829369576));
#4275=CARTESIAN_POINT('',(0.0137093592203005,-0.021046122184776,0.0108604829369576));
#4276=CARTESIAN_POINT('',(0.0165349827626894,-0.0172219057114024,0.0108604829369576));
#4277=CARTESIAN_POINT('',(0.017666323677405,-0.0149303570951325,0.0108604829369576));
#4278=CARTESIAN_POINT('',(0.0191677758524742,-0.010024494769323,0.0108604829369576));
#4279=CARTESIAN_POINT('',(0.0195634784350584,-0.00742720060436536,0.0108604829369576));
#4280=CARTESIAN_POINT('',(0.0195912441757582,-0.00482119255269757,0.0108604829369576));
#4281=CARTESIAN_POINT('',(-0.0109897505630617,-0.00483622933972195,-0.0208195170630424));
#4282=CARTESIAN_POINT('',(-0.0109602257717943,-0.0076995744038365,-0.0208195170630424));
#4283=CARTESIAN_POINT('',(-0.0105219073384651,-0.0105520586305029,-0.0208195170630424));
#4284=CARTESIAN_POINT('',(-0.0088849703729259,-0.0158745376170483,-0.0208195170630424));
#4285=CARTESIAN_POINT('',(-0.00766057813445435,-0.0183220574835697,-0.0208195170630424));
#4286=CARTESIAN_POINT('',(-0.00470452750777983,-0.0223032958607999,-0.0208195170630424));
#4287=CARTESIAN_POINT('',(-0.00297991544264051,-0.0238326896576009,-0.0208195170630424));
#4288=CARTESIAN_POINT('',(0.00061400564520724,-0.0258376194342021,-0.0208195170630424));
#4289=CARTESIAN_POINT('',(0.00247605403786572,-0.0263246197436121,-0.0208195170630424));
#4290=CARTESIAN_POINT('',(0.00618211295976725,-0.0263246197436121,-0.0208195170630424));
#4291=CARTESIAN_POINT('',(0.0080441613524206,-0.0258376194342056,-0.0208195170630424));
#4292=CARTESIAN_POINT('',(0.0116380824402786,-0.0238326896575974,-0.0208195170630424));
#4293=CARTESIAN_POINT('',(0.013362694505406,-0.0223032958608072,-0.0208195170630424));
#4294=CARTESIAN_POINT('',(0.0163187451320941,-0.0183220574835623,-0.0208195170630424));
#4295=CARTESIAN_POINT('',(0.0175431373705681,-0.0158745376170485,-0.0208195170630424));
#4296=CARTESIAN_POINT('',(0.0191800197595393,-0.0105522360854358,-0.0208195170630424));
#4297=CARTESIAN_POINT('',(0.0196183332589793,-0.00769996167321528,-0.0208195170630424));
#4298=CARTESIAN_POINT('',(0.019647911542347,-0.00483681245714091,-0.0208195170630424));
#4299=CARTESIAN_POINT('',(-0.0098018094083978,-0.00482417568176906,-0.0208195170630424));
#4300=CARTESIAN_POINT('',(-0.00977337458987758,-0.00757604139362581,-0.0208195170630424));
#4301=CARTESIAN_POINT('',(-0.00935133131849801,-0.0103168461242751,-0.0208195170630424));
#4302=CARTESIAN_POINT('',(-0.00778578956311599,-0.0154071845254157,-0.0208195170630424));
#4303=CARTESIAN_POINT('',(-0.00661801126739826,-0.0177333655838668,-0.0208195170630424));
#4304=CARTESIAN_POINT('',(-0.00383944457936874,-0.0214755668280627,-0.0208195170630424));
#4305=CARTESIAN_POINT('',(-0.00223771469479354,-0.0228863800829355,-0.0208195170630424));
#4306=CARTESIAN_POINT('',(0.00102935560069579,-0.0247089706070659,-0.0208195170630424));
#4307=CARTESIAN_POINT('',(0.00268549487345771,-0.0251366197436121,-0.0208195170630424));
#4308=CARTESIAN_POINT('',(0.00597267212417526,-0.0251366197436121,-0.0208195170630424));
#4309=CARTESIAN_POINT('',(0.00762881139693149,-0.024708970607069,-0.0208195170630424));
#4310=CARTESIAN_POINT('',(0.0108958816924322,-0.0228863800829323,-0.0208195170630424));
#4311=CARTESIAN_POINT('',(0.0124976115769958,-0.0214755668280668,-0.0208195170630424));
#4312=CARTESIAN_POINT('',(0.0152761782650371,-0.0177333655838628,-0.0208195170630424));
#4313=CARTESIAN_POINT('',(0.0164439565607555,-0.0154071845254157,-0.0208195170630424));
#4314=CARTESIAN_POINT('',(0.0180094461199378,-0.0103170158394892,-0.0208195170630424));
#4315=CARTESIAN_POINT('',(0.0184314842867639,-0.00757641350071108,-0.0208195170630424));
#4316=CARTESIAN_POINT('',(0.0184599706098649,-0.00482473609651843,-0.0208195170630424));
#4317=CARTESIAN_POINT('',(-0.0098018094083978,-0.00482417568176906,-0.0196315170630424));
#4318=CARTESIAN_POINT('',(-0.00977337458987758,-0.00757604139362581,-0.0196315170630424));
#4319=CARTESIAN_POINT('',(-0.00935133131849801,-0.0103168461242751,-0.0196315170630424));
#4320=CARTESIAN_POINT('',(-0.00778578956311599,-0.0154071845254157,-0.0196315170630424));
#4321=CARTESIAN_POINT('',(-0.00661801126739826,-0.0177333655838668,-0.0196315170630424));
#4322=CARTESIAN_POINT('',(-0.00383944457936874,-0.0214755668280627,-0.0196315170630424));
#4323=CARTESIAN_POINT('',(-0.00223771469479354,-0.0228863800829355,-0.0196315170630424));
#4324=CARTESIAN_POINT('',(0.00102935560069579,-0.0247089706070659,-0.0196315170630424));
#4325=CARTESIAN_POINT('',(0.00268549487345771,-0.0251366197436121,-0.0196315170630424));
#4326=CARTESIAN_POINT('',(0.00597267212417526,-0.0251366197436121,-0.0196315170630424));
#4327=CARTESIAN_POINT('',(0.00762881139693149,-0.024708970607069,-0.0196315170630424));
#4328=CARTESIAN_POINT('',(0.0108958816924322,-0.0228863800829323,-0.0196315170630424));
#4329=CARTESIAN_POINT('',(0.0124976115769958,-0.0214755668280668,-0.0196315170630424));
#4330=CARTESIAN_POINT('',(0.0152761782650371,-0.0177333655838628,-0.0196315170630424));
#4331=CARTESIAN_POINT('',(0.0164439565607555,-0.0154071845254157,-0.0196315170630424));
#4332=CARTESIAN_POINT('',(0.0180094461199378,-0.0103170158394892,-0.0196315170630424));
#4333=CARTESIAN_POINT('',(0.0184314842867639,-0.00757641350071108,-0.0196315170630424));
#4334=CARTESIAN_POINT('',(0.0184599706098649,-0.00482473609651843,-0.0196315170630424));
#4335=CARTESIAN_POINT('',(-0.0109897505630617,-0.00483622933972195,-0.0196315170630424));
#4336=CARTESIAN_POINT('',(-0.0109602257717943,-0.0076995744038365,-0.0196315170630424));
#4337=CARTESIAN_POINT('',(-0.0105219073384651,-0.0105520586305029,-0.0196315170630424));
#4338=CARTESIAN_POINT('',(-0.0088849703729259,-0.0158745376170483,-0.0196315170630424));
#4339=CARTESIAN_POINT('',(-0.00766057813445435,-0.0183220574835697,-0.0196315170630424));
#4340=CARTESIAN_POINT('',(-0.00470452750777983,-0.0223032958607999,-0.0196315170630424));
#4341=CARTESIAN_POINT('',(-0.00297991544264051,-0.0238326896576009,-0.0196315170630424));
#4342=CARTESIAN_POINT('',(0.00061400564520724,-0.0258376194342021,-0.0196315170630424));
#4343=CARTESIAN_POINT('',(0.00247605403786572,-0.0263246197436121,-0.0196315170630424));
#4344=CARTESIAN_POINT('',(0.00618211295976725,-0.0263246197436121,-0.0196315170630424));
#4345=CARTESIAN_POINT('',(0.0080441613524206,-0.0258376194342056,-0.0196315170630424));
#4346=CARTESIAN_POINT('',(0.0116380824402786,-0.0238326896575974,-0.0196315170630424));
#4347=CARTESIAN_POINT('',(0.013362694505406,-0.0223032958608072,-0.0196315170630424));
#4348=CARTESIAN_POINT('',(0.0163187451320941,-0.0183220574835623,-0.0196315170630424));
#4349=CARTESIAN_POINT('',(0.0175431373705681,-0.0158745376170485,-0.0196315170630424));
#4350=CARTESIAN_POINT('',(0.0191800197595393,-0.0105522360854358,-0.0196315170630424));
#4351=CARTESIAN_POINT('',(0.0196183332589793,-0.00769996167321528,-0.0196315170630424));
#4352=CARTESIAN_POINT('',(0.019647911542347,-0.00483681245714091,-0.0196315170630424));
#4353=CARTESIAN_POINT('',(-0.0121776917177257,-0.00484828299767484,-0.0196315170630424));
#4354=CARTESIAN_POINT('',(-0.012147076953711,-0.00782310741404717,-0.0196315170630424));
#4355=CARTESIAN_POINT('',(-0.0116924833584322,-0.0107872711367306,-0.0196315170630424));
#4356=CARTESIAN_POINT('',(-0.00998415118273582,-0.0163418907086808,-0.0196315170630424));
#4357=CARTESIAN_POINT('',(-0.00870314500151044,-0.0189107493832724,-0.0196315170630424));
#4358=CARTESIAN_POINT('',(-0.00556961043619092,-0.023131024893537,-0.0196315170630424));
#4359=CARTESIAN_POINT('',(-0.00372211619048747,-0.0247789992322664,-0.0196315170630424));
#4360=CARTESIAN_POINT('',(0.000198655689718689,-0.0269662682613384,-0.0196315170630424));
#4361=CARTESIAN_POINT('',(0.00226661320227374,-0.0275126197436122,-0.0196315170630424));
#4362=CARTESIAN_POINT('',(0.00639155379535923,-0.0275126197436122,-0.0196315170630424));
#4363=CARTESIAN_POINT('',(0.00845951130790971,-0.0269662682613422,-0.0196315170630424));
#4364=CARTESIAN_POINT('',(0.012380283188125,-0.0247789992322626,-0.0196315170630424));
#4365=CARTESIAN_POINT('',(0.0142277774338162,-0.0231310248935476,-0.0196315170630424));
#4366=CARTESIAN_POINT('',(0.0173613119991511,-0.0189107493832618,-0.0196315170630424));
#4367=CARTESIAN_POINT('',(0.0186423181803807,-0.0163418907086813,-0.0196315170630424));
#4368=CARTESIAN_POINT('',(0.0203505933991408,-0.0107874563313823,-0.0196315170630424));
#4369=CARTESIAN_POINT('',(0.0208051822311948,-0.00782350984571947,-0.0196315170630424));
#4370=CARTESIAN_POINT('',(0.020835852474829,-0.00484888881776338,-0.0196315170630424));
#4371=CARTESIAN_POINT('',(-0.0121776917177257,-0.00484828299767484,-0.0208195170630424));
#4372=CARTESIAN_POINT('',(-0.012147076953711,-0.00782310741404717,-0.0208195170630424));
#4373=CARTESIAN_POINT('',(-0.0116924833584322,-0.0107872711367306,-0.0208195170630424));
#4374=CARTESIAN_POINT('',(-0.00998415118273582,-0.0163418907086808,-0.0208195170630424));
#4375=CARTESIAN_POINT('',(-0.00870314500151044,-0.0189107493832724,-0.0208195170630424));
#4376=CARTESIAN_POINT('',(-0.00556961043619092,-0.023131024893537,-0.0208195170630424));
#4377=CARTESIAN_POINT('',(-0.00372211619048747,-0.0247789992322664,-0.0208195170630424));
#4378=CARTESIAN_POINT('',(0.000198655689718689,-0.0269662682613384,-0.0208195170630424));
#4379=CARTESIAN_POINT('',(0.00226661320227374,-0.0275126197436122,-0.0208195170630424));
#4380=CARTESIAN_POINT('',(0.00639155379535923,-0.0275126197436122,-0.0208195170630424));
#4381=CARTESIAN_POINT('',(0.00845951130790971,-0.0269662682613422,-0.0208195170630424));
#4382=CARTESIAN_POINT('',(0.012380283188125,-0.0247789992322626,-0.0208195170630424));
#4383=CARTESIAN_POINT('',(0.0142277774338162,-0.0231310248935476,-0.0208195170630424));
#4384=CARTESIAN_POINT('',(0.0173613119991511,-0.0189107493832618,-0.0208195170630424));
#4385=CARTESIAN_POINT('',(0.0186423181803807,-0.0163418907086813,-0.0208195170630424));
#4386=CARTESIAN_POINT('',(0.0203505933991408,-0.0107874563313823,-0.0208195170630424));
#4387=CARTESIAN_POINT('',(0.0208051822311948,-0.00782350984571947,-0.0208195170630424));
#4388=CARTESIAN_POINT('',(0.020835852474829,-0.00484888881776338,-0.0208195170630424));
#4389=CARTESIAN_POINT('',(-0.0109897505630617,-0.00483622933972195,-0.0208195170630424));
#4390=CARTESIAN_POINT('',(-0.0109602257717943,-0.0076995744038365,-0.0208195170630424));
#4391=CARTESIAN_POINT('',(-0.0105219073384651,-0.0105520586305029,-0.0208195170630424));
#4392=CARTESIAN_POINT('',(-0.0088849703729259,-0.0158745376170483,-0.0208195170630424));
#4393=CARTESIAN_POINT('',(-0.00766057813445435,-0.0183220574835697,-0.0208195170630424));
#4394=CARTESIAN_POINT('',(-0.00470452750777983,-0.0223032958607999,-0.0208195170630424));
#4395=CARTESIAN_POINT('',(-0.00297991544264051,-0.0238326896576009,-0.0208195170630424));
#4396=CARTESIAN_POINT('',(0.00061400564520724,-0.0258376194342021,-0.0208195170630424));
#4397=CARTESIAN_POINT('',(0.00247605403786572,-0.0263246197436121,-0.0208195170630424));
#4398=CARTESIAN_POINT('',(0.00618211295976725,-0.0263246197436121,-0.0208195170630424));
#4399=CARTESIAN_POINT('',(0.0080441613524206,-0.0258376194342056,-0.0208195170630424));
#4400=CARTESIAN_POINT('',(0.0116380824402786,-0.0238326896575974,-0.0208195170630424));
#4401=CARTESIAN_POINT('',(0.013362694505406,-0.0223032958608072,-0.0208195170630424));
#4402=CARTESIAN_POINT('',(0.0163187451320941,-0.0183220574835623,-0.0208195170630424));
#4403=CARTESIAN_POINT('',(0.0175431373705681,-0.0158745376170485,-0.0208195170630424));
#4404=CARTESIAN_POINT('',(0.0191800197595393,-0.0105522360854358,-0.0208195170630424));
#4405=CARTESIAN_POINT('',(0.0196183332589793,-0.00769996167321528,-0.0208195170630424));
#4406=CARTESIAN_POINT('',(0.019647911542347,-0.00483681245714091,-0.0208195170630424));
#4407=CARTESIAN_POINT('',(-0.0143472410418752,-0.00482823213429216,-0.0128995170630424));
#4408=CARTESIAN_POINT('',(-0.0143184954097192,-0.00802072130159335,-0.0128995170630424));
#4409=CARTESIAN_POINT('',(-0.0138339028740221,-0.0112038097076816,-0.0128995170630424));
#4410=CARTESIAN_POINT('',(-0.0119912217347802,-0.0171952631650094,-0.0128995170630424));
#4411=CARTESIAN_POINT('',(-0.010606840225009,-0.0199856827932924,-0.0128995170630424));
#4412=CARTESIAN_POINT('',(-0.00714922541417035,-0.0246424328000827,-0.0128995170630424));
#4413=CARTESIAN_POINT('',(-0.00507735206379031,-0.026506931582862,-0.0128995170630424));
#4414=CARTESIAN_POINT('',(-0.000559760629973939,-0.029027146512045,-0.0128995170630424));
#4415=CARTESIAN_POINT('',(0.0018841806399884,-0.0296818714213513,-0.0128995170630424));
#4416=CARTESIAN_POINT('',(0.00677398635764458,-0.0296818714213513,-0.0128995170630424));
#4417=CARTESIAN_POINT('',(0.00921792762760017,-0.0290271465120494,-0.0128995170630424));
#4418=CARTESIAN_POINT('',(0.01373551906143,-0.0265069315828577,-0.0128995170630424));
#4419=CARTESIAN_POINT('',(0.0158073924117949,-0.0246424328000938,-0.0128995170630424));
#4420=CARTESIAN_POINT('',(0.0192650072226503,-0.0199856827932814,-0.0128995170630424));
#4421=CARTESIAN_POINT('',(0.0206493887324166,-0.0171952631650159,-0.0128995170630424));
#4422=CARTESIAN_POINT('',(0.0224919817185244,-0.0112040963364076,-0.0128995170630424));
#4423=CARTESIAN_POINT('',(0.0229765682122967,-0.00802134000158198,-0.0128995170630424));
#4424=CARTESIAN_POINT('',(0.0230053996455864,-0.00482916292824406,-0.0128995170630424));
#4425=CARTESIAN_POINT('',(-0.0131592863495558,-0.00481765368370988,-0.0128995170630424));
#4426=CARTESIAN_POINT('',(-0.0131315010127129,-0.00789817349085995,-0.0128995170630424));
#4427=CARTESIAN_POINT('',(-0.012663172178111,-0.0109691001282538,-0.0128995170630424));
#4428=CARTESIAN_POINT('',(-0.0108920409249689,-0.0167279100733754,-0.0128995170630424));
#4429=CARTESIAN_POINT('',(-0.00956427335795288,-0.0193969908935934,-0.0128995170630424));
#4430=CARTESIAN_POINT('',(-0.00628414248575925,-0.0238147037673418,-0.0128995170630424));
#4431=CARTESIAN_POINT('',(-0.00433515131594334,-0.0255606220081943,-0.0128995170630424));
#4432=CARTESIAN_POINT('',(-0.000144410674485389,-0.027898497684911,-0.0128995170630424));
#4433=CARTESIAN_POINT('',(0.00209362147558038,-0.0284938714213512,-0.0128995170630424));
#4434=CARTESIAN_POINT('',(0.0065645455220526,-0.0284938714213512,-0.0128995170630424));
#4435=CARTESIAN_POINT('',(0.00880257767211106,-0.0278984976849151,-0.0128995170630424));
#4436=CARTESIAN_POINT('',(0.0129933183135836,-0.0255606220081902,-0.0128995170630424));
#4437=CARTESIAN_POINT('',(0.0149423094833835,-0.0238147037673534,-0.0128995170630424));
#4438=CARTESIAN_POINT('',(0.0182224403555945,-0.0193969908935819,-0.0128995170630424));
#4439=CARTESIAN_POINT('',(0.0195502079226054,-0.0167279100733831,-0.0128995170630424));
#4440=CARTESIAN_POINT('',(0.0213212544455312,-0.0109693756274064,-0.0128995170630424));
#4441=CARTESIAN_POINT('',(0.0217895769766723,-0.00789877038975615,-0.0128995170630424));
#4442=CARTESIAN_POINT('',(0.021817445233682,-0.00481855183214755,-0.0128995170630424));
#4443=CARTESIAN_POINT('',(-0.0131592863495558,-0.00481765368370988,-0.0117115170630424));
#4444=CARTESIAN_POINT('',(-0.0131315010127129,-0.00789817349085995,-0.0117115170630424));
#4445=CARTESIAN_POINT('',(-0.012663172178111,-0.0109691001282538,-0.0117115170630424));
#4446=CARTESIAN_POINT('',(-0.0108920409249689,-0.0167279100733754,-0.0117115170630424));
#4447=CARTESIAN_POINT('',(-0.00956427335795288,-0.0193969908935934,-0.0117115170630424));
#4448=CARTESIAN_POINT('',(-0.00628414248575925,-0.0238147037673418,-0.0117115170630424));
#4449=CARTESIAN_POINT('',(-0.00433515131594334,-0.0255606220081943,-0.0117115170630424));
#4450=CARTESIAN_POINT('',(-0.000144410674485388,-0.027898497684911,-0.0117115170630424));
#4451=CARTESIAN_POINT('',(0.00209362147558038,-0.0284938714213512,-0.0117115170630424));
#4452=CARTESIAN_POINT('',(0.0065645455220526,-0.0284938714213512,-0.0117115170630424));
#4453=CARTESIAN_POINT('',(0.00880257767211106,-0.0278984976849151,-0.0117115170630424));
#4454=CARTESIAN_POINT('',(0.0129933183135836,-0.0255606220081902,-0.0117115170630424));
#4455=CARTESIAN_POINT('',(0.0149423094833835,-0.0238147037673534,-0.0117115170630424));
#4456=CARTESIAN_POINT('',(0.0182224403555945,-0.0193969908935819,-0.0117115170630424));
#4457=CARTESIAN_POINT('',(0.0195502079226054,-0.0167279100733831,-0.0117115170630424));
#4458=CARTESIAN_POINT('',(0.0213212544455312,-0.0109693756274064,-0.0117115170630424));
#4459=CARTESIAN_POINT('',(0.0217895769766723,-0.00789877038975615,-0.0117115170630424));
#4460=CARTESIAN_POINT('',(0.021817445233682,-0.00481855183214755,-0.0117115170630424));
#4461=CARTESIAN_POINT('',(-0.0143472410418752,-0.00482823213429216,-0.0117115170630424));
#4462=CARTESIAN_POINT('',(-0.0143184954097192,-0.00802072130159335,-0.0117115170630424));
#4463=CARTESIAN_POINT('',(-0.0138339028740221,-0.0112038097076816,-0.0117115170630424));
#4464=CARTESIAN_POINT('',(-0.0119912217347802,-0.0171952631650094,-0.0117115170630424));
#4465=CARTESIAN_POINT('',(-0.010606840225009,-0.0199856827932924,-0.0117115170630424));
#4466=CARTESIAN_POINT('',(-0.00714922541417035,-0.0246424328000827,-0.0117115170630424));
#4467=CARTESIAN_POINT('',(-0.00507735206379031,-0.026506931582862,-0.0117115170630424));
#4468=CARTESIAN_POINT('',(-0.000559760629973939,-0.029027146512045,-0.0117115170630424));
#4469=CARTESIAN_POINT('',(0.0018841806399884,-0.0296818714213513,-0.0117115170630424));
#4470=CARTESIAN_POINT('',(0.00677398635764458,-0.0296818714213513,-0.0117115170630424));
#4471=CARTESIAN_POINT('',(0.00921792762760017,-0.0290271465120494,-0.0117115170630424));
#4472=CARTESIAN_POINT('',(0.01373551906143,-0.0265069315828577,-0.0117115170630424));
#4473=CARTESIAN_POINT('',(0.0158073924117949,-0.0246424328000938,-0.0117115170630424));
#4474=CARTESIAN_POINT('',(0.0192650072226503,-0.0199856827932814,-0.0117115170630424));
#4475=CARTESIAN_POINT('',(0.0206493887324166,-0.0171952631650159,-0.0117115170630424));
#4476=CARTESIAN_POINT('',(0.0224919817185244,-0.0112040963364076,-0.0117115170630424));
#4477=CARTESIAN_POINT('',(0.0229765682122967,-0.00802134000158198,-0.0117115170630424));
#4478=CARTESIAN_POINT('',(0.0230053996455864,-0.00482916292824406,-0.0117115170630424));
#4479=CARTESIAN_POINT('',(-0.0155351957341945,-0.00483881058487443,-0.0117115170630424));
#4480=CARTESIAN_POINT('',(-0.0155054898067256,-0.00814326911232673,-0.0117115170630424));
#4481=CARTESIAN_POINT('',(-0.0150046335699331,-0.0114385192871094,-0.0117115170630424));
#4482=CARTESIAN_POINT('',(-0.0130904025445915,-0.0176626162566432,-0.0117115170630424));
#4483=CARTESIAN_POINT('',(-0.0116494070920651,-0.0205743746929914,-0.0117115170630424));
#4484=CARTESIAN_POINT('',(-0.00801430834258144,-0.0254701618328237,-0.0117115170630424));
#4485=CARTESIAN_POINT('',(-0.00581955281163726,-0.0274532411575297,-0.0117115170630424));
#4486=CARTESIAN_POINT('',(-0.000975110585462486,-0.030155795339179,-0.0117115170630424));
#4487=CARTESIAN_POINT('',(0.00167473980439641,-0.0308698714213512,-0.0117115170630424));
#4488=CARTESIAN_POINT('',(0.00698342719323657,-0.0308698714213512,-0.0117115170630424));
#4489=CARTESIAN_POINT('',(0.00963327758308927,-0.0301557953391837,-0.0117115170630424));
#4490=CARTESIAN_POINT('',(0.0144777198092764,-0.027453241157525,-0.0117115170630424));
#4491=CARTESIAN_POINT('',(0.0166724753402064,-0.0254701618328343,-0.0117115170630424));
#4492=CARTESIAN_POINT('',(0.020307574089706,-0.0205743746929809,-0.0117115170630424));
#4493=CARTESIAN_POINT('',(0.0217485695422278,-0.0176626162566487,-0.0117115170630424));
#4494=CARTESIAN_POINT('',(0.0236627089915176,-0.0114388170454089,-0.0117115170630424));
#4495=CARTESIAN_POINT('',(0.0241635594479211,-0.00814390961340779,-0.0117115170630424));
#4496=CARTESIAN_POINT('',(0.0241933540574908,-0.00483977402434057,-0.0117115170630424));
#4497=CARTESIAN_POINT('',(-0.0155351957341945,-0.00483881058487443,-0.0128995170630424));
#4498=CARTESIAN_POINT('',(-0.0155054898067256,-0.00814326911232673,-0.0128995170630424));
#4499=CARTESIAN_POINT('',(-0.0150046335699331,-0.0114385192871094,-0.0128995170630424));
#4500=CARTESIAN_POINT('',(-0.0130904025445915,-0.0176626162566432,-0.0128995170630424));
#4501=CARTESIAN_POINT('',(-0.0116494070920651,-0.0205743746929914,-0.0128995170630424));
#4502=CARTESIAN_POINT('',(-0.00801430834258144,-0.0254701618328237,-0.0128995170630424));
#4503=CARTESIAN_POINT('',(-0.00581955281163726,-0.0274532411575297,-0.0128995170630424));
#4504=CARTESIAN_POINT('',(-0.000975110585462488,-0.030155795339179,-0.0128995170630424));
#4505=CARTESIAN_POINT('',(0.00167473980439641,-0.0308698714213512,-0.0128995170630424));
#4506=CARTESIAN_POINT('',(0.00698342719323657,-0.0308698714213512,-0.0128995170630424));
#4507=CARTESIAN_POINT('',(0.00963327758308927,-0.0301557953391837,-0.0128995170630424));
#4508=CARTESIAN_POINT('',(0.0144777198092764,-0.027453241157525,-0.0128995170630424));
#4509=CARTESIAN_POINT('',(0.0166724753402064,-0.0254701618328343,-0.0128995170630424));
#4510=CARTESIAN_POINT('',(0.020307574089706,-0.0205743746929809,-0.0128995170630424));
#4511=CARTESIAN_POINT('',(0.0217485695422278,-0.0176626162566487,-0.0128995170630424));
#4512=CARTESIAN_POINT('',(0.0236627089915176,-0.0114388170454089,-0.0128995170630424));
#4513=CARTESIAN_POINT('',(0.0241635594479211,-0.00814390961340779,-0.0128995170630424));
#4514=CARTESIAN_POINT('',(0.0241933540574908,-0.00483977402434057,-0.0128995170630424));
#4515=CARTESIAN_POINT('',(-0.0143472410418752,-0.00482823213429216,-0.0128995170630424));
#4516=CARTESIAN_POINT('',(-0.0143184954097192,-0.00802072130159335,-0.0128995170630424));
#4517=CARTESIAN_POINT('',(-0.0138339028740221,-0.0112038097076816,-0.0128995170630424));
#4518=CARTESIAN_POINT('',(-0.0119912217347802,-0.0171952631650094,-0.0128995170630424));
#4519=CARTESIAN_POINT('',(-0.010606840225009,-0.0199856827932924,-0.0128995170630424));
#4520=CARTESIAN_POINT('',(-0.00714922541417035,-0.0246424328000827,-0.0128995170630424));
#4521=CARTESIAN_POINT('',(-0.00507735206379031,-0.026506931582862,-0.0128995170630424));
#4522=CARTESIAN_POINT('',(-0.000559760629973939,-0.029027146512045,-0.0128995170630424));
#4523=CARTESIAN_POINT('',(0.0018841806399884,-0.0296818714213513,-0.0128995170630424));
#4524=CARTESIAN_POINT('',(0.00677398635764458,-0.0296818714213513,-0.0128995170630424));
#4525=CARTESIAN_POINT('',(0.00921792762760017,-0.0290271465120494,-0.0128995170630424));
#4526=CARTESIAN_POINT('',(0.01373551906143,-0.0265069315828577,-0.0128995170630424));
#4527=CARTESIAN_POINT('',(0.0158073924117949,-0.0246424328000938,-0.0128995170630424));
#4528=CARTESIAN_POINT('',(0.0192650072226503,-0.0199856827932814,-0.0128995170630424));
#4529=CARTESIAN_POINT('',(0.0206493887324166,-0.0171952631650159,-0.0128995170630424));
#4530=CARTESIAN_POINT('',(0.0224919817185244,-0.0112040963364076,-0.0128995170630424));
#4531=CARTESIAN_POINT('',(0.0229765682122967,-0.00802134000158198,-0.0128995170630424));
#4532=CARTESIAN_POINT('',(0.0230053996455864,-0.00482916292824406,-0.0128995170630424));
#4533=CARTESIAN_POINT('',(0.00432908349881648,-0.0036751822189873,0.0232147903829308));
#4534=CARTESIAN_POINT('',(0.00432908349881648,-0.0036751822189873,0.0232147903829308));
#4535=CARTESIAN_POINT('',(0.00432908349881648,-0.0036751822189873,0.0218338860973258));
#4536=CARTESIAN_POINT('',(0.00432908349881648,-0.0036751822189873,0.0232147903829308));
#4537=CARTESIAN_POINT('',(0.00432908349881648,-0.0045265822189873,0.0232147903829308));
#4538=CARTESIAN_POINT('',(0.00432908349881648,-0.0045265822189873,0.0232147903829308));
#4539=CARTESIAN_POINT('',(0.00432908349881648,-0.0045265822189873,0.0232147903829308));
#4540=CARTESIAN_POINT('',(0.00432908349881648,-0.0020020822189873,0.0232147903829308));
#4541=CARTESIAN_POINT('',(0.00432908349881648,-0.00381858650459226,0.0232147903829308));
#4542=CARTESIAN_POINT('',(0.00432908349881648,-0.00381858650459226,0.0219772903829308));
#4543=CARTESIAN_POINT('',(0.00432908349881648,-0.00438317793338234,0.0232147903829308));
#4544=CARTESIAN_POINT('',(0.00432908349881648,-0.0045265822189873,0.0232147903829308));
#4545=CARTESIAN_POINT('',(0.00432908349881648,-0.0045265822189873,0.0232147903829308));
#4546=CARTESIAN_POINT('',(0.00432908349881648,-0.00417709721860467,0.0232147903829308));
#4547=CARTESIAN_POINT('',(0.00432908349881648,-0.0041008822189873,0.0232147903829308));
#4548=CARTESIAN_POINT('',(0.00432908349881648,-0.00402466721936994,0.0232147903829308));
#4549=CARTESIAN_POINT('',(0.00432908349881648,-0.00438317793338234,0.0232147903829308));
#4550=CARTESIAN_POINT('',(0.00432908349881648,-0.00381858650459226,0.0232147903829308));
#4551=MECHANICAL_DESIGN_GEOMETRIC_PRESENTATION_REPRESENTATION('',(#1142),
#4552);
#4552=(
GEOMETRIC_REPRESENTATION_CONTEXT(3)
GLOBAL_UNCERTAINTY_ASSIGNED_CONTEXT((#4553))
GLOBAL_UNIT_ASSIGNED_CONTEXT((#4556,#4555,#4554))
REPRESENTATION_CONTEXT('Part 1','TOP_LEVEL_ASSEMBLY_PART')
);
#4553=UNCERTAINTY_MEASURE_WITH_UNIT(LENGTH_MEASURE(2.E-5),#4556,
'DISTANCE_ACCURACY_VALUE','Maximum Tolerance applied to model');
#4554=(
NAMED_UNIT(*)
SI_UNIT($,.STERADIAN.)
SOLID_ANGLE_UNIT()
);
#4555=(
NAMED_UNIT(*)
PLANE_ANGLE_UNIT()
SI_UNIT($,.RADIAN.)
);
#4556=(
LENGTH_UNIT()
NAMED_UNIT(*)
SI_UNIT($,.METRE.)
);
#4557=PRODUCT_DEFINITION_SHAPE('','',#4558);
#4558=PRODUCT_DEFINITION('','',#4560,#4559);
#4559=PRODUCT_DEFINITION_CONTEXT('',#4566,'design');
#4560=PRODUCT_DEFINITION_FORMATION_WITH_SPECIFIED_SOURCE('','',#4562,
 .NOT_KNOWN.);
#4561=PRODUCT_RELATED_PRODUCT_CATEGORY('','',(#4562));
#4562=PRODUCT('Part 1','Part 1','Part 1',(#4564));
#4563=PRODUCT_CATEGORY('','');
#4564=PRODUCT_CONTEXT('',#4566,'mechanical');
#4565=APPLICATION_PROTOCOL_DEFINITION('international standard',
'ap242_managed_model_based_3d_engineering',2020,#4566);
#4566=APPLICATION_CONTEXT('managed model based 3d engineering');
ENDSEC;
END-ISO-10303-21;
