ISO-10303-21;
HEADER;
/* Generated by software containing ST-Developer
 * from STEP Tools, Inc. (www.steptools.com) 
 */
/* OPTION: using custom renumber hook */

FILE_DESCRIPTION(
/* description */ ('STEP AP242 Edition 2',
'CAx-IF Rec.Pracs.---Representation and Presentation of Product Manufa
cturing Information (PMI)---4.0---2014-10-13',
'CAx-IF Rec.Pracs.---3D Tessellated Geometry---0.4---2014-09-14','2;1',
'CAx-IF Rec.Pracs.---User Defined Attributes---1.5---2016-08-15'),
/* implementation_level */ '2;1');

FILE_NAME(
/* name */ 'Lampshade',
/* time_stamp */ '2026-09-04T21:59:01Z',
/* author */ (''),
/* organization */ (''),
/* preprocessor_version */ 'ST-DEVELOPER v20',
/* originating_system */ 'ONSHAPE BY PTC INC, 1.220',
/* authorisation */ '  ');

FILE_SCHEMA (('AP242_MANAGED_MODEL_BASED_3D_ENGINEERING_MIM_LF { 1 0 10303 442 3 1 4 }'));
ENDSEC;

DATA;
#10=SHAPE_REPRESENTATION_RELATIONSHIP('','',#587,#11);
#11=ADVANCED_BREP_SHAPE_REPRESENTATION('',(#585),#1856);
#12=B_SPLINE_SURFACE_WITH_KNOTS('',3,1,((#821,#822),(#823,#824),(#825,#826),
(#827,#828),(#829,#830)),.SURF_OF_LINEAR_EXTRUSION.,.F.,.F.,.F.,(4,1,4),
(2,2),(0.,0.356712500822805,0.71342500164561),(0.,1.),.UNSPECIFIED.);
#13=B_SPLINE_SURFACE_WITH_KNOTS('',3,1,((#843,#844),(#845,#846),(#847,#848),
(#849,#850),(#851,#852)),.SURF_OF_LINEAR_EXTRUSION.,.F.,.F.,.F.,(4,1,4),
(2,2),(0.267178797647681,0.605783691768149,0.944388585888618),(0.,1.),
 .UNSPECIFIED.);
#14=B_SPLINE_SURFACE_WITH_KNOTS('',1,3,((#1044,#1045,#1046,#1047,#1048,
#1049,#1050,#1051,#1052,#1053,#1054,#1055,#1056,#1057,#1058,#1059,#1060,
#1061),(#1062,#1063,#1064,#1065,#1066,#1067,#1068,#1069,#1070,#1071,#1072,
#1073,#1074,#1075,#1076,#1077,#1078,#1079)),.RULED_SURF.,.F.,.F.,.F.,(2,
2),(4,2,2,2,2,2,2,2,4),(0.,0.482891459349188),(0.,0.125,0.25,0.375,0.5,
0.625,0.75,0.875,0.932899828519679),.UNSPECIFIED.);
#15=B_SPLINE_SURFACE_WITH_KNOTS('',1,3,((#1084,#1085,#1086,#1087,#1088,
#1089,#1090,#1091,#1092,#1093,#1094,#1095,#1096,#1097,#1098,#1099,#1100,
#1101),(#1102,#1103,#1104,#1105,#1106,#1107,#1108,#1109,#1110,#1111,#1112,
#1113,#1114,#1115,#1116,#1117,#1118,#1119)),.RULED_SURF.,.F.,.F.,.F.,(2,
2),(4,2,2,2,2,2,2,2,4),(0.,0.482902255807379),(0.,0.125,0.25,0.375,0.5,
0.625,0.75,0.875,1.),.UNSPECIFIED.);
#16=B_SPLINE_SURFACE_WITH_KNOTS('',1,3,((#1124,#1125,#1126,#1127,#1128,
#1129,#1130,#1131,#1132,#1133,#1134,#1135,#1136,#1137,#1138,#1139,#1140,
#1141),(#1142,#1143,#1144,#1145,#1146,#1147,#1148,#1149,#1150,#1151,#1152,
#1153,#1154,#1155,#1156,#1157,#1158,#1159)),.RULED_SURF.,.F.,.F.,.F.,(2,
2),(4,2,2,2,2,2,2,2,4),(0.,0.482899602648851),(0.,0.125,0.25,0.375,0.5,
0.625,0.75,0.875,1.),.UNSPECIFIED.);
#17=B_SPLINE_SURFACE_WITH_KNOTS('',1,3,((#1164,#1165,#1166,#1167,#1168,
#1169,#1170,#1171,#1172,#1173,#1174,#1175,#1176,#1177,#1178,#1179,#1180,
#1181),(#1182,#1183,#1184,#1185,#1186,#1187,#1188,#1189,#1190,#1191,#1192,
#1193,#1194,#1195,#1196,#1197,#1198,#1199)),.RULED_SURF.,.F.,.F.,.F.,(2,
2),(4,2,2,2,2,2,2,2,4),(0.,0.482902030834591),(0.,0.125,0.25,0.375,0.5,
0.625,0.75,0.875,1.),.UNSPECIFIED.);
#18=B_SPLINE_SURFACE_WITH_KNOTS('',1,3,((#1204,#1205,#1206,#1207,#1208,
#1209,#1210,#1211,#1212,#1213,#1214,#1215,#1216,#1217,#1218,#1219,#1220,
#1221),(#1222,#1223,#1224,#1225,#1226,#1227,#1228,#1229,#1230,#1231,#1232,
#1233,#1234,#1235,#1236,#1237,#1238,#1239)),.RULED_SURF.,.F.,.F.,.F.,(2,
2),(4,2,2,2,2,2,2,2,4),(0.,0.482899841548301),(0.,0.125,0.25,0.375,0.5,
0.625,0.75,0.875,1.),.UNSPECIFIED.);
#19=B_SPLINE_SURFACE_WITH_KNOTS('',1,3,((#1244,#1245,#1246,#1247,#1248,
#1249,#1250,#1251,#1252,#1253,#1254,#1255,#1256,#1257,#1258,#1259,#1260,
#1261),(#1262,#1263,#1264,#1265,#1266,#1267,#1268,#1269,#1270,#1271,#1272,
#1273,#1274,#1275,#1276,#1277,#1278,#1279)),.RULED_SURF.,.F.,.F.,.F.,(2,
2),(4,2,2,2,2,2,2,2,4),(0.,0.482901842056243),(0.,0.125,0.25,0.375,0.5,
0.625,0.75,0.875,1.),.UNSPECIFIED.);
#20=B_SPLINE_SURFACE_WITH_KNOTS('',1,3,((#1284,#1285,#1286,#1287,#1288,
#1289,#1290,#1291,#1292,#1293,#1294,#1295,#1296,#1297,#1298,#1299,#1300,
#1301),(#1302,#1303,#1304,#1305,#1306,#1307,#1308,#1309,#1310,#1311,#1312,
#1313,#1314,#1315,#1316,#1317,#1318,#1319)),.RULED_SURF.,.F.,.F.,.F.,(2,
2),(4,2,2,2,2,2,2,2,4),(0.,0.482900036341939),(0.,0.125,0.25,0.375,0.5,
0.625,0.75,0.875,1.),.UNSPECIFIED.);
#21=B_SPLINE_SURFACE_WITH_KNOTS('',1,3,((#1324,#1325,#1326,#1327,#1328,
#1329,#1330,#1331,#1332,#1333,#1334,#1335,#1336,#1337,#1338,#1339,#1340,
#1341),(#1342,#1343,#1344,#1345,#1346,#1347,#1348,#1349,#1350,#1351,#1352,
#1353,#1354,#1355,#1356,#1357,#1358,#1359)),.RULED_SURF.,.F.,.F.,.F.,(2,
2),(4,2,2,2,2,2,2,2,4),(0.,0.482901684276857),(0.,0.125,0.25,0.375,0.5,
0.625,0.75,0.875,1.),.UNSPECIFIED.);
#22=B_SPLINE_SURFACE_WITH_KNOTS('',1,3,((#1364,#1365,#1366,#1367,#1368,
#1369,#1370,#1371,#1372,#1373,#1374,#1375,#1376,#1377,#1378,#1379,#1380,
#1381),(#1382,#1383,#1384,#1385,#1386,#1387,#1388,#1389,#1390,#1391,#1392,
#1393,#1394,#1395,#1396,#1397,#1398,#1399)),.RULED_SURF.,.F.,.F.,.F.,(2,
2),(4,2,2,2,2,2,2,2,4),(0.,0.482900195391393),(0.,0.125,0.25,0.375,0.5,
0.625,0.75,0.875,1.),.UNSPECIFIED.);
#23=B_SPLINE_SURFACE_WITH_KNOTS('',1,3,((#1404,#1405,#1406,#1407,#1408,
#1409,#1410,#1411,#1412,#1413,#1414,#1415,#1416,#1417,#1418,#1419,#1420,
#1421),(#1422,#1423,#1424,#1425,#1426,#1427,#1428,#1429,#1430,#1431,#1432,
#1433,#1434,#1435,#1436,#1437,#1438,#1439)),.RULED_SURF.,.F.,.F.,.F.,(2,
2),(4,2,2,2,2,2,2,2,4),(0.,0.482901552805723),(0.,0.125,0.25,0.375,0.5,
0.625,0.75,0.875,1.),.UNSPECIFIED.);
#24=B_SPLINE_SURFACE_WITH_KNOTS('',1,3,((#1444,#1445,#1446,#1447,#1448,
#1449,#1450,#1451,#1452,#1453,#1454,#1455,#1456,#1457,#1458,#1459,#1460,
#1461),(#1462,#1463,#1464,#1465,#1466,#1467,#1468,#1469,#1470,#1471,#1472,
#1473,#1474,#1475,#1476,#1477,#1478,#1479)),.RULED_SURF.,.F.,.F.,.F.,(2,
2),(4,2,2,2,2,2,2,2,4),(0.,0.482900325606937),(0.,0.125,0.25,0.375,0.5,
0.625,0.75,0.875,1.),.UNSPECIFIED.);
#25=B_SPLINE_SURFACE_WITH_KNOTS('',1,3,((#1484,#1485,#1486,#1487,#1488,
#1489,#1490,#1491,#1492,#1493,#1494,#1495,#1496,#1497,#1498,#1499,#1500,
#1501),(#1502,#1503,#1504,#1505,#1506,#1507,#1508,#1509,#1510,#1511,#1512,
#1513,#1514,#1515,#1516,#1517,#1518,#1519)),.RULED_SURF.,.F.,.F.,.F.,(2,
2),(4,2,2,2,2,2,2,2,4),(0.,0.566865339474156),(0.,0.125,0.25,0.375,0.5,
0.625,0.75,0.875,1.),.UNSPECIFIED.);
#26=B_SPLINE_SURFACE_WITH_KNOTS('',1,3,((#1530,#1531,#1532,#1533,#1534,
#1535),(#1536,#1537,#1538,#1539,#1540,#1541)),.RULED_SURF.,.F.,.F.,.F.,
(2,2),(4,2,4),(0.,0.640569584857526),(0.873365861485036,0.875,1.),
 .UNSPECIFIED.);
#27=B_SPLINE_SURFACE_WITH_KNOTS('',1,3,((#1557,#1558,#1559,#1560,#1561,
#1562,#1563,#1564,#1565,#1566,#1567,#1568,#1569,#1570,#1571,#1572,#1573,
#1574,#1575,#1576,#1577,#1578,#1579,#1580,#1581,#1582,#1583,#1584,#1585,
#1586,#1587,#1588,#1589,#1590,#1591,#1592,#1593,#1594,#1595,#1596,#1597,
#1598,#1599,#1600,#1601,#1602,#1603,#1604,#1605,#1606,#1607,#1608,#1609,
#1610,#1611,#1612,#1613,#1614,#1615,#1616,#1617,#1618,#1619,#1620,#1621,
#1622),(#1623,#1624,#1625,#1626,#1627,#1628,#1629,#1630,#1631,#1632,#1633,
#1634,#1635,#1636,#1637,#1638,#1639,#1640,#1641,#1642,#1643,#1644,#1645,
#1646,#1647,#1648,#1649,#1650,#1651,#1652,#1653,#1654,#1655,#1656,#1657,
#1658,#1659,#1660,#1661,#1662,#1663,#1664,#1665,#1666,#1667,#1668,#1669,
#1670,#1671,#1672,#1673,#1674,#1675,#1676,#1677,#1678,#1679,#1680,#1681,
#1682,#1683,#1684,#1685,#1686,#1687,#1688)),.RULED_SURF.,.F.,.T.,.F.,(2,
2),(2,2,2,2,2,2,2,2,2,2,2,2,2,2,2,2,2,2,2,2,2,2,2,2,2,2,2,2,2,2,2,2,2,2,
2),(0.975395573905059,1.),(-0.196349540849362,0.,0.196349540849362,0.392699081698724,
0.589048622548086,0.785398163397448,0.98174770424681,1.17809724509617,1.37444678594553,
1.5707963267949,1.76714586764426,1.96349540849362,2.15984494934299,2.35619449019234,
2.5525440310417,2.74889357189107,2.94524311274043,3.1415926535898,3.33794219443915,
3.53429173528852,3.73064127613788,3.92699081698724,4.12334035783661,4.31968989868597,
4.51603943953533,4.71238898038469,4.90873852123405,5.10508806208341,5.30143760293278,
5.49778714378214,5.6941366846315,5.89048622548086,6.08683576633022,6.28318530717959,
6.47953484802895),.UNSPECIFIED.);
#28=B_SPLINE_SURFACE_WITH_KNOTS('',3,3,((#1700,#1701,#1702,#1703),(#1704,
#1705,#1706,#1707),(#1708,#1709,#1710,#1711),(#1712,#1713,#1714,#1715),
(#1716,#1717,#1718,#1719),(#1720,#1721,#1722,#1723),(#1724,#1725,#1726,
#1727),(#1728,#1729,#1730,#1731),(#1732,#1733,#1734,#1735),(#1736,#1737,
#1738,#1739),(#1740,#1741,#1742,#1743),(#1744,#1745,#1746,#1747),(#1748,
#1749,#1750,#1751),(#1752,#1753,#1754,#1755),(#1756,#1757,#1758,#1759),
(#1760,#1761,#1762,#1763),(#1764,#1765,#1766,#1767),(#1768,#1769,#1770,
#1771),(#1772,#1773,#1774,#1775)),.UNSPECIFIED.,.T.,.F.,.F.,(1,1,1,1,1,
1,1,1,1,1,1,1,1,1,1,1,1,1,1,1,1,1,1),(4,4),(-0.1875,-0.125,-0.0625,0.,0.0625,
0.125,0.1875,0.25,0.3125,0.375,0.4375,0.5,0.5625,0.625,0.6875,0.75,0.8125,
0.875,0.9375,1.,1.0625,1.125,1.1875),(1.32348898008484E-23,0.926668157709561),
 .UNSPECIFIED.);
#29=B_SPLINE_SURFACE_WITH_KNOTS('',3,3,((#1776,#1777,#1778,#1779),(#1780,
#1781,#1782,#1783),(#1784,#1785,#1786,#1787),(#1788,#1789,#1790,#1791),
(#1792,#1793,#1794,#1795),(#1796,#1797,#1798,#1799),(#1800,#1801,#1802,
#1803),(#1804,#1805,#1806,#1807),(#1808,#1809,#1810,#1811),(#1812,#1813,
#1814,#1815),(#1816,#1817,#1818,#1819),(#1820,#1821,#1822,#1823),(#1824,
#1825,#1826,#1827),(#1828,#1829,#1830,#1831),(#1832,#1833,#1834,#1835),
(#1836,#1837,#1838,#1839),(#1840,#1841,#1842,#1843),(#1844,#1845,#1846,
#1847)),.UNSPECIFIED.,.T.,.F.,.F.,(4,2,2,2,2,2,2,2,4),(4,4),(0.,0.125,0.25,
0.375,0.5,0.625,0.75,0.875,1.),(0.,1.00600006797698),.UNSPECIFIED.);
#30=CIRCLE('',#591,0.006876);
#31=CIRCLE('',#592,0.006876);
#32=CIRCLE('',#604,0.00069);
#33=CIRCLE('',#605,0.00463753288861392);
#34=CIRCLE('',#608,0.00069);
#35=CYLINDRICAL_SURFACE('',#590,0.006876);
#36=CYLINDRICAL_SURFACE('',#593,0.00230471781385829);
#37=CYLINDRICAL_SURFACE('',#600,0.005796);
#38=CYLINDRICAL_SURFACE('',#607,0.00069);
#39=B_SPLINE_CURVE_WITH_KNOTS('',3,(#679,#680,#681,#682),.UNSPECIFIED.,
 .F.,.F.,(4,4),(0.0101156391539804,0.0104854836483164),.UNSPECIFIED.);
#40=B_SPLINE_CURVE_WITH_KNOTS('',3,(#693,#694,#695,#696),.UNSPECIFIED.,
 .F.,.F.,(4,4),(0.000624360817948593,0.00064276729443603),.UNSPECIFIED.);
#41=B_SPLINE_CURVE_WITH_KNOTS('',3,(#700,#701,#702,#703),.UNSPECIFIED.,
 .F.,.F.,(4,4),(0.984628443744449,1.),.UNSPECIFIED.);
#42=B_SPLINE_CURVE_WITH_KNOTS('',3,(#705,#706,#707,#708),.UNSPECIFIED.,
 .F.,.F.,(4,4),(0.00073802816549449,0.00082522373014843),.UNSPECIFIED.);
#43=B_SPLINE_CURVE_WITH_KNOTS('',3,(#714,#715,#716,#717,#718,#719,#720),
 .UNSPECIFIED.,.F.,.F.,(4,1,1,1,4),(0.,0.231833921793496,0.463667843586991,
0.695501765380487,0.927335687173982),.UNSPECIFIED.);
#44=B_SPLINE_CURVE_WITH_KNOTS('',3,(#722,#723,#724,#725,#726,#727,#728),
 .UNSPECIFIED.,.F.,.F.,(4,1,1,1,4),(0.,0.25,0.5,0.75,1.),.UNSPECIFIED.);
#45=B_SPLINE_CURVE_WITH_KNOTS('',3,(#730,#731,#732,#733,#734,#735,#736),
 .UNSPECIFIED.,.F.,.F.,(4,1,1,1,4),(0.,0.25,0.5,0.75,1.),.UNSPECIFIED.);
#46=B_SPLINE_CURVE_WITH_KNOTS('',3,(#738,#739,#740,#741,#742,#743,#744),
 .UNSPECIFIED.,.F.,.F.,(4,1,1,1,4),(0.,0.25,0.5,0.75,1.),.UNSPECIFIED.);
#47=B_SPLINE_CURVE_WITH_KNOTS('',3,(#746,#747,#748,#749,#750,#751,#752),
 .UNSPECIFIED.,.F.,.F.,(4,1,1,1,4),(0.,0.25,0.5,0.75,1.),.UNSPECIFIED.);
#48=B_SPLINE_CURVE_WITH_KNOTS('',3,(#754,#755,#756,#757,#758,#759,#760),
 .UNSPECIFIED.,.F.,.F.,(4,1,1,1,4),(0.,0.25,0.5,0.75,1.),.UNSPECIFIED.);
#49=B_SPLINE_CURVE_WITH_KNOTS('',3,(#762,#763,#764,#765,#766,#767,#768),
 .UNSPECIFIED.,.F.,.F.,(4,1,1,1,4),(0.,0.25,0.5,0.75,1.),.UNSPECIFIED.);
#50=B_SPLINE_CURVE_WITH_KNOTS('',3,(#770,#771,#772,#773,#774,#775,#776),
 .UNSPECIFIED.,.F.,.F.,(4,1,1,1,4),(0.,0.25,0.5,0.75,1.),.UNSPECIFIED.);
#51=B_SPLINE_CURVE_WITH_KNOTS('',3,(#778,#779,#780,#781,#782,#783,#784),
 .UNSPECIFIED.,.F.,.F.,(4,1,1,1,4),(0.,0.25,0.5,0.75,1.),.UNSPECIFIED.);
#52=B_SPLINE_CURVE_WITH_KNOTS('',3,(#786,#787,#788,#789,#790,#791,#792),
 .UNSPECIFIED.,.F.,.F.,(4,1,1,1,4),(0.,0.25,0.5,0.75,1.),.UNSPECIFIED.);
#53=B_SPLINE_CURVE_WITH_KNOTS('',3,(#794,#795,#796,#797,#798,#799,#800),
 .UNSPECIFIED.,.F.,.F.,(4,1,1,1,4),(0.,0.25,0.5,0.75,1.),.UNSPECIFIED.);
#54=B_SPLINE_CURVE_WITH_KNOTS('',3,(#802,#803,#804,#805,#806,#807,#808),
 .UNSPECIFIED.,.F.,.F.,(4,1,1,1,4),(0.136780902104905,0.352585676578679,
0.568390451052452,0.784195225526226,1.),.UNSPECIFIED.);
#55=B_SPLINE_CURVE_WITH_KNOTS('',3,(#812,#813,#814,#815),.UNSPECIFIED.,
 .F.,.F.,(4,4),(2.85199359398658E-8,7.89209565019123E-5),.UNSPECIFIED.);
#56=B_SPLINE_CURVE_WITH_KNOTS('',3,(#817,#818,#819,#820),.UNSPECIFIED.,
 .F.,.F.,(4,4),(0.,0.115637330780637),.UNSPECIFIED.);
#57=B_SPLINE_CURVE_WITH_KNOTS('',3,(#831,#832,#833,#834),.UNSPECIFIED.,
 .F.,.F.,(4,4),(0.,0.00140507154312176),.UNSPECIFIED.);
#58=B_SPLINE_CURVE_WITH_KNOTS('',3,(#838,#839,#840,#841,#842),
 .UNSPECIFIED.,.F.,.F.,(4,1,4),(0.,0.000717055440935105,0.00143411088187021),
 .UNSPECIFIED.);
#59=B_SPLINE_CURVE_WITH_KNOTS('',3,(#853,#854,#855,#856,#857),
 .UNSPECIFIED.,.F.,.F.,(4,1,4),(8.72378246774628E-9,0.00075439527340207,
0.00150878182302167),.UNSPECIFIED.);
#60=B_SPLINE_CURVE_WITH_KNOTS('',3,(#859,#860,#861,#862,#863,#864),
 .UNSPECIFIED.,.F.,.F.,(4,1,1,4),(0.,0.259314931444121,0.614764306028748,
0.944388585888618),.UNSPECIFIED.);
#61=B_SPLINE_CURVE_WITH_KNOTS('',3,(#870,#871,#872,#873),.UNSPECIFIED.,
 .F.,.F.,(4,4),(0.,0.000145345539731231),.UNSPECIFIED.);
#62=B_SPLINE_CURVE_WITH_KNOTS('',3,(#881,#882,#883,#884),.UNSPECIFIED.,
 .F.,.F.,(4,4),(0.,0.00123287755190377),.UNSPECIFIED.);
#63=B_SPLINE_CURVE_WITH_KNOTS('',3,(#888,#889,#890,#891),.UNSPECIFIED.,
 .F.,.F.,(4,4),(0.,0.000137321164658902),.UNSPECIFIED.);
#64=B_SPLINE_CURVE_WITH_KNOTS('',3,(#893,#894,#895,#896),.UNSPECIFIED.,
 .F.,.F.,(4,4),(0.,2.59184186112E-5),.UNSPECIFIED.);
#65=B_SPLINE_CURVE_WITH_KNOTS('',3,(#901,#902,#903,#904),.UNSPECIFIED.,
 .F.,.F.,(4,4),(3.5762240613455E-18,0.000217904377585246),.UNSPECIFIED.);
#66=B_SPLINE_CURVE_WITH_KNOTS('',3,(#906,#907,#908,#909),.UNSPECIFIED.,
 .F.,.F.,(4,4),(9.69739903612216E-19,0.000418536374333973),
 .UNSPECIFIED.);
#67=B_SPLINE_CURVE_WITH_KNOTS('',3,(#916,#917,#918,#919),.UNSPECIFIED.,
 .F.,.F.,(4,4),(0.,2.55198552831113E-5),.UNSPECIFIED.);
#68=B_SPLINE_CURVE_WITH_KNOTS('',3,(#921,#922,#923,#924),.UNSPECIFIED.,
 .F.,.F.,(4,4),(1.73472347597681E-18,0.000217764847787148),
 .UNSPECIFIED.);
#69=B_SPLINE_CURVE_WITH_KNOTS('',3,(#925,#926,#927,#928),.UNSPECIFIED.,
 .F.,.F.,(4,4),(0.,0.00025611724497807),.UNSPECIFIED.);
#70=B_SPLINE_CURVE_WITH_KNOTS('',3,(#933,#934,#935,#936),.UNSPECIFIED.,
 .F.,.F.,(4,4),(0.,0.000255228705671087),.UNSPECIFIED.);
#71=B_SPLINE_CURVE_WITH_KNOTS('',3,(#938,#939,#940,#941,#942,#943,#944,
#945,#946,#947,#948),.UNSPECIFIED.,.F.,.F.,(4,1,1,1,1,1,1,1,4),(2.16840434497101E-19,
0.00450579937165119,0.00901159874330239,0.0135173981149536,0.0180231974866048,
0.022528996858256,0.0270347962299072,0.0315405956015584,0.0360463949732096),
 .UNSPECIFIED.);
#72=B_SPLINE_CURVE_WITH_KNOTS('',3,(#949,#950,#951,#952,#953,#954,#955),
 .UNSPECIFIED.,.F.,.F.,(4,1,1,1,4),(0.,0.00108102989318286,0.00216205978636572,
0.00324308967954858,0.00432411957273144),.UNSPECIFIED.);
#73=B_SPLINE_CURVE_WITH_KNOTS('',3,(#957,#958,#959,#960,#961,#962,#963),
 .UNSPECIFIED.,.F.,.F.,(4,1,1,1,4),(8.94056015336375E-19,0.00112519223706812,
0.00225038447413625,0.00337557671120437,0.00450076894827249),
 .UNSPECIFIED.);
#74=B_SPLINE_CURVE_WITH_KNOTS('',3,(#965,#966,#967,#968,#969,#970,#971),
 .UNSPECIFIED.,.F.,.F.,(4,1,1,1,4),(0.,0.00113852992275371,0.00227705984550743,
0.00341558976826114,0.00455411969101486),.UNSPECIFIED.);
#75=B_SPLINE_CURVE_WITH_KNOTS('',3,(#973,#974,#975,#976,#977,#978,#979),
 .UNSPECIFIED.,.F.,.F.,(4,1,1,1,4),(0.,0.00112383330338421,0.00224766660676842,
0.00337149991015263,0.00449533321353684),.UNSPECIFIED.);
#76=B_SPLINE_CURVE_WITH_KNOTS('',3,(#981,#982,#983,#984,#985,#986,#987),
 .UNSPECIFIED.,.F.,.F.,(4,1,1,1,4),(0.,0.00114002852517848,0.00228005705035696,
0.00342008557553544,0.00456011410071392),.UNSPECIFIED.);
#77=B_SPLINE_CURVE_WITH_KNOTS('',3,(#989,#990,#991,#992,#993,#994,#995),
 .UNSPECIFIED.,.F.,.F.,(4,1,1,1,4),(0.,0.00112218270724241,0.00224436541448482,
0.00336654812172724,0.00448873082896965),.UNSPECIFIED.);
#78=B_SPLINE_CURVE_WITH_KNOTS('',3,(#997,#998,#999,#1000,#1001,#1002,#1003),
 .UNSPECIFIED.,.F.,.F.,(4,1,1,1,4),(0.,0.00114184839179833,0.00228369678359666,
0.00342554517539499,0.00456739356719332),.UNSPECIFIED.);
#79=B_SPLINE_CURVE_WITH_KNOTS('',3,(#1005,#1006,#1007,#1008,#1009,#1010,
#1011),.UNSPECIFIED.,.F.,.F.,(4,1,1,1,4),(0.,0.00112017791876327,0.00224035583752653,
0.0033605337562898,0.00448071167505306),.UNSPECIFIED.);
#80=B_SPLINE_CURVE_WITH_KNOTS('',3,(#1013,#1014,#1015,#1016,#1017,#1018,
#1019),.UNSPECIFIED.,.F.,.F.,(4,1,1,1,4),(0.,0.00114405847352707,0.00228811694705414,
0.00343217542058121,0.00457623389410829),.UNSPECIFIED.);
#81=B_SPLINE_CURVE_WITH_KNOTS('',3,(#1021,#1022,#1023,#1024,#1025,#1026,
#1027),.UNSPECIFIED.,.F.,.F.,(4,1,1,1,4),(0.,0.0011177424350959,0.00223548487019179,
0.00335322730528769,0.00447096974038359),.UNSPECIFIED.);
#82=B_SPLINE_CURVE_WITH_KNOTS('',3,(#1029,#1030,#1031,#1032,#1033,#1034,
#1035),.UNSPECIFIED.,.F.,.F.,(4,1,1,1,4),(0.,0.0011467425655142,0.00229348513102839,
0.00344022769654259,0.00458697026205678),.UNSPECIFIED.);
#83=B_SPLINE_CURVE_WITH_KNOTS('',3,(#1037,#1038,#1039,#1040,#1041,#1042,
#1043),.UNSPECIFIED.,.F.,.F.,(4,1,1,1,4),(9.69739903612216E-19,0.000911623334758811,
0.00182324666951762,0.00273487000427643,0.00364649333903524),
 .UNSPECIFIED.);
#84=B_SPLINE_CURVE_WITH_KNOTS('',3,(#1080,#1081,#1082,#1083),
 .UNSPECIFIED.,.F.,.F.,(4,4),(0.,1.),.UNSPECIFIED.);
#85=B_SPLINE_CURVE_WITH_KNOTS('',3,(#1120,#1121,#1122,#1123),
 .UNSPECIFIED.,.F.,.F.,(4,4),(0.,1.),.UNSPECIFIED.);
#86=B_SPLINE_CURVE_WITH_KNOTS('',3,(#1160,#1161,#1162,#1163),
 .UNSPECIFIED.,.F.,.F.,(4,4),(0.,1.),.UNSPECIFIED.);
#87=B_SPLINE_CURVE_WITH_KNOTS('',3,(#1200,#1201,#1202,#1203),
 .UNSPECIFIED.,.F.,.F.,(4,4),(0.,1.),.UNSPECIFIED.);
#88=B_SPLINE_CURVE_WITH_KNOTS('',3,(#1240,#1241,#1242,#1243),
 .UNSPECIFIED.,.F.,.F.,(4,4),(0.,1.),.UNSPECIFIED.);
#89=B_SPLINE_CURVE_WITH_KNOTS('',3,(#1280,#1281,#1282,#1283),
 .UNSPECIFIED.,.F.,.F.,(4,4),(0.,1.),.UNSPECIFIED.);
#90=B_SPLINE_CURVE_WITH_KNOTS('',3,(#1320,#1321,#1322,#1323),
 .UNSPECIFIED.,.F.,.F.,(4,4),(0.,1.),.UNSPECIFIED.);
#91=B_SPLINE_CURVE_WITH_KNOTS('',3,(#1360,#1361,#1362,#1363),
 .UNSPECIFIED.,.F.,.F.,(4,4),(0.,1.),.UNSPECIFIED.);
#92=B_SPLINE_CURVE_WITH_KNOTS('',3,(#1400,#1401,#1402,#1403),
 .UNSPECIFIED.,.F.,.F.,(4,4),(0.,1.),.UNSPECIFIED.);
#93=B_SPLINE_CURVE_WITH_KNOTS('',3,(#1440,#1441,#1442,#1443),
 .UNSPECIFIED.,.F.,.F.,(4,4),(0.,1.),.UNSPECIFIED.);
#94=B_SPLINE_CURVE_WITH_KNOTS('',3,(#1480,#1481,#1482,#1483),
 .UNSPECIFIED.,.F.,.F.,(4,4),(0.,1.),.UNSPECIFIED.);
#95=B_SPLINE_CURVE_WITH_KNOTS('',3,(#1520,#1521,#1522,#1523),
 .UNSPECIFIED.,.F.,.F.,(4,4),(0.436515567123107,1.),.UNSPECIFIED.);
#96=B_SPLINE_CURVE_WITH_KNOTS('',3,(#1526,#1527,#1528,#1529),
 .UNSPECIFIED.,.F.,.F.,(4,4),(0.,0.568750821293322),.UNSPECIFIED.);
#97=B_SPLINE_CURVE_WITH_KNOTS('',3,(#1545,#1546,#1547,#1548,#1549,#1550,
#1551,#1552,#1553,#1554,#1555),.UNSPECIFIED.,.T.,.F.,(1,1,1,1,1,1,1,1,1,
1,1,1,1,1,1),(-0.00869777162913142,-0.00579851441942094,-0.00289925720971046,
2.8631822651552E-17,0.00289925720971051,0.005798514419421,0.00869777162913148,
0.011597028838842,0.0144962860485524,0.0173955432582629,0.0202948004679734,
0.0231940576776839,0.0260933148873944,0.0289925720971049,0.0318918293068153),
 .UNSPECIFIED.);
#98=B_SPLINE_CURVE_WITH_KNOTS('',3,(#1689,#1690,#1691,#1692,#1693,#1694,
#1695,#1696,#1697,#1698,#1699),.UNSPECIFIED.,.F.,.F.,(4,1,1,1,1,1,1,1,4),
(0.716736859935693,0.840450508214676,0.964164156493658,1.08787780477264,
1.21159145305162,1.33530510133061,1.45901874960959,1.58273239788857,1.70644604616755),
 .UNSPECIFIED.);
#99=ORIENTED_EDGE('',*,*,#269,.F.);
#100=ORIENTED_EDGE('',*,*,#270,.T.);
#101=ORIENTED_EDGE('',*,*,#271,.T.);
#102=ORIENTED_EDGE('',*,*,#272,.F.);
#103=ORIENTED_EDGE('',*,*,#273,.F.);
#104=ORIENTED_EDGE('',*,*,#274,.F.);
#105=ORIENTED_EDGE('',*,*,#275,.T.);
#106=ORIENTED_EDGE('',*,*,#276,.T.);
#107=ORIENTED_EDGE('',*,*,#277,.F.);
#108=ORIENTED_EDGE('',*,*,#278,.T.);
#109=ORIENTED_EDGE('',*,*,#279,.T.);
#110=ORIENTED_EDGE('',*,*,#280,.F.);
#111=ORIENTED_EDGE('',*,*,#281,.F.);
#112=ORIENTED_EDGE('',*,*,#282,.F.);
#113=ORIENTED_EDGE('',*,*,#283,.F.);
#114=ORIENTED_EDGE('',*,*,#284,.F.);
#115=ORIENTED_EDGE('',*,*,#285,.F.);
#116=ORIENTED_EDGE('',*,*,#286,.F.);
#117=ORIENTED_EDGE('',*,*,#287,.F.);
#118=ORIENTED_EDGE('',*,*,#288,.F.);
#119=ORIENTED_EDGE('',*,*,#289,.F.);
#120=ORIENTED_EDGE('',*,*,#290,.F.);
#121=ORIENTED_EDGE('',*,*,#291,.F.);
#122=ORIENTED_EDGE('',*,*,#292,.F.);
#123=ORIENTED_EDGE('',*,*,#293,.T.);
#124=ORIENTED_EDGE('',*,*,#294,.T.);
#125=ORIENTED_EDGE('',*,*,#295,.F.);
#126=ORIENTED_EDGE('',*,*,#275,.F.);
#127=ORIENTED_EDGE('',*,*,#296,.T.);
#128=ORIENTED_EDGE('',*,*,#297,.T.);
#129=ORIENTED_EDGE('',*,*,#298,.T.);
#130=ORIENTED_EDGE('',*,*,#278,.F.);
#131=ORIENTED_EDGE('',*,*,#299,.T.);
#132=ORIENTED_EDGE('',*,*,#300,.T.);
#133=ORIENTED_EDGE('',*,*,#301,.F.);
#134=ORIENTED_EDGE('',*,*,#302,.T.);
#135=ORIENTED_EDGE('',*,*,#303,.T.);
#136=ORIENTED_EDGE('',*,*,#294,.F.);
#137=ORIENTED_EDGE('',*,*,#301,.T.);
#138=ORIENTED_EDGE('',*,*,#304,.T.);
#139=ORIENTED_EDGE('',*,*,#305,.F.);
#140=ORIENTED_EDGE('',*,*,#306,.F.);
#141=ORIENTED_EDGE('',*,*,#279,.F.);
#142=ORIENTED_EDGE('',*,*,#307,.F.);
#143=ORIENTED_EDGE('',*,*,#280,.T.);
#144=ORIENTED_EDGE('',*,*,#306,.T.);
#145=ORIENTED_EDGE('',*,*,#308,.T.);
#146=ORIENTED_EDGE('',*,*,#293,.F.);
#147=ORIENTED_EDGE('',*,*,#309,.T.);
#148=ORIENTED_EDGE('',*,*,#302,.F.);
#149=ORIENTED_EDGE('',*,*,#310,.F.);
#150=ORIENTED_EDGE('',*,*,#311,.T.);
#151=ORIENTED_EDGE('',*,*,#305,.T.);
#152=ORIENTED_EDGE('',*,*,#312,.F.);
#153=ORIENTED_EDGE('',*,*,#271,.F.);
#154=ORIENTED_EDGE('',*,*,#313,.T.);
#155=ORIENTED_EDGE('',*,*,#300,.F.);
#156=ORIENTED_EDGE('',*,*,#314,.T.);
#157=ORIENTED_EDGE('',*,*,#315,.F.);
#158=ORIENTED_EDGE('',*,*,#272,.T.);
#159=ORIENTED_EDGE('',*,*,#312,.T.);
#160=ORIENTED_EDGE('',*,*,#304,.F.);
#161=ORIENTED_EDGE('',*,*,#316,.F.);
#162=ORIENTED_EDGE('',*,*,#317,.T.);
#163=ORIENTED_EDGE('',*,*,#318,.F.);
#164=ORIENTED_EDGE('',*,*,#269,.T.);
#165=ORIENTED_EDGE('',*,*,#315,.T.);
#166=ORIENTED_EDGE('',*,*,#319,.T.);
#167=ORIENTED_EDGE('',*,*,#320,.T.);
#168=ORIENTED_EDGE('',*,*,#297,.F.);
#169=ORIENTED_EDGE('',*,*,#321,.T.);
#170=ORIENTED_EDGE('',*,*,#322,.T.);
#171=ORIENTED_EDGE('',*,*,#311,.F.);
#172=ORIENTED_EDGE('',*,*,#323,.T.);
#173=ORIENTED_EDGE('',*,*,#316,.T.);
#174=ORIENTED_EDGE('',*,*,#324,.T.);
#175=ORIENTED_EDGE('',*,*,#325,.T.);
#176=ORIENTED_EDGE('',*,*,#326,.T.);
#177=ORIENTED_EDGE('',*,*,#327,.T.);
#178=ORIENTED_EDGE('',*,*,#328,.T.);
#179=ORIENTED_EDGE('',*,*,#329,.T.);
#180=ORIENTED_EDGE('',*,*,#330,.T.);
#181=ORIENTED_EDGE('',*,*,#331,.T.);
#182=ORIENTED_EDGE('',*,*,#332,.T.);
#183=ORIENTED_EDGE('',*,*,#333,.T.);
#184=ORIENTED_EDGE('',*,*,#334,.T.);
#185=ORIENTED_EDGE('',*,*,#335,.T.);
#186=ORIENTED_EDGE('',*,*,#308,.F.);
#187=ORIENTED_EDGE('',*,*,#307,.T.);
#188=ORIENTED_EDGE('',*,*,#335,.F.);
#189=ORIENTED_EDGE('',*,*,#336,.T.);
#190=ORIENTED_EDGE('',*,*,#281,.T.);
#191=ORIENTED_EDGE('',*,*,#337,.T.);
#192=ORIENTED_EDGE('',*,*,#282,.T.);
#193=ORIENTED_EDGE('',*,*,#336,.F.);
#194=ORIENTED_EDGE('',*,*,#334,.F.);
#195=ORIENTED_EDGE('',*,*,#338,.T.);
#196=ORIENTED_EDGE('',*,*,#283,.T.);
#197=ORIENTED_EDGE('',*,*,#337,.F.);
#198=ORIENTED_EDGE('',*,*,#333,.F.);
#199=ORIENTED_EDGE('',*,*,#339,.T.);
#200=ORIENTED_EDGE('',*,*,#284,.T.);
#201=ORIENTED_EDGE('',*,*,#338,.F.);
#202=ORIENTED_EDGE('',*,*,#332,.F.);
#203=ORIENTED_EDGE('',*,*,#340,.T.);
#204=ORIENTED_EDGE('',*,*,#285,.T.);
#205=ORIENTED_EDGE('',*,*,#339,.F.);
#206=ORIENTED_EDGE('',*,*,#331,.F.);
#207=ORIENTED_EDGE('',*,*,#341,.T.);
#208=ORIENTED_EDGE('',*,*,#286,.T.);
#209=ORIENTED_EDGE('',*,*,#340,.F.);
#210=ORIENTED_EDGE('',*,*,#330,.F.);
#211=ORIENTED_EDGE('',*,*,#342,.T.);
#212=ORIENTED_EDGE('',*,*,#287,.T.);
#213=ORIENTED_EDGE('',*,*,#341,.F.);
#214=ORIENTED_EDGE('',*,*,#329,.F.);
#215=ORIENTED_EDGE('',*,*,#343,.T.);
#216=ORIENTED_EDGE('',*,*,#288,.T.);
#217=ORIENTED_EDGE('',*,*,#342,.F.);
#218=ORIENTED_EDGE('',*,*,#328,.F.);
#219=ORIENTED_EDGE('',*,*,#344,.T.);
#220=ORIENTED_EDGE('',*,*,#289,.T.);
#221=ORIENTED_EDGE('',*,*,#343,.F.);
#222=ORIENTED_EDGE('',*,*,#327,.F.);
#223=ORIENTED_EDGE('',*,*,#345,.T.);
#224=ORIENTED_EDGE('',*,*,#290,.T.);
#225=ORIENTED_EDGE('',*,*,#344,.F.);
#226=ORIENTED_EDGE('',*,*,#326,.F.);
#227=ORIENTED_EDGE('',*,*,#346,.T.);
#228=ORIENTED_EDGE('',*,*,#291,.T.);
#229=ORIENTED_EDGE('',*,*,#345,.F.);
#230=ORIENTED_EDGE('',*,*,#325,.F.);
#231=ORIENTED_EDGE('',*,*,#309,.F.);
#232=ORIENTED_EDGE('',*,*,#292,.T.);
#233=ORIENTED_EDGE('',*,*,#346,.F.);
#234=ORIENTED_EDGE('',*,*,#324,.F.);
#235=ORIENTED_EDGE('',*,*,#322,.F.);
#236=ORIENTED_EDGE('',*,*,#347,.T.);
#237=ORIENTED_EDGE('',*,*,#295,.T.);
#238=ORIENTED_EDGE('',*,*,#303,.F.);
#239=ORIENTED_EDGE('',*,*,#274,.T.);
#240=ORIENTED_EDGE('',*,*,#347,.F.);
#241=ORIENTED_EDGE('',*,*,#321,.F.);
#242=ORIENTED_EDGE('',*,*,#296,.F.);
#243=ORIENTED_EDGE('',*,*,#320,.F.);
#244=ORIENTED_EDGE('',*,*,#348,.T.);
#245=ORIENTED_EDGE('',*,*,#276,.F.);
#246=ORIENTED_EDGE('',*,*,#298,.F.);
#247=ORIENTED_EDGE('',*,*,#277,.T.);
#248=ORIENTED_EDGE('',*,*,#348,.F.);
#249=ORIENTED_EDGE('',*,*,#319,.F.);
#250=ORIENTED_EDGE('',*,*,#314,.F.);
#251=ORIENTED_EDGE('',*,*,#299,.F.);
#252=ORIENTED_EDGE('',*,*,#349,.F.);
#253=ORIENTED_EDGE('',*,*,#350,.F.);
#254=ORIENTED_EDGE('',*,*,#323,.F.);
#255=ORIENTED_EDGE('',*,*,#310,.T.);
#256=ORIENTED_EDGE('',*,*,#351,.T.);
#257=ORIENTED_EDGE('',*,*,#317,.F.);
#258=ORIENTED_EDGE('',*,*,#313,.F.);
#259=ORIENTED_EDGE('',*,*,#270,.F.);
#260=ORIENTED_EDGE('',*,*,#318,.T.);
#261=ORIENTED_EDGE('',*,*,#351,.F.);
#262=ORIENTED_EDGE('',*,*,#350,.T.);
#263=ORIENTED_EDGE('',*,*,#352,.F.);
#264=ORIENTED_EDGE('',*,*,#273,.T.);
#265=ORIENTED_EDGE('',*,*,#352,.T.);
#266=ORIENTED_EDGE('',*,*,#353,.F.);
#267=ORIENTED_EDGE('',*,*,#349,.T.);
#268=ORIENTED_EDGE('',*,*,#353,.T.);
#269=EDGE_CURVE('',#354,#355,#412,.T.);
#270=EDGE_CURVE('',#354,#356,#39,.T.);
#271=EDGE_CURVE('',#356,#357,#413,.T.);
#272=EDGE_CURVE('',#355,#357,#414,.T.);
#273=EDGE_CURVE('',#358,#358,#30,.T.);
#274=EDGE_CURVE('',#359,#360,#415,.T.);
#275=EDGE_CURVE('',#359,#361,#40,.T.);
#276=EDGE_CURVE('',#361,#362,#416,.T.);
#277=EDGE_CURVE('',#363,#362,#41,.T.);
#278=EDGE_CURVE('',#363,#364,#42,.T.);
#279=EDGE_CURVE('',#364,#365,#31,.T.);
#280=EDGE_CURVE('',#366,#365,#417,.F.);
#281=EDGE_CURVE('',#367,#366,#43,.T.);
#282=EDGE_CURVE('',#368,#367,#44,.T.);
#283=EDGE_CURVE('',#369,#368,#45,.T.);
#284=EDGE_CURVE('',#370,#369,#46,.T.);
#285=EDGE_CURVE('',#371,#370,#47,.T.);
#286=EDGE_CURVE('',#372,#371,#48,.T.);
#287=EDGE_CURVE('',#373,#372,#49,.T.);
#288=EDGE_CURVE('',#374,#373,#50,.T.);
#289=EDGE_CURVE('',#375,#374,#51,.T.);
#290=EDGE_CURVE('',#376,#375,#52,.T.);
#291=EDGE_CURVE('',#377,#376,#53,.T.);
#292=EDGE_CURVE('',#378,#377,#54,.T.);
#293=EDGE_CURVE('',#378,#379,#418,.F.);
#294=EDGE_CURVE('',#379,#380,#55,.T.);
#295=EDGE_CURVE('',#360,#380,#56,.T.);
#296=EDGE_CURVE('',#359,#381,#57,.T.);
#297=EDGE_CURVE('',#381,#382,#419,.T.);
#298=EDGE_CURVE('',#382,#361,#58,.T.);
#299=EDGE_CURVE('',#363,#383,#59,.T.);
#300=EDGE_CURVE('',#383,#384,#60,.T.);
#301=EDGE_CURVE('',#364,#384,#420,.T.);
#302=EDGE_CURVE('',#379,#385,#421,.F.);
#303=EDGE_CURVE('',#385,#380,#61,.T.);
#304=EDGE_CURVE('',#384,#386,#422,.T.);
#305=EDGE_CURVE('',#387,#386,#423,.T.);
#306=EDGE_CURVE('',#365,#387,#424,.T.);
#307=EDGE_CURVE('',#366,#388,#62,.T.);
#308=EDGE_CURVE('',#387,#388,#425,.T.);
#309=EDGE_CURVE('',#378,#385,#63,.T.);
#310=EDGE_CURVE('',#389,#390,#64,.T.);
#311=EDGE_CURVE('',#389,#387,#426,.T.);
#312=EDGE_CURVE('',#357,#386,#427,.T.);
#313=EDGE_CURVE('',#356,#390,#65,.T.);
#314=EDGE_CURVE('',#383,#391,#66,.T.);
#315=EDGE_CURVE('',#355,#391,#428,.T.);
#316=EDGE_CURVE('',#392,#393,#429,.T.);
#317=EDGE_CURVE('',#392,#394,#67,.T.);
#318=EDGE_CURVE('',#354,#394,#68,.T.);
#319=EDGE_CURVE('',#391,#395,#69,.T.);
#320=EDGE_CURVE('',#395,#382,#430,.F.);
#321=EDGE_CURVE('',#381,#396,#431,.T.);
#322=EDGE_CURVE('',#396,#393,#70,.T.);
#323=EDGE_CURVE('',#389,#392,#71,.T.);
#324=EDGE_CURVE('',#393,#397,#72,.T.);
#325=EDGE_CURVE('',#397,#398,#73,.T.);
#326=EDGE_CURVE('',#398,#399,#74,.T.);
#327=EDGE_CURVE('',#399,#400,#75,.T.);
#328=EDGE_CURVE('',#400,#401,#76,.T.);
#329=EDGE_CURVE('',#401,#402,#77,.T.);
#330=EDGE_CURVE('',#402,#403,#78,.T.);
#331=EDGE_CURVE('',#403,#404,#79,.T.);
#332=EDGE_CURVE('',#404,#405,#80,.T.);
#333=EDGE_CURVE('',#405,#406,#81,.T.);
#334=EDGE_CURVE('',#406,#407,#82,.T.);
#335=EDGE_CURVE('',#407,#388,#83,.T.);
#336=EDGE_CURVE('',#407,#367,#84,.T.);
#337=EDGE_CURVE('',#406,#368,#85,.T.);
#338=EDGE_CURVE('',#405,#369,#86,.T.);
#339=EDGE_CURVE('',#404,#370,#87,.T.);
#340=EDGE_CURVE('',#403,#371,#88,.T.);
#341=EDGE_CURVE('',#402,#372,#89,.T.);
#342=EDGE_CURVE('',#401,#373,#90,.T.);
#343=EDGE_CURVE('',#400,#374,#91,.T.);
#344=EDGE_CURVE('',#399,#375,#92,.T.);
#345=EDGE_CURVE('',#398,#376,#93,.T.);
#346=EDGE_CURVE('',#397,#377,#94,.T.);
#347=EDGE_CURVE('',#396,#360,#95,.T.);
#348=EDGE_CURVE('',#395,#362,#96,.F.);
#349=EDGE_CURVE('',#408,#408,#32,.T.);
#350=EDGE_CURVE('',#409,#409,#97,.T.);
#351=EDGE_CURVE('',#390,#394,#98,.F.);
#352=EDGE_CURVE('',#410,#410,#33,.T.);
#353=EDGE_CURVE('',#411,#411,#34,.T.);
#354=VERTEX_POINT('',#677);
#355=VERTEX_POINT('',#678);
#356=VERTEX_POINT('',#683);
#357=VERTEX_POINT('',#685);
#358=VERTEX_POINT('',#689);
#359=VERTEX_POINT('',#691);
#360=VERTEX_POINT('',#692);
#361=VERTEX_POINT('',#697);
#362=VERTEX_POINT('',#699);
#363=VERTEX_POINT('',#704);
#364=VERTEX_POINT('',#709);
#365=VERTEX_POINT('',#711);
#366=VERTEX_POINT('',#713);
#367=VERTEX_POINT('',#721);
#368=VERTEX_POINT('',#729);
#369=VERTEX_POINT('',#737);
#370=VERTEX_POINT('',#745);
#371=VERTEX_POINT('',#753);
#372=VERTEX_POINT('',#761);
#373=VERTEX_POINT('',#769);
#374=VERTEX_POINT('',#777);
#375=VERTEX_POINT('',#785);
#376=VERTEX_POINT('',#793);
#377=VERTEX_POINT('',#801);
#378=VERTEX_POINT('',#809);
#379=VERTEX_POINT('',#811);
#380=VERTEX_POINT('',#816);
#381=VERTEX_POINT('',#835);
#382=VERTEX_POINT('',#837);
#383=VERTEX_POINT('',#858);
#384=VERTEX_POINT('',#865);
#385=VERTEX_POINT('',#869);
#386=VERTEX_POINT('',#876);
#387=VERTEX_POINT('',#878);
#388=VERTEX_POINT('',#885);
#389=VERTEX_POINT('',#897);
#390=VERTEX_POINT('',#898);
#391=VERTEX_POINT('',#910);
#392=VERTEX_POINT('',#914);
#393=VERTEX_POINT('',#915);
#394=VERTEX_POINT('',#920);
#395=VERTEX_POINT('',#929);
#396=VERTEX_POINT('',#932);
#397=VERTEX_POINT('',#956);
#398=VERTEX_POINT('',#964);
#399=VERTEX_POINT('',#972);
#400=VERTEX_POINT('',#980);
#401=VERTEX_POINT('',#988);
#402=VERTEX_POINT('',#996);
#403=VERTEX_POINT('',#1004);
#404=VERTEX_POINT('',#1012);
#405=VERTEX_POINT('',#1020);
#406=VERTEX_POINT('',#1028);
#407=VERTEX_POINT('',#1036);
#408=VERTEX_POINT('',#1544);
#409=VERTEX_POINT('',#1556);
#410=VERTEX_POINT('',#1849);
#411=VERTEX_POINT('',#1853);
#412=LINE('',#676,#432);
#413=LINE('',#684,#433);
#414=LINE('',#686,#434);
#415=LINE('',#690,#435);
#416=LINE('',#698,#436);
#417=LINE('',#712,#437);
#418=LINE('',#810,#438);
#419=LINE('',#836,#439);
#420=LINE('',#866,#440);
#421=LINE('',#868,#441);
#422=LINE('',#875,#442);
#423=LINE('',#877,#443);
#424=LINE('',#879,#444);
#425=LINE('',#886,#445);
#426=LINE('',#899,#446);
#427=LINE('',#900,#447);
#428=LINE('',#911,#448);
#429=LINE('',#913,#449);
#430=LINE('',#930,#450);
#431=LINE('',#931,#451);
#432=VECTOR('',#614,1.);
#433=VECTOR('',#615,1.);
#434=VECTOR('',#616,1.);
#435=VECTOR('',#621,1.);
#436=VECTOR('',#622,1.);
#437=VECTOR('',#625,1.);
#438=VECTOR('',#626,1.);
#439=VECTOR('',#627,1.);
#440=VECTOR('',#628,1.);
#441=VECTOR('',#631,1.);
#442=VECTOR('',#634,1.);
#443=VECTOR('',#635,1.);
#444=VECTOR('',#636,1.);
#445=VECTOR('',#639,1.);
#446=VECTOR('',#644,1.);
#447=VECTOR('',#645,1.);
#448=VECTOR('',#648,1.);
#449=VECTOR('',#651,1.);
#450=VECTOR('',#652,1.);
#451=VECTOR('',#653,1.);
#452=EDGE_LOOP('',(#99,#100,#101,#102));
#453=EDGE_LOOP('',(#103));
#454=EDGE_LOOP('',(#104,#105,#106,#107,#108,#109,#110,#111,#112,#113,#114,
#115,#116,#117,#118,#119,#120,#121,#122,#123,#124,#125));
#455=EDGE_LOOP('',(#126,#127,#128,#129));
#456=EDGE_LOOP('',(#130,#131,#132,#133));
#457=EDGE_LOOP('',(#134,#135,#136));
#458=EDGE_LOOP('',(#137,#138,#139,#140,#141));
#459=EDGE_LOOP('',(#142,#143,#144,#145));
#460=EDGE_LOOP('',(#146,#147,#148));
#461=EDGE_LOOP('',(#149,#150,#151,#152,#153,#154));
#462=EDGE_LOOP('',(#155,#156,#157,#158,#159,#160));
#463=EDGE_LOOP('',(#161,#162,#163,#164,#165,#166,#167,#168,#169,#170));
#464=EDGE_LOOP('',(#171,#172,#173,#174,#175,#176,#177,#178,#179,#180,#181,
#182,#183,#184,#185,#186));
#465=EDGE_LOOP('',(#187,#188,#189,#190));
#466=EDGE_LOOP('',(#191,#192,#193,#194));
#467=EDGE_LOOP('',(#195,#196,#197,#198));
#468=EDGE_LOOP('',(#199,#200,#201,#202));
#469=EDGE_LOOP('',(#203,#204,#205,#206));
#470=EDGE_LOOP('',(#207,#208,#209,#210));
#471=EDGE_LOOP('',(#211,#212,#213,#214));
#472=EDGE_LOOP('',(#215,#216,#217,#218));
#473=EDGE_LOOP('',(#219,#220,#221,#222));
#474=EDGE_LOOP('',(#223,#224,#225,#226));
#475=EDGE_LOOP('',(#227,#228,#229,#230));
#476=EDGE_LOOP('',(#231,#232,#233,#234,#235,#236,#237,#238));
#477=EDGE_LOOP('',(#239,#240,#241,#242));
#478=EDGE_LOOP('',(#243,#244,#245,#246));
#479=EDGE_LOOP('',(#247,#248,#249,#250,#251));
#480=EDGE_LOOP('',(#252));
#481=EDGE_LOOP('',(#253));
#482=EDGE_LOOP('',(#254,#255,#256,#257));
#483=EDGE_LOOP('',(#258,#259,#260,#261));
#484=EDGE_LOOP('',(#262));
#485=EDGE_LOOP('',(#263));
#486=EDGE_LOOP('',(#264));
#487=EDGE_LOOP('',(#265));
#488=EDGE_LOOP('',(#266));
#489=EDGE_LOOP('',(#267));
#490=EDGE_LOOP('',(#268));
#491=FACE_BOUND('',#452,.T.);
#492=FACE_BOUND('',#453,.T.);
#493=FACE_BOUND('',#454,.T.);
#494=FACE_BOUND('',#455,.T.);
#495=FACE_BOUND('',#456,.T.);
#496=FACE_BOUND('',#457,.T.);
#497=FACE_BOUND('',#458,.T.);
#498=FACE_BOUND('',#459,.T.);
#499=FACE_BOUND('',#460,.T.);
#500=FACE_BOUND('',#461,.T.);
#501=FACE_BOUND('',#462,.T.);
#502=FACE_BOUND('',#463,.T.);
#503=FACE_BOUND('',#464,.T.);
#504=FACE_BOUND('',#465,.T.);
#505=FACE_BOUND('',#466,.T.);
#506=FACE_BOUND('',#467,.T.);
#507=FACE_BOUND('',#468,.T.);
#508=FACE_BOUND('',#469,.T.);
#509=FACE_BOUND('',#470,.T.);
#510=FACE_BOUND('',#471,.T.);
#511=FACE_BOUND('',#472,.T.);
#512=FACE_BOUND('',#473,.T.);
#513=FACE_BOUND('',#474,.T.);
#514=FACE_BOUND('',#475,.T.);
#515=FACE_BOUND('',#476,.T.);
#516=FACE_BOUND('',#477,.T.);
#517=FACE_BOUND('',#478,.T.);
#518=FACE_BOUND('',#479,.T.);
#519=FACE_BOUND('',#480,.T.);
#520=FACE_BOUND('',#481,.T.);
#521=FACE_BOUND('',#482,.T.);
#522=FACE_BOUND('',#483,.T.);
#523=FACE_BOUND('',#484,.T.);
#524=FACE_BOUND('',#485,.T.);
#525=FACE_BOUND('',#486,.T.);
#526=FACE_BOUND('',#487,.T.);
#527=FACE_BOUND('',#488,.T.);
#528=FACE_BOUND('',#489,.T.);
#529=FACE_BOUND('',#490,.T.);
#530=PLANE('',#589);
#531=PLANE('',#594);
#532=PLANE('',#595);
#533=PLANE('',#596);
#534=PLANE('',#597);
#535=PLANE('',#598);
#536=PLANE('',#599);
#537=PLANE('',#601);
#538=PLANE('',#602);
#539=PLANE('',#603);
#540=PLANE('',#606);
#541=PLANE('',#609);
#542=ADVANCED_FACE('',(#491),#530,.T.);
#543=ADVANCED_FACE('',(#492,#493),#35,.T.);
#544=ADVANCED_FACE('',(#494),#12,.F.);
#545=ADVANCED_FACE('',(#495),#13,.F.);
#546=ADVANCED_FACE('',(#496),#36,.T.);
#547=ADVANCED_FACE('',(#497),#531,.F.);
#548=ADVANCED_FACE('',(#498),#532,.T.);
#549=ADVANCED_FACE('',(#499),#533,.F.);
#550=ADVANCED_FACE('',(#500),#534,.T.);
#551=ADVANCED_FACE('',(#501),#535,.F.);
#552=ADVANCED_FACE('',(#502),#536,.F.);
#553=ADVANCED_FACE('',(#503),#37,.F.);
#554=ADVANCED_FACE('',(#504),#14,.F.);
#555=ADVANCED_FACE('',(#505),#15,.F.);
#556=ADVANCED_FACE('',(#506),#16,.F.);
#557=ADVANCED_FACE('',(#507),#17,.F.);
#558=ADVANCED_FACE('',(#508),#18,.F.);
#559=ADVANCED_FACE('',(#509),#19,.F.);
#560=ADVANCED_FACE('',(#510),#20,.F.);
#561=ADVANCED_FACE('',(#511),#21,.F.);
#562=ADVANCED_FACE('',(#512),#22,.F.);
#563=ADVANCED_FACE('',(#513),#23,.F.);
#564=ADVANCED_FACE('',(#514),#24,.F.);
#565=ADVANCED_FACE('',(#515),#25,.F.);
#566=ADVANCED_FACE('',(#516),#537,.F.);
#567=ADVANCED_FACE('',(#517),#538,.T.);
#568=ADVANCED_FACE('',(#518),#26,.F.);
#569=ADVANCED_FACE('',(#519,#520),#539,.F.);
#570=ADVANCED_FACE('',(#521),#27,.T.);
#571=ADVANCED_FACE('',(#522,#523),#28,.F.);
#572=ADVANCED_FACE('',(#524,#525),#29,.T.);
#573=ADVANCED_FACE('',(#526),#540,.T.);
#574=ADVANCED_FACE('',(#527,#528),#38,.F.);
#575=ADVANCED_FACE('',(#529),#541,.T.);
#576=CLOSED_SHELL('',(#542,#543,#544,#545,#546,#547,#548,#549,#550,#551,
#552,#553,#554,#555,#556,#557,#558,#559,#560,#561,#562,#563,#564,#565,#566,
#567,#568,#569,#570,#571,#572,#573,#574,#575));
#577=STYLED_ITEM('',(#578),#585);
#578=PRESENTATION_STYLE_ASSIGNMENT((#579));
#579=SURFACE_STYLE_USAGE(.BOTH.,#580);
#580=SURFACE_SIDE_STYLE('',(#581));
#581=SURFACE_STYLE_FILL_AREA(#582);
#582=FILL_AREA_STYLE('',(#583));
#583=FILL_AREA_STYLE_COLOUR('',#584);
#584=COLOUR_RGB('',0.901960784313726,0.901960784313726,0.901960784313726);
#585=MANIFOLD_SOLID_BREP('Part 1',#576);
#586=SHAPE_DEFINITION_REPRESENTATION(#1861,#587);
#587=SHAPE_REPRESENTATION('Part 1',(#588),#1856);
#588=AXIS2_PLACEMENT_3D('',#674,#610,#611);
#589=AXIS2_PLACEMENT_3D('',#675,#612,#613);
#590=AXIS2_PLACEMENT_3D('',#687,#617,#618);
#591=AXIS2_PLACEMENT_3D('',#688,#619,#620);
#592=AXIS2_PLACEMENT_3D('',#710,#623,#624);
#593=AXIS2_PLACEMENT_3D('',#867,#629,#630);
#594=AXIS2_PLACEMENT_3D('',#874,#632,#633);
#595=AXIS2_PLACEMENT_3D('',#880,#637,#638);
#596=AXIS2_PLACEMENT_3D('',#887,#640,#641);
#597=AXIS2_PLACEMENT_3D('',#892,#642,#643);
#598=AXIS2_PLACEMENT_3D('',#905,#646,#647);
#599=AXIS2_PLACEMENT_3D('',#912,#649,#650);
#600=AXIS2_PLACEMENT_3D('',#937,#654,#655);
#601=AXIS2_PLACEMENT_3D('',#1524,#656,#657);
#602=AXIS2_PLACEMENT_3D('',#1525,#658,#659);
#603=AXIS2_PLACEMENT_3D('',#1542,#660,#661);
#604=AXIS2_PLACEMENT_3D('',#1543,#662,#663);
#605=AXIS2_PLACEMENT_3D('',#1848,#664,#665);
#606=AXIS2_PLACEMENT_3D('',#1850,#666,#667);
#607=AXIS2_PLACEMENT_3D('',#1851,#668,#669);
#608=AXIS2_PLACEMENT_3D('',#1852,#670,#671);
#609=AXIS2_PLACEMENT_3D('',#1854,#672,#673);
#610=DIRECTION('',(0.,0.,1.));
#611=DIRECTION('',(1.,0.,0.));
#612=DIRECTION('',(0.,0.,1.));
#613=DIRECTION('',(1.,0.,0.));
#614=DIRECTION('',(0.,-1.,0.));
#615=DIRECTION('',(0.,-1.,0.));
#616=DIRECTION('',(-1.,0.,0.));
#617=DIRECTION('',(0.,0.,-1.));
#618=DIRECTION('',(-1.,0.,0.));
#619=DIRECTION('',(0.,0.,1.));
#620=DIRECTION('',(1.,0.,0.));
#621=DIRECTION('',(0.,0.,1.));
#622=DIRECTION('',(0.,0.,1.));
#623=DIRECTION('',(0.,0.,1.));
#624=DIRECTION('',(1.,0.,0.));
#625=DIRECTION('',(0.,0.,-1.));
#626=DIRECTION('',(0.,0.,-1.));
#627=DIRECTION('',(0.,-1.,0.));
#628=DIRECTION('',(0.,-1.,0.));
#629=DIRECTION('',(0.,1.,0.));
#630=DIRECTION('',(0.,0.,1.));
#631=DIRECTION('',(0.,1.,0.));
#632=DIRECTION('',(0.,0.,1.));
#633=DIRECTION('',(1.,0.,0.));
#634=DIRECTION('',(-1.,0.,0.));
#635=DIRECTION('',(0.,-1.,0.));
#636=DIRECTION('',(0.,-1.,0.));
#637=DIRECTION('',(1.,0.,0.));
#638=DIRECTION('',(0.,0.,-1.));
#639=DIRECTION('',(0.,0.,-1.));
#640=DIRECTION('',(1.,0.,0.));
#641=DIRECTION('',(0.,0.,-1.));
#642=DIRECTION('',(-1.,0.,0.));
#643=DIRECTION('',(0.,0.,1.));
#644=DIRECTION('',(0.,0.,-1.));
#645=DIRECTION('',(0.,0.,-1.));
#646=DIRECTION('',(0.,1.,0.));
#647=DIRECTION('',(0.,0.,1.));
#648=DIRECTION('',(0.,0.,-1.));
#649=DIRECTION('',(-1.,0.,0.));
#650=DIRECTION('',(0.,0.,1.));
#651=DIRECTION('',(0.,0.,-1.));
#652=DIRECTION('',(0.,0.,1.));
#653=DIRECTION('',(0.,0.,1.));
#654=DIRECTION('',(0.,0.,-1.));
#655=DIRECTION('',(-1.,0.,0.));
#656=DIRECTION('',(-0.976938591959459,-0.213520461643071,0.));
#657=DIRECTION('',(0.,0.,1.));
#658=DIRECTION('',(-0.976839671335563,-0.21397256016842,0.));
#659=DIRECTION('',(0.,0.,1.));
#660=DIRECTION('',(0.,0.,1.));
#661=DIRECTION('',(1.,0.,0.));
#662=DIRECTION('',(0.,0.,-1.));
#663=DIRECTION('',(-1.,0.,0.));
#664=DIRECTION('',(0.,0.,1.));
#665=DIRECTION('',(1.,0.,0.));
#666=DIRECTION('',(0.,0.,1.));
#667=DIRECTION('',(1.,0.,0.));
#668=DIRECTION('',(0.,0.,-1.));
#669=DIRECTION('',(-1.,0.,0.));
#670=DIRECTION('',(0.,0.,-1.));
#671=DIRECTION('',(-1.,0.,0.));
#672=DIRECTION('',(0.,0.,-1.));
#673=DIRECTION('',(1.,0.,0.));
#674=CARTESIAN_POINT('',(0.,0.,0.));
#675=CARTESIAN_POINT('',(-1.44749512275212E-5,1.92469613211803E-7,0.00619556676402508));
#676=CARTESIAN_POINT('',(-0.00121193186895302,1.92469613211803E-7,0.00619556676402508));
#677=CARTESIAN_POINT('',(-0.00121193186895302,0.00560382755356586,0.00619556676402508));
#678=CARTESIAN_POINT('',(-0.00121193186895302,0.00531019246961321,0.00619556676402508));
#679=CARTESIAN_POINT('',(-0.00121193186895303,0.00560382755356586,0.00619556676402508));
#680=CARTESIAN_POINT('',(-0.00133404996267954,0.00557773034796028,0.00619556676402508));
#681=CARTESIAN_POINT('',(-0.00145480862521631,0.00554775469722062,0.00619556676402508));
#682=CARTESIAN_POINT('',(-0.00157423292802035,0.0055139721299915,0.00619556676402508));
#683=CARTESIAN_POINT('',(-0.00157423292802035,0.0055139721299915,0.00619556676402508));
#684=CARTESIAN_POINT('',(-0.00157423292802028,1.92469613211803E-7,0.00619556676402508));
#685=CARTESIAN_POINT('',(-0.00157423292802028,0.00531019246961321,0.00619556676402508));
#686=CARTESIAN_POINT('',(-1.44749512275212E-5,0.00531019246961321,0.00619556676402508));
#687=CARTESIAN_POINT('',(-1.44749512275212E-5,1.92469613212128E-7,0.00619556676402508));
#688=CARTESIAN_POINT('',(-1.44749512275212E-5,1.92469613212128E-7,0.00619556676402508));
#689=CARTESIAN_POINT('',(0.00686152504877248,1.92469613212128E-7,0.00619556676402508));
#690=CARTESIAN_POINT('',(-0.00148264164548528,0.00671762222792645,0.00295342718686229));
#691=CARTESIAN_POINT('',(-0.00148264164548528,0.00671762222792645,0.00518972155133691));
#692=CARTESIAN_POINT('',(-0.00148264164548527,0.00671762222792645,0.00522226414621552));
#693=CARTESIAN_POINT('',(-0.00148264164548528,0.00671762222792645,0.00518972155133691));
#694=CARTESIAN_POINT('',(-0.00148370598659236,0.00671738960470284,0.00519585956370717));
#695=CARTESIAN_POINT('',(-0.00148474240502921,0.00671716281931943,0.00520200570515645));
#696=CARTESIAN_POINT('',(-0.00148575027493641,0.00671694204971856,0.00520816016066866));
#697=CARTESIAN_POINT('',(-0.00148575027494558,0.00671694204971655,0.00520816016066787));
#698=CARTESIAN_POINT('',(-0.00148575027494558,0.00671694204971655,0.00295342718686229));
#699=CARTESIAN_POINT('',(-0.00148575027494558,0.00671694204971655,0.00538128760969951));
#700=CARTESIAN_POINT('',(-0.00149875088410545,0.00671408113081987,0.00530420764575275));
#701=CARTESIAN_POINT('',(-0.00149390502433189,0.00671515243143252,0.00532972207454137));
#702=CARTESIAN_POINT('',(-0.00148957126653336,0.00671610507781992,0.00535541539585696));
#703=CARTESIAN_POINT('',(-0.00148575027494555,0.00671694204971655,0.00538128760969951));
#704=CARTESIAN_POINT('',(-0.00149875212708784,0.00671408556218597,0.00530420769576339));
#705=CARTESIAN_POINT('',(-0.00149875089231901,0.00671408112900406,0.00530420772148681));
#706=CARTESIAN_POINT('',(-0.00150172401636676,0.00671342384427417,0.0053336461839601));
#707=CARTESIAN_POINT('',(-0.00151774275377759,0.00670988486637901,0.00536904115589821));
#708=CARTESIAN_POINT('',(-0.00149796766744305,0.00671425423287789,0.00539219446092664));
#709=CARTESIAN_POINT('',(-0.00149796766744307,0.00671425423287809,0.00539219446092664));
#710=CARTESIAN_POINT('',(-1.44749512275212E-5,1.92469613212128E-7,0.00539219446092664));
#711=CARTESIAN_POINT('',(-0.00157423292802028,0.00669694773271126,0.00539219446092664));
#712=CARTESIAN_POINT('',(-0.00157423292802028,0.00669694773271126,0.00619556676402508));
#713=CARTESIAN_POINT('',(-0.00157423293867561,0.00669695974932973,0.00502637177903779));
#714=CARTESIAN_POINT('',(-0.00463043471025597,0.00509649421725631,0.00526195431956967));
#715=CARTESIAN_POINT('',(-0.00456763662612183,0.00515337339036282,0.00487716360451706));
#716=CARTESIAN_POINT('',(-0.004257584609582,0.00543706689389911,0.00417783681045671));
#717=CARTESIAN_POINT('',(-0.00330897408113591,0.00607884901128302,0.00370701536892303));
#718=CARTESIAN_POINT('',(-0.00220516265356274,0.00654518036990183,0.0040163368896906));
#719=CARTESIAN_POINT('',(-0.00170468419748399,0.00666656406865112,0.0046616751239748));
#720=CARTESIAN_POINT('',(-0.00157422968565305,0.00669694848789827,0.00502637155364646));
#721=CARTESIAN_POINT('',(-0.00463043471025597,0.0050964942172563,0.00526195431956966));
#722=CARTESIAN_POINT('',(-0.00657289676458126,0.0020657382372315,0.00525265252820107));
#723=CARTESIAN_POINT('',(-0.00654543370412726,0.00215293762906616,0.00483746200267588));
#724=CARTESIAN_POINT('',(-0.00640690084555236,0.00260282800541039,0.00408555610335532));
#725=CARTESIAN_POINT('',(-0.00583932794733682,0.00373835791570049,0.00364012016308559));
#726=CARTESIAN_POINT('',(-0.00504478254858282,0.00472560765008823,0.00409229174045502));
#727=CARTESIAN_POINT('',(-0.0046967271630768,0.00503645003037318,0.00484563806167007));
#728=CARTESIAN_POINT('',(-0.00463043471025597,0.00509649421725631,0.00526195431956966));
#729=CARTESIAN_POINT('',(-0.00657289676458126,0.0020657382372315,0.00525265252820107));
#730=CARTESIAN_POINT('',(-0.00673526983798948,-0.00145249197309083,0.00526109485932414));
#731=CARTESIAN_POINT('',(-0.00675410722629293,-0.00136534144041618,0.00485616227182319));
#732=CARTESIAN_POINT('',(-0.00685362613118414,-0.000918284254128062,0.00412244326926467));
#733=CARTESIAN_POINT('',(-0.00692623538954371,0.000315407072773867,0.00368363682448794));
#734=CARTESIAN_POINT('',(-0.00674134569540842,0.0015395435785302,0.00411688711597344));
#735=CARTESIAN_POINT('',(-0.00660030248463167,0.00197872090989505,0.00484748456505579));
#736=CARTESIAN_POINT('',(-0.00657289676458126,0.0020657382372315,0.00525265252820107));
#737=CARTESIAN_POINT('',(-0.00673526983798948,-0.00145249197309082,0.00526109485932414));
#738=CARTESIAN_POINT('',(-0.00508525758060652,-0.00464378637676283,0.00525343417530045));
#739=CARTESIAN_POINT('',(-0.0051468617411671,-0.00457652050032332,0.00483919312402706));
#740=CARTESIAN_POINT('',(-0.00546619758816185,-0.00423226991058317,0.00408897051581957));
#741=CARTESIAN_POINT('',(-0.00616388728436254,-0.00317543652809984,0.00364414720208347));
#742=CARTESIAN_POINT('',(-0.00662098803897994,-0.00199638024928791,0.00409456673037928));
#743=CARTESIAN_POINT('',(-0.00671633821739505,-0.00154007846823653,0.00484580895649678));
#744=CARTESIAN_POINT('',(-0.00673526983798948,-0.00145249197309083,0.00526109485932414));
#745=CARTESIAN_POINT('',(-0.00508525758060652,-0.00464378637676283,0.00525343417530045));
#746=CARTESIAN_POINT('',(-0.0021142544721047,-0.00654734920369478,0.00526038692755787));
#747=CARTESIAN_POINT('',(-0.00219933879056595,-0.006520062884895,0.00485459390321933));
#748=CARTESIAN_POINT('',(-0.00263733634065852,-0.00638257955664734,0.00411934930102165));
#749=CARTESIAN_POINT('',(-0.00374458741208324,-0.00582738201749891,0.00367998584474214));
#750=CARTESIAN_POINT('',(-0.00471386195537517,-0.00505324689313049,0.00411482260845939));
#751=CARTESIAN_POINT('',(-0.00502374184938504,-0.00471095569678566,0.0048473296672622));
#752=CARTESIAN_POINT('',(-0.00508525758060652,-0.00464378637676283,0.00525343417530045));
#753=CARTESIAN_POINT('',(-0.00211425447210471,-0.00654734920369478,0.00526038692755788));
#754=CARTESIAN_POINT('',(0.00146856560774022,-0.006713969183226,0.0052540777727155));
#755=CARTESIAN_POINT('',(0.00137966777831731,-0.00673360515469277,0.00484061854620403));
#756=CARTESIAN_POINT('',(0.00092276261989107,-0.00683757924945631,0.0040917820220952));
#757=CARTESIAN_POINT('',(-0.000338779470443662,-0.00691300749245428,0.00364746331350663));
#758=CARTESIAN_POINT('',(-0.00158626778831765,-0.00671998441235247,0.0040964402583511));
#759=CARTESIAN_POINT('',(-0.00202879544828898,-0.00657475568952349,0.00484594967944434));
#760=CARTESIAN_POINT('',(-0.0021142544721047,-0.00654734920369478,0.00526038692755787));
#761=CARTESIAN_POINT('',(0.00146856560774022,-0.00671396918322601,0.00525407777271551));
#762=CARTESIAN_POINT('',(0.00460754090994192,-0.00509061742460776,0.00525980381692117));
#763=CARTESIAN_POINT('',(0.00454127106767111,-0.00515078471988244,0.00485330210265897));
#764=CARTESIAN_POINT('',(0.00420266135085279,-0.00546206497019258,0.00411680096736843));
#765=CARTESIAN_POINT('',(0.00316628626898452,-0.00614466252369105,0.00367697886413339));
#766=CARTESIAN_POINT('',(0.00200917949597103,-0.00659732326068418,0.00411312239983387));
#767=CARTESIAN_POINT('',(0.00155738363865767,-0.00669435083784963,0.00484720208862224));
#768=CARTESIAN_POINT('',(0.00146856560774023,-0.006713969183226,0.00525407777271551));
#769=CARTESIAN_POINT('',(0.00460754090994192,-0.00509061742460776,0.00525980381692117));
#770=CARTESIAN_POINT('',(0.00654079390106841,-0.00207533789010663,0.00525460772856061));
#771=CARTESIAN_POINT('',(0.00651335594980464,-0.00216199677536355,0.00484179230597128));
#772=CARTESIAN_POINT('',(0.00637498626388831,-0.00260885034793606,0.00409409718006109));
#773=CARTESIAN_POINT('',(0.0058103066909043,-0.00373711482568263,0.00365019409781962));
#774=CARTESIAN_POINT('',(0.00502073237255535,-0.00471967704609599,0.00409798319967146));
#775=CARTESIAN_POINT('',(0.00467406997003215,-0.005030214781933,0.00484606556166792));
#776=CARTESIAN_POINT('',(0.00460754090994192,-0.00509061742460776,0.00525980381692117));
#777=CARTESIAN_POINT('',(0.00654079390106841,-0.00207533789010663,0.00525460772856061));
#778=CARTESIAN_POINT('',(0.00670495357585675,0.00145918399440219,0.00525932352621273));
#779=CARTESIAN_POINT('',(0.00672397333396728,0.00137158793708813,0.00485223810987138));
#780=CARTESIAN_POINT('',(0.00682451697492777,0.00092202154164343,0.00411470205714301));
#781=CARTESIAN_POINT('',(0.00689758207450272,-0.000318715927980805,0.00367450228376947));
#782=CARTESIAN_POINT('',(0.00671040537082394,-0.00154871703379509,0.00411172218421329));
#783=CARTESIAN_POINT('',(0.00656821938430953,-0.00198871838333442,0.00484709701132224));
#784=CARTESIAN_POINT('',(0.00654079390106841,-0.00207533789010663,0.0052546077285606));
#785=CARTESIAN_POINT('',(0.00670495357585675,0.00145918399440218,0.00525932352621273));
#786=CARTESIAN_POINT('',(0.00506231617975582,0.00463760207114389,0.00525504412572415));
#787=CARTESIAN_POINT('',(0.00512354275084829,0.00457057445447613,0.00484275886859178));
#788=CARTESIAN_POINT('',(0.00544076775682034,0.00422767933736109,0.00409600367765631));
#789=CARTESIAN_POINT('',(0.00613442626097151,0.00317587334223178,0.00365244292895887));
#790=CARTESIAN_POINT('',(0.0065901803482986,0.00200227321275129,0.00409925390374833));
#791=CARTESIAN_POINT('',(0.00668586712731216,0.00154708719647861,0.00484616099075081));
#792=CARTESIAN_POINT('',(0.00670495357585676,0.00145918399440216,0.00525932352621273));
#793=CARTESIAN_POINT('',(0.00506231617975582,0.00463760207114389,0.00525504412572415));
#794=CARTESIAN_POINT('',(0.00208050959992176,0.00654926994132217,0.00525892793079034));
#795=CARTESIAN_POINT('',(0.00216598574609582,0.00652192697485094,0.00485136175992952));
#796=CARTESIAN_POINT('',(0.00260618987918084,0.00638412462636422,0.00411297332336149));
#797=CARTESIAN_POINT('',(0.00371863208505681,0.00582630524104754,0.00367246254884929));
#798=CARTESIAN_POINT('',(0.00469111345882836,0.00504808189668857,0.00411056901687118));
#799=CARTESIAN_POINT('',(0.00500109506700456,0.00470462371230794,0.00484701046721716));
#800=CARTESIAN_POINT('',(0.0050623161797558,0.00463760207114391,0.00525504412572415));
#801=CARTESIAN_POINT('',(0.00208050959992176,0.00654926994132218,0.00525892793079034));
#802=CARTESIAN_POINT('',(-0.00121193186959931,0.00677112098264919,0.00460302745795611));
#803=CARTESIAN_POINT('',(-0.00101120766840094,0.00680661959749158,0.00430677166418198));
#804=CARTESIAN_POINT('',(-0.000435252500089809,0.00688968544199861,0.00384143631769737));
#805=CARTESIAN_POINT('',(0.000685480837680402,0.00687094633757695,0.00373097519445017));
#806=CARTESIAN_POINT('',(0.0016641554804818,0.00668365559062457,0.00425706121474116));
#807=CARTESIAN_POINT('',(0.00200700185244321,0.00657278433644463,0.0049051468552538));
#808=CARTESIAN_POINT('',(0.00208050959992176,0.00654926994132218,0.00525892793079035));
#809=CARTESIAN_POINT('',(-0.00121192980170099,0.0067711226221151,0.00460302905548101));
#810=CARTESIAN_POINT('',(-0.00121193186895302,0.00677112098276348,0.00619556676402508));
#811=CARTESIAN_POINT('',(-0.00121193186895302,0.00677112098276349,0.00463816512821176));
#812=CARTESIAN_POINT('',(-0.00121193186895302,0.00677112098276349,0.00463816512821176));
#813=CARTESIAN_POINT('',(-0.00123121152818504,0.00676771132317634,0.00465572710000927));
#814=CARTESIAN_POINT('',(-0.00125018465362787,0.00676427097340275,0.00467360843104213));
#815=CARTESIAN_POINT('',(-0.00126885220361863,0.00676080736092922,0.0046918095271519));
#816=CARTESIAN_POINT('',(-0.00126863249761982,0.00676084968166555,0.00469204291463578));
#817=CARTESIAN_POINT('',(-0.00148264164548529,0.00671762222792645,0.00522226414621551));
#818=CARTESIAN_POINT('',(-0.0014385572514369,0.00672725734751937,0.00503387816179391));
#819=CARTESIAN_POINT('',(-0.00136738323335653,0.00674252902071704,0.00485713738156573));
#820=CARTESIAN_POINT('',(-0.00126863401048352,0.00676084784125331,0.00469204180553098));
#821=CARTESIAN_POINT('',(-0.00121193186895302,0.00672512661692785,0.00463812240943133));
#822=CARTESIAN_POINT('',(-0.00121193186895302,0.00545938633869115,0.00463812240943133));
#823=CARTESIAN_POINT('',(-0.00127142403429682,0.00672512661692785,0.00469282960528043));
#824=CARTESIAN_POINT('',(-0.00127142403429682,0.00545938633869115,0.00469282960528043));
#825=CARTESIAN_POINT('',(-0.00138806315312233,0.00672512661692785,0.00480446502870242));
#826=CARTESIAN_POINT('',(-0.00138806315312233,0.00545938633869115,0.00480446502870242));
#827=CARTESIAN_POINT('',(-0.00146420552519872,0.00672512661692785,0.00507440747075184));
#828=CARTESIAN_POINT('',(-0.00146420552519872,0.00545938633869115,0.00507440747075184));
#829=CARTESIAN_POINT('',(-0.00148655856700007,0.00672512661692785,0.00521313588596189));
#830=CARTESIAN_POINT('',(-0.00148655856700007,0.00545938633869115,0.00521313588596189));
#831=CARTESIAN_POINT('',(-0.00148264164548528,0.00671762222792645,0.00518972155133691));
#832=CARTESIAN_POINT('',(-0.00141847669122938,0.00642404277618901,0.00481968484004249));
#833=CARTESIAN_POINT('',(-0.00131073070191149,0.00593106325430386,0.00472897482794874));
#834=CARTESIAN_POINT('',(-0.00121193186895302,0.00547902042892336,0.00463812240943133));
#835=CARTESIAN_POINT('',(-0.00121193186895302,0.00547902042892336,0.00463812240943133));
#836=CARTESIAN_POINT('',(-0.00121193186895302,0.00711019246961321,0.00463812240943133));
#837=CARTESIAN_POINT('',(-0.00121193186895302,0.00546689072769255,0.00463812240943133));
#838=CARTESIAN_POINT('',(-0.00121193186895302,0.00546689072769255,0.00463812240943133));
#839=CARTESIAN_POINT('',(-0.00126213623900404,0.00569608656617597,0.00468428882964801));
#840=CARTESIAN_POINT('',(-0.00136297124959726,0.00615642427739422,0.00477342684280215));
#841=CARTESIAN_POINT('',(-0.00145431370360968,0.00657342603071159,0.0050161959217102));
#842=CARTESIAN_POINT('',(-0.00148575027494093,0.00671694204969534,0.00520816016069626));
#843=CARTESIAN_POINT('',(-0.0013402911915657,0.00672267860345768,0.00477898752615002));
#844=CARTESIAN_POINT('',(-0.0013402911915657,0.00531019246961321,0.00477898752615002));
#845=CARTESIAN_POINT('',(-0.00139002521281904,0.00672267860345768,0.00485363087567197));
#846=CARTESIAN_POINT('',(-0.00139002521281904,0.00531019246961321,0.00485363087567197));
#847=CARTESIAN_POINT('',(-0.00147252817951301,0.00672267860345768,0.00505658853139911));
#848=CARTESIAN_POINT('',(-0.00147252817951301,0.00531019246961321,0.00505658853139911));
#849=CARTESIAN_POINT('',(-0.00151154465024251,0.00672267860345768,0.00537629809421536));
#850=CARTESIAN_POINT('',(-0.00151154465024251,0.00531019246961321,0.00537629809421536));
#851=CARTESIAN_POINT('',(-0.00149796766744307,0.00672267860345768,0.00539219446092664));
#852=CARTESIAN_POINT('',(-0.00149796766744307,0.00531019246961321,0.00539219446092664));
#853=CARTESIAN_POINT('',(-0.00149875122246903,0.00671408320319769,0.00530421099052481));
#854=CARTESIAN_POINT('',(-0.0014834324109681,0.00650810272933324,0.00515252680598246));
#855=CARTESIAN_POINT('',(-0.00143763720962614,0.00603594845727756,0.00497560072124182));
#856=CARTESIAN_POINT('',(-0.00137836150552748,0.00555418898387999,0.00483685067819278));
#857=CARTESIAN_POINT('',(-0.00134206736739353,0.00531019248186589,0.00478167058782325));
#858=CARTESIAN_POINT('',(-0.00134206736557099,0.00531019246961321,0.00478167058505234));
#859=CARTESIAN_POINT('',(-0.00121193186895302,0.00531019246961321,0.00463812240943133));
#860=CARTESIAN_POINT('',(-0.00125518016202379,0.00531019246961321,0.00467789223165059));
#861=CARTESIAN_POINT('',(-0.00135770995746792,0.00531019246961321,0.00477217553042309));
#862=CARTESIAN_POINT('',(-0.00147321775017392,0.00531019246961321,0.00505860889335545));
#863=CARTESIAN_POINT('',(-0.00151118455608126,0.00531019246961321,0.00537671970400322));
#864=CARTESIAN_POINT('',(-0.00149796766744307,0.00531019246961321,0.00539219446092664));
#865=CARTESIAN_POINT('',(-0.00149796766744307,0.00531019246961321,0.00539219446092664));
#866=CARTESIAN_POINT('',(-0.00149796766744307,0.00711019246961321,0.00539219446092664));
#867=CARTESIAN_POINT('',(0.000340082259634723,0.00674504697185567,0.00634197742602504));
#868=CARTESIAN_POINT('',(-0.00121193186895302,0.00677112098276348,0.00463816512821176));
#869=CARTESIAN_POINT('',(-0.00121193186895302,0.00663836125309031,0.00463812240943133));
#870=CARTESIAN_POINT('',(-0.00121193186895302,0.00663836125309031,0.00463812240943133));
#871=CARTESIAN_POINT('',(-0.00123059467585686,0.0066796572715526,0.00465528416218452));
#872=CARTESIAN_POINT('',(-0.00124891078409805,0.00672130015408882,0.00467202245046571));
#873=CARTESIAN_POINT('',(-0.00126862748052284,0.00676085217130207,0.00469203816319706));
#874=CARTESIAN_POINT('',(-0.00153610028967656,0.00711019246961321,0.00539219446092664));
#875=CARTESIAN_POINT('',(-0.00153610028967656,0.00531019246961321,0.00539219446092664));
#876=CARTESIAN_POINT('',(-0.00157423292802028,0.00531019246961321,0.00539219446092664));
#877=CARTESIAN_POINT('',(-0.00157423292802028,0.00711019246961321,0.00539219446092664));
#878=CARTESIAN_POINT('',(-0.00157423292802028,0.0055823758286432,0.00539219446092664));
#879=CARTESIAN_POINT('',(-0.00157423292802028,0.00711019246961321,0.00539219446092664));
#880=CARTESIAN_POINT('',(-0.00157423292802028,0.00711019246961321,0.00291269614919491));
#881=CARTESIAN_POINT('',(-0.00157423292802028,0.00669694773271126,0.00502637007382953));
#882=CARTESIAN_POINT('',(-0.00157423292802028,0.00634642115947655,0.00480987412848934));
#883=CARTESIAN_POINT('',(-0.00157423292802028,0.00596565482066359,0.00465031782760558));
#884=CARTESIAN_POINT('',(-0.00157423292802028,0.0055823758286432,0.00450073503108494));
#885=CARTESIAN_POINT('',(-0.00157423292802028,0.0055823758286432,0.00450073503108494));
#886=CARTESIAN_POINT('',(-0.00157423292802028,0.0055823758286432,0.0151955667640251));
#887=CARTESIAN_POINT('',(-0.00121193186895302,0.00711019246961321,0.00253566012344725));
#888=CARTESIAN_POINT('',(-0.00121193186895272,0.0067711245074099,0.00460303650676735));
#889=CARTESIAN_POINT('',(-0.00121193186895272,0.00672674666829193,0.00461426478888467));
#890=CARTESIAN_POINT('',(-0.00121193186895294,0.00668248698960138,0.00462594018399284));
#891=CARTESIAN_POINT('',(-0.00121193186895294,0.00663836125309029,0.00463812240943127));
#892=CARTESIAN_POINT('',(-0.00157423292802028,1.92469613211803E-7,0.0151955667640251));
#893=CARTESIAN_POINT('',(-0.00157423292802028,0.0055823758286432,0.00598668109501011));
#894=CARTESIAN_POINT('',(-0.00157423292802028,0.00557388246811201,0.0059850989071635));
#895=CARTESIAN_POINT('',(-0.00157423292802027,0.00556538906082006,0.00598351697034399));
#896=CARTESIAN_POINT('',(-0.00157423292802027,0.00555689560618241,0.00598193528775479));
#897=CARTESIAN_POINT('',(-0.00157423292802028,0.0055823758286432,0.00598668109501011));
#898=CARTESIAN_POINT('',(-0.00157423134071109,0.00555689623016149,0.00598193193705846));
#899=CARTESIAN_POINT('',(-0.00157423292802028,0.0055823758286432,0.0151955667640251));
#900=CARTESIAN_POINT('',(-0.00157423292802028,0.00531019246961321,0.0151955667640251));
#901=CARTESIAN_POINT('',(-0.00157423292802028,0.00551397212999152,0.00619556676402508));
#902=CARTESIAN_POINT('',(-0.00157423292802028,0.00552828593036844,0.00612435631380397));
#903=CARTESIAN_POINT('',(-0.00157423292802027,0.00554259574469062,0.00605314506258823));
#904=CARTESIAN_POINT('',(-0.00157423292802027,0.00555690166489045,0.00598193302885159));
#905=CARTESIAN_POINT('',(-1.44749512275212E-5,0.00531019246961321,0.0151955667640251));
#906=CARTESIAN_POINT('',(-0.00134206736557099,0.00531019246961321,0.00478167058505234));
#907=CARTESIAN_POINT('',(-0.0012849929124415,0.00531019246961321,0.00490912793573285));
#908=CARTESIAN_POINT('',(-0.00124172923650621,0.00531019246961321,0.00504227424578838));
#909=CARTESIAN_POINT('',(-0.00121193186895302,0.00531019246961321,0.00517870009999062));
#910=CARTESIAN_POINT('',(-0.00121193186895302,0.00531019246961321,0.00517870009999062));
#911=CARTESIAN_POINT('',(-0.00121193186895302,0.00531019246961321,0.0151955667640251));
#912=CARTESIAN_POINT('',(-0.00121193186895302,1.92469613211803E-7,0.0151955667640251));
#913=CARTESIAN_POINT('',(-0.00121193186895302,0.00567114591063099,0.0151955667640251));
#914=CARTESIAN_POINT('',(-0.00121193186895302,0.00567114591063099,0.00598668336903643));
#915=CARTESIAN_POINT('',(-0.00121193186895302,0.00567114591063099,0.00505424780332846));
#916=CARTESIAN_POINT('',(-0.00121193186895302,0.00567114591063099,0.00598668336903643));
#917=CARTESIAN_POINT('',(-0.00121193186895302,0.00566278763745337,0.00598510165270025));
#918=CARTESIAN_POINT('',(-0.00121193186895302,0.00565442871498736,0.00598351996243083));
#919=CARTESIAN_POINT('',(-0.00121193186895302,0.00564607038705156,0.005981938535481));
#920=CARTESIAN_POINT('',(-0.00121193174365855,0.00564607103033881,0.00598193854110815));
#921=CARTESIAN_POINT('',(-0.00121193186895302,0.00560382755356586,0.00619556676402508));
#922=CARTESIAN_POINT('',(-0.00121193186895302,0.00561791112573019,0.00612435783361304));
#923=CARTESIAN_POINT('',(-0.00121193186895302,0.00563199247852463,0.00605314835320921));
#924=CARTESIAN_POINT('',(-0.00121193186895302,0.00564607161948096,0.00598193854654475));
#925=CARTESIAN_POINT('',(-0.00121193186895302,0.00531019246961321,0.00517870009999062));
#926=CARTESIAN_POINT('',(-0.00121193186895302,0.00536995556934843,0.00524040466468507));
#927=CARTESIAN_POINT('',(-0.00121193186895302,0.00542393127566087,0.00530658568732835));
#928=CARTESIAN_POINT('',(-0.00121193186895302,0.00546689072769258,0.00538128760969951));
#929=CARTESIAN_POINT('',(-0.00121193186895302,0.00546689072769255,0.00538128760969951));
#930=CARTESIAN_POINT('',(-0.00121193186895302,0.00546689072769255,0.0151955667640251));
#931=CARTESIAN_POINT('',(-0.00121193186895302,0.00547902042892336,0.0151955667640251));
#932=CARTESIAN_POINT('',(-0.00121193186895302,0.00547902042892334,0.00522226414621552));
#933=CARTESIAN_POINT('',(-0.00121193186895302,0.00547902042892334,0.00522226414621552));
#934=CARTESIAN_POINT('',(-0.00121193186895302,0.00553680791493021,0.00515910690429828));
#935=CARTESIAN_POINT('',(-0.00121193186895302,0.00560170400013474,0.00510407829452269));
#936=CARTESIAN_POINT('',(-0.00121193186895302,0.00567114591063099,0.00505424780332846));
#937=CARTESIAN_POINT('',(-1.44749512275212E-5,1.92469613211261E-7,0.0151955667640251));
#938=CARTESIAN_POINT('',(-0.00157423292802028,0.0055823758286432,0.00598668109501011));
#939=CARTESIAN_POINT('',(-0.00302077573309979,0.00517818690580083,0.00598666138917991));
#940=CARTESIAN_POINT('',(-0.00557229324574908,0.00319088334184275,0.00598646572484509));
#941=CARTESIAN_POINT('',(-0.00621505649564245,-0.00162526006457136,0.00598601113553717));
#942=CARTESIAN_POINT('',(-0.0032936928131889,-0.00550704853025073,0.00598561904050828));
#943=CARTESIAN_POINT('',(0.00151087956764709,-0.00622534092832001,0.00598552419267771));
#944=CARTESIAN_POINT('',(0.00543920897146115,-0.00336734691511065,0.0059857787233719));
#945=CARTESIAN_POINT('',(0.00623520619000692,0.00142526197739344,0.00598623434062805));
#946=CARTESIAN_POINT('',(0.00343882383801888,0.00539876613452614,0.00598663798793403));
#947=CARTESIAN_POINT('',(0.000257614430522949,0.00598144970707859,0.00598669487205725));
#948=CARTESIAN_POINT('',(-0.00121193186895302,0.00567114591063098,0.00598668336903643));
#949=CARTESIAN_POINT('',(-0.00121193186895302,0.00567114591063099,0.00505424780332846));
#950=CARTESIAN_POINT('',(-0.00111284954893258,0.00569206775574342,0.0047025164594453));
#951=CARTESIAN_POINT('',(-0.000741103911481528,0.0057734098652932,0.00405146194130698));
#952=CARTESIAN_POINT('',(0.000370172268623404,0.00582320786924463,0.00364379291736007));
#953=CARTESIAN_POINT('',(0.00139572875981622,0.00563984345373548,0.00421113236885914));
#954=CARTESIAN_POINT('',(0.00168833031960316,0.00554081180428195,0.00489851159707041));
#955=CARTESIAN_POINT('',(0.00175145443481977,0.00552061902953543,0.00525892793079035));
#956=CARTESIAN_POINT('',(0.00175145443481977,0.00552061902953543,0.00525892793079034));
#957=CARTESIAN_POINT('',(0.00175145443481977,0.00552061902953543,0.00525892793079034));
#958=CARTESIAN_POINT('',(0.00181734942144085,0.00549953988066817,0.00488617921244101));
#959=CARTESIAN_POINT('',(0.0021299399774161,0.00540665498856317,0.0041797493057407));
#960=CARTESIAN_POINT('',(0.00313040297055565,0.00492001532466001,0.0036415581144565));
#961=CARTESIAN_POINT('',(0.00399813398377932,0.00421140785418322,0.0041675197985018));
#962=CARTESIAN_POINT('',(0.00421770900120092,0.00396089114060375,0.00488179876785005));
#963=CARTESIAN_POINT('',(0.00426491443143382,0.0039092131284951,0.00525504412572415));
#964=CARTESIAN_POINT('',(0.00426491443143383,0.00390921312849509,0.00525504412572415));
#965=CARTESIAN_POINT('',(0.00426491443143383,0.00390921312849509,0.00525504412572415));
#966=CARTESIAN_POINT('',(0.00431211734964218,0.00385753786641826,0.00487796084177183));
#967=CARTESIAN_POINT('',(0.0045399774154967,0.00361848207529283,0.00416317310662371));
#968=CARTESIAN_POINT('',(0.00517200874316851,0.00268482301394407,0.00362106351848459));
#969=CARTESIAN_POINT('',(0.00557084353558675,0.00162597633524124,0.00415761767661112));
#970=CARTESIAN_POINT('',(0.00563483176325372,0.00129778966075513,0.00488145574272742));
#971=CARTESIAN_POINT('',(0.00564954595380164,0.00123002302192223,0.00525932352621272));
#972=CARTESIAN_POINT('',(0.00564954595380163,0.00123002302192224,0.00525932352621272));
#973=CARTESIAN_POINT('',(0.00564954595380164,0.00123002302192224,0.00525932352621273));
#974=CARTESIAN_POINT('',(0.00566420852702768,0.00116249410818863,0.00488701640770116));
#975=CARTESIAN_POINT('',(0.00573989158091793,0.00084573429248469,0.00418143761917064));
#976=CARTESIAN_POINT('',(0.00581859467158398,-0.000262494190016956,0.0036436464472219));
#977=CARTESIAN_POINT('',(0.00563930454799279,-0.00136720564895643,0.00416852990662397));
#978=CARTESIAN_POINT('',(0.00553231774329271,-0.00168254784931922,0.00488183360405246));
#979=CARTESIAN_POINT('',(0.00551117052112664,-0.00174933835716634,0.00525460772856061));
#980=CARTESIAN_POINT('',(0.00551117052112664,-0.00174933835716634,0.00525460772856061));
#981=CARTESIAN_POINT('',(0.00551117052112664,-0.00174933835716634,0.00525460772856061));
#982=CARTESIAN_POINT('',(0.00549001697962487,-0.00181614882374081,0.00487703737842552));
#983=CARTESIAN_POINT('',(0.00539691907860122,-0.00213349670383412,0.00416131035035181));
#984=CARTESIAN_POINT('',(0.00490377281826961,-0.00314925879350381,0.00361876157145757));
#985=CARTESIAN_POINT('',(0.00418525644616871,-0.00402493071031198,0.00415650674256377));
#986=CARTESIAN_POINT('',(0.00393285761502212,-0.00424444889757149,0.00488141708717661));
#987=CARTESIAN_POINT('',(0.00388156983227133,-0.0042910137763008,0.00525980381692117));
#988=CARTESIAN_POINT('',(0.00388156983227133,-0.0042910137763008,0.00525980381692117));
#989=CARTESIAN_POINT('',(0.00388156983227133,-0.0042910137763008,0.00525980381692117));
#990=CARTESIAN_POINT('',(0.00383048191792392,-0.00433739719177578,0.00488803307199431));
#991=CARTESIAN_POINT('',(0.00359430818791528,-0.00456089717964953,0.00418348752837531));
#992=CARTESIAN_POINT('',(0.00267543843408475,-0.00518214350445445,0.00364618206171115));
#993=CARTESIAN_POINT('',(0.00163051682939629,-0.00557910487004144,0.0041697565799175));
#994=CARTESIAN_POINT('',(0.00130411464393071,-0.00564426116574448,0.00488187585710736));
#995=CARTESIAN_POINT('',(0.00123562730004896,-0.00565938881890571,0.00525407777271551));
#996=CARTESIAN_POINT('',(0.00123562730004895,-0.00565938881890571,0.00525407777271551));
#997=CARTESIAN_POINT('',(0.00123562730004895,-0.00565938881890571,0.00525407777271551));
#998=CARTESIAN_POINT('',(0.00116709021719017,-0.00567452745853467,0.00487591593019754));
#999=CARTESIAN_POINT('',(0.000845196374176594,-0.00575286784729828,0.00415904818789084));
#1000=CARTESIAN_POINT('',(-0.000283070316752619,-0.00583399151525993,0.00361596635065574));
#1001=CARTESIAN_POINT('',(-0.00140214510530329,-0.00564907506971196,0.00415515809593556));
#1002=CARTESIAN_POINT('',(-0.00171856672366629,-0.00554006688336173,0.00488137011193261));
#1003=CARTESIAN_POINT('',(-0.00178444617039625,-0.00551893951678777,0.00526038692755788));
#1004=CARTESIAN_POINT('',(-0.00178444617039625,-0.00551893951678776,0.00526038692755788));
#1005=CARTESIAN_POINT('',(-0.00178444617039625,-0.00551893951678776,0.00526038692755788));
#1006=CARTESIAN_POINT('',(-0.00185003771676472,-0.0054979044791081,0.00488926764469617));
#1007=CARTESIAN_POINT('',(-0.00216104817096633,-0.0054051828914311,0.0041859770322981));
#1008=CARTESIAN_POINT('',(-0.00315647915903019,-0.00492101403719502,0.00364926080860538));
#1009=CARTESIAN_POINT('',(-0.00402170691775049,-0.0042159801304774,0.00417124561973477));
#1010=CARTESIAN_POINT('',(-0.00424136357801726,-0.0039661612077574,0.00488192687944823));
#1011=CARTESIAN_POINT('',(-0.00428879957599202,-0.00391436561555194,0.00525343417530045));
#1012=CARTESIAN_POINT('',(-0.00428879957599202,-0.00391436561555193,0.00525343417530045));
#1013=CARTESIAN_POINT('',(-0.00428879957599202,-0.00391436561555193,0.00525343417530045));
#1014=CARTESIAN_POINT('',(-0.00433629461395287,-0.00386250555730436,0.00487455399672322));
#1015=CARTESIAN_POINT('',(-0.00456570147615131,-0.00362254102585036,0.00415630086091994));
#1016=CARTESIAN_POINT('',(-0.00520163650024398,-0.00268405763628573,0.00361257208270093));
#1017=CARTESIAN_POINT('',(-0.00560137647132671,-0.00162060404620394,0.00415352092700998));
#1018=CARTESIAN_POINT('',(-0.00566505384709905,-0.00129183916107456,0.00488131301484694));
#1019=CARTESIAN_POINT('',(-0.00567964760446666,-0.00122432164177605,0.00526109485932414));
#1020=CARTESIAN_POINT('',(-0.00567964760446666,-0.00122432164177605,0.00526109485932414));
#1021=CARTESIAN_POINT('',(-0.00567964760446666,-0.00122432164177605,0.00526109485932414));
#1022=CARTESIAN_POINT('',(-0.00569416918086736,-0.00115713806525209,0.00489076698294705));
#1023=CARTESIAN_POINT('',(-0.00576905005912761,-0.000842136296911537,0.00418900089341856));
#1024=CARTESIAN_POINT('',(-0.00584724219434354,0.000259302198225511,0.00365299906898537));
#1025=CARTESIAN_POINT('',(-0.00567013172993622,0.00135920518205227,0.00417305270858545));
#1026=CARTESIAN_POINT('',(-0.00556391202820902,0.0016742037051413,0.00488198831204102));
#1027=CARTESIAN_POINT('',(-0.00554277815515397,0.00174130696483073,0.00525265252820107));
#1028=CARTESIAN_POINT('',(-0.00554277815515397,0.00174130696483073,0.00525265252820107));
#1029=CARTESIAN_POINT('',(-0.00554277815515397,0.00174130696483073,0.00525265252820107));
#1030=CARTESIAN_POINT('',(-0.00552160470119565,0.00180853589990509,0.00487289992383446));
#1031=CARTESIAN_POINT('',(-0.0054284764868348,0.00212805886817161,0.00415296413115428));
#1032=CARTESIAN_POINT('',(-0.004932579157009,0.0031508313481142,0.00360845026455932));
#1033=CARTESIAN_POINT('',(-0.00420972116888015,0.00403021553141198,0.0041515335848997));
#1034=CARTESIAN_POINT('',(-0.00395651570524033,0.00424974353299805,0.00488124359721521));
#1035=CARTESIAN_POINT('',(-0.00390541485281695,0.004296027974171,0.00526195431956966));
#1036=CARTESIAN_POINT('',(-0.00390541485281694,0.004296027974171,0.00526195431956966));
#1037=CARTESIAN_POINT('',(-0.00390541485281694,0.004296027974171,0.00526195431956966));
#1038=CARTESIAN_POINT('',(-0.0038638626635651,0.00433366374280946,0.00495990162040384));
#1039=CARTESIAN_POINT('',(-0.00368785030324241,0.00449439917068439,0.00438651685424328));
#1040=CARTESIAN_POINT('',(-0.00307915768235893,0.00494878432253426,0.00379530645205942));
#1041=CARTESIAN_POINT('',(-0.0022066823427383,0.00539123139446482,0.00382765837714467));
#1042=CARTESIAN_POINT('',(-0.00174273346729917,0.0055352938817901,0.00424700996852501));
#1043=CARTESIAN_POINT('',(-0.00157423292802027,0.00558237582864321,0.00450073503108494));
#1044=CARTESIAN_POINT('',(-0.00463043471025597,0.00509649421725631,0.00526195431956966));
#1045=CARTESIAN_POINT('',(-0.00459663077928776,0.00512711202459442,0.00505482317937336));
#1046=CARTESIAN_POINT('',(-0.0045371883215037,0.00518066439634258,0.00486038518127264));
#1047=CARTESIAN_POINT('',(-0.00436396892069848,0.00532692954054527,0.00450142135340645));
#1048=CARTESIAN_POINT('',(-0.00425426875573773,0.0054160599318045,0.00434594324166093));
#1049=CARTESIAN_POINT('',(-0.00398534122655061,0.00561621356076726,0.00408542454406259));
#1050=CARTESIAN_POINT('',(-0.00383266790555677,0.0057222156044879,0.0039872281237415));
#1051=CARTESIAN_POINT('',(-0.00349031939326861,0.00593640772912518,0.00385618342595625));
#1052=CARTESIAN_POINT('',(-0.00330919632232313,0.00603916599135576,0.00382696430257302));
#1053=CARTESIAN_POINT('',(-0.00293060690925834,0.00623080756868755,0.00384100157773177));
#1054=CARTESIAN_POINT('',(-0.00274276383440646,0.00631483273835942,0.00388423987143114));
#1055=CARTESIAN_POINT('',(-0.00237648029603761,0.0064607785656913,0.00404168722118834));
#1056=CARTESIAN_POINT('',(-0.0022074653260924,0.00651903721458962,0.00415223306984156));
#1057=CARTESIAN_POINT('',(-0.00190448648965267,0.00661324017683386,0.00443433785447869));
#1058=CARTESIAN_POINT('',(-0.00177849089809877,0.0066468375645433,0.00459887518960384));
#1059=CARTESIAN_POINT('',(-0.0016346446593465,0.00668275402877895,0.00487209939975101));
#1060=CARTESIAN_POINT('',(-0.00159624378257734,0.00669190520068321,0.0049611311626546));
#1061=CARTESIAN_POINT('',(-0.00156505025038978,0.00669913001420786,0.00505270095686239));
#1062=CARTESIAN_POINT('',(-0.00390104742480624,0.00429120606666626,0.00526195431956966));
#1063=CARTESIAN_POINT('',(-0.00387258417883452,0.00431698656486332,0.00505481574000955));
#1064=CARTESIAN_POINT('',(-0.0038225352915329,0.00436207616047352,0.00486038518127264));
#1065=CARTESIAN_POINT('',(-0.00367668701940648,0.00448522933185686,0.00450142135340645));
#1066=CARTESIAN_POINT('',(-0.00358432104055462,0.00456027585377461,0.00434594324166093));
#1067=CARTESIAN_POINT('',(-0.0033578878853951,0.00472880236297826,0.00408542454406259));
#1068=CARTESIAN_POINT('',(-0.00322933912028424,0.0048180545763369,0.0039872281237415));
#1069=CARTESIAN_POINT('',(-0.0029410865414728,0.00499840129925717,0.00385618342595625));
#1070=CARTESIAN_POINT('',(-0.00278858349148631,0.00508492229473097,0.00382696430257302));
#1071=CARTESIAN_POINT('',(-0.00246981658960248,0.00524628177751114,0.00384100157773177));
#1072=CARTESIAN_POINT('',(-0.00231165539189192,0.00531702977545366,0.00388423987143114));
#1073=CARTESIAN_POINT('',(-0.00200324986150034,0.00543991408657277,0.00404168722118834));
#1074=CARTESIAN_POINT('',(-0.00186094166036687,0.00548896704044942,0.00415223306984156));
#1075=CARTESIAN_POINT('',(-0.00160583778874399,0.00556828459499957,0.00443433785447869));
#1076=CARTESIAN_POINT('',(-0.00149975129243781,0.00559657311766277,0.00459887518960384));
#1077=CARTESIAN_POINT('',(-0.00137863480504449,0.00562681426978146,0.00487209939975101));
#1078=CARTESIAN_POINT('',(-0.00134630181840203,0.00563451942518166,0.00496113110731424));
#1079=CARTESIAN_POINT('',(-0.00132003731125943,0.0056406026146902,0.00505270086774205));
#1080=CARTESIAN_POINT('',(-0.00390541485281694,0.004296027974171,0.00526195431956966));
#1081=CARTESIAN_POINT('',(-0.00414708813862995,0.00456285005519944,0.00526195431956966));
#1082=CARTESIAN_POINT('',(-0.00438876142444296,0.00482967213622787,0.00526195431956966));
#1083=CARTESIAN_POINT('',(-0.00463043471025597,0.00509649421725631,0.00526195431956966));
#1084=CARTESIAN_POINT('',(-0.00657289676458126,0.00206573823723151,0.00525265252820107));
#1085=CARTESIAN_POINT('',(-0.00655918778855859,0.00210926632012143,0.00504539824316613));
#1086=CARTESIAN_POINT('',(-0.00653513578193985,0.00218489180077832,0.00485040673139211));
#1087=CARTESIAN_POINT('',(-0.00646049689459791,0.00239617451094131,0.00448949438448735));
#1088=CARTESIAN_POINT('',(-0.0064115053575999,0.00252701501940859,0.0043321956592603));
#1089=CARTESIAN_POINT('',(-0.00628237179672042,0.0028322057733368,0.00406639085035404));
#1090=CARTESIAN_POINT('',(-0.00620514021404033,0.00299939699508388,0.00396450869960471));
#1091=CARTESIAN_POINT('',(-0.00601988963963477,0.00335497392330934,0.00382409380700712));
#1092=CARTESIAN_POINT('',(-0.00591621208506083,0.00353487659046616,0.0037892353714961));
#1093=CARTESIAN_POINT('',(-0.00568678630943333,0.00389241251563404,0.0037902074605548));
#1094=CARTESIAN_POINT('',(-0.00556656563705795,0.00406143903160056,0.00382634406170346));
#1095=CARTESIAN_POINT('',(-0.0053209360596954,0.00437750958461149,0.00396859238510399));
#1096=CARTESIAN_POINT('',(-0.00520155887921858,0.00451691570452888,0.00407160708375036));
#1097=CARTESIAN_POINT('',(-0.00497882699144538,0.00476063754099414,0.00433892569864406));
#1098=CARTESIAN_POINT('',(-0.00488109049354564,0.0048589800926975,0.00449693751315657));
#1099=CARTESIAN_POINT('',(-0.00472128427625958,0.00501394455570209,0.00485916120354729));
#1100=CARTESIAN_POINT('',(-0.00466358065823924,0.00506647237599928,0.00505379793914096));
#1101=CARTESIAN_POINT('',(-0.00463043471025597,0.0050964942172563,0.00526195431956966));
#1102=CARTESIAN_POINT('',(-0.0055365496807446,0.00173934533452985,0.00525265252820107));
#1103=CARTESIAN_POINT('',(-0.00552500664251948,0.00177599623564994,0.00504539096692037));
#1104=CARTESIAN_POINT('',(-0.00550475560376387,0.00183967051960015,0.00485040673139211));
#1105=CARTESIAN_POINT('',(-0.00544191098575059,0.00201756681047295,0.00448949438448735));
#1106=CARTESIAN_POINT('',(-0.00540066098138733,0.00212773219567785,0.0043321956592603));
#1107=CARTESIAN_POINT('',(-0.00529193281574644,0.00238469739217036,0.00406639085035404));
#1108=CARTESIAN_POINT('',(-0.0052269051942888,0.00252546943259125,0.00396450869960471));
#1109=CARTESIAN_POINT('',(-0.00507092749955276,0.00282485889329277,0.00382409380700712));
#1110=CARTESIAN_POINT('',(-0.00498363283927867,0.0029763337450714,0.0037892353714961));
#1111=CARTESIAN_POINT('',(-0.00479046040939426,0.00327737264641867,0.0037902074605548));
#1112=CARTESIAN_POINT('',(-0.00468923673763562,0.00341968997198876,0.00382634406170345));
#1113=CARTESIAN_POINT('',(-0.00448242099437038,0.00368581576615045,0.00396859238510399));
#1114=CARTESIAN_POINT('',(-0.00438190752781509,0.00380319324412365,0.00407160708375036));
#1115=CARTESIAN_POINT('',(-0.00419437123266162,0.00400840270342314,0.00433892569864406));
#1116=CARTESIAN_POINT('',(-0.0041120788366305,0.00409120538599712,0.00449693751315657));
#1117=CARTESIAN_POINT('',(-0.00397752483885343,0.00422168271262903,0.00485916120354729));
#1118=CARTESIAN_POINT('',(-0.00392893946544282,0.00426591016081846,0.00505379748641603));
#1119=CARTESIAN_POINT('',(-0.0039010311172092,0.00429118806208224,0.00526195431956966));
#1120=CARTESIAN_POINT('',(-0.00554277815515397,0.00174130696483073,0.00525265252820107));
#1121=CARTESIAN_POINT('',(-0.00588615102496307,0.00184945072229766,0.00525265252820107));
#1122=CARTESIAN_POINT('',(-0.00622952389477216,0.00195759447976458,0.00525265252820107));
#1123=CARTESIAN_POINT('',(-0.00657289676458126,0.00206573823723151,0.00525265252820107));
#1124=CARTESIAN_POINT('',(-0.00673526983798948,-0.00145249197309082,0.00526109485932414));
#1125=CARTESIAN_POINT('',(-0.00674467266839243,-0.00140899009984463,0.00505896957616055));
#1126=CARTESIAN_POINT('',(-0.00676079385328346,-0.00133339273481238,0.00486870540509477));
#1127=CARTESIAN_POINT('',(-0.00679969084783922,-0.00111878628892871,0.00451644673112545));
#1128=CARTESIAN_POINT('',(-0.00682150642382722,-0.000984545296224909,0.00436275335243696));
#1129=CARTESIAN_POINT('',(-0.00686018947221531,-0.000664321362874628,0.00410272387244605));
#1130=CARTESIAN_POINT('',(-0.00687606550174563,-0.000485685130322164,0.00400278869922237));
#1131=CARTESIAN_POINT('',(-0.0068925809090117,-9.55172925440979E-5,0.00386440020304429));
#1132=CARTESIAN_POINT('',(-0.00689276750152539,0.000106874530427134,0.00382952684713699));
#1133=CARTESIAN_POINT('',(-0.00687387029339708,0.000520754674738732,0.00382843238059297));
#1134=CARTESIAN_POINT('',(-0.00685523800873539,0.000722414420003912,0.00386256534788966));
#1135=CARTESIAN_POINT('',(-0.00680311214887462,0.00111016938527983,0.00399888870548103));
#1136=CARTESIAN_POINT('',(-0.00677093895756055,0.00128697192705089,0.00409816723503794));
#1137=CARTESIAN_POINT('',(-0.00670286072591301,0.00160365839377317,0.00435648895762162));
#1138=CARTESIAN_POINT('',(-0.00666873429575985,0.00173579730345699,0.00450953969744242));
#1139=CARTESIAN_POINT('',(-0.0066097720549704,0.00194789564949419,0.00486092918416217));
#1140=CARTESIAN_POINT('',(-0.00658659950613349,0.00202222994973297,0.00505007029814062));
#1141=CARTESIAN_POINT('',(-0.00657289676458126,0.0020657382372315,0.00525265252820107));
#1142=CARTESIAN_POINT('',(-0.0056732707606656,-0.00122294330157383,0.00526109485932414));
#1143=CARTESIAN_POINT('',(-0.00568118801093885,-0.00118631441398511,0.00505896235998708));
#1144=CARTESIAN_POINT('',(-0.00569476155055269,-0.00112266375401542,0.00486870540509477));
#1145=CARTESIAN_POINT('',(-0.00572751216316629,-0.0009419687503579,0.00451644673112545));
#1146=CARTESIAN_POINT('',(-0.00574588050977728,-0.000828940101252217,0.00436275335243696));
#1147=CARTESIAN_POINT('',(-0.00577845098333034,-0.000559316956571276,0.00410272387244605));
#1148=CARTESIAN_POINT('',(-0.00579181833211726,-0.00040890826515699,0.00400278869922237));
#1149=CARTESIAN_POINT('',(-0.00580572402616135,-8.03935339984887E-5,0.00386440020304429));
#1150=CARTESIAN_POINT('',(-0.00580588113390713,9.00169634190176E-5,0.00382952684713699));
#1151=CARTESIAN_POINT('',(-0.00578997000375537,0.000438497056280249,0.00382843238059297));
#1152=CARTESIAN_POINT('',(-0.00577428193468909,0.000608291156630892,0.00386256534788966));
#1153=CARTESIAN_POINT('',(-0.00573039284086709,0.000934774289885584,0.00399888870548103));
#1154=CARTESIAN_POINT('',(-0.00570330355704698,0.00108363904462505,0.00409816723503794));
#1155=CARTESIAN_POINT('',(-0.00564598283554722,0.00135028370213776,0.00435648895762162));
#1156=CARTESIAN_POINT('',(-0.00561724895760636,0.00146154243283572,0.00450953969744242));
#1157=CARTESIAN_POINT('',(-0.00556760374647938,0.0016401256587735,0.00486092918416217));
#1158=CARTESIAN_POINT('',(-0.00554809287223872,0.00170271381899465,0.00505006984555537));
#1159=CARTESIAN_POINT('',(-0.00553655537463621,0.00173934712779568,0.00525265252820107));
#1160=CARTESIAN_POINT('',(-0.00567964760446666,-0.00122432164177605,0.00526109485932414));
#1161=CARTESIAN_POINT('',(-0.0060315216823076,-0.00130037841888098,0.00526109485932414));
#1162=CARTESIAN_POINT('',(-0.00638339576014854,-0.0013764351959859,0.00526109485932414));
#1163=CARTESIAN_POINT('',(-0.00673526983798948,-0.00145249197309082,0.00526109485932414));
#1164=CARTESIAN_POINT('',(-0.00508525758060652,-0.00464378637676283,0.00525343417530045));
#1165=CARTESIAN_POINT('',(-0.0051160089517778,-0.00461020880806082,0.00504665462979296));
#1166=CARTESIAN_POINT('',(-0.00516931351570914,-0.00455167597192622,0.00485210066610192));
#1167=CARTESIAN_POINT('',(-0.00531452399470698,-0.00438174170055207,0.00449198923888789));
#1168=CARTESIAN_POINT('',(-0.00540307116975132,-0.00427411749669782,0.00433502416504354));
#1169=CARTESIAN_POINT('',(-0.0056022193151419,-0.00401026982517749,0.00406975373278731));
#1170=CARTESIAN_POINT('',(-0.00570809583767906,-0.0038601251662065,0.00396805167922645));
#1171=CARTESIAN_POINT('',(-0.00592283510592655,-0.00352268296537207,0.00382782405150217));
#1172=CARTESIAN_POINT('',(-0.00602654247030621,-0.00334335818630575,0.00379296409256324));
#1173=CARTESIAN_POINT('',(-0.00622103578455777,-0.00296677390445105,0.003793744592281));
#1174=CARTESIAN_POINT('',(-0.00630714791080375,-0.00277857242021109,0.00382969563559029));
#1175=CARTESIAN_POINT('',(-0.00645783233689217,-0.00240862734301349,0.00397139540058942));
#1176=CARTESIAN_POINT('',(-0.00651881530314897,-0.00223589560354274,0.00407406431539389));
#1177=CARTESIAN_POINT('',(-0.00661846894581266,-0.00192173276411138,0.00434055041565816));
#1178=CARTESIAN_POINT('',(-0.00665477918738898,-0.00178813033027433,0.00449810330680889));
#1179=CARTESIAN_POINT('',(-0.00670912830784868,-0.00157249797038525,0.00485932500712467));
#1180=CARTESIAN_POINT('',(-0.00672580410742022,-0.00149628485180503,0.00505345365683073));
#1181=CARTESIAN_POINT('',(-0.00673526983798948,-0.00145249197309082,0.00526109485932414));
#1182=CARTESIAN_POINT('',(-0.00428398427247567,-0.00390995561234272,0.00525343417530045));
#1183=CARTESIAN_POINT('',(-0.00430987711075433,-0.00388168309885546,0.00504664735914592));
#1184=CARTESIAN_POINT('',(-0.00435475788370239,-0.00383240028000499,0.00485210066610192));
#1185=CARTESIAN_POINT('',(-0.00447702253966144,-0.00368931862798783,0.00449198923888789));
#1186=CARTESIAN_POINT('',(-0.00455157769551286,-0.00359870095116506,0.00433502416504354));
#1187=CARTESIAN_POINT('',(-0.00471925691294334,-0.00337654587663692,0.00406975373278731));
#1188=CARTESIAN_POINT('',(-0.00480840307299657,-0.00325012672837799,0.00396805167922645));
#1189=CARTESIAN_POINT('',(-0.00498920974021767,-0.00296600636133683,0.00382782405150217));
#1190=CARTESIAN_POINT('',(-0.00507652950745353,-0.00281501806786937,0.00379296409256324));
#1191=CARTESIAN_POINT('',(-0.00524028943936353,-0.00249794076065079,0.003793744592281));
#1192=CARTESIAN_POINT('',(-0.00531279432717899,-0.00233947843836946,0.00382969563559029));
#1193=CARTESIAN_POINT('',(-0.00543966794980758,-0.0020279912240894,0.00397139540058942));
#1194=CARTESIAN_POINT('',(-0.0054910145292019,-0.00188255415339483,0.00407406431539389));
#1195=CARTESIAN_POINT('',(-0.00557492113442372,-0.00161803459707019,0.00434055041565816));
#1196=CARTESIAN_POINT('',(-0.00560549371585694,-0.00150554370990343,0.00449810330680889));
#1197=CARTESIAN_POINT('',(-0.00565125471437814,-0.00132398507531018,0.00485932500712467));
#1198=CARTESIAN_POINT('',(-0.00566529542889947,-0.00125981504117389,0.00505345320408339));
#1199=CARTESIAN_POINT('',(-0.00567326542056799,-0.00122294214732394,0.00526109485932414));
#1200=CARTESIAN_POINT('',(-0.00428879957599202,-0.00391436561555193,0.00525343417530045));
#1201=CARTESIAN_POINT('',(-0.00455428557753019,-0.0041575058692889,0.00525343417530045));
#1202=CARTESIAN_POINT('',(-0.00481977157906835,-0.00440064612302586,0.00525343417530045));
#1203=CARTESIAN_POINT('',(-0.00508525758060652,-0.00464378637676283,0.00525343417530045));
#1204=CARTESIAN_POINT('',(-0.00211425447210471,-0.00654734920369478,0.00526038692755788));
#1205=CARTESIAN_POINT('',(-0.00215672513092253,-0.00653372897429061,0.0050578314226303));
#1206=CARTESIAN_POINT('',(-0.00223042862917905,-0.00650986684222541,0.00486717070843406));
#1207=CARTESIAN_POINT('',(-0.00243622679825608,-0.00643614507109248,0.00451418610419695));
#1208=CARTESIAN_POINT('',(-0.00256369484336391,-0.00638784193253505,0.00436019025357031));
#1209=CARTESIAN_POINT('',(-0.00286106275338175,-0.00626099299850066,0.00409967616414532));
#1210=CARTESIAN_POINT('',(-0.00302407951207139,-0.00618527058782169,0.00399957757142127));
#1211=CARTESIAN_POINT('',(-0.00337100813759744,-0.00600408582309954,0.00386101882364008));
#1212=CARTESIAN_POINT('',(-0.00354675007941881,-0.00590281563521796,0.00382614658690687));
#1213=CARTESIAN_POINT('',(-0.0038964325687034,-0.00567896920470654,0.00382522517590966));
#1214=CARTESIAN_POINT('',(-0.00406206059896669,-0.0055617175405276,0.00385952611379651));
#1215=CARTESIAN_POINT('',(-0.00437231691551837,-0.00532211961734246,0.00399634632432162));
#1216=CARTESIAN_POINT('',(-0.00450953708357316,-0.00520558400790891,0.00409593827745685));
#1217=CARTESIAN_POINT('',(-0.00475003525975147,-0.00498780922163579,0.0043550148809576));
#1218=CARTESIAN_POINT('',(-0.00484748249928085,-0.004892000541379,0.00450848201070234));
#1219=CARTESIAN_POINT('',(-0.00500173695368977,-0.0047346498862776,0.00486078103755788));
#1220=CARTESIAN_POINT('',(-0.00505449998028981,-0.00467737074709843,0.00505038367265612));
#1221=CARTESIAN_POINT('',(-0.00508525758060652,-0.00464378637676283,0.00525343417530045));
#1222=CARTESIAN_POINT('',(-0.00178245368744569,-0.00551272654774866,0.00526038692755788));
#1223=CARTESIAN_POINT('',(-0.00181821428034894,-0.00550125821896524,0.00505782420145175));
#1224=CARTESIAN_POINT('',(-0.00188027035694044,-0.00548116703523689,0.00486717070843406));
#1225=CARTESIAN_POINT('',(-0.0020535489241725,-0.00541909455454858,0.00451418610419695));
#1226=CARTESIAN_POINT('',(-0.00216087485580356,-0.00537842413129078,0.00436019025357031));
#1227=CARTESIAN_POINT('',(-0.00241125359153175,-0.00527161948068105,0.00409967616414532));
#1228=CARTESIAN_POINT('',(-0.00254851093695537,-0.00520786249543354,0.00399957757142127));
#1229=CARTESIAN_POINT('',(-0.00284061895440057,-0.00505530799713001,0.00386101882364008));
#1230=CARTESIAN_POINT('',(-0.00298859068815291,-0.00497004021686675,0.00382614658690687));
#1231=CARTESIAN_POINT('',(-0.00328301741216664,-0.00478156531967506,0.00382522517590966));
#1232=CARTESIAN_POINT('',(-0.00342247340395804,-0.00468284140747691,0.00385952611379651));
#1233=CARTESIAN_POINT('',(-0.00368370395935064,-0.00448110402066003,0.00399634632432162));
#1234=CARTESIAN_POINT('',(-0.0037992410130694,-0.00438298301441045,0.00409593827745685));
#1235=CARTESIAN_POINT('',(-0.00400173639763477,-0.0041996203386689,0.0043550148809576));
#1236=CARTESIAN_POINT('',(-0.00408378532023743,-0.00411895105517748,0.00450848201070234));
#1237=CARTESIAN_POINT('',(-0.00421366495409917,-0.00398646447285618,0.00486078103755788));
#1238=CARTESIAN_POINT('',(-0.0042580904813043,-0.00393823645970946,0.00505038322002635));
#1239=CARTESIAN_POINT('',(-0.00428398790513106,-0.00390995893924036,0.00525343417530045));
#1240=CARTESIAN_POINT('',(-0.00178444617039624,-0.00551893951678776,0.00526038692755788));
#1241=CARTESIAN_POINT('',(-0.00189438227096573,-0.00586174274575677,0.00526038692755788));
#1242=CARTESIAN_POINT('',(-0.00200431837153522,-0.00620454597472577,0.00526038692755788));
#1243=CARTESIAN_POINT('',(-0.00211425447210471,-0.00654734920369478,0.00526038692755788));
#1244=CARTESIAN_POINT('',(0.00146856560774022,-0.00671396918322601,0.00525407777271551));
#1245=CARTESIAN_POINT('',(0.00142419000758025,-0.00672377097506072,0.00504768914166312));
#1246=CARTESIAN_POINT('',(0.0013469918688782,-0.00674059562798151,0.00485349546997651));
#1247=CARTESIAN_POINT('',(0.00112764944927885,-0.00678120620121359,0.00449404355299895));
#1248=CARTESIAN_POINT('',(0.000990440474343499,-0.00680397748003008,0.00433735322636856));
#1249=CARTESIAN_POINT('',(0.000663023314540184,-0.00684433671916677,0.00407252284368006));
#1250=CARTESIAN_POINT('',(0.000480418313241641,-0.00686087836646446,0.00397096910472092));
#1251=CARTESIAN_POINT('',(8.16061091407209E-5,-0.0068780326496113,0.0038308957213026));
#1252=CARTESIAN_POINT('',(-0.000125147546969369,-0.00687816990661155,0.00379603452939183));
#1253=CARTESIAN_POINT('',(-0.000547726803097706,-0.00685836130393042,0.00379665731543244));
#1254=CARTESIAN_POINT('',(-0.000753400701690381,-0.00683889507762666,0.00383245558032311));
#1255=CARTESIAN_POINT('',(-0.00114845203114598,-0.00678458650436436,0.0039737036680218));
#1256=CARTESIAN_POINT('',(-0.00132825612467556,-0.00675113584743516,0.00407608784895488));
#1257=CARTESIAN_POINT('',(-0.00164971384265408,-0.00668055964255588,0.00434188839667913));
#1258=CARTESIAN_POINT('',(-0.00178342556099162,-0.00664529711061907,0.00449906335579249));
#1259=CARTESIAN_POINT('',(-0.00199718685125153,-0.0065846819819055,0.00485945986433668));
#1260=CARTESIAN_POINT('',(-0.00207152532089688,-0.00656105233093357,0.00505317005273161));
#1261=CARTESIAN_POINT('',(-0.00211425447210471,-0.00654734920369478,0.00526038692755788));
#1262=CARTESIAN_POINT('',(0.00123421907051193,-0.00565301334879556,0.00525407777271551));
#1263=CARTESIAN_POINT('',(0.00119685454595078,-0.00566126651698779,0.00504768187562013));
#1264=CARTESIAN_POINT('',(0.00113185612433386,-0.00567543234616237,0.00485349546997651));
#1265=CARTESIAN_POINT('',(0.000947173671509899,-0.00570962573332746,0.00449404355299895));
#1266=CARTESIAN_POINT('',(0.00083164613202708,-0.00572879874889576,0.00433735322636856));
#1267=CARTESIAN_POINT('',(0.000555966652063373,-0.00576278051718065,0.00407252284368006));
#1268=CARTESIAN_POINT('',(0.000402216458191449,-0.00577670829276672,0.00397096910472092));
#1269=CARTESIAN_POINT('',(6.64236088008841E-5,-0.00579115189694407,0.0038308957213026));
#1270=CARTESIAN_POINT('',(-0.000107659326959918,-0.00579126746492003,0.00379603452939184));
#1271=CARTESIAN_POINT('',(-0.000463463615418382,-0.00577458897045986,0.00379665731543244));
#1272=CARTESIAN_POINT('',(-0.0006366374143732,-0.0057581987508773,0.00383245558032311));
#1273=CARTESIAN_POINT('',(-0.000969263673573276,-0.00571247188902463,0.0039737036680218));
#1274=CARTESIAN_POINT('',(-0.00112065555245145,-0.00568430702523976,0.00407608784895488));
#1275=CARTESIAN_POINT('',(-0.00139131728739495,-0.00562488310417643,0.00434188839667913));
#1276=CARTESIAN_POINT('',(-0.00150390019843874,-0.00559519267355764,0.00449906335579249));
#1277=CARTESIAN_POINT('',(-0.00168388343868987,-0.00554415580312687,0.00485945986433668));
#1278=CARTESIAN_POINT('',(-0.00174647505758962,-0.0055242600734703,0.00505316959997114));
#1279=CARTESIAN_POINT('',(-0.00178245231289542,-0.00551272226162003,0.00526038692755788));
#1280=CARTESIAN_POINT('',(0.00123562730004895,-0.00565938881890571,0.00525407777271551));
#1281=CARTESIAN_POINT('',(0.00131327340261271,-0.00601091560701248,0.00525407777271551));
#1282=CARTESIAN_POINT('',(0.00139091950517647,-0.00636244239511924,0.00525407777271551));
#1283=CARTESIAN_POINT('',(0.00146856560774022,-0.00671396918322601,0.00525407777271551));
#1284=CARTESIAN_POINT('',(0.00460754090994192,-0.00509061742460775,0.00525980381692117));
#1285=CARTESIAN_POINT('',(0.00457446158099254,-0.00512065059933982,0.00505689396435787));
#1286=CARTESIAN_POINT('',(0.00451685477212878,-0.00517266158303413,0.0048659066433673));
#1287=CARTESIAN_POINT('',(0.00434983071033143,-0.00531433518618526,0.00451232414244669));
#1288=CARTESIAN_POINT('',(0.00424408475590608,-0.00540075870153903,0.00435807917163129));
#1289=CARTESIAN_POINT('',(0.00398508444358589,-0.00559526363152388,0.00409716596300583));
#1290=CARTESIAN_POINT('',(0.00383773326372893,-0.00569878162911553,0.00399693278642746));
#1291=CARTESIAN_POINT('',(0.00350674818096244,-0.00590902080820046,0.00385823385143076));
#1292=CARTESIAN_POINT('',(0.00333085173855869,-0.00601074859189783,0.00382336255499269));
#1293=CARTESIAN_POINT('',(0.00296147690236193,-0.0062019308499825,0.00382258371958592));
#1294=CARTESIAN_POINT('',(0.00277679070244222,-0.00628683793652261,0.00385702301791134));
#1295=CARTESIAN_POINT('',(0.00241353872489437,-0.00643585172426844,0.00399425247493764));
#1296=CARTESIAN_POINT('',(0.00224373257082317,-0.00649644213921905,0.00409410257149428));
#1297=CARTESIAN_POINT('',(0.00193443075013337,-0.006595831258401,0.00435380089400082));
#1298=CARTESIAN_POINT('',(0.00180257127240516,-0.00663229396156413,0.00450761094339169));
#1299=CARTESIAN_POINT('',(0.00158898170802202,-0.00668714332130364,0.00486065899639478));
#1300=CARTESIAN_POINT('',(0.0015129742409146,-0.00670416009497772,0.00505064168191467));
#1301=CARTESIAN_POINT('',(0.00146856560774022,-0.006713969183226,0.00525407777271551));
#1302=CARTESIAN_POINT('',(0.00387718370204541,-0.00428618277705238,0.00525980381692117));
#1303=CARTESIAN_POINT('',(0.00384933067786761,-0.0043114709182728,0.00505688673905249));
#1304=CARTESIAN_POINT('',(0.00380082751817392,-0.00435526256143238,0.0048659066433673));
#1305=CARTESIAN_POINT('',(0.00366019610215926,-0.00447454932292435,0.00451232414244669));
#1306=CARTESIAN_POINT('',(0.0035711598091328,-0.00454731645126728,0.00435807917163128));
#1307=CARTESIAN_POINT('',(0.00335308595631261,-0.00471108629036262,0.00409716596300583));
#1308=CARTESIAN_POINT('',(0.00322901877190982,-0.00479824668167185,0.00399693278642746));
#1309=CARTESIAN_POINT('',(0.00295033496810164,-0.00497526449059297,0.00385823385143076));
#1310=CARTESIAN_POINT('',(0.00280223315869174,-0.00506091755228627,0.00382336255499269));
#1311=CARTESIAN_POINT('',(0.00249122583618058,-0.00522188975821877,0.00382258371958592));
#1312=CARTESIAN_POINT('',(0.0023357232006107,-0.00529338007932174,0.00385702301791134));
#1313=CARTESIAN_POINT('',(0.00202987122082435,-0.00541884715125673,0.00399425247493764));
#1314=CARTESIAN_POINT('',(0.00188689733048747,-0.00546986324893587,0.00409410257149428));
#1315=CARTESIAN_POINT('',(0.00162647046413396,-0.00555354719492902,0.00435380089400082));
#1316=CARTESIAN_POINT('',(0.00151544702913709,-0.0055842481701201,0.00450761094339169));
#1317=CARTESIAN_POINT('',(0.00133560825284391,-0.00563043039706788,0.00486065899639478));
#1318=CARTESIAN_POINT('',(0.0012716113262429,-0.00564475821606266,0.00505064122925281));
#1319=CARTESIAN_POINT('',(0.00123421994680368,-0.00565301731602649,0.00525407777271551));
#1320=CARTESIAN_POINT('',(0.00388156983227133,-0.0042910137763008,0.00525980381692117));
#1321=CARTESIAN_POINT('',(0.00412356019149486,-0.00455754832573645,0.00525980381692117));
#1322=CARTESIAN_POINT('',(0.00436555055071839,-0.0048240828751721,0.00525980381692117));
#1323=CARTESIAN_POINT('',(0.00460754090994192,-0.00509061742460775,0.00525980381692117));
#1324=CARTESIAN_POINT('',(0.00654079390106841,-0.00207533789010663,0.00525460772856061));
#1325=CARTESIAN_POINT('',(0.00652709758908058,-0.00211859575282336,0.00504854100124495));
#1326=CARTESIAN_POINT('',(0.00650307654772142,-0.00219373021313738,0.00485464401823473));
#1327=CARTESIAN_POINT('',(0.00642862257239406,-0.00240361047165311,0.00449573519022559));
#1328=CARTESIAN_POINT('',(0.00637977628514902,-0.00253358799868766,0.00433927111390477));
#1329=CARTESIAN_POINT('',(0.00625115456125776,-0.00283677407014706,0.004074803115092));
#1330=CARTESIAN_POINT('',(0.00617426913499406,-0.00300289403545158,0.0039733715195511));
#1331=CARTESIAN_POINT('',(0.00598997286622549,-0.0033562473598979,0.00383342518125996));
#1332=CARTESIAN_POINT('',(0.00588686746599411,-0.00353507778596794,0.00379856298866011));
#1333=CARTESIAN_POINT('',(0.00565878100069284,-0.00389058444628627,0.00379905593501024));
#1334=CARTESIAN_POINT('',(0.00553927782644527,-0.0040587293979797,0.00383472840292461));
#1335=CARTESIAN_POINT('',(0.00529511156365053,-0.00437328528656177,0.00397560456574883));
#1336=CARTESIAN_POINT('',(0.00517642573452709,-0.00451211743810282,0.00407775427515077));
#1337=CARTESIAN_POINT('',(0.00495489924877167,-0.00475498478186988,0.00434299027123977));
#1338=CARTESIAN_POINT('',(0.00485763050246805,-0.0048530836785245,0.00449985398918178));
#1339=CARTESIAN_POINT('',(0.00469841301474443,-0.00500783987275532,0.00485957089822134));
#1340=CARTESIAN_POINT('',(0.00464080515867193,-0.0050604163586802,0.00505293643876793));
#1341=CARTESIAN_POINT('',(0.00460754090994192,-0.00509061742460776,0.00525980381692117));
#1342=CARTESIAN_POINT('',(0.00550494626701693,-0.00174736763275177,0.00525460772856061));
#1343=CARTESIAN_POINT('',(0.0054934138881832,-0.00178379101890347,0.00504853373898908));
#1344=CARTESIAN_POINT('',(0.00547318891807365,-0.00184705188896413,0.00485464401823473));
#1345=CARTESIAN_POINT('',(0.00541049997876942,-0.0020237673797005,0.00449573519022559));
#1346=CARTESIAN_POINT('',(0.00536937226298423,-0.00213320617416858,0.00433927111390477));
#1347=CARTESIAN_POINT('',(0.00526107503094561,-0.00238848352031482,0.004074803115092));
#1348=CARTESIAN_POINT('',(0.0051963388526659,-0.00252835361289762,0.0039733715195511));
#1349=CARTESIAN_POINT('',(0.00504116463186667,-0.00282587090477852,0.00383342518125997));
#1350=CARTESIAN_POINT('',(0.00495435169610838,-0.0029764429820432,0.00379856298866011));
#1351=CARTESIAN_POINT('',(0.00476230689908419,-0.003275773344901,0.00379905593501024));
#1352=CARTESIAN_POINT('',(0.00466168732566141,-0.00341734844045065,0.00383472840292461));
#1353=CARTESIAN_POINT('',(0.00445610362161902,-0.00368219897288236,0.00397560456574883));
#1354=CARTESIAN_POINT('',(0.00435617223843259,-0.00379909320563711,0.00407775427515077));
#1355=CARTESIAN_POINT('',(0.00416965082894786,-0.0040035832426761,0.00434299027123977));
#1356=CARTESIAN_POINT('',(0.00408775225326515,-0.00408618079037123,0.00449985398918178));
#1357=CARTESIAN_POINT('',(0.00395369392555072,-0.00421648278733558,0.00485957089822134));
#1358=CARTESIAN_POINT('',(0.00390518917170729,-0.00426075122041053,0.00505293598600029));
#1359=CARTESIAN_POINT('',(0.00387718120964314,-0.00428618003185495,0.00525980381692117));
#1360=CARTESIAN_POINT('',(0.00551117052112664,-0.00174933835716634,0.00525460772856061));
#1361=CARTESIAN_POINT('',(0.00585437831444056,-0.00185800486814644,0.00525460772856061));
#1362=CARTESIAN_POINT('',(0.00619758610775449,-0.00196667137912653,0.00525460772856061));
#1363=CARTESIAN_POINT('',(0.00654079390106841,-0.00207533789010663,0.00525460772856061));
#1364=CARTESIAN_POINT('',(0.00670495357585676,0.00145918399440218,0.00525932352621273));
#1365=CARTESIAN_POINT('',(0.00671444752266957,0.00141545934215796,0.00505612182046237));
#1366=CARTESIAN_POINT('',(0.00673072954525114,0.00133945408582609,0.00486486549582805));
#1367=CARTESIAN_POINT('',(0.00677001206604883,0.0011236430864121,0.00451079055166243));
#1368=CARTESIAN_POINT('',(0.00679203970545764,0.000988647848234618,0.00435634040185591));
#1369=CARTESIAN_POINT('',(0.00683107745710931,0.000666599276233176,0.00409509848100312));
#1370=CARTESIAN_POINT('',(0.00684708391094525,0.000486957573098792,0.00399475446649262));
#1371=CARTESIAN_POINT('',(0.00686368009496896,9.46035151260592E-5,0.00385594009453563));
#1372=CARTESIAN_POINT('',(0.00686381325083154,-0.000108889804649313,0.0038210695850564));
#1373=CARTESIAN_POINT('',(0.00684460363042265,-0.000524963263375681,0.00382040820708833));
#1374=CARTESIAN_POINT('',(0.00682572139550913,-0.000727633362841186,0.00385496147287844));
#1375=CARTESIAN_POINT('',(0.00677296945507771,-0.00111722192782989,0.00399252801243025));
#1376=CARTESIAN_POINT('',(0.00674043986667231,-0.00129477706132911,0.00409259072188053));
#1377=CARTESIAN_POINT('',(0.00667167011627796,-0.00161265731242596,0.00435280109328593));
#1378=CARTESIAN_POINT('',(0.00663723130114604,-0.00174518791105625,0.004506893559366));
#1379=CARTESIAN_POINT('',(0.00657780979355393,-0.00195769684922303,0.00486055846437866));
#1380=CARTESIAN_POINT('',(0.00655450652483795,-0.0020320285089363,0.00505085412107027));
#1381=CARTESIAN_POINT('',(0.00654079390106841,-0.00207533789010663,0.00525460772856061));
#1382=CARTESIAN_POINT('',(0.00564316910313179,0.00122863841443,0.00525932352621273));
#1383=CARTESIAN_POINT('',(0.00565116307141667,0.00119182195756549,0.00505611459175495));
#1384=CARTESIAN_POINT('',(0.00566487202911748,0.00112782787635312,0.00486486549582805));
#1385=CARTESIAN_POINT('',(0.00569794724069768,0.000946118700821532,0.00451079055166243));
#1386=CARTESIAN_POINT('',(0.00571649413685566,0.000832455015946676,0.00435634040185591));
#1387=CARTESIAN_POINT('',(0.00574936325699548,0.000561295618796352,0.00409509848100312));
#1388=CARTESIAN_POINT('',(0.0057628404177408,0.000410040372973498,0.00399475446649262));
#1389=CARTESIAN_POINT('',(0.00577681412123186,7.96849574280031E-5,0.00385594009453563));
#1390=CARTESIAN_POINT('',(0.0057769262361939,-9.16529422294472E-5,0.0038210695850564));
#1391=CARTESIAN_POINT('',(0.00576075206390309,-0.000441979688090587,0.00382040820708833));
#1392=CARTESIAN_POINT('',(0.00574485354460775,-0.000612624450307438,0.00385496147287844));
#1393=CARTESIAN_POINT('',(0.00570043731174885,-0.000940651367994016,0.00399252801243025));
#1394=CARTESIAN_POINT('',(0.00567304795390528,-0.00109014975782193,0.00409259072188053));
#1395=CARTESIAN_POINT('',(0.00561514499863608,-0.00135779949996402,0.00435280109328593));
#1396=CARTESIAN_POINT('',(0.00558614810449769,-0.00146938800043531,0.004506893559366));
#1397=CARTESIAN_POINT('',(0.00553611621000332,-0.00164831689679478,0.00486055846437866));
#1398=CARTESIAN_POINT('',(0.00551649527625257,-0.00171090281997955,0.00505085366838508));
#1399=CARTESIAN_POINT('',(0.00550494946074877,-0.0017473686439517,0.00525460772856061));
#1400=CARTESIAN_POINT('',(0.00564954595380163,0.00123002302192224,0.00525932352621273));
#1401=CARTESIAN_POINT('',(0.00600134849448667,0.00130641001274888,0.00525932352621273));
#1402=CARTESIAN_POINT('',(0.00635315103517172,0.00138279700357553,0.00525932352621273));
#1403=CARTESIAN_POINT('',(0.00670495357585676,0.00145918399440218,0.00525932352621273));
#1404=CARTESIAN_POINT('',(0.00506231617975582,0.00463760207114388,0.00525504412572415));
#1405=CARTESIAN_POINT('',(0.00509287882712939,0.00460414369880724,0.00504924248264295));
#1406=CARTESIAN_POINT('',(0.00514584384019221,0.00454583322554419,0.00485558982050393));
#1407=CARTESIAN_POINT('',(0.00529012405635782,0.00437660301705787,0.00449712822475595));
#1408=CARTESIAN_POINT('',(0.00537811161400538,0.00426943447920469,0.00434085046722556));
#1409=CARTESIAN_POINT('',(0.00557603089803298,0.00400676975569859,0.00407668090065565));
#1410=CARTESIAN_POINT('',(0.00568128021198575,0.00385730898141684,0.0039753498969101));
#1411=CARTESIAN_POINT('',(0.00589481337592902,0.00352145447796056,0.00383550819972409));
#1412=CARTESIAN_POINT('',(0.00599798444992845,0.00334297506831154,0.00380064519301651));
#1413=CARTESIAN_POINT('',(0.00619156659973989,0.00296817357136827,0.00380103123939687));
#1414=CARTESIAN_POINT('',(0.00627733758783272,0.00278084321886564,0.00383660012198051));
#1415=CARTESIAN_POINT('',(0.00642752864408433,0.00241255921079974,0.0039771700188036));
#1416=CARTESIAN_POINT('',(0.0064883795152886,0.00224055437038178,0.00407912664097777));
#1417=CARTESIAN_POINT('',(0.00658790654170635,0.0019275990901446,0.00434389771842364));
#1418=CARTESIAN_POINT('',(0.00662422984645721,0.00179442920167052,0.00450050511358481));
#1419=CARTESIAN_POINT('',(0.00667866365734571,0.00157930057480812,0.00485966232240999));
#1420=CARTESIAN_POINT('',(0.00669541043241194,0.00150313522318703,0.00505274400814662));
#1421=CARTESIAN_POINT('',(0.00670495357585676,0.00145918399440218,0.00525932352621272));
#1422=CARTESIAN_POINT('',(0.00426009421626689,0.003904810088953,0.00525504412572415));
#1423=CARTESIAN_POINT('',(0.00428582815504656,0.00387663793178173,0.00504923522350301));
#1424=CARTESIAN_POINT('',(0.00433042304263032,0.00382754232909915,0.00485558982050393));
#1425=CARTESIAN_POINT('',(0.00445190445630067,0.00368505345911403,0.00449712822475595));
#1426=CARTESIAN_POINT('',(0.00452598843796145,0.00359481942824424,0.00434085046722556));
#1427=CARTESIAN_POINT('',(0.00469263300681002,0.00337366033394245,0.00407668090065565));
#1428=CARTESIAN_POINT('',(0.00478125108478781,0.0032478169811215,0.0039753498969101));
#1429=CARTESIAN_POINT('',(0.00496104226691049,0.00296503337466647,0.00383550819972409));
#1430=CARTESIAN_POINT('',(0.00504791050326628,0.00281475683938373,0.00380064519301651));
#1431=CARTESIAN_POINT('',(0.00521090328110802,0.00249918054691292,0.00380103123939687));
#1432=CARTESIAN_POINT('',(0.00528312095004649,0.0023414516728498,0.00383660012198051));
#1433=CARTESIAN_POINT('',(0.00540957918748873,0.00203136299180241,0.0039771700188036));
#1434=CARTESIAN_POINT('',(0.00546081455470278,0.00188653793035301,0.00407912664097777));
#1435=CARTESIAN_POINT('',(0.00554461456685245,0.00162303506856651,0.00434389771842364));
#1436=CARTESIAN_POINT('',(0.00557519815292947,0.00151090835611701,0.00450050511358481));
#1437=CARTESIAN_POINT('',(0.00562103046780908,0.00132977382217503,0.00485966232240999));
#1438=CARTESIAN_POINT('',(0.00563513094487541,0.00126564399562681,0.00505274355537554));
#1439=CARTESIAN_POINT('',(0.00564316611849548,0.00122863776637502,0.00525932352621272));
#1440=CARTESIAN_POINT('',(0.00426491443143383,0.00390921312849509,0.00525504412572415));
#1441=CARTESIAN_POINT('',(0.00453071501420783,0.00415200944271135,0.00525504412572415));
#1442=CARTESIAN_POINT('',(0.00479651559698182,0.00439480575692762,0.00525504412572415));
#1443=CARTESIAN_POINT('',(0.00506231617975582,0.00463760207114388,0.00525504412572415));
#1444=CARTESIAN_POINT('',(0.00208050959992175,0.00654926994132218,0.00525892793079034));
#1445=CARTESIAN_POINT('',(0.00212317615719894,0.00653562133528071,0.0050554858460494));
#1446=CARTESIAN_POINT('',(0.00219723591269733,0.00651170313658206,0.00486400796280505));
#1447=CARTESIAN_POINT('',(0.00240404917867082,0.00643775234465529,0.00450952743141885));
#1448=CARTESIAN_POINT('',(0.00253214066136235,0.00638928488786936,0.0043549082935665));
#1449=CARTESIAN_POINT('',(0.00283095109908218,0.00626192574399688,0.0040933956466031));
#1450=CARTESIAN_POINT('',(0.00299473570893404,0.00618587573572531,0.00399296034947187));
#1451=CARTESIAN_POINT('',(0.00334324954699032,0.00600383406950548,0.003854050917881));
#1452=CARTESIAN_POINT('',(0.00351975092157776,0.00590206485248719,0.003819181065015));
#1453=CARTESIAN_POINT('',(0.00387085963783441,0.00567707764326044,0.00381861644686159));
#1454=CARTESIAN_POINT('',(0.00403710029797879,0.0055592245768247,0.00385326358569777));
#1455=CARTESIAN_POINT('',(0.00434839607545708,0.00531841175556837,0.00399110776506042));
#1456=CARTESIAN_POINT('',(0.00448600107170442,0.00520130615016932,0.00409134558672656));
#1457=CARTESIAN_POINT('',(0.00472705619211657,0.00498253633247047,0.00435197768284815));
#1458=CARTESIAN_POINT('',(0.00482464986431435,0.00488633947200337,0.00450630273951366));
#1459=CARTESIAN_POINT('',(0.00497900105688257,0.00472848591078079,0.00486047565337786));
#1460=CARTESIAN_POINT('',(0.00503170588610291,0.00467111260411096,0.00505102904749594));
#1461=CARTESIAN_POINT('',(0.00506231617975581,0.0046376020711439,0.00525504412572415));
#1462=CARTESIAN_POINT('',(0.00174946616998344,0.00551440356582698,0.00525892793079034));
#1463=CARTESIAN_POINT('',(0.00178539170100495,0.00550291134683782,0.00505547861453784));
#1464=CARTESIAN_POINT('',(0.00184774772672295,0.00548277295946416,0.00486400796280505));
#1465=CARTESIAN_POINT('',(0.00202188095556345,0.00542050765886603,0.00450952743141885));
#1466=CARTESIAN_POINT('',(0.00212973179077486,0.00537969889012436,0.0043549082935665));
#1467=CARTESIAN_POINT('',(0.00238132506302687,0.00527246467165929,0.0040933956466031));
#1468=CARTESIAN_POINT('',(0.00251922890016052,0.00520843186684216,0.00399296034947187));
#1469=CARTESIAN_POINT('',(0.00281267158446159,0.00505515590084863,0.003854050917881));
#1470=CARTESIAN_POINT('',(0.00296128271976293,0.00496946796263757,0.00381918106501501));
#1471=CARTESIAN_POINT('',(0.00325691024707855,0.00478003258475669,0.0038186164468616));
#1472=CARTESIAN_POINT('',(0.00339688203650538,0.00468080232072789,0.00385326358569777));
#1473=CARTESIAN_POINT('',(0.00365898775105686,0.00447804204848825,0.00399110776506042));
#1474=CARTESIAN_POINT('',(0.00377484880178948,0.00437944113385413,0.00409134558672656));
#1475=CARTESIAN_POINT('',(0.00397781308576961,0.00419524069318398,0.00435197768284815));
#1476=CARTESIAN_POINT('',(0.00405998528673654,0.00411424458377773,0.00450630273951366));
#1477=CARTESIAN_POINT('',(0.00418994634803873,0.00398133458803702,0.00486047565337786));
#1478=CARTESIAN_POINT('',(0.0042343228661198,0.00393302729620799,0.00505102859479362));
#1479=CARTESIAN_POINT('',(0.00426009625495533,0.0039048119511989,0.00525504412572415));
#1480=CARTESIAN_POINT('',(0.00175145443481977,0.00552061902953543,0.00525892793079034));
#1481=CARTESIAN_POINT('',(0.00186113948985376,0.00586350266679768,0.00525892793079034));
#1482=CARTESIAN_POINT('',(0.00197082454488776,0.00620638630405993,0.00525892793079034));
#1483=CARTESIAN_POINT('',(0.00208050959992175,0.00654926994132218,0.00525892793079034));
#1484=CARTESIAN_POINT('',(-0.00148264164548528,0.00671762222792645,0.00522226414621552));
#1485=CARTESIAN_POINT('',(-0.00143506750849532,0.00672802006846215,0.0050189654319352));
#1486=CARTESIAN_POINT('',(-0.00135542258859023,0.00674511918384321,0.00482818129784171));
#1487=CARTESIAN_POINT('',(-0.00113278770089155,0.00678558512887921,0.00447615777706791));
#1488=CARTESIAN_POINT('',(-0.000994711372394555,0.00680796061149554,0.00432314811051525));
#1489=CARTESIAN_POINT('',(-0.000667229724205148,0.00684712475505063,0.00406557038425474));
#1490=CARTESIAN_POINT('',(-0.000485284651796199,0.00686291713212913,0.0039672967844654));
#1491=CARTESIAN_POINT('',(-8.92353976419875E-5,0.00687864160028981,0.00383305046424973));
#1492=CARTESIAN_POINT('',(0.000115660806299866,0.00687814401685301,0.00380053365521426));
#1493=CARTESIAN_POINT('',(0.000533609726613404,0.00685750652013485,0.00380467356395602));
#1494=CARTESIAN_POINT('',(0.000736814822236808,0.00683785839948287,0.00384156008735211));
#1495=CARTESIAN_POINT('',(0.00112669754764859,0.00678368987287219,0.00398362196209906));
#1496=CARTESIAN_POINT('',(0.00130410694907025,0.00675053082560792,0.00408577524214133));
#1497=CARTESIAN_POINT('',(0.00162118185007874,0.00668078772576717,0.00434982779804436));
#1498=CARTESIAN_POINT('',(0.00175315717135871,0.0066460101346608,0.00450564732421326));
#1499=CARTESIAN_POINT('',(0.00196430839516168,0.00658622558719697,0.00486236825400502));
#1500=CARTESIAN_POINT('',(0.00203793226337111,0.00656289000654327,0.0050540099944495));
#1501=CARTESIAN_POINT('',(0.00208050959992175,0.00654926994132218,0.00525892793079035));
#1502=CARTESIAN_POINT('',(-0.00121030761029383,0.00547158881812932,0.00522226414621552));
#1503=CARTESIAN_POINT('',(-0.00117155668122781,0.00548005825145028,0.00501895627447196));
#1504=CARTESIAN_POINT('',(-0.00110668674511161,0.00549398529261602,0.00482818129784171));
#1505=CARTESIAN_POINT('',(-0.000925348978222515,0.00552694510490661,0.00447615777706791));
#1506=CARTESIAN_POINT('',(-0.00081288478481282,0.00554517010141391,0.00432314811051525));
#1507=CARTESIAN_POINT('',(-0.000546148554055495,0.00557706958674531,0.00406557038425474));
#1508=CARTESIAN_POINT('',(-0.000397952943438677,0.00558993259497771,0.0039672967844654));
#1509=CARTESIAN_POINT('',(-7.53678891878071E-5,0.00560274029089298,0.00383305046424973));
#1510=CARTESIAN_POINT('',(9.15215882473504E-5,0.00560233500549408,0.00380053365521426));
#1511=CARTESIAN_POINT('',(0.000431944082973064,0.00558552561138817,0.00380467356395602));
#1512=CARTESIAN_POINT('',(0.000597456140143117,0.00556952207142448,0.00384156008735211));
#1513=CARTESIAN_POINT('',(0.000915018511007888,0.00552540140483539,0.00398362196209906));
#1514=CARTESIAN_POINT('',(0.00105951978397314,0.00549839311496121,0.00408577524214133));
#1515=CARTESIAN_POINT('',(0.0013177796419846,0.00544158684298931,0.00434982779804436));
#1516=CARTESIAN_POINT('',(0.00142527451977649,0.00541326023715408,0.00450564732421326));
#1517=CARTESIAN_POINT('',(0.00159725875727009,0.00536456527993677,0.00486236825400502));
#1518=CARTESIAN_POINT('',(0.00165722587196103,0.00534555829945684,0.00505400948014378));
#1519=CARTESIAN_POINT('',(0.00169190550018997,0.00533446463234219,0.00525892793079035));
#1520=CARTESIAN_POINT('',(-0.00121193186895302,0.00547902042892334,0.00522226414621551));
#1521=CARTESIAN_POINT('',(-0.00130216846113044,0.00589188769525771,0.00522226414621551));
#1522=CARTESIAN_POINT('',(-0.00139240505330786,0.00630475496159208,0.00522226414621551));
#1523=CARTESIAN_POINT('',(-0.00148264164548528,0.00671762222792645,0.00522226414621551));
#1524=CARTESIAN_POINT('',(-0.00148264164548528,0.00671762222792645,0.00287391545512029));
#1525=CARTESIAN_POINT('',(-0.00148575027494558,0.00671694204971655,0.0029534271868623));
#1526=CARTESIAN_POINT('',(-0.00148575027494558,0.00671694204971655,0.00538128760969952));
#1527=CARTESIAN_POINT('',(-0.00139447747294806,0.00630025827570855,0.00538128760969952));
#1528=CARTESIAN_POINT('',(-0.00130320467095054,0.00588357450170055,0.00538128760969952));
#1529=CARTESIAN_POINT('',(-0.00121193186895302,0.00546689072769255,0.00538128760969952));
#1530=CARTESIAN_POINT('',(-0.00168405127755352,0.00667041675572473,0.0047782938892338));
#1531=CARTESIAN_POINT('',(-0.00168275660903722,0.00667074075894213,0.00478072745193617));
#1532=CARTESIAN_POINT('',(-0.00168146666735627,0.00667106320536423,0.00478316481051919));
#1533=CARTESIAN_POINT('',(-0.00158187201671913,0.00669593064533832,0.00497233673459071));
#1534=CARTESIAN_POINT('',(-0.00151682206119203,0.00671013590757547,0.00517089826971672));
#1535=CARTESIAN_POINT('',(-0.00148575027494557,0.00671694204971655,0.00538128760969951));
#1536=CARTESIAN_POINT('',(-0.00133409060535372,0.00527226793312621,0.0047782938892338));
#1537=CARTESIAN_POINT('',(-0.00133306731290875,0.00527252402187815,0.00478072745193617));
#1538=CARTESIAN_POINT('',(-0.00133204775650499,0.00527277888015538,0.00478316481051919));
#1539=CARTESIAN_POINT('',(-0.00125332918702382,0.00529243384444207,0.00497233673459071));
#1540=CARTESIAN_POINT('',(-0.00120191441700093,0.00530366152759168,0.00517089792756063));
#1541=CARTESIAN_POINT('',(-0.0011773555683601,0.00530904103855203,0.00538128760969951));
#1542=CARTESIAN_POINT('',(-1.48015247328974E-5,6.16552747334271E-6,0.0166136519321401));
#1543=CARTESIAN_POINT('',(0.,-4.22503145705837E-20,0.0166136519321401));
#1544=CARTESIAN_POINT('',(-0.00069,-4.22503145705837E-20,0.0166136519321401));
#1545=CARTESIAN_POINT('',(-0.00291920663195291,0.00291628825985436,0.0166136519321402));
#1546=CARTESIAN_POINT('',(-0.00412678407587363,5.36500686712055E-6,0.0166136519321401));
#1547=CARTESIAN_POINT('',(-0.00292073737851871,-0.00290131786735755,0.0166136519321402));
#1548=CARTESIAN_POINT('',(-1.81899044270514E-5,-0.00410482653538182,0.0166136519321401));
#1549=CARTESIAN_POINT('',(0.00289075117318004,-0.00290363129878708,0.0166136519321401));
#1550=CARTESIAN_POINT('',(0.0040959218870267,4.74707107531819E-6,0.0166136519321402));
#1551=CARTESIAN_POINT('',(0.0028953303357043,0.00290867745167858,0.0166136519321402));
#1552=CARTESIAN_POINT('',(-9.94286353310348E-6,0.00411690264118481,0.0166136519321401));
#1553=CARTESIAN_POINT('',(-0.00291920663195291,0.00291628825985436,0.0166136519321402));
#1554=CARTESIAN_POINT('',(-0.00412678407587363,5.36500686712055E-6,0.0166136519321401));
#1555=CARTESIAN_POINT('',(-0.00292073737851871,-0.00290131786735755,0.0166136519321402));
#1556=CARTESIAN_POINT('',(-0.00372451338566102,6.07173666091105E-6,0.0166136519321401));
#1557=CARTESIAN_POINT('',(0.00578428622263905,-0.000379278540431615,0.00598659848782384));
#1558=CARTESIAN_POINT('',(0.00578427258004212,0.000379663479658039,0.00598666882817559));
#1559=CARTESIAN_POINT('',(0.00574687541335994,0.000759292387865775,0.00598670416051555));
#1560=CARTESIAN_POINT('',(0.00559880043263723,0.00150364628704289,0.00598677390322205));
#1561=CARTESIAN_POINT('',(0.00548806049457356,0.00186868367362644,0.00598680825926755));
#1562=CARTESIAN_POINT('',(0.00519761608009405,0.00256984486818604,0.00598687472236573));
#1563=CARTESIAN_POINT('',(0.00501778972364539,0.00290626295529066,0.00598690678302153));
#1564=CARTESIAN_POINT('',(0.00459613864659634,0.00353728725380789,0.00598696741017911));
#1565=CARTESIAN_POINT('',(0.00435413697057519,0.00383215831603503,0.0059869959443806));
#1566=CARTESIAN_POINT('',(0.00381748371464405,0.00436879721086567,0.00598704840324578));
#1567=CARTESIAN_POINT('',(0.00352260690239368,0.00461079028406554,0.00598707231533733));
#1568=CARTESIAN_POINT('',(0.0028915748333303,0.00503242259447196,0.00598711458732534));
#1569=CARTESIAN_POINT('',(0.0025551547225864,0.00521223880194567,0.00598713295925158));
#1570=CARTESIAN_POINT('',(0.00185399353185272,0.00550266289879777,0.00598716341729376));
#1571=CARTESIAN_POINT('',(0.00148895815594385,0.00561339268324339,0.00598717554396962));
#1572=CARTESIAN_POINT('',(0.000744612037592016,0.00576144888628644,0.00598719301521061));
#1573=CARTESIAN_POINT('',(0.000364988869704712,0.00579883743723486,0.00598719843169705));
#1574=CARTESIAN_POINT('',(-0.000393938772159754,0.00579883670016512,0.00598720224270479));
#1575=CARTESIAN_POINT('',(-0.000773561790945673,0.00576144739223668,0.00598720074213389));
#1576=CARTESIAN_POINT('',(-0.00151790734235404,0.00561338982790927,0.00598719074486421));
#1577=CARTESIAN_POINT('',(-0.00188294229341483,0.00550265939987118,0.00598718238641598));
#1578=CARTESIAN_POINT('',(-0.00258410243660814,0.00521223426316763,0.00598715896392113));
#1579=CARTESIAN_POINT('',(-0.00292052191073848,0.00503241762175898,0.00598714407054148));
#1580=CARTESIAN_POINT('',(-0.00355155261129232,0.00461078475269639,0.00598710812220021));
#1581=CARTESIAN_POINT('',(-0.00384642867101551,0.00436879151982968,0.00598708726814885));
#1582=CARTESIAN_POINT('',(-0.00438308044620554,0.00383215263416272,0.00598704017499329));
#1583=CARTESIAN_POINT('',(-0.00462508136703279,0.00353728170971503,0.00598701416370643));
#1584=CARTESIAN_POINT('',(-0.00504673107730713,0.00290625798839107,0.0059869577351948));
#1585=CARTESIAN_POINT('',(-0.00522655678941461,0.00256984031473665,0.00598692756832384));
#1586=CARTESIAN_POINT('',(-0.00551700016038189,0.00186868017899697,0.00598686397262803));
#1587=CARTESIAN_POINT('',(-0.00562773966155848,0.00150364341808356,0.00598683081145693));
#1588=CARTESIAN_POINT('',(-0.00577581408254404,0.00075929089929069,0.0059867624919708));
#1589=CARTESIAN_POINT('',(-0.00581321108481961,0.00037966273345037,0.00598672761270864));
#1590=CARTESIAN_POINT('',(-0.00581322473862727,-0.000379277794223944,0.00598665719401119));
#1591=CARTESIAN_POINT('',(-0.00577584133080965,-0.000758908665631101,0.00598662193868996));
#1592=CARTESIAN_POINT('',(-0.00562779213980522,-0.00150327163187963,0.00598655212559846));
#1593=CARTESIAN_POINT('',(-0.00551706416198356,-0.00186831609751051,0.0059865178504722));
#1594=CARTESIAN_POINT('',(-0.00522664010428332,-0.00256949553825024,0.00598645132407769));
#1595=CARTESIAN_POINT('',(-0.00504682208861524,-0.00290592474252564,0.00598641934750991));
#1596=CARTESIAN_POINT('',(-0.00462518283627082,-0.00353697368851674,0.00598635866219348));
#1597=CARTESIAN_POINT('',(-0.00438318461176101,-0.00383185821354582,0.00598633021403463));
#1598=CARTESIAN_POINT('',(-0.00384653284825686,-0.00436852440479057,0.00598627769941474));
#1599=CARTESIAN_POINT('',(-0.0035516540727884,-0.00461053123683072,0.00598625387380875));
#1600=CARTESIAN_POINT('',(-0.00292061293666794,-0.00503218933696211,0.00598621154537083));
#1601=CARTESIAN_POINT('',(-0.00258418574685999,-0.00521201750465329,0.00598619325879391));
#1602=CARTESIAN_POINT('',(-0.00188300630996389,-0.00550246195829342,0.0059861627406131));
#1603=CARTESIAN_POINT('',(-0.00151795981686908,-0.00561320008349736,0.00598615069674416));
#1604=CARTESIAN_POINT('',(-0.000773589051062607,-0.00576126811125978,0.00598613315924389));
#1605=CARTESIAN_POINT('',(-0.000393952420358076,-0.00579866011370098,0.00598612782200288));
#1606=CARTESIAN_POINT('',(0.000365002517903056,-0.00579866086908006,0.00598612393711508));
#1607=CARTESIAN_POINT('',(0.00074463929554634,-0.00576126959791831,0.00598612551289301));
#1608=CARTESIAN_POINT('',(0.00148901063666686,-0.0056132029665604,0.00598613542832193));
#1609=CARTESIAN_POINT('',(0.00185405754796492,-0.00550246545944442,0.00598614385807668));
#1610=CARTESIAN_POINT('',(0.00255523804793775,-0.00521202207660568,0.00598616719164211));
#1611=CARTESIAN_POINT('',(0.00289166586284798,-0.00503219431799638,0.0059861821531595));
#1612=CARTESIAN_POINT('',(0.00352270838811418,-0.00461053680150311,0.00598621800743387));
#1613=CARTESIAN_POINT('',(0.0038175878993513,-0.00436853010580219,0.00598623892766834));
#1614=CARTESIAN_POINT('',(0.00435424116698011,-0.00383186392375788,0.00598628592435286));
#1615=CARTESIAN_POINT('',(0.00459624012459257,-0.00353697924043358,0.0059863120013799));
#1616=CARTESIAN_POINT('',(0.00501788076781983,-0.00290592972941392,0.00598636833411571));
#1617=CARTESIAN_POINT('',(0.00519769940086411,-0.00256950009550238,0.0059863985678631));
#1618=CARTESIAN_POINT('',(0.00548812452567262,-0.00186831960299994,0.00598646207147178));
#1619=CARTESIAN_POINT('',(0.00559885290966005,-0.00150327450128793,0.0059864953020617));
#1620=CARTESIAN_POINT('',(0.00574690268318717,-0.00075891015780264,0.00598656353558134));
#1621=CARTESIAN_POINT('',(0.00578428622263905,-0.000379278540431615,0.00598659848782384));
#1622=CARTESIAN_POINT('',(0.00578427258004212,0.000379663479658039,0.00598666882817559));
#1623=CARTESIAN_POINT('',(0.00575711279291137,-0.000377498605248719,0.0059813272474722));
#1624=CARTESIAN_POINT('',(0.00575709880617891,0.000377883544475142,0.00598139936216457));
#1625=CARTESIAN_POINT('',(0.00571987635173275,0.000755736781196448,0.00598143558576544));
#1626=CARTESIAN_POINT('',(0.00557249554595832,0.00149659907916397,0.00598150708773691));
#1627=CARTESIAN_POINT('',(0.00546227339399872,0.0018599289668468,0.00598154231041622));
#1628=CARTESIAN_POINT('',(0.00517319103377481,0.00255780102272629,0.00598161045005101));
#1629=CARTESIAN_POINT('',(0.00499420565620358,0.00289264541193696,0.00598164331943924));
#1630=CARTESIAN_POINT('',(0.0045745321988768,0.00352070946029421,0.00598170547592139));
#1631=CARTESIAN_POINT('',(0.00433366238808576,0.00381420111792977,0.00598173472990024));
#1632=CARTESIAN_POINT('',(0.00379952633540887,0.00434832244724633,0.00598178851204421));
#1633=CARTESIAN_POINT('',(0.00350602878270532,0.00458918343820928,0.00598181302732005));
#1634=CARTESIAN_POINT('',(0.00287795676778932,0.00500883765550346,0.00598185636562211));
#1635=CARTESIAN_POINT('',(0.0025431103038929,0.00518781262809109,0.00598187520098156));
#1636=CARTESIAN_POINT('',(0.00184523825193585,0.00547687415817393,0.00598190642733013));
#1637=CARTESIAN_POINT('',(0.00148191042564712,0.00558708590038971,0.00598191885990229));
#1638=CARTESIAN_POINT('',(0.000741056104776776,0.0057344474548161,0.00598193677185664));
#1639=CARTESIAN_POINT('',(0.000363208753175914,0.00577166107619598,0.00598194232497435));
#1640=CARTESIAN_POINT('',(-0.000392158655630956,0.0057716603205336,0.00598194623211505));
#1641=CARTESIAN_POINT('',(-0.00077000585436934,0.00573444592307883,0.00598194469369213));
#1642=CARTESIAN_POINT('',(-0.00151085959399502,0.00558708297302957,0.00598193444424058));
#1643=CARTESIAN_POINT('',(-0.00187418698471886,0.00547687057098666,0.00598192587494987));
#1644=CARTESIAN_POINT('',(-0.00257205796271125,0.00518780797482204,0.00598190186162084));
#1645=CARTESIAN_POINT('',(-0.00290690377393548,0.00500883255735343,0.00598188659255458));
#1646=CARTESIAN_POINT('',(-0.00353497438582118,0.00458917776731093,0.00598184973741372));
#1647=CARTESIAN_POINT('',(-0.00382847116701501,0.00434831661265353,0.00598182835731736));
#1648=CARTESIAN_POINT('',(-0.00436260570159898,0.0038141952927318,0.00598178007623344));
#1649=CARTESIAN_POINT('',(-0.0046034747381463,0.0035207037763512,0.00598175340880993));
#1650=CARTESIAN_POINT('',(-0.00502314679422137,0.00289264031974696,0.00598169555688488));
#1651=CARTESIAN_POINT('',(-0.00520213151119787,0.00255779635441579,0.00598166462905235));
#1652=CARTESIAN_POINT('',(-0.00549121280158688,0.00185992538406505,0.00598159942915037));
#1653=CARTESIAN_POINT('',(-0.00560143450563888,0.00149659613783492,0.00598156543148626));
#1654=CARTESIAN_POINT('',(-0.00574881473755675,0.000755735255071945,0.005981495388636));
#1655=CARTESIAN_POINT('',(-0.00578603702344914,0.00037788277944433,0.00598145962954185));
#1656=CARTESIAN_POINT('',(-0.00578605102167511,-0.000377497840217904,0.0059813874345275));
#1657=CARTESIAN_POINT('',(-0.00574884267316189,-0.000755353089660481,0.00598135128988817));
#1658=CARTESIAN_POINT('',(-0.00560148830765331,-0.00149622468341697,0.00598127971575623));
#1659=CARTESIAN_POINT('',(-0.00549127841763372,-0.00185956182871662,0.00598124457603735));
#1660=CARTESIAN_POINT('',(-0.00520221692769035,-0.00255745259103749,0.00598117637150958));
#1661=CARTESIAN_POINT('',(-0.00502324010129651,-0.00289230837785041,0.00598114358833049));
#1662=CARTESIAN_POINT('',(-0.00460357876695342,-0.0035203976954159,0.00598108137222243));
#1663=CARTESIAN_POINT('',(-0.00436271249473836,-0.00381390315545358,0.00598105220645665));
#1664=CARTESIAN_POINT('',(-0.00382857797213504,-0.00434805246973833,0.00598099836715156));
#1665=CARTESIAN_POINT('',(-0.00353507840669107,-0.00458892756660933,0.00598097394054288));
#1666=CARTESIAN_POINT('',(-0.00290699709600079,-0.00500860822417622,0.00598093054436695));
#1667=CARTESIAN_POINT('',(-0.00257214337447042,-0.00518759545867871,0.00598091179650977));
#1668=CARTESIAN_POINT('',(-0.00187425261609014,-0.00547667785905107,0.00598088050850557));
#1669=CARTESIAN_POINT('',(-0.00151091339218362,-0.00558689815242142,0.00598086816082914));
#1670=CARTESIAN_POINT('',(-0.000770033802124756,-0.00573427182984661,0.00598085018094412));
#1671=CARTESIAN_POINT('',(-0.000392172648106099,-0.00577148898978343,0.0059808447090708));
#1672=CARTESIAN_POINT('',(0.000363222745651078,-0.005771489764217,0.00598084072618642));
#1673=CARTESIAN_POINT('',(0.000741084050315031,-0.00573427335400621,0.00598084234171346));
#1674=CARTESIAN_POINT('',(0.00148196423020028,-0.00558690110820994,0.00598085250725982));
#1675=CARTESIAN_POINT('',(0.00184530388285926,-0.00547668144851886,0.00598086114965576));
#1676=CARTESIAN_POINT('',(0.00254319573113246,-0.00518760014595894,0.00598088507181212));
#1677=CARTESIAN_POINT('',(0.00287805009353337,-0.00500861333085746,0.0059809004107349));
#1678=CARTESIAN_POINT('',(0.00350613282841068,-0.004588933271651,0.00598093716943602));
#1679=CARTESIAN_POINT('',(0.00379963314818313,-0.0043480583145584,0.00598095861738496));
#1680=CARTESIAN_POINT('',(0.00433376921285277,-0.00381390900970617,0.00598100679956435));
#1681=CARTESIAN_POINT('',(0.00457463623666305,-0.00352040338738025,0.00598103353438635));
#1682=CARTESIAN_POINT('',(0.00499429899697411,-0.00289231349053332,0.00598109128811962));
#1683=CARTESIAN_POINT('',(0.00517327645631751,-0.00255745726324665,0.00598112228451554));
#1684=CARTESIAN_POINT('',(0.00546233904028703,-0.00185956542263229,0.00598118739000748));
#1685=CARTESIAN_POINT('',(0.00557254934671795,-0.00149622762520631,0.00598122145884151));
#1686=CARTESIAN_POINT('',(0.0057199043094434,-0.000755354619472158,0.00598129141355678));
#1687=CARTESIAN_POINT('',(0.00575711279291137,-0.000377498605248719,0.0059813272474722));
#1688=CARTESIAN_POINT('',(0.00575709880617891,0.000377883544475142,0.00598139936216457));
#1689=CARTESIAN_POINT('',(-0.00121193161866879,0.00564607044113203,0.00598193853567154));
#1690=CARTESIAN_POINT('',(0.000250786913689172,0.00595636000721933,0.00598196058044208));
#1691=CARTESIAN_POINT('',(0.003419273472272,0.00537908279953919,0.00598188884924547));
#1692=CARTESIAN_POINT('',(0.00620736299631477,0.00142529517725552,0.00598149694680415));
#1693=CARTESIAN_POINT('',(0.00541962238982635,-0.00334767299789641,0.00598104560171171));
#1694=CARTESIAN_POINT('',(0.00151093025211283,-0.00619757333133823,0.00598079411125128));
#1695=CARTESIAN_POINT('',(-0.00327398709039399,-0.00548737741627813,0.00598088680296183));
#1696=CARTESIAN_POINT('',(-0.00618706953914661,-0.00162526073702209,0.00598127048272971));
#1697=CARTESIAN_POINT('',(-0.00555238671660205,0.00317103199805403,0.00598172488997963));
#1698=CARTESIAN_POINT('',(-0.00301407881313497,0.00515266242674195,0.00598190089262907));
#1699=CARTESIAN_POINT('',(-0.00157422658002157,0.00555687927221227,0.00598193191424859));
#1700=CARTESIAN_POINT('',(0.00545663193261044,-0.00226600854940045,0.00598114862292371));
#1701=CARTESIAN_POINT('',(0.0048006845980363,-0.00199366028675412,0.00954668508806042));
#1702=CARTESIAN_POINT('',(0.00414475598864392,-0.00172126685164986,0.0131122215494092));
#1703=CARTESIAN_POINT('',(0.00348888905420703,-0.00144872526939582,0.0166777580444813));
#1704=CARTESIAN_POINT('',(0.00590736365990092,1.98248477534203E-7,0.00598136251652884));
#1705=CARTESIAN_POINT('',(0.00519782255493103,9.74111385002019E-7,0.00954689897161588));
#1706=CARTESIAN_POINT('',(0.00448828146351766,1.79887595303844E-6,0.0131124354205455));
#1707=CARTESIAN_POINT('',(0.0037787406605284,2.78411896781041E-6,0.0166779718953803));
#1708=CARTESIAN_POINT('',(0.00545654822505671,0.00226637037316959,0.00598158113987125));
#1709=CARTESIAN_POINT('',(0.00480141918419695,0.00199573660542776,0.00954711760066621));
#1710=CARTESIAN_POINT('',(0.0041462714409896,0.00172514802383413,0.0131126540566469));
#1711=CARTESIAN_POINT('',(0.00349106254849742,0.00145470782101616,0.0166781905428966));
#1712=CARTESIAN_POINT('',(0.00417283672319286,0.00418751022756332,0.00598177120538787));
#1713=CARTESIAN_POINT('',(0.00367184183984195,0.00368694924740695,0.00954730768678455));
#1714=CARTESIAN_POINT('',(0.0031708123838535,0.00318642285722474,0.0131128441682193));
#1715=CARTESIAN_POINT('',(0.0026696696448662,0.00268601015198915,0.0166783806958091));
#1716=CARTESIAN_POINT('',(0.00225167105265584,0.00547115941210538,0.00598190376441066));
#1717=CARTESIAN_POINT('',(0.00198106689845221,0.00481715796846803,0.009547440278169));
#1718=CARTESIAN_POINT('',(0.00171041756457182,0.00416317525041066,0.013112976799589));
#1719=CARTESIAN_POINT('',(0.00143962005986693,0.0035092542087182,0.0166785133921553));
#1720=CARTESIAN_POINT('',(-1.44752663297884E-5,0.00592191248281013,0.00598195862190453));
#1721=CARTESIAN_POINT('',(-1.35070129894976E-5,0.00521431724664062,0.00954749517485621));
#1722=CARTESIAN_POINT('',(-1.25876666924612E-5,0.00450672201920943,0.0131130317447032));
#1723=CARTESIAN_POINT('',(-1.1828816556742E-5,0.0037991270644702,0.0166785684159877));
#1724=CARTESIAN_POINT('',(-0.00228061969470181,0.00547115484684282,0.00598192741923942));
#1725=CARTESIAN_POINT('',(-0.00200824178955428,0.00481797166464676,0.00954746401224457));
#1726=CARTESIAN_POINT('',(-0.00173590907095376,0.00416476977289416,0.0131130006315821));
#1727=CARTESIAN_POINT('',(-0.00146372473251901,0.00351150670821587,0.0166785373833326));
#1728=CARTESIAN_POINT('',(-0.00420178079715331,0.00418750376724464,0.00598181491084994));
#1729=CARTESIAN_POINT('',(-0.00369947565745947,0.00368845475033226,0.00954735153866574));
#1730=CARTESIAN_POINT('',(-0.00319720510292338,0.00318937115540251,0.0131128882010164));
#1731=CARTESIAN_POINT('',(-0.00269504821758619,0.00269017425976974,0.0166784250227201));
#1732=CARTESIAN_POINT('',(-0.00548548772252687,0.00226636580033467,0.00598163823801319));
#1733=CARTESIAN_POINT('',(-0.00482974210917845,0.00199770753370602,0.00954717489009459));
#1734=CARTESIAN_POINT('',(-0.00417401521419406,0.00172900408699952,0.0131127115824294));
#1735=CARTESIAN_POINT('',(-0.00351834997188973,0.00146015246807214,0.0166782484529186));
#1736=CARTESIAN_POINT('',(-0.00593630125109346,1.98246859200112E-7,0.00598142431170545));
#1737=CARTESIAN_POINT('',(-0.00522696185294582,3.11240992274653E-6,0.00954696097381471));
#1738=CARTESIAN_POINT('',(-0.0045176224581399,5.97767076113831E-6,0.0131124976785416));
#1739=CARTESIAN_POINT('',(-0.00380828331824529,8.682451192305E-6,0.0166780345692245));
#1740=CARTESIAN_POINT('',(-0.00548557140847204,-0.00226600397009219,0.00598120570737304));
#1741=CARTESIAN_POINT('',(-0.00483064408542995,-0.0019916801450144,0.00954674236375045));
#1742=CARTESIAN_POINT('',(-0.00417569805241232,-0.0017174014992582,0.0131122790613968));
#1743=CARTESIAN_POINT('',(-0.00352069084499267,-0.00144327120995068,0.0166778159406166));
#1744=CARTESIAN_POINT('',(-0.00420189915099061,-0.00418722562575273,0.00598101570144319));
#1745=CARTESIAN_POINT('',(-0.00370110601541069,-0.00368297457385696,0.0095465523372069));
#1746=CARTESIAN_POINT('',(-0.00320027830662073,-0.0031787581017117,0.0131120890093844));
#1747=CARTESIAN_POINT('',(-0.00269933731282521,-0.00267465528094875,0.0166776258472399));
#1748=CARTESIAN_POINT('',(-0.0022807033881857,-0.0054709604024726,0.00598088320767882));
#1749=CARTESIAN_POINT('',(-0.00201030101311798,-0.00481326889809128,0.00954641981108781));
#1750=CARTESIAN_POINT('',(-0.00173985346519219,-0.0041555961116531,0.0131119564432887));
#1751=CARTESIAN_POINT('',(-0.00146925776872266,-0.00349798497641115,0.0166774932161814));
#1752=CARTESIAN_POINT('',(-1.44752679481195E-5,-0.00592175271754625,0.00598082838288754));
#1753=CARTESIAN_POINT('',(-1.56453148277477E-5,-0.00521046745058604,0.00954636494712501));
#1754=CARTESIAN_POINT('',(-1.6766464879855E-5,-0.00449918219178284,0.0131119015309257));
#1755=CARTESIAN_POINT('',(-1.77271522886934E-5,-0.00378789720361332,0.0166774382251442));
#1756=CARTESIAN_POINT('',(0.00225175475261305,-0.0054709649893437,0.00598085956654268));
#1757=CARTESIAN_POINT('',(0.00197917506492153,-0.0048140918077219,0.00954639609075059));
#1758=CARTESIAN_POINT('',(0.00170664055614823,-0.00415719992335327,0.0131119326250903));
#1759=CARTESIAN_POINT('',(0.00143425440241812,-0.00350024688828823,0.0166774692388909));
#1760=CARTESIAN_POINT('',(0.00417295509947104,-0.00418723210851239,0.00598097201534539));
#1761=CARTESIAN_POINT('',(0.00367044820718657,-0.00368449310657766,0.00954650850475466));
#1762=CARTESIAN_POINT('',(0.00316797589948641,-0.00318171953683248,0.0131120449960961));
#1763=CARTESIAN_POINT('',(0.00266561725897311,-0.00267883269985082,0.0166775815399677));
#1764=CARTESIAN_POINT('',(0.00545663193261044,-0.00226600854940045,0.00598114862292371));
#1765=CARTESIAN_POINT('',(0.0048006845980363,-0.00199366028675412,0.00954668508806042));
#1766=CARTESIAN_POINT('',(0.00414475598864392,-0.00172126685164986,0.0131122215494092));
#1767=CARTESIAN_POINT('',(0.00348888905420703,-0.00144872526939582,0.0166777580444813));
#1768=CARTESIAN_POINT('',(0.00590736365990092,1.98248477534203E-7,0.00598136251652884));
#1769=CARTESIAN_POINT('',(0.00519782255493103,9.74111385002019E-7,0.00954689897161588));
#1770=CARTESIAN_POINT('',(0.00448828146351766,1.79887595303844E-6,0.0131124354205455));
#1771=CARTESIAN_POINT('',(0.0037787406605284,2.78411896781041E-6,0.0166779718953803));
#1772=CARTESIAN_POINT('',(0.00545654822505671,0.00226637037316959,0.00598158113987125));
#1773=CARTESIAN_POINT('',(0.00480141918419695,0.00199573660542776,0.00954711760066621));
#1774=CARTESIAN_POINT('',(0.0041462714409896,0.00172514802383413,0.0131126540566469));
#1775=CARTESIAN_POINT('',(0.00349106254849742,0.00145470782101616,0.0166781905428966));
#1776=CARTESIAN_POINT('',(0.00686152504877248,1.92469613211993E-7,0.00619556676402508));
#1777=CARTESIAN_POINT('',(0.00611078226234626,8.44595432639378E-7,0.0100663482519544));
#1778=CARTESIAN_POINT('',(0.00536003947592003,1.49672125206676E-6,0.0139371297398837));
#1779=CARTESIAN_POINT('',(0.00460929668949381,2.14884707149415E-6,0.017807911227813));
#1780=CARTESIAN_POINT('',(0.00686152504877248,0.00180032506012016,0.00619556676402508));
#1781=CARTESIAN_POINT('',(0.00611113591135753,0.0016044618539686,0.0100663482519544));
#1782=CARTESIAN_POINT('',(0.00536074677394257,0.00140859864781703,0.0139371297398837));
#1783=CARTESIAN_POINT('',(0.00461035763652762,0.00121273544166546,0.017807911227813));
#1784=CARTESIAN_POINT('',(0.00612047723799358,0.00358937273526956,0.00619556676402508));
#1785=CARTESIAN_POINT('',(0.00545133764422577,0.00319834988986642,0.0100663482519544));
#1786=CARTESIAN_POINT('',(0.00478219805045796,0.00280732704446328,0.0139371297398837));
#1787=CARTESIAN_POINT('',(0.00411305845669016,0.00241630419906014,0.017807911227813));
#1788=CARTESIAN_POINT('',(0.00357470531442878,0.00613514465883427,0.00619556676402508));
#1789=CARTESIAN_POINT('',(0.00318398050357669,0.00546670730097158,0.0100663482519544));
#1790=CARTESIAN_POINT('',(0.0027932556927246,0.00479826994310888,0.0139371297398837));
#1791=CARTESIAN_POINT('',(0.00240253088187251,0.00412983258524619,0.017807911227813));
#1792=CARTESIAN_POINT('',(0.00178565763927943,0.00687619246961321,0.00619556676402508));
#1793=CARTESIAN_POINT('',(0.00159038363603725,0.00612720851070303,0.0100663482519544));
#1794=CARTESIAN_POINT('',(0.00139510963279506,0.00537822455179284,0.0139371297398837));
#1795=CARTESIAN_POINT('',(0.00119983562955287,0.00462924059288266,0.017807911227813));
#1796=CARTESIAN_POINT('',(-0.00181460754173447,0.00687619246961321,0.00619556676402508));
#1797=CARTESIAN_POINT('',(-0.00161685088103467,0.00612791580872557,0.0100663482519544));
#1798=CARTESIAN_POINT('',(-0.00141909422033486,0.00537963914783792,0.0139371297398837));
#1799=CARTESIAN_POINT('',(-0.00122133755963505,0.00463136248695028,0.017807911227813));
#1800=CARTESIAN_POINT('',(-0.00360365521688386,0.00613514465883428,0.00619556676402508));
#1801=CARTESIAN_POINT('',(-0.00321073891693249,0.00546811754159379,0.0100663482519544));
#1802=CARTESIAN_POINT('',(-0.00281782261698111,0.0048010904243533,0.0139371297398837));
#1803=CARTESIAN_POINT('',(-0.00242490631702974,0.0041340633071128,0.017807911227813));
#1804=CARTESIAN_POINT('',(-0.00614942714044859,0.00358937273526955,0.00619556676402508));
#1805=CARTESIAN_POINT('',(-0.00547909632803765,0.00320076040094476,0.0100663482519544));
#1806=CARTESIAN_POINT('',(-0.00480876551562671,0.00281214806661998,0.0139371297398837));
#1807=CARTESIAN_POINT('',(-0.00413843470321578,0.00242353573229519,0.017807911227813));
#1808=CARTESIAN_POINT('',(-0.00689047495122752,0.00180032506012017,0.00619556676402508));
#1809=CARTESIAN_POINT('',(-0.00613959753776908,0.00160716353340529,0.0100663482519544));
#1810=CARTESIAN_POINT('',(-0.00538872012431065,0.00141400200669042,0.0139371297398837));
#1811=CARTESIAN_POINT('',(-0.00463784271085221,0.00122084047997554,0.017807911227813));
#1812=CARTESIAN_POINT('',(-0.00689047495122752,-0.00179994012089374,0.00619556676402508));
#1813=CARTESIAN_POINT('',(-0.00614030483579165,-0.00160007098366662,0.0100663482519544));
#1814=CARTESIAN_POINT('',(-0.00539013472035579,-0.0014002018464395,0.0139371297398837));
#1815=CARTESIAN_POINT('',(-0.00463996460491992,-0.00120033270921239,0.017807911227813));
#1816=CARTESIAN_POINT('',(-0.00614942714044859,-0.00358898779604313,0.00619556676402508));
#1817=CARTESIAN_POINT('',(-0.00548050656865986,-0.00319395901956444,0.0100663482519544));
#1818=CARTESIAN_POINT('',(-0.00481158599687114,-0.00279893024308575,0.0139371297398837));
#1819=CARTESIAN_POINT('',(-0.00414266542508241,-0.00240390146660706,0.017807911227813));
#1820=CARTESIAN_POINT('',(-0.00360365521688386,-0.00613475971960784,0.00619556676402508));
#1821=CARTESIAN_POINT('',(-0.00321314942801083,-0.00546231643066961,0.0100663482519544));
#1822=CARTESIAN_POINT('',(-0.0028226436391378,-0.00478987314173137,0.0139371297398837));
#1823=CARTESIAN_POINT('',(-0.00243213785026476,-0.00411742985279313,0.017807911227813));
#1824=CARTESIAN_POINT('',(-0.00181460754173447,-0.00687580753038679,0.00619556676402508));
#1825=CARTESIAN_POINT('',(-0.00161955256047136,-0.00612281764040104,0.0100663482519544));
#1826=CARTESIAN_POINT('',(-0.00142449757920825,-0.0053698277504153,0.0139371297398837));
#1827=CARTESIAN_POINT('',(-0.00122944259794514,-0.00461683786042955,0.017807911227813));
#1828=CARTESIAN_POINT('',(0.00178565763927943,-0.00687580753038679,0.00619556676402508));
#1829=CARTESIAN_POINT('',(0.00158768195660055,-0.00612352493842361,0.0100663482519544));
#1830=CARTESIAN_POINT('',(0.00138970627392167,-0.00537124234646043,0.0139371297398837));
#1831=CARTESIAN_POINT('',(0.00119173059124279,-0.00461895975449726,0.017807911227813));
#1832=CARTESIAN_POINT('',(0.00357470531442882,-0.00613475971960789,0.00619556676402508));
#1833=CARTESIAN_POINT('',(0.00318156999249836,-0.00546372667129184,0.0100663482519544));
#1834=CARTESIAN_POINT('',(0.00278843467056791,-0.00479269362297579,0.0139371297398837));
#1835=CARTESIAN_POINT('',(0.00239529934863745,-0.00412166057465974,0.017807911227813));
#1836=CARTESIAN_POINT('',(0.00612047723799353,-0.00358898779604309,0.00619556676402508));
#1837=CARTESIAN_POINT('',(0.00544992740360353,-0.00319636953064277,0.0100663482519544));
#1838=CARTESIAN_POINT('',(0.00477937756921353,-0.00280375126524245,0.0139371297398837));
#1839=CARTESIAN_POINT('',(0.00410882773482354,-0.00241113299984213,0.017807911227813));
#1840=CARTESIAN_POINT('',(0.00686152504877248,-0.00179994012089374,0.00619556676402508));
#1841=CARTESIAN_POINT('',(0.00611042861333499,-0.00160277266310332,0.0100663482519544));
#1842=CARTESIAN_POINT('',(0.00535933217789749,-0.00140560520531289,0.0139371297398837));
#1843=CARTESIAN_POINT('',(0.00460823574246,-0.00120843774752247,0.017807911227813));
#1844=CARTESIAN_POINT('',(0.00686152504877248,1.92469613211993E-7,0.00619556676402508));
#1845=CARTESIAN_POINT('',(0.00611078226234626,8.44595432639378E-7,0.0100663482519544));
#1846=CARTESIAN_POINT('',(0.00536003947592003,1.49672125206676E-6,0.0139371297398837));
#1847=CARTESIAN_POINT('',(0.00460929668949381,2.14884707149415E-6,0.017807911227813));
#1848=CARTESIAN_POINT('',(-1.48015247328974E-5,6.16552747334271E-6,0.0177386519321402));
#1849=CARTESIAN_POINT('',(0.00462273136388102,6.16552747334271E-6,0.0177386519321402));
#1850=CARTESIAN_POINT('',(-1.48015247328974E-5,6.16552747334271E-6,0.0177386519321402));
#1851=CARTESIAN_POINT('',(0.,-4.22503145705837E-20,0.0172536519321401));
#1852=CARTESIAN_POINT('',(0.,-4.22503145705837E-20,0.0172536519321401));
#1853=CARTESIAN_POINT('',(-0.00069,-4.22503145705837E-20,0.0172536519321401));
#1854=CARTESIAN_POINT('',(-2.50639650448605E-5,1.80449279070742E-5,0.0172536519321401));
#1855=MECHANICAL_DESIGN_GEOMETRIC_PRESENTATION_REPRESENTATION('',(#577),
#1856);
#1856=(
GEOMETRIC_REPRESENTATION_CONTEXT(3)
GLOBAL_UNCERTAINTY_ASSIGNED_CONTEXT((#1857))
GLOBAL_UNIT_ASSIGNED_CONTEXT((#1860,#1859,#1858))
REPRESENTATION_CONTEXT('Part 1','TOP_LEVEL_ASSEMBLY_PART')
);
#1857=UNCERTAINTY_MEASURE_WITH_UNIT(LENGTH_MEASURE(2.E-5),#1860,
'DISTANCE_ACCURACY_VALUE','Maximum Tolerance applied to model');
#1858=(
NAMED_UNIT(*)
SI_UNIT($,.STERADIAN.)
SOLID_ANGLE_UNIT()
);
#1859=(
NAMED_UNIT(*)
PLANE_ANGLE_UNIT()
SI_UNIT($,.RADIAN.)
);
#1860=(
LENGTH_UNIT()
NAMED_UNIT(*)
SI_UNIT($,.METRE.)
);
#1861=PRODUCT_DEFINITION_SHAPE('','',#1862);
#1862=PRODUCT_DEFINITION('','',#1864,#1863);
#1863=PRODUCT_DEFINITION_CONTEXT('',#1870,'design');
#1864=PRODUCT_DEFINITION_FORMATION_WITH_SPECIFIED_SOURCE('','',#1866,
 .NOT_KNOWN.);
#1865=PRODUCT_RELATED_PRODUCT_CATEGORY('','',(#1866));
#1866=PRODUCT('Part 1','Part 1','Part 1',(#1868));
#1867=PRODUCT_CATEGORY('','');
#1868=PRODUCT_CONTEXT('',#1870,'mechanical');
#1869=APPLICATION_PROTOCOL_DEFINITION('international standard',
'ap242_managed_model_based_3d_engineering',2020,#1870);
#1870=APPLICATION_CONTEXT('managed model based 3d engineering');
ENDSEC;
END-ISO-10303-21;
