ISO-10303-21;
HEADER;
/* Generated by software containing ST-Developer
 * from STEP Tools, Inc. (www.steptools.com) 
 */
/* OPTION: using custom renumber hook */

FILE_DESCRIPTION(
/* description */ ('STEP AP242 Edition 2',
'CAx-IF Rec.Pracs.---Representation and Presentation of Product Manufa
cturing Information (PMI)---4.0---2014-10-13',
'CAx-IF Rec.Pracs.---3D Tessellated Geometry---0.4---2014-09-14','2;1',
'CAx-IF Rec.Pracs.---User Defined Attributes---1.5---2016-08-15'),
/* implementation_level */ '2;1');

FILE_NAME(
/* name */ 'Many Books',
/* time_stamp */ '2026-09-04T21:58:21Z',
/* author */ (''),
/* organization */ (''),
/* preprocessor_version */ 'ST-DEVELOPER v20',
/* originating_system */ 'ONSHAPE BY PTC INC, 1.220',
/* authorisation */ '  ');

FILE_SCHEMA (('AP242_MANAGED_MODEL_BASED_3D_ENGINEERING_MIM_LF { 1 0 10303 442 3 1 4 }'));
ENDSEC;

DATA;
#10=SHAPE_REPRESENTATION_RELATIONSHIP('','',#4317,#24);
#11=SHAPE_REPRESENTATION_RELATIONSHIP('','',#4318,#25);
#12=SHAPE_REPRESENTATION_RELATIONSHIP('','',#4319,#26);
#13=SHAPE_REPRESENTATION_RELATIONSHIP('','',#4320,#27);
#14=SHAPE_REPRESENTATION_RELATIONSHIP('','',#4321,#28);
#15=SHAPE_REPRESENTATION_RELATIONSHIP('','',#4322,#29);
#16=SHAPE_REPRESENTATION_RELATIONSHIP('','',#4323,#30);
#17=SHAPE_REPRESENTATION_RELATIONSHIP('','',#4324,#31);
#18=SHAPE_REPRESENTATION_RELATIONSHIP('','',#4325,#32);
#19=SHAPE_REPRESENTATION_RELATIONSHIP('','',#4326,#33);
#20=SHAPE_REPRESENTATION_RELATIONSHIP('','',#4327,#34);
#21=SHAPE_REPRESENTATION_RELATIONSHIP('','',#4328,#35);
#22=SHAPE_REPRESENTATION_RELATIONSHIP('','',#4329,#36);
#23=SHAPE_REPRESENTATION_RELATIONSHIP('','',#4330,#37);
#24=ADVANCED_BREP_SHAPE_REPRESENTATION('',(#4289),#6945);
#25=ADVANCED_BREP_SHAPE_REPRESENTATION('',(#4290),#6946);
#26=ADVANCED_BREP_SHAPE_REPRESENTATION('',(#4291),#6947);
#27=ADVANCED_BREP_SHAPE_REPRESENTATION('',(#4292),#6948);
#28=ADVANCED_BREP_SHAPE_REPRESENTATION('',(#4293),#6949);
#29=ADVANCED_BREP_SHAPE_REPRESENTATION('',(#4294),#6950);
#30=ADVANCED_BREP_SHAPE_REPRESENTATION('',(#4295),#6951);
#31=ADVANCED_BREP_SHAPE_REPRESENTATION('',(#4296),#6952);
#32=ADVANCED_BREP_SHAPE_REPRESENTATION('',(#4297),#6953);
#33=ADVANCED_BREP_SHAPE_REPRESENTATION('',(#4298),#6954);
#34=ADVANCED_BREP_SHAPE_REPRESENTATION('',(#4299),#6955);
#35=ADVANCED_BREP_SHAPE_REPRESENTATION('',(#4300),#6956);
#36=ADVANCED_BREP_SHAPE_REPRESENTATION('',(#4301),#6957);
#37=ADVANCED_BREP_SHAPE_REPRESENTATION('',(#4302),#6958);
#38=CYLINDRICAL_SURFACE('',#4350,0.000291);
#39=CYLINDRICAL_SURFACE('',#4351,0.000291);
#40=CYLINDRICAL_SURFACE('',#4371,0.000194);
#41=CYLINDRICAL_SURFACE('',#4372,0.000194);
#42=CYLINDRICAL_SURFACE('',#4392,0.000388);
#43=CYLINDRICAL_SURFACE('',#4393,0.000388);
#44=CYLINDRICAL_SURFACE('',#4413,0.000291);
#45=CYLINDRICAL_SURFACE('',#4414,0.000291);
#46=CYLINDRICAL_SURFACE('',#4434,0.000388);
#47=CYLINDRICAL_SURFACE('',#4435,0.000388);
#48=CYLINDRICAL_SURFACE('',#4455,0.000388);
#49=CYLINDRICAL_SURFACE('',#4456,0.000388);
#50=CYLINDRICAL_SURFACE('',#4476,0.000582);
#51=CYLINDRICAL_SURFACE('',#4477,0.000582);
#52=CYLINDRICAL_SURFACE('',#4497,0.000485);
#53=CYLINDRICAL_SURFACE('',#4498,0.000485);
#54=CYLINDRICAL_SURFACE('',#4518,0.000485);
#55=CYLINDRICAL_SURFACE('',#4519,0.000485);
#56=CYLINDRICAL_SURFACE('',#4539,0.000582);
#57=CYLINDRICAL_SURFACE('',#4540,0.000582);
#58=CYLINDRICAL_SURFACE('',#4575,0.000485);
#59=CYLINDRICAL_SURFACE('',#4576,0.000485);
#60=CYLINDRICAL_SURFACE('',#4596,0.000582);
#61=CYLINDRICAL_SURFACE('',#4597,0.000582);
#62=CYLINDRICAL_SURFACE('',#4617,0.000194);
#63=CYLINDRICAL_SURFACE('',#4618,0.000194);
#64=CIRCLE('',#4333,0.000291);
#65=CIRCLE('',#4334,0.000291);
#66=CIRCLE('',#4344,0.000291);
#67=CIRCLE('',#4345,0.000291);
#68=CIRCLE('',#4362,0.000194);
#69=CIRCLE('',#4363,0.000194);
#70=CIRCLE('',#4365,0.000194);
#71=CIRCLE('',#4366,0.000194);
#72=CIRCLE('',#4375,0.000388);
#73=CIRCLE('',#4376,0.000388);
#74=CIRCLE('',#4386,0.000388);
#75=CIRCLE('',#4387,0.000388);
#76=CIRCLE('',#4396,0.000291);
#77=CIRCLE('',#4397,0.000291);
#78=CIRCLE('',#4407,0.000291);
#79=CIRCLE('',#4408,0.000291);
#80=CIRCLE('',#4417,0.000388);
#81=CIRCLE('',#4418,0.000388);
#82=CIRCLE('',#4428,0.000388);
#83=CIRCLE('',#4429,0.000388);
#84=CIRCLE('',#4438,0.000388);
#85=CIRCLE('',#4439,0.000388);
#86=CIRCLE('',#4449,0.000388);
#87=CIRCLE('',#4450,0.000388);
#88=CIRCLE('',#4459,0.000582);
#89=CIRCLE('',#4460,0.000582);
#90=CIRCLE('',#4470,0.000582);
#91=CIRCLE('',#4471,0.000582);
#92=CIRCLE('',#4488,0.000485);
#93=CIRCLE('',#4489,0.000485);
#94=CIRCLE('',#4491,0.000485);
#95=CIRCLE('',#4492,0.000485);
#96=CIRCLE('',#4509,0.000485);
#97=CIRCLE('',#4510,0.000485);
#98=CIRCLE('',#4512,0.000485);
#99=CIRCLE('',#4513,0.000485);
#100=CIRCLE('',#4522,0.000582);
#101=CIRCLE('',#4523,0.000582);
#102=CIRCLE('',#4533,0.000582);
#103=CIRCLE('',#4534,0.000582);
#104=CIRCLE('',#4566,0.000485);
#105=CIRCLE('',#4567,0.000485);
#106=CIRCLE('',#4569,0.000485);
#107=CIRCLE('',#4570,0.000485);
#108=CIRCLE('',#4579,0.000582);
#109=CIRCLE('',#4580,0.000582);
#110=CIRCLE('',#4590,0.000582);
#111=CIRCLE('',#4591,0.000582);
#112=CIRCLE('',#4608,0.000194);
#113=CIRCLE('',#4609,0.000194);
#114=CIRCLE('',#4611,0.000194);
#115=CIRCLE('',#4612,0.000194);
#116=ORIENTED_EDGE('',*,*,#1280,.T.);
#117=ORIENTED_EDGE('',*,*,#1281,.T.);
#118=ORIENTED_EDGE('',*,*,#1282,.F.);
#119=ORIENTED_EDGE('',*,*,#1283,.T.);
#120=ORIENTED_EDGE('',*,*,#1284,.F.);
#121=ORIENTED_EDGE('',*,*,#1285,.T.);
#122=ORIENTED_EDGE('',*,*,#1286,.F.);
#123=ORIENTED_EDGE('',*,*,#1287,.T.);
#124=ORIENTED_EDGE('',*,*,#1288,.T.);
#125=ORIENTED_EDGE('',*,*,#1289,.T.);
#126=ORIENTED_EDGE('',*,*,#1290,.F.);
#127=ORIENTED_EDGE('',*,*,#1291,.F.);
#128=ORIENTED_EDGE('',*,*,#1292,.F.);
#129=ORIENTED_EDGE('',*,*,#1293,.T.);
#130=ORIENTED_EDGE('',*,*,#1294,.T.);
#131=ORIENTED_EDGE('',*,*,#1288,.F.);
#132=ORIENTED_EDGE('',*,*,#1295,.F.);
#133=ORIENTED_EDGE('',*,*,#1296,.T.);
#134=ORIENTED_EDGE('',*,*,#1297,.F.);
#135=ORIENTED_EDGE('',*,*,#1298,.F.);
#136=ORIENTED_EDGE('',*,*,#1299,.T.);
#137=ORIENTED_EDGE('',*,*,#1292,.T.);
#138=ORIENTED_EDGE('',*,*,#1298,.T.);
#139=ORIENTED_EDGE('',*,*,#1300,.T.);
#140=ORIENTED_EDGE('',*,*,#1301,.T.);
#141=ORIENTED_EDGE('',*,*,#1302,.F.);
#142=ORIENTED_EDGE('',*,*,#1303,.T.);
#143=ORIENTED_EDGE('',*,*,#1286,.T.);
#144=ORIENTED_EDGE('',*,*,#1304,.F.);
#145=ORIENTED_EDGE('',*,*,#1305,.F.);
#146=ORIENTED_EDGE('',*,*,#1285,.F.);
#147=ORIENTED_EDGE('',*,*,#1306,.F.);
#148=ORIENTED_EDGE('',*,*,#1307,.T.);
#149=ORIENTED_EDGE('',*,*,#1304,.T.);
#150=ORIENTED_EDGE('',*,*,#1284,.T.);
#151=ORIENTED_EDGE('',*,*,#1308,.T.);
#152=ORIENTED_EDGE('',*,*,#1309,.F.);
#153=ORIENTED_EDGE('',*,*,#1306,.T.);
#154=ORIENTED_EDGE('',*,*,#1282,.T.);
#155=ORIENTED_EDGE('',*,*,#1310,.T.);
#156=ORIENTED_EDGE('',*,*,#1311,.F.);
#157=ORIENTED_EDGE('',*,*,#1312,.T.);
#158=ORIENTED_EDGE('',*,*,#1313,.T.);
#159=ORIENTED_EDGE('',*,*,#1314,.T.);
#160=ORIENTED_EDGE('',*,*,#1280,.F.);
#161=ORIENTED_EDGE('',*,*,#1315,.F.);
#162=ORIENTED_EDGE('',*,*,#1289,.F.);
#163=ORIENTED_EDGE('',*,*,#1294,.F.);
#164=ORIENTED_EDGE('',*,*,#1316,.T.);
#165=ORIENTED_EDGE('',*,*,#1315,.T.);
#166=ORIENTED_EDGE('',*,*,#1311,.T.);
#167=ORIENTED_EDGE('',*,*,#1317,.T.);
#168=ORIENTED_EDGE('',*,*,#1313,.F.);
#169=ORIENTED_EDGE('',*,*,#1316,.F.);
#170=ORIENTED_EDGE('',*,*,#1293,.F.);
#171=ORIENTED_EDGE('',*,*,#1299,.F.);
#172=ORIENTED_EDGE('',*,*,#1305,.T.);
#173=ORIENTED_EDGE('',*,*,#1307,.F.);
#174=ORIENTED_EDGE('',*,*,#1309,.T.);
#175=ORIENTED_EDGE('',*,*,#1318,.T.);
#176=ORIENTED_EDGE('',*,*,#1290,.T.);
#177=ORIENTED_EDGE('',*,*,#1319,.T.);
#178=ORIENTED_EDGE('',*,*,#1301,.F.);
#179=ORIENTED_EDGE('',*,*,#1320,.F.);
#180=ORIENTED_EDGE('',*,*,#1297,.T.);
#181=ORIENTED_EDGE('',*,*,#1291,.T.);
#182=ORIENTED_EDGE('',*,*,#1320,.T.);
#183=ORIENTED_EDGE('',*,*,#1300,.F.);
#184=ORIENTED_EDGE('',*,*,#1287,.F.);
#185=ORIENTED_EDGE('',*,*,#1303,.F.);
#186=ORIENTED_EDGE('',*,*,#1321,.T.);
#187=ORIENTED_EDGE('',*,*,#1295,.T.);
#188=ORIENTED_EDGE('',*,*,#1321,.F.);
#189=ORIENTED_EDGE('',*,*,#1302,.T.);
#190=ORIENTED_EDGE('',*,*,#1319,.F.);
#191=ORIENTED_EDGE('',*,*,#1296,.F.);
#192=ORIENTED_EDGE('',*,*,#1317,.F.);
#193=ORIENTED_EDGE('',*,*,#1310,.F.);
#194=ORIENTED_EDGE('',*,*,#1281,.F.);
#195=ORIENTED_EDGE('',*,*,#1314,.F.);
#196=ORIENTED_EDGE('',*,*,#1318,.F.);
#197=ORIENTED_EDGE('',*,*,#1308,.F.);
#198=ORIENTED_EDGE('',*,*,#1283,.F.);
#199=ORIENTED_EDGE('',*,*,#1312,.F.);
#200=ORIENTED_EDGE('',*,*,#1322,.F.);
#201=ORIENTED_EDGE('',*,*,#1323,.T.);
#202=ORIENTED_EDGE('',*,*,#1324,.T.);
#203=ORIENTED_EDGE('',*,*,#1325,.F.);
#204=ORIENTED_EDGE('',*,*,#1326,.T.);
#205=ORIENTED_EDGE('',*,*,#1327,.F.);
#206=ORIENTED_EDGE('',*,*,#1328,.F.);
#207=ORIENTED_EDGE('',*,*,#1325,.T.);
#208=ORIENTED_EDGE('',*,*,#1329,.F.);
#209=ORIENTED_EDGE('',*,*,#1330,.F.);
#210=ORIENTED_EDGE('',*,*,#1331,.F.);
#211=ORIENTED_EDGE('',*,*,#1332,.T.);
#212=ORIENTED_EDGE('',*,*,#1327,.T.);
#213=ORIENTED_EDGE('',*,*,#1333,.F.);
#214=ORIENTED_EDGE('',*,*,#1334,.F.);
#215=ORIENTED_EDGE('',*,*,#1335,.T.);
#216=ORIENTED_EDGE('',*,*,#1331,.T.);
#217=ORIENTED_EDGE('',*,*,#1336,.T.);
#218=ORIENTED_EDGE('',*,*,#1337,.F.);
#219=ORIENTED_EDGE('',*,*,#1338,.F.);
#220=ORIENTED_EDGE('',*,*,#1339,.F.);
#221=ORIENTED_EDGE('',*,*,#1340,.T.);
#222=ORIENTED_EDGE('',*,*,#1341,.T.);
#223=ORIENTED_EDGE('',*,*,#1342,.T.);
#224=ORIENTED_EDGE('',*,*,#1343,.F.);
#225=ORIENTED_EDGE('',*,*,#1344,.F.);
#226=ORIENTED_EDGE('',*,*,#1345,.T.);
#227=ORIENTED_EDGE('',*,*,#1337,.T.);
#228=ORIENTED_EDGE('',*,*,#1346,.T.);
#229=ORIENTED_EDGE('',*,*,#1347,.F.);
#230=ORIENTED_EDGE('',*,*,#1348,.F.);
#231=ORIENTED_EDGE('',*,*,#1344,.T.);
#232=ORIENTED_EDGE('',*,*,#1349,.F.);
#233=ORIENTED_EDGE('',*,*,#1350,.T.);
#234=ORIENTED_EDGE('',*,*,#1351,.T.);
#235=ORIENTED_EDGE('',*,*,#1347,.T.);
#236=ORIENTED_EDGE('',*,*,#1352,.T.);
#237=ORIENTED_EDGE('',*,*,#1353,.T.);
#238=ORIENTED_EDGE('',*,*,#1354,.F.);
#239=ORIENTED_EDGE('',*,*,#1355,.T.);
#240=ORIENTED_EDGE('',*,*,#1351,.F.);
#241=ORIENTED_EDGE('',*,*,#1356,.T.);
#242=ORIENTED_EDGE('',*,*,#1352,.F.);
#243=ORIENTED_EDGE('',*,*,#1357,.T.);
#244=ORIENTED_EDGE('',*,*,#1322,.T.);
#245=ORIENTED_EDGE('',*,*,#1328,.T.);
#246=ORIENTED_EDGE('',*,*,#1332,.F.);
#247=ORIENTED_EDGE('',*,*,#1338,.T.);
#248=ORIENTED_EDGE('',*,*,#1345,.F.);
#249=ORIENTED_EDGE('',*,*,#1348,.T.);
#250=ORIENTED_EDGE('',*,*,#1354,.T.);
#251=ORIENTED_EDGE('',*,*,#1358,.T.);
#252=ORIENTED_EDGE('',*,*,#1349,.T.);
#253=ORIENTED_EDGE('',*,*,#1346,.F.);
#254=ORIENTED_EDGE('',*,*,#1343,.T.);
#255=ORIENTED_EDGE('',*,*,#1359,.F.);
#256=ORIENTED_EDGE('',*,*,#1333,.T.);
#257=ORIENTED_EDGE('',*,*,#1326,.F.);
#258=ORIENTED_EDGE('',*,*,#1324,.F.);
#259=ORIENTED_EDGE('',*,*,#1360,.T.);
#260=ORIENTED_EDGE('',*,*,#1361,.F.);
#261=ORIENTED_EDGE('',*,*,#1340,.F.);
#262=ORIENTED_EDGE('',*,*,#1362,.T.);
#263=ORIENTED_EDGE('',*,*,#1329,.T.);
#264=ORIENTED_EDGE('',*,*,#1362,.F.);
#265=ORIENTED_EDGE('',*,*,#1339,.T.);
#266=ORIENTED_EDGE('',*,*,#1336,.F.);
#267=ORIENTED_EDGE('',*,*,#1330,.T.);
#268=ORIENTED_EDGE('',*,*,#1359,.T.);
#269=ORIENTED_EDGE('',*,*,#1342,.F.);
#270=ORIENTED_EDGE('',*,*,#1363,.F.);
#271=ORIENTED_EDGE('',*,*,#1334,.T.);
#272=ORIENTED_EDGE('',*,*,#1361,.T.);
#273=ORIENTED_EDGE('',*,*,#1335,.F.);
#274=ORIENTED_EDGE('',*,*,#1363,.T.);
#275=ORIENTED_EDGE('',*,*,#1341,.F.);
#276=ORIENTED_EDGE('',*,*,#1356,.F.);
#277=ORIENTED_EDGE('',*,*,#1350,.F.);
#278=ORIENTED_EDGE('',*,*,#1358,.F.);
#279=ORIENTED_EDGE('',*,*,#1353,.F.);
#280=ORIENTED_EDGE('',*,*,#1357,.F.);
#281=ORIENTED_EDGE('',*,*,#1355,.F.);
#282=ORIENTED_EDGE('',*,*,#1360,.F.);
#283=ORIENTED_EDGE('',*,*,#1323,.F.);
#284=ORIENTED_EDGE('',*,*,#1364,.F.);
#285=ORIENTED_EDGE('',*,*,#1365,.T.);
#286=ORIENTED_EDGE('',*,*,#1366,.T.);
#287=ORIENTED_EDGE('',*,*,#1367,.T.);
#288=ORIENTED_EDGE('',*,*,#1368,.T.);
#289=ORIENTED_EDGE('',*,*,#1369,.F.);
#290=ORIENTED_EDGE('',*,*,#1370,.F.);
#291=ORIENTED_EDGE('',*,*,#1371,.F.);
#292=ORIENTED_EDGE('',*,*,#1372,.F.);
#293=ORIENTED_EDGE('',*,*,#1373,.F.);
#294=ORIENTED_EDGE('',*,*,#1374,.F.);
#295=ORIENTED_EDGE('',*,*,#1375,.T.);
#296=ORIENTED_EDGE('',*,*,#1376,.F.);
#297=ORIENTED_EDGE('',*,*,#1377,.F.);
#298=ORIENTED_EDGE('',*,*,#1378,.T.);
#299=ORIENTED_EDGE('',*,*,#1372,.T.);
#300=ORIENTED_EDGE('',*,*,#1379,.F.);
#301=ORIENTED_EDGE('',*,*,#1380,.F.);
#302=ORIENTED_EDGE('',*,*,#1376,.T.);
#303=ORIENTED_EDGE('',*,*,#1381,.T.);
#304=ORIENTED_EDGE('',*,*,#1382,.F.);
#305=ORIENTED_EDGE('',*,*,#1383,.F.);
#306=ORIENTED_EDGE('',*,*,#1382,.T.);
#307=ORIENTED_EDGE('',*,*,#1384,.T.);
#308=ORIENTED_EDGE('',*,*,#1385,.T.);
#309=ORIENTED_EDGE('',*,*,#1386,.F.);
#310=ORIENTED_EDGE('',*,*,#1387,.T.);
#311=ORIENTED_EDGE('',*,*,#1370,.T.);
#312=ORIENTED_EDGE('',*,*,#1388,.F.);
#313=ORIENTED_EDGE('',*,*,#1389,.F.);
#314=ORIENTED_EDGE('',*,*,#1369,.T.);
#315=ORIENTED_EDGE('',*,*,#1390,.F.);
#316=ORIENTED_EDGE('',*,*,#1391,.F.);
#317=ORIENTED_EDGE('',*,*,#1388,.T.);
#318=ORIENTED_EDGE('',*,*,#1368,.F.);
#319=ORIENTED_EDGE('',*,*,#1392,.T.);
#320=ORIENTED_EDGE('',*,*,#1393,.T.);
#321=ORIENTED_EDGE('',*,*,#1390,.T.);
#322=ORIENTED_EDGE('',*,*,#1366,.F.);
#323=ORIENTED_EDGE('',*,*,#1394,.T.);
#324=ORIENTED_EDGE('',*,*,#1395,.T.);
#325=ORIENTED_EDGE('',*,*,#1396,.T.);
#326=ORIENTED_EDGE('',*,*,#1397,.F.);
#327=ORIENTED_EDGE('',*,*,#1398,.T.);
#328=ORIENTED_EDGE('',*,*,#1364,.T.);
#329=ORIENTED_EDGE('',*,*,#1399,.F.);
#330=ORIENTED_EDGE('',*,*,#1373,.T.);
#331=ORIENTED_EDGE('',*,*,#1378,.F.);
#332=ORIENTED_EDGE('',*,*,#1400,.F.);
#333=ORIENTED_EDGE('',*,*,#1399,.T.);
#334=ORIENTED_EDGE('',*,*,#1395,.F.);
#335=ORIENTED_EDGE('',*,*,#1401,.T.);
#336=ORIENTED_EDGE('',*,*,#1397,.T.);
#337=ORIENTED_EDGE('',*,*,#1400,.T.);
#338=ORIENTED_EDGE('',*,*,#1377,.T.);
#339=ORIENTED_EDGE('',*,*,#1383,.T.);
#340=ORIENTED_EDGE('',*,*,#1389,.T.);
#341=ORIENTED_EDGE('',*,*,#1391,.T.);
#342=ORIENTED_EDGE('',*,*,#1393,.F.);
#343=ORIENTED_EDGE('',*,*,#1402,.T.);
#344=ORIENTED_EDGE('',*,*,#1374,.T.);
#345=ORIENTED_EDGE('',*,*,#1403,.T.);
#346=ORIENTED_EDGE('',*,*,#1385,.F.);
#347=ORIENTED_EDGE('',*,*,#1404,.F.);
#348=ORIENTED_EDGE('',*,*,#1375,.F.);
#349=ORIENTED_EDGE('',*,*,#1404,.T.);
#350=ORIENTED_EDGE('',*,*,#1384,.F.);
#351=ORIENTED_EDGE('',*,*,#1381,.F.);
#352=ORIENTED_EDGE('',*,*,#1371,.T.);
#353=ORIENTED_EDGE('',*,*,#1387,.F.);
#354=ORIENTED_EDGE('',*,*,#1405,.F.);
#355=ORIENTED_EDGE('',*,*,#1379,.T.);
#356=ORIENTED_EDGE('',*,*,#1380,.T.);
#357=ORIENTED_EDGE('',*,*,#1405,.T.);
#358=ORIENTED_EDGE('',*,*,#1386,.T.);
#359=ORIENTED_EDGE('',*,*,#1403,.F.);
#360=ORIENTED_EDGE('',*,*,#1401,.F.);
#361=ORIENTED_EDGE('',*,*,#1394,.F.);
#362=ORIENTED_EDGE('',*,*,#1365,.F.);
#363=ORIENTED_EDGE('',*,*,#1398,.F.);
#364=ORIENTED_EDGE('',*,*,#1402,.F.);
#365=ORIENTED_EDGE('',*,*,#1392,.F.);
#366=ORIENTED_EDGE('',*,*,#1367,.F.);
#367=ORIENTED_EDGE('',*,*,#1396,.F.);
#368=ORIENTED_EDGE('',*,*,#1406,.T.);
#369=ORIENTED_EDGE('',*,*,#1407,.T.);
#370=ORIENTED_EDGE('',*,*,#1408,.F.);
#371=ORIENTED_EDGE('',*,*,#1409,.T.);
#372=ORIENTED_EDGE('',*,*,#1410,.F.);
#373=ORIENTED_EDGE('',*,*,#1411,.T.);
#374=ORIENTED_EDGE('',*,*,#1412,.F.);
#375=ORIENTED_EDGE('',*,*,#1413,.T.);
#376=ORIENTED_EDGE('',*,*,#1414,.T.);
#377=ORIENTED_EDGE('',*,*,#1415,.T.);
#378=ORIENTED_EDGE('',*,*,#1416,.F.);
#379=ORIENTED_EDGE('',*,*,#1417,.F.);
#380=ORIENTED_EDGE('',*,*,#1418,.F.);
#381=ORIENTED_EDGE('',*,*,#1419,.T.);
#382=ORIENTED_EDGE('',*,*,#1420,.T.);
#383=ORIENTED_EDGE('',*,*,#1414,.F.);
#384=ORIENTED_EDGE('',*,*,#1421,.F.);
#385=ORIENTED_EDGE('',*,*,#1422,.T.);
#386=ORIENTED_EDGE('',*,*,#1423,.F.);
#387=ORIENTED_EDGE('',*,*,#1424,.F.);
#388=ORIENTED_EDGE('',*,*,#1425,.T.);
#389=ORIENTED_EDGE('',*,*,#1418,.T.);
#390=ORIENTED_EDGE('',*,*,#1424,.T.);
#391=ORIENTED_EDGE('',*,*,#1426,.T.);
#392=ORIENTED_EDGE('',*,*,#1427,.T.);
#393=ORIENTED_EDGE('',*,*,#1428,.F.);
#394=ORIENTED_EDGE('',*,*,#1429,.T.);
#395=ORIENTED_EDGE('',*,*,#1412,.T.);
#396=ORIENTED_EDGE('',*,*,#1430,.F.);
#397=ORIENTED_EDGE('',*,*,#1431,.F.);
#398=ORIENTED_EDGE('',*,*,#1411,.F.);
#399=ORIENTED_EDGE('',*,*,#1432,.F.);
#400=ORIENTED_EDGE('',*,*,#1433,.T.);
#401=ORIENTED_EDGE('',*,*,#1430,.T.);
#402=ORIENTED_EDGE('',*,*,#1410,.T.);
#403=ORIENTED_EDGE('',*,*,#1434,.T.);
#404=ORIENTED_EDGE('',*,*,#1435,.F.);
#405=ORIENTED_EDGE('',*,*,#1432,.T.);
#406=ORIENTED_EDGE('',*,*,#1408,.T.);
#407=ORIENTED_EDGE('',*,*,#1436,.T.);
#408=ORIENTED_EDGE('',*,*,#1437,.F.);
#409=ORIENTED_EDGE('',*,*,#1438,.T.);
#410=ORIENTED_EDGE('',*,*,#1439,.T.);
#411=ORIENTED_EDGE('',*,*,#1440,.T.);
#412=ORIENTED_EDGE('',*,*,#1406,.F.);
#413=ORIENTED_EDGE('',*,*,#1441,.F.);
#414=ORIENTED_EDGE('',*,*,#1415,.F.);
#415=ORIENTED_EDGE('',*,*,#1420,.F.);
#416=ORIENTED_EDGE('',*,*,#1442,.T.);
#417=ORIENTED_EDGE('',*,*,#1441,.T.);
#418=ORIENTED_EDGE('',*,*,#1437,.T.);
#419=ORIENTED_EDGE('',*,*,#1443,.T.);
#420=ORIENTED_EDGE('',*,*,#1439,.F.);
#421=ORIENTED_EDGE('',*,*,#1442,.F.);
#422=ORIENTED_EDGE('',*,*,#1419,.F.);
#423=ORIENTED_EDGE('',*,*,#1425,.F.);
#424=ORIENTED_EDGE('',*,*,#1431,.T.);
#425=ORIENTED_EDGE('',*,*,#1433,.F.);
#426=ORIENTED_EDGE('',*,*,#1435,.T.);
#427=ORIENTED_EDGE('',*,*,#1444,.T.);
#428=ORIENTED_EDGE('',*,*,#1416,.T.);
#429=ORIENTED_EDGE('',*,*,#1445,.T.);
#430=ORIENTED_EDGE('',*,*,#1427,.F.);
#431=ORIENTED_EDGE('',*,*,#1446,.F.);
#432=ORIENTED_EDGE('',*,*,#1423,.T.);
#433=ORIENTED_EDGE('',*,*,#1417,.T.);
#434=ORIENTED_EDGE('',*,*,#1446,.T.);
#435=ORIENTED_EDGE('',*,*,#1426,.F.);
#436=ORIENTED_EDGE('',*,*,#1413,.F.);
#437=ORIENTED_EDGE('',*,*,#1429,.F.);
#438=ORIENTED_EDGE('',*,*,#1447,.T.);
#439=ORIENTED_EDGE('',*,*,#1421,.T.);
#440=ORIENTED_EDGE('',*,*,#1447,.F.);
#441=ORIENTED_EDGE('',*,*,#1428,.T.);
#442=ORIENTED_EDGE('',*,*,#1445,.F.);
#443=ORIENTED_EDGE('',*,*,#1422,.F.);
#444=ORIENTED_EDGE('',*,*,#1443,.F.);
#445=ORIENTED_EDGE('',*,*,#1436,.F.);
#446=ORIENTED_EDGE('',*,*,#1407,.F.);
#447=ORIENTED_EDGE('',*,*,#1440,.F.);
#448=ORIENTED_EDGE('',*,*,#1444,.F.);
#449=ORIENTED_EDGE('',*,*,#1434,.F.);
#450=ORIENTED_EDGE('',*,*,#1409,.F.);
#451=ORIENTED_EDGE('',*,*,#1438,.F.);
#452=ORIENTED_EDGE('',*,*,#1448,.F.);
#453=ORIENTED_EDGE('',*,*,#1449,.T.);
#454=ORIENTED_EDGE('',*,*,#1450,.T.);
#455=ORIENTED_EDGE('',*,*,#1451,.T.);
#456=ORIENTED_EDGE('',*,*,#1452,.T.);
#457=ORIENTED_EDGE('',*,*,#1453,.F.);
#458=ORIENTED_EDGE('',*,*,#1454,.F.);
#459=ORIENTED_EDGE('',*,*,#1455,.F.);
#460=ORIENTED_EDGE('',*,*,#1456,.F.);
#461=ORIENTED_EDGE('',*,*,#1457,.F.);
#462=ORIENTED_EDGE('',*,*,#1458,.F.);
#463=ORIENTED_EDGE('',*,*,#1459,.T.);
#464=ORIENTED_EDGE('',*,*,#1460,.F.);
#465=ORIENTED_EDGE('',*,*,#1461,.F.);
#466=ORIENTED_EDGE('',*,*,#1462,.T.);
#467=ORIENTED_EDGE('',*,*,#1456,.T.);
#468=ORIENTED_EDGE('',*,*,#1463,.F.);
#469=ORIENTED_EDGE('',*,*,#1464,.F.);
#470=ORIENTED_EDGE('',*,*,#1460,.T.);
#471=ORIENTED_EDGE('',*,*,#1465,.T.);
#472=ORIENTED_EDGE('',*,*,#1466,.F.);
#473=ORIENTED_EDGE('',*,*,#1467,.F.);
#474=ORIENTED_EDGE('',*,*,#1466,.T.);
#475=ORIENTED_EDGE('',*,*,#1468,.T.);
#476=ORIENTED_EDGE('',*,*,#1469,.T.);
#477=ORIENTED_EDGE('',*,*,#1470,.F.);
#478=ORIENTED_EDGE('',*,*,#1471,.T.);
#479=ORIENTED_EDGE('',*,*,#1454,.T.);
#480=ORIENTED_EDGE('',*,*,#1472,.F.);
#481=ORIENTED_EDGE('',*,*,#1473,.F.);
#482=ORIENTED_EDGE('',*,*,#1453,.T.);
#483=ORIENTED_EDGE('',*,*,#1474,.F.);
#484=ORIENTED_EDGE('',*,*,#1475,.F.);
#485=ORIENTED_EDGE('',*,*,#1472,.T.);
#486=ORIENTED_EDGE('',*,*,#1452,.F.);
#487=ORIENTED_EDGE('',*,*,#1476,.T.);
#488=ORIENTED_EDGE('',*,*,#1477,.T.);
#489=ORIENTED_EDGE('',*,*,#1474,.T.);
#490=ORIENTED_EDGE('',*,*,#1450,.F.);
#491=ORIENTED_EDGE('',*,*,#1478,.T.);
#492=ORIENTED_EDGE('',*,*,#1479,.T.);
#493=ORIENTED_EDGE('',*,*,#1480,.T.);
#494=ORIENTED_EDGE('',*,*,#1481,.F.);
#495=ORIENTED_EDGE('',*,*,#1482,.T.);
#496=ORIENTED_EDGE('',*,*,#1448,.T.);
#497=ORIENTED_EDGE('',*,*,#1483,.F.);
#498=ORIENTED_EDGE('',*,*,#1457,.T.);
#499=ORIENTED_EDGE('',*,*,#1462,.F.);
#500=ORIENTED_EDGE('',*,*,#1484,.F.);
#501=ORIENTED_EDGE('',*,*,#1483,.T.);
#502=ORIENTED_EDGE('',*,*,#1479,.F.);
#503=ORIENTED_EDGE('',*,*,#1485,.T.);
#504=ORIENTED_EDGE('',*,*,#1481,.T.);
#505=ORIENTED_EDGE('',*,*,#1484,.T.);
#506=ORIENTED_EDGE('',*,*,#1461,.T.);
#507=ORIENTED_EDGE('',*,*,#1467,.T.);
#508=ORIENTED_EDGE('',*,*,#1473,.T.);
#509=ORIENTED_EDGE('',*,*,#1475,.T.);
#510=ORIENTED_EDGE('',*,*,#1477,.F.);
#511=ORIENTED_EDGE('',*,*,#1486,.T.);
#512=ORIENTED_EDGE('',*,*,#1458,.T.);
#513=ORIENTED_EDGE('',*,*,#1487,.T.);
#514=ORIENTED_EDGE('',*,*,#1469,.F.);
#515=ORIENTED_EDGE('',*,*,#1488,.F.);
#516=ORIENTED_EDGE('',*,*,#1459,.F.);
#517=ORIENTED_EDGE('',*,*,#1488,.T.);
#518=ORIENTED_EDGE('',*,*,#1468,.F.);
#519=ORIENTED_EDGE('',*,*,#1465,.F.);
#520=ORIENTED_EDGE('',*,*,#1455,.T.);
#521=ORIENTED_EDGE('',*,*,#1471,.F.);
#522=ORIENTED_EDGE('',*,*,#1489,.F.);
#523=ORIENTED_EDGE('',*,*,#1463,.T.);
#524=ORIENTED_EDGE('',*,*,#1464,.T.);
#525=ORIENTED_EDGE('',*,*,#1489,.T.);
#526=ORIENTED_EDGE('',*,*,#1470,.T.);
#527=ORIENTED_EDGE('',*,*,#1487,.F.);
#528=ORIENTED_EDGE('',*,*,#1485,.F.);
#529=ORIENTED_EDGE('',*,*,#1478,.F.);
#530=ORIENTED_EDGE('',*,*,#1449,.F.);
#531=ORIENTED_EDGE('',*,*,#1482,.F.);
#532=ORIENTED_EDGE('',*,*,#1486,.F.);
#533=ORIENTED_EDGE('',*,*,#1476,.F.);
#534=ORIENTED_EDGE('',*,*,#1451,.F.);
#535=ORIENTED_EDGE('',*,*,#1480,.F.);
#536=ORIENTED_EDGE('',*,*,#1490,.T.);
#537=ORIENTED_EDGE('',*,*,#1491,.T.);
#538=ORIENTED_EDGE('',*,*,#1492,.T.);
#539=ORIENTED_EDGE('',*,*,#1493,.F.);
#540=ORIENTED_EDGE('',*,*,#1494,.F.);
#541=ORIENTED_EDGE('',*,*,#1495,.F.);
#542=ORIENTED_EDGE('',*,*,#1496,.F.);
#543=ORIENTED_EDGE('',*,*,#1497,.F.);
#544=ORIENTED_EDGE('',*,*,#1498,.F.);
#545=ORIENTED_EDGE('',*,*,#1499,.T.);
#546=ORIENTED_EDGE('',*,*,#1500,.F.);
#547=ORIENTED_EDGE('',*,*,#1501,.T.);
#548=ORIENTED_EDGE('',*,*,#1502,.F.);
#549=ORIENTED_EDGE('',*,*,#1503,.F.);
#550=ORIENTED_EDGE('',*,*,#1504,.T.);
#551=ORIENTED_EDGE('',*,*,#1496,.T.);
#552=ORIENTED_EDGE('',*,*,#1505,.F.);
#553=ORIENTED_EDGE('',*,*,#1506,.F.);
#554=ORIENTED_EDGE('',*,*,#1502,.T.);
#555=ORIENTED_EDGE('',*,*,#1507,.T.);
#556=ORIENTED_EDGE('',*,*,#1508,.F.);
#557=ORIENTED_EDGE('',*,*,#1509,.F.);
#558=ORIENTED_EDGE('',*,*,#1508,.T.);
#559=ORIENTED_EDGE('',*,*,#1510,.T.);
#560=ORIENTED_EDGE('',*,*,#1511,.T.);
#561=ORIENTED_EDGE('',*,*,#1512,.F.);
#562=ORIENTED_EDGE('',*,*,#1513,.T.);
#563=ORIENTED_EDGE('',*,*,#1494,.T.);
#564=ORIENTED_EDGE('',*,*,#1514,.F.);
#565=ORIENTED_EDGE('',*,*,#1515,.F.);
#566=ORIENTED_EDGE('',*,*,#1493,.T.);
#567=ORIENTED_EDGE('',*,*,#1516,.F.);
#568=ORIENTED_EDGE('',*,*,#1517,.F.);
#569=ORIENTED_EDGE('',*,*,#1514,.T.);
#570=ORIENTED_EDGE('',*,*,#1492,.F.);
#571=ORIENTED_EDGE('',*,*,#1518,.T.);
#572=ORIENTED_EDGE('',*,*,#1519,.T.);
#573=ORIENTED_EDGE('',*,*,#1516,.T.);
#574=ORIENTED_EDGE('',*,*,#1520,.T.);
#575=ORIENTED_EDGE('',*,*,#1521,.T.);
#576=ORIENTED_EDGE('',*,*,#1490,.F.);
#577=ORIENTED_EDGE('',*,*,#1522,.T.);
#578=ORIENTED_EDGE('',*,*,#1523,.F.);
#579=ORIENTED_EDGE('',*,*,#1524,.T.);
#580=ORIENTED_EDGE('',*,*,#1498,.T.);
#581=ORIENTED_EDGE('',*,*,#1525,.F.);
#582=ORIENTED_EDGE('',*,*,#1497,.T.);
#583=ORIENTED_EDGE('',*,*,#1504,.F.);
#584=ORIENTED_EDGE('',*,*,#1526,.F.);
#585=ORIENTED_EDGE('',*,*,#1525,.T.);
#586=ORIENTED_EDGE('',*,*,#1519,.F.);
#587=ORIENTED_EDGE('',*,*,#1527,.T.);
#588=ORIENTED_EDGE('',*,*,#1520,.F.);
#589=ORIENTED_EDGE('',*,*,#1528,.T.);
#590=ORIENTED_EDGE('',*,*,#1523,.T.);
#591=ORIENTED_EDGE('',*,*,#1526,.T.);
#592=ORIENTED_EDGE('',*,*,#1503,.T.);
#593=ORIENTED_EDGE('',*,*,#1509,.T.);
#594=ORIENTED_EDGE('',*,*,#1515,.T.);
#595=ORIENTED_EDGE('',*,*,#1517,.T.);
#596=ORIENTED_EDGE('',*,*,#1500,.T.);
#597=ORIENTED_EDGE('',*,*,#1529,.T.);
#598=ORIENTED_EDGE('',*,*,#1511,.F.);
#599=ORIENTED_EDGE('',*,*,#1530,.F.);
#600=ORIENTED_EDGE('',*,*,#1501,.F.);
#601=ORIENTED_EDGE('',*,*,#1530,.T.);
#602=ORIENTED_EDGE('',*,*,#1510,.F.);
#603=ORIENTED_EDGE('',*,*,#1507,.F.);
#604=ORIENTED_EDGE('',*,*,#1495,.T.);
#605=ORIENTED_EDGE('',*,*,#1513,.F.);
#606=ORIENTED_EDGE('',*,*,#1531,.F.);
#607=ORIENTED_EDGE('',*,*,#1505,.T.);
#608=ORIENTED_EDGE('',*,*,#1506,.T.);
#609=ORIENTED_EDGE('',*,*,#1531,.T.);
#610=ORIENTED_EDGE('',*,*,#1512,.T.);
#611=ORIENTED_EDGE('',*,*,#1529,.F.);
#612=ORIENTED_EDGE('',*,*,#1527,.F.);
#613=ORIENTED_EDGE('',*,*,#1518,.F.);
#614=ORIENTED_EDGE('',*,*,#1491,.F.);
#615=ORIENTED_EDGE('',*,*,#1521,.F.);
#616=ORIENTED_EDGE('',*,*,#1528,.F.);
#617=ORIENTED_EDGE('',*,*,#1522,.F.);
#618=ORIENTED_EDGE('',*,*,#1499,.F.);
#619=ORIENTED_EDGE('',*,*,#1524,.F.);
#620=ORIENTED_EDGE('',*,*,#1532,.T.);
#621=ORIENTED_EDGE('',*,*,#1533,.T.);
#622=ORIENTED_EDGE('',*,*,#1534,.T.);
#623=ORIENTED_EDGE('',*,*,#1535,.F.);
#624=ORIENTED_EDGE('',*,*,#1536,.F.);
#625=ORIENTED_EDGE('',*,*,#1537,.F.);
#626=ORIENTED_EDGE('',*,*,#1538,.F.);
#627=ORIENTED_EDGE('',*,*,#1539,.F.);
#628=ORIENTED_EDGE('',*,*,#1540,.F.);
#629=ORIENTED_EDGE('',*,*,#1541,.T.);
#630=ORIENTED_EDGE('',*,*,#1542,.F.);
#631=ORIENTED_EDGE('',*,*,#1543,.T.);
#632=ORIENTED_EDGE('',*,*,#1544,.F.);
#633=ORIENTED_EDGE('',*,*,#1545,.F.);
#634=ORIENTED_EDGE('',*,*,#1546,.T.);
#635=ORIENTED_EDGE('',*,*,#1538,.T.);
#636=ORIENTED_EDGE('',*,*,#1547,.F.);
#637=ORIENTED_EDGE('',*,*,#1548,.F.);
#638=ORIENTED_EDGE('',*,*,#1544,.T.);
#639=ORIENTED_EDGE('',*,*,#1549,.T.);
#640=ORIENTED_EDGE('',*,*,#1550,.F.);
#641=ORIENTED_EDGE('',*,*,#1551,.F.);
#642=ORIENTED_EDGE('',*,*,#1550,.T.);
#643=ORIENTED_EDGE('',*,*,#1552,.T.);
#644=ORIENTED_EDGE('',*,*,#1553,.T.);
#645=ORIENTED_EDGE('',*,*,#1554,.F.);
#646=ORIENTED_EDGE('',*,*,#1555,.T.);
#647=ORIENTED_EDGE('',*,*,#1536,.T.);
#648=ORIENTED_EDGE('',*,*,#1556,.F.);
#649=ORIENTED_EDGE('',*,*,#1557,.F.);
#650=ORIENTED_EDGE('',*,*,#1535,.T.);
#651=ORIENTED_EDGE('',*,*,#1558,.F.);
#652=ORIENTED_EDGE('',*,*,#1559,.F.);
#653=ORIENTED_EDGE('',*,*,#1556,.T.);
#654=ORIENTED_EDGE('',*,*,#1534,.F.);
#655=ORIENTED_EDGE('',*,*,#1560,.T.);
#656=ORIENTED_EDGE('',*,*,#1561,.T.);
#657=ORIENTED_EDGE('',*,*,#1558,.T.);
#658=ORIENTED_EDGE('',*,*,#1562,.T.);
#659=ORIENTED_EDGE('',*,*,#1563,.T.);
#660=ORIENTED_EDGE('',*,*,#1532,.F.);
#661=ORIENTED_EDGE('',*,*,#1564,.T.);
#662=ORIENTED_EDGE('',*,*,#1565,.F.);
#663=ORIENTED_EDGE('',*,*,#1566,.T.);
#664=ORIENTED_EDGE('',*,*,#1540,.T.);
#665=ORIENTED_EDGE('',*,*,#1567,.F.);
#666=ORIENTED_EDGE('',*,*,#1539,.T.);
#667=ORIENTED_EDGE('',*,*,#1546,.F.);
#668=ORIENTED_EDGE('',*,*,#1568,.F.);
#669=ORIENTED_EDGE('',*,*,#1567,.T.);
#670=ORIENTED_EDGE('',*,*,#1561,.F.);
#671=ORIENTED_EDGE('',*,*,#1569,.T.);
#672=ORIENTED_EDGE('',*,*,#1562,.F.);
#673=ORIENTED_EDGE('',*,*,#1570,.T.);
#674=ORIENTED_EDGE('',*,*,#1565,.T.);
#675=ORIENTED_EDGE('',*,*,#1568,.T.);
#676=ORIENTED_EDGE('',*,*,#1545,.T.);
#677=ORIENTED_EDGE('',*,*,#1551,.T.);
#678=ORIENTED_EDGE('',*,*,#1557,.T.);
#679=ORIENTED_EDGE('',*,*,#1559,.T.);
#680=ORIENTED_EDGE('',*,*,#1542,.T.);
#681=ORIENTED_EDGE('',*,*,#1571,.T.);
#682=ORIENTED_EDGE('',*,*,#1553,.F.);
#683=ORIENTED_EDGE('',*,*,#1572,.F.);
#684=ORIENTED_EDGE('',*,*,#1543,.F.);
#685=ORIENTED_EDGE('',*,*,#1572,.T.);
#686=ORIENTED_EDGE('',*,*,#1552,.F.);
#687=ORIENTED_EDGE('',*,*,#1549,.F.);
#688=ORIENTED_EDGE('',*,*,#1537,.T.);
#689=ORIENTED_EDGE('',*,*,#1555,.F.);
#690=ORIENTED_EDGE('',*,*,#1573,.F.);
#691=ORIENTED_EDGE('',*,*,#1547,.T.);
#692=ORIENTED_EDGE('',*,*,#1548,.T.);
#693=ORIENTED_EDGE('',*,*,#1573,.T.);
#694=ORIENTED_EDGE('',*,*,#1554,.T.);
#695=ORIENTED_EDGE('',*,*,#1571,.F.);
#696=ORIENTED_EDGE('',*,*,#1569,.F.);
#697=ORIENTED_EDGE('',*,*,#1560,.F.);
#698=ORIENTED_EDGE('',*,*,#1533,.F.);
#699=ORIENTED_EDGE('',*,*,#1563,.F.);
#700=ORIENTED_EDGE('',*,*,#1570,.F.);
#701=ORIENTED_EDGE('',*,*,#1564,.F.);
#702=ORIENTED_EDGE('',*,*,#1541,.F.);
#703=ORIENTED_EDGE('',*,*,#1566,.F.);
#704=ORIENTED_EDGE('',*,*,#1574,.F.);
#705=ORIENTED_EDGE('',*,*,#1575,.F.);
#706=ORIENTED_EDGE('',*,*,#1576,.F.);
#707=ORIENTED_EDGE('',*,*,#1577,.T.);
#708=ORIENTED_EDGE('',*,*,#1578,.T.);
#709=ORIENTED_EDGE('',*,*,#1579,.F.);
#710=ORIENTED_EDGE('',*,*,#1580,.F.);
#711=ORIENTED_EDGE('',*,*,#1581,.T.);
#712=ORIENTED_EDGE('',*,*,#1582,.F.);
#713=ORIENTED_EDGE('',*,*,#1583,.F.);
#714=ORIENTED_EDGE('',*,*,#1584,.T.);
#715=ORIENTED_EDGE('',*,*,#1576,.T.);
#716=ORIENTED_EDGE('',*,*,#1585,.F.);
#717=ORIENTED_EDGE('',*,*,#1586,.T.);
#718=ORIENTED_EDGE('',*,*,#1587,.T.);
#719=ORIENTED_EDGE('',*,*,#1588,.T.);
#720=ORIENTED_EDGE('',*,*,#1589,.F.);
#721=ORIENTED_EDGE('',*,*,#1590,.F.);
#722=ORIENTED_EDGE('',*,*,#1591,.T.);
#723=ORIENTED_EDGE('',*,*,#1583,.T.);
#724=ORIENTED_EDGE('',*,*,#1592,.F.);
#725=ORIENTED_EDGE('',*,*,#1593,.F.);
#726=ORIENTED_EDGE('',*,*,#1594,.T.);
#727=ORIENTED_EDGE('',*,*,#1590,.T.);
#728=ORIENTED_EDGE('',*,*,#1595,.T.);
#729=ORIENTED_EDGE('',*,*,#1596,.T.);
#730=ORIENTED_EDGE('',*,*,#1597,.F.);
#731=ORIENTED_EDGE('',*,*,#1593,.T.);
#732=ORIENTED_EDGE('',*,*,#1598,.T.);
#733=ORIENTED_EDGE('',*,*,#1599,.T.);
#734=ORIENTED_EDGE('',*,*,#1600,.F.);
#735=ORIENTED_EDGE('',*,*,#1601,.T.);
#736=ORIENTED_EDGE('',*,*,#1602,.T.);
#737=ORIENTED_EDGE('',*,*,#1603,.T.);
#738=ORIENTED_EDGE('',*,*,#1604,.F.);
#739=ORIENTED_EDGE('',*,*,#1605,.F.);
#740=ORIENTED_EDGE('',*,*,#1606,.F.);
#741=ORIENTED_EDGE('',*,*,#1578,.F.);
#742=ORIENTED_EDGE('',*,*,#1607,.T.);
#743=ORIENTED_EDGE('',*,*,#1605,.T.);
#744=ORIENTED_EDGE('',*,*,#1600,.T.);
#745=ORIENTED_EDGE('',*,*,#1608,.T.);
#746=ORIENTED_EDGE('',*,*,#1602,.F.);
#747=ORIENTED_EDGE('',*,*,#1607,.F.);
#748=ORIENTED_EDGE('',*,*,#1577,.F.);
#749=ORIENTED_EDGE('',*,*,#1584,.F.);
#750=ORIENTED_EDGE('',*,*,#1591,.F.);
#751=ORIENTED_EDGE('',*,*,#1594,.F.);
#752=ORIENTED_EDGE('',*,*,#1597,.T.);
#753=ORIENTED_EDGE('',*,*,#1609,.T.);
#754=ORIENTED_EDGE('',*,*,#1604,.T.);
#755=ORIENTED_EDGE('',*,*,#1610,.T.);
#756=ORIENTED_EDGE('',*,*,#1598,.F.);
#757=ORIENTED_EDGE('',*,*,#1611,.T.);
#758=ORIENTED_EDGE('',*,*,#1595,.F.);
#759=ORIENTED_EDGE('',*,*,#1592,.T.);
#760=ORIENTED_EDGE('',*,*,#1589,.T.);
#761=ORIENTED_EDGE('',*,*,#1612,.T.);
#762=ORIENTED_EDGE('',*,*,#1579,.T.);
#763=ORIENTED_EDGE('',*,*,#1606,.T.);
#764=ORIENTED_EDGE('',*,*,#1574,.T.);
#765=ORIENTED_EDGE('',*,*,#1613,.T.);
#766=ORIENTED_EDGE('',*,*,#1586,.F.);
#767=ORIENTED_EDGE('',*,*,#1614,.F.);
#768=ORIENTED_EDGE('',*,*,#1582,.T.);
#769=ORIENTED_EDGE('',*,*,#1575,.T.);
#770=ORIENTED_EDGE('',*,*,#1614,.T.);
#771=ORIENTED_EDGE('',*,*,#1585,.T.);
#772=ORIENTED_EDGE('',*,*,#1612,.F.);
#773=ORIENTED_EDGE('',*,*,#1588,.F.);
#774=ORIENTED_EDGE('',*,*,#1615,.T.);
#775=ORIENTED_EDGE('',*,*,#1580,.T.);
#776=ORIENTED_EDGE('',*,*,#1615,.F.);
#777=ORIENTED_EDGE('',*,*,#1587,.F.);
#778=ORIENTED_EDGE('',*,*,#1613,.F.);
#779=ORIENTED_EDGE('',*,*,#1581,.F.);
#780=ORIENTED_EDGE('',*,*,#1608,.F.);
#781=ORIENTED_EDGE('',*,*,#1599,.F.);
#782=ORIENTED_EDGE('',*,*,#1610,.F.);
#783=ORIENTED_EDGE('',*,*,#1603,.F.);
#784=ORIENTED_EDGE('',*,*,#1609,.F.);
#785=ORIENTED_EDGE('',*,*,#1596,.F.);
#786=ORIENTED_EDGE('',*,*,#1611,.F.);
#787=ORIENTED_EDGE('',*,*,#1601,.F.);
#788=ORIENTED_EDGE('',*,*,#1616,.F.);
#789=ORIENTED_EDGE('',*,*,#1617,.F.);
#790=ORIENTED_EDGE('',*,*,#1618,.F.);
#791=ORIENTED_EDGE('',*,*,#1619,.T.);
#792=ORIENTED_EDGE('',*,*,#1620,.T.);
#793=ORIENTED_EDGE('',*,*,#1621,.F.);
#794=ORIENTED_EDGE('',*,*,#1622,.F.);
#795=ORIENTED_EDGE('',*,*,#1623,.T.);
#796=ORIENTED_EDGE('',*,*,#1624,.F.);
#797=ORIENTED_EDGE('',*,*,#1625,.F.);
#798=ORIENTED_EDGE('',*,*,#1626,.T.);
#799=ORIENTED_EDGE('',*,*,#1618,.T.);
#800=ORIENTED_EDGE('',*,*,#1627,.F.);
#801=ORIENTED_EDGE('',*,*,#1628,.T.);
#802=ORIENTED_EDGE('',*,*,#1629,.T.);
#803=ORIENTED_EDGE('',*,*,#1630,.T.);
#804=ORIENTED_EDGE('',*,*,#1631,.F.);
#805=ORIENTED_EDGE('',*,*,#1632,.F.);
#806=ORIENTED_EDGE('',*,*,#1633,.T.);
#807=ORIENTED_EDGE('',*,*,#1625,.T.);
#808=ORIENTED_EDGE('',*,*,#1634,.F.);
#809=ORIENTED_EDGE('',*,*,#1635,.F.);
#810=ORIENTED_EDGE('',*,*,#1636,.T.);
#811=ORIENTED_EDGE('',*,*,#1632,.T.);
#812=ORIENTED_EDGE('',*,*,#1637,.T.);
#813=ORIENTED_EDGE('',*,*,#1638,.T.);
#814=ORIENTED_EDGE('',*,*,#1639,.F.);
#815=ORIENTED_EDGE('',*,*,#1635,.T.);
#816=ORIENTED_EDGE('',*,*,#1640,.T.);
#817=ORIENTED_EDGE('',*,*,#1641,.T.);
#818=ORIENTED_EDGE('',*,*,#1642,.F.);
#819=ORIENTED_EDGE('',*,*,#1643,.T.);
#820=ORIENTED_EDGE('',*,*,#1644,.T.);
#821=ORIENTED_EDGE('',*,*,#1645,.T.);
#822=ORIENTED_EDGE('',*,*,#1646,.F.);
#823=ORIENTED_EDGE('',*,*,#1647,.F.);
#824=ORIENTED_EDGE('',*,*,#1648,.F.);
#825=ORIENTED_EDGE('',*,*,#1620,.F.);
#826=ORIENTED_EDGE('',*,*,#1649,.T.);
#827=ORIENTED_EDGE('',*,*,#1647,.T.);
#828=ORIENTED_EDGE('',*,*,#1642,.T.);
#829=ORIENTED_EDGE('',*,*,#1650,.T.);
#830=ORIENTED_EDGE('',*,*,#1644,.F.);
#831=ORIENTED_EDGE('',*,*,#1649,.F.);
#832=ORIENTED_EDGE('',*,*,#1619,.F.);
#833=ORIENTED_EDGE('',*,*,#1626,.F.);
#834=ORIENTED_EDGE('',*,*,#1633,.F.);
#835=ORIENTED_EDGE('',*,*,#1636,.F.);
#836=ORIENTED_EDGE('',*,*,#1639,.T.);
#837=ORIENTED_EDGE('',*,*,#1651,.T.);
#838=ORIENTED_EDGE('',*,*,#1646,.T.);
#839=ORIENTED_EDGE('',*,*,#1652,.T.);
#840=ORIENTED_EDGE('',*,*,#1640,.F.);
#841=ORIENTED_EDGE('',*,*,#1653,.T.);
#842=ORIENTED_EDGE('',*,*,#1637,.F.);
#843=ORIENTED_EDGE('',*,*,#1634,.T.);
#844=ORIENTED_EDGE('',*,*,#1631,.T.);
#845=ORIENTED_EDGE('',*,*,#1654,.T.);
#846=ORIENTED_EDGE('',*,*,#1621,.T.);
#847=ORIENTED_EDGE('',*,*,#1648,.T.);
#848=ORIENTED_EDGE('',*,*,#1616,.T.);
#849=ORIENTED_EDGE('',*,*,#1655,.T.);
#850=ORIENTED_EDGE('',*,*,#1628,.F.);
#851=ORIENTED_EDGE('',*,*,#1656,.F.);
#852=ORIENTED_EDGE('',*,*,#1624,.T.);
#853=ORIENTED_EDGE('',*,*,#1617,.T.);
#854=ORIENTED_EDGE('',*,*,#1656,.T.);
#855=ORIENTED_EDGE('',*,*,#1627,.T.);
#856=ORIENTED_EDGE('',*,*,#1654,.F.);
#857=ORIENTED_EDGE('',*,*,#1630,.F.);
#858=ORIENTED_EDGE('',*,*,#1657,.T.);
#859=ORIENTED_EDGE('',*,*,#1622,.T.);
#860=ORIENTED_EDGE('',*,*,#1657,.F.);
#861=ORIENTED_EDGE('',*,*,#1629,.F.);
#862=ORIENTED_EDGE('',*,*,#1655,.F.);
#863=ORIENTED_EDGE('',*,*,#1623,.F.);
#864=ORIENTED_EDGE('',*,*,#1650,.F.);
#865=ORIENTED_EDGE('',*,*,#1641,.F.);
#866=ORIENTED_EDGE('',*,*,#1652,.F.);
#867=ORIENTED_EDGE('',*,*,#1645,.F.);
#868=ORIENTED_EDGE('',*,*,#1651,.F.);
#869=ORIENTED_EDGE('',*,*,#1638,.F.);
#870=ORIENTED_EDGE('',*,*,#1653,.F.);
#871=ORIENTED_EDGE('',*,*,#1643,.F.);
#872=ORIENTED_EDGE('',*,*,#1658,.F.);
#873=ORIENTED_EDGE('',*,*,#1659,.T.);
#874=ORIENTED_EDGE('',*,*,#1660,.T.);
#875=ORIENTED_EDGE('',*,*,#1661,.T.);
#876=ORIENTED_EDGE('',*,*,#1662,.T.);
#877=ORIENTED_EDGE('',*,*,#1663,.F.);
#878=ORIENTED_EDGE('',*,*,#1664,.F.);
#879=ORIENTED_EDGE('',*,*,#1665,.F.);
#880=ORIENTED_EDGE('',*,*,#1666,.F.);
#881=ORIENTED_EDGE('',*,*,#1667,.F.);
#882=ORIENTED_EDGE('',*,*,#1668,.F.);
#883=ORIENTED_EDGE('',*,*,#1669,.T.);
#884=ORIENTED_EDGE('',*,*,#1670,.F.);
#885=ORIENTED_EDGE('',*,*,#1671,.F.);
#886=ORIENTED_EDGE('',*,*,#1672,.T.);
#887=ORIENTED_EDGE('',*,*,#1666,.T.);
#888=ORIENTED_EDGE('',*,*,#1673,.F.);
#889=ORIENTED_EDGE('',*,*,#1674,.F.);
#890=ORIENTED_EDGE('',*,*,#1670,.T.);
#891=ORIENTED_EDGE('',*,*,#1675,.T.);
#892=ORIENTED_EDGE('',*,*,#1676,.F.);
#893=ORIENTED_EDGE('',*,*,#1677,.F.);
#894=ORIENTED_EDGE('',*,*,#1676,.T.);
#895=ORIENTED_EDGE('',*,*,#1678,.T.);
#896=ORIENTED_EDGE('',*,*,#1679,.T.);
#897=ORIENTED_EDGE('',*,*,#1680,.F.);
#898=ORIENTED_EDGE('',*,*,#1681,.T.);
#899=ORIENTED_EDGE('',*,*,#1664,.T.);
#900=ORIENTED_EDGE('',*,*,#1682,.F.);
#901=ORIENTED_EDGE('',*,*,#1683,.F.);
#902=ORIENTED_EDGE('',*,*,#1663,.T.);
#903=ORIENTED_EDGE('',*,*,#1684,.F.);
#904=ORIENTED_EDGE('',*,*,#1685,.F.);
#905=ORIENTED_EDGE('',*,*,#1682,.T.);
#906=ORIENTED_EDGE('',*,*,#1662,.F.);
#907=ORIENTED_EDGE('',*,*,#1686,.T.);
#908=ORIENTED_EDGE('',*,*,#1687,.T.);
#909=ORIENTED_EDGE('',*,*,#1684,.T.);
#910=ORIENTED_EDGE('',*,*,#1660,.F.);
#911=ORIENTED_EDGE('',*,*,#1688,.T.);
#912=ORIENTED_EDGE('',*,*,#1689,.T.);
#913=ORIENTED_EDGE('',*,*,#1690,.T.);
#914=ORIENTED_EDGE('',*,*,#1691,.F.);
#915=ORIENTED_EDGE('',*,*,#1692,.T.);
#916=ORIENTED_EDGE('',*,*,#1658,.T.);
#917=ORIENTED_EDGE('',*,*,#1693,.F.);
#918=ORIENTED_EDGE('',*,*,#1667,.T.);
#919=ORIENTED_EDGE('',*,*,#1672,.F.);
#920=ORIENTED_EDGE('',*,*,#1694,.F.);
#921=ORIENTED_EDGE('',*,*,#1693,.T.);
#922=ORIENTED_EDGE('',*,*,#1689,.F.);
#923=ORIENTED_EDGE('',*,*,#1695,.T.);
#924=ORIENTED_EDGE('',*,*,#1691,.T.);
#925=ORIENTED_EDGE('',*,*,#1694,.T.);
#926=ORIENTED_EDGE('',*,*,#1671,.T.);
#927=ORIENTED_EDGE('',*,*,#1677,.T.);
#928=ORIENTED_EDGE('',*,*,#1683,.T.);
#929=ORIENTED_EDGE('',*,*,#1685,.T.);
#930=ORIENTED_EDGE('',*,*,#1687,.F.);
#931=ORIENTED_EDGE('',*,*,#1696,.T.);
#932=ORIENTED_EDGE('',*,*,#1668,.T.);
#933=ORIENTED_EDGE('',*,*,#1697,.T.);
#934=ORIENTED_EDGE('',*,*,#1679,.F.);
#935=ORIENTED_EDGE('',*,*,#1698,.F.);
#936=ORIENTED_EDGE('',*,*,#1669,.F.);
#937=ORIENTED_EDGE('',*,*,#1698,.T.);
#938=ORIENTED_EDGE('',*,*,#1678,.F.);
#939=ORIENTED_EDGE('',*,*,#1675,.F.);
#940=ORIENTED_EDGE('',*,*,#1665,.T.);
#941=ORIENTED_EDGE('',*,*,#1681,.F.);
#942=ORIENTED_EDGE('',*,*,#1699,.F.);
#943=ORIENTED_EDGE('',*,*,#1673,.T.);
#944=ORIENTED_EDGE('',*,*,#1674,.T.);
#945=ORIENTED_EDGE('',*,*,#1699,.T.);
#946=ORIENTED_EDGE('',*,*,#1680,.T.);
#947=ORIENTED_EDGE('',*,*,#1697,.F.);
#948=ORIENTED_EDGE('',*,*,#1695,.F.);
#949=ORIENTED_EDGE('',*,*,#1688,.F.);
#950=ORIENTED_EDGE('',*,*,#1659,.F.);
#951=ORIENTED_EDGE('',*,*,#1692,.F.);
#952=ORIENTED_EDGE('',*,*,#1696,.F.);
#953=ORIENTED_EDGE('',*,*,#1686,.F.);
#954=ORIENTED_EDGE('',*,*,#1661,.F.);
#955=ORIENTED_EDGE('',*,*,#1690,.F.);
#956=ORIENTED_EDGE('',*,*,#1700,.T.);
#957=ORIENTED_EDGE('',*,*,#1701,.F.);
#958=ORIENTED_EDGE('',*,*,#1702,.F.);
#959=ORIENTED_EDGE('',*,*,#1703,.T.);
#960=ORIENTED_EDGE('',*,*,#1704,.T.);
#961=ORIENTED_EDGE('',*,*,#1705,.F.);
#962=ORIENTED_EDGE('',*,*,#1706,.F.);
#963=ORIENTED_EDGE('',*,*,#1701,.T.);
#964=ORIENTED_EDGE('',*,*,#1707,.F.);
#965=ORIENTED_EDGE('',*,*,#1708,.F.);
#966=ORIENTED_EDGE('',*,*,#1709,.F.);
#967=ORIENTED_EDGE('',*,*,#1710,.T.);
#968=ORIENTED_EDGE('',*,*,#1705,.T.);
#969=ORIENTED_EDGE('',*,*,#1711,.F.);
#970=ORIENTED_EDGE('',*,*,#1712,.F.);
#971=ORIENTED_EDGE('',*,*,#1713,.T.);
#972=ORIENTED_EDGE('',*,*,#1709,.T.);
#973=ORIENTED_EDGE('',*,*,#1714,.T.);
#974=ORIENTED_EDGE('',*,*,#1715,.F.);
#975=ORIENTED_EDGE('',*,*,#1716,.F.);
#976=ORIENTED_EDGE('',*,*,#1717,.F.);
#977=ORIENTED_EDGE('',*,*,#1718,.T.);
#978=ORIENTED_EDGE('',*,*,#1719,.T.);
#979=ORIENTED_EDGE('',*,*,#1720,.T.);
#980=ORIENTED_EDGE('',*,*,#1721,.F.);
#981=ORIENTED_EDGE('',*,*,#1722,.F.);
#982=ORIENTED_EDGE('',*,*,#1723,.T.);
#983=ORIENTED_EDGE('',*,*,#1715,.T.);
#984=ORIENTED_EDGE('',*,*,#1724,.T.);
#985=ORIENTED_EDGE('',*,*,#1725,.F.);
#986=ORIENTED_EDGE('',*,*,#1726,.F.);
#987=ORIENTED_EDGE('',*,*,#1722,.T.);
#988=ORIENTED_EDGE('',*,*,#1727,.F.);
#989=ORIENTED_EDGE('',*,*,#1728,.F.);
#990=ORIENTED_EDGE('',*,*,#1729,.T.);
#991=ORIENTED_EDGE('',*,*,#1725,.T.);
#992=ORIENTED_EDGE('',*,*,#1730,.F.);
#993=ORIENTED_EDGE('',*,*,#1703,.F.);
#994=ORIENTED_EDGE('',*,*,#1731,.T.);
#995=ORIENTED_EDGE('',*,*,#1728,.T.);
#996=ORIENTED_EDGE('',*,*,#1702,.T.);
#997=ORIENTED_EDGE('',*,*,#1706,.T.);
#998=ORIENTED_EDGE('',*,*,#1710,.F.);
#999=ORIENTED_EDGE('',*,*,#1716,.T.);
#1000=ORIENTED_EDGE('',*,*,#1723,.F.);
#1001=ORIENTED_EDGE('',*,*,#1726,.T.);
#1002=ORIENTED_EDGE('',*,*,#1729,.F.);
#1003=ORIENTED_EDGE('',*,*,#1731,.F.);
#1004=ORIENTED_EDGE('',*,*,#1732,.F.);
#1005=ORIENTED_EDGE('',*,*,#1711,.T.);
#1006=ORIENTED_EDGE('',*,*,#1704,.F.);
#1007=ORIENTED_EDGE('',*,*,#1700,.F.);
#1008=ORIENTED_EDGE('',*,*,#1730,.T.);
#1009=ORIENTED_EDGE('',*,*,#1727,.T.);
#1010=ORIENTED_EDGE('',*,*,#1724,.F.);
#1011=ORIENTED_EDGE('',*,*,#1721,.T.);
#1012=ORIENTED_EDGE('',*,*,#1733,.F.);
#1013=ORIENTED_EDGE('',*,*,#1718,.F.);
#1014=ORIENTED_EDGE('',*,*,#1734,.T.);
#1015=ORIENTED_EDGE('',*,*,#1707,.T.);
#1016=ORIENTED_EDGE('',*,*,#1734,.F.);
#1017=ORIENTED_EDGE('',*,*,#1717,.T.);
#1018=ORIENTED_EDGE('',*,*,#1714,.F.);
#1019=ORIENTED_EDGE('',*,*,#1708,.T.);
#1020=ORIENTED_EDGE('',*,*,#1732,.T.);
#1021=ORIENTED_EDGE('',*,*,#1720,.F.);
#1022=ORIENTED_EDGE('',*,*,#1735,.F.);
#1023=ORIENTED_EDGE('',*,*,#1712,.T.);
#1024=ORIENTED_EDGE('',*,*,#1733,.T.);
#1025=ORIENTED_EDGE('',*,*,#1713,.F.);
#1026=ORIENTED_EDGE('',*,*,#1735,.T.);
#1027=ORIENTED_EDGE('',*,*,#1719,.F.);
#1028=ORIENTED_EDGE('',*,*,#1736,.F.);
#1029=ORIENTED_EDGE('',*,*,#1737,.F.);
#1030=ORIENTED_EDGE('',*,*,#1738,.F.);
#1031=ORIENTED_EDGE('',*,*,#1739,.T.);
#1032=ORIENTED_EDGE('',*,*,#1740,.T.);
#1033=ORIENTED_EDGE('',*,*,#1741,.F.);
#1034=ORIENTED_EDGE('',*,*,#1742,.F.);
#1035=ORIENTED_EDGE('',*,*,#1743,.T.);
#1036=ORIENTED_EDGE('',*,*,#1744,.F.);
#1037=ORIENTED_EDGE('',*,*,#1745,.F.);
#1038=ORIENTED_EDGE('',*,*,#1746,.T.);
#1039=ORIENTED_EDGE('',*,*,#1738,.T.);
#1040=ORIENTED_EDGE('',*,*,#1747,.F.);
#1041=ORIENTED_EDGE('',*,*,#1748,.T.);
#1042=ORIENTED_EDGE('',*,*,#1749,.T.);
#1043=ORIENTED_EDGE('',*,*,#1750,.T.);
#1044=ORIENTED_EDGE('',*,*,#1751,.F.);
#1045=ORIENTED_EDGE('',*,*,#1752,.F.);
#1046=ORIENTED_EDGE('',*,*,#1753,.T.);
#1047=ORIENTED_EDGE('',*,*,#1745,.T.);
#1048=ORIENTED_EDGE('',*,*,#1754,.F.);
#1049=ORIENTED_EDGE('',*,*,#1755,.F.);
#1050=ORIENTED_EDGE('',*,*,#1756,.T.);
#1051=ORIENTED_EDGE('',*,*,#1752,.T.);
#1052=ORIENTED_EDGE('',*,*,#1757,.T.);
#1053=ORIENTED_EDGE('',*,*,#1758,.T.);
#1054=ORIENTED_EDGE('',*,*,#1759,.F.);
#1055=ORIENTED_EDGE('',*,*,#1755,.T.);
#1056=ORIENTED_EDGE('',*,*,#1760,.T.);
#1057=ORIENTED_EDGE('',*,*,#1761,.T.);
#1058=ORIENTED_EDGE('',*,*,#1762,.F.);
#1059=ORIENTED_EDGE('',*,*,#1763,.T.);
#1060=ORIENTED_EDGE('',*,*,#1764,.T.);
#1061=ORIENTED_EDGE('',*,*,#1765,.T.);
#1062=ORIENTED_EDGE('',*,*,#1766,.F.);
#1063=ORIENTED_EDGE('',*,*,#1767,.F.);
#1064=ORIENTED_EDGE('',*,*,#1768,.F.);
#1065=ORIENTED_EDGE('',*,*,#1740,.F.);
#1066=ORIENTED_EDGE('',*,*,#1769,.T.);
#1067=ORIENTED_EDGE('',*,*,#1767,.T.);
#1068=ORIENTED_EDGE('',*,*,#1762,.T.);
#1069=ORIENTED_EDGE('',*,*,#1770,.T.);
#1070=ORIENTED_EDGE('',*,*,#1764,.F.);
#1071=ORIENTED_EDGE('',*,*,#1769,.F.);
#1072=ORIENTED_EDGE('',*,*,#1739,.F.);
#1073=ORIENTED_EDGE('',*,*,#1746,.F.);
#1074=ORIENTED_EDGE('',*,*,#1753,.F.);
#1075=ORIENTED_EDGE('',*,*,#1756,.F.);
#1076=ORIENTED_EDGE('',*,*,#1759,.T.);
#1077=ORIENTED_EDGE('',*,*,#1771,.T.);
#1078=ORIENTED_EDGE('',*,*,#1766,.T.);
#1079=ORIENTED_EDGE('',*,*,#1772,.T.);
#1080=ORIENTED_EDGE('',*,*,#1760,.F.);
#1081=ORIENTED_EDGE('',*,*,#1773,.T.);
#1082=ORIENTED_EDGE('',*,*,#1757,.F.);
#1083=ORIENTED_EDGE('',*,*,#1754,.T.);
#1084=ORIENTED_EDGE('',*,*,#1751,.T.);
#1085=ORIENTED_EDGE('',*,*,#1774,.T.);
#1086=ORIENTED_EDGE('',*,*,#1741,.T.);
#1087=ORIENTED_EDGE('',*,*,#1768,.T.);
#1088=ORIENTED_EDGE('',*,*,#1736,.T.);
#1089=ORIENTED_EDGE('',*,*,#1775,.T.);
#1090=ORIENTED_EDGE('',*,*,#1748,.F.);
#1091=ORIENTED_EDGE('',*,*,#1776,.F.);
#1092=ORIENTED_EDGE('',*,*,#1744,.T.);
#1093=ORIENTED_EDGE('',*,*,#1737,.T.);
#1094=ORIENTED_EDGE('',*,*,#1776,.T.);
#1095=ORIENTED_EDGE('',*,*,#1747,.T.);
#1096=ORIENTED_EDGE('',*,*,#1774,.F.);
#1097=ORIENTED_EDGE('',*,*,#1750,.F.);
#1098=ORIENTED_EDGE('',*,*,#1777,.T.);
#1099=ORIENTED_EDGE('',*,*,#1742,.T.);
#1100=ORIENTED_EDGE('',*,*,#1777,.F.);
#1101=ORIENTED_EDGE('',*,*,#1749,.F.);
#1102=ORIENTED_EDGE('',*,*,#1775,.F.);
#1103=ORIENTED_EDGE('',*,*,#1743,.F.);
#1104=ORIENTED_EDGE('',*,*,#1770,.F.);
#1105=ORIENTED_EDGE('',*,*,#1761,.F.);
#1106=ORIENTED_EDGE('',*,*,#1772,.F.);
#1107=ORIENTED_EDGE('',*,*,#1765,.F.);
#1108=ORIENTED_EDGE('',*,*,#1771,.F.);
#1109=ORIENTED_EDGE('',*,*,#1758,.F.);
#1110=ORIENTED_EDGE('',*,*,#1773,.F.);
#1111=ORIENTED_EDGE('',*,*,#1763,.F.);
#1112=ORIENTED_EDGE('',*,*,#1778,.F.);
#1113=ORIENTED_EDGE('',*,*,#1779,.T.);
#1114=ORIENTED_EDGE('',*,*,#1780,.T.);
#1115=ORIENTED_EDGE('',*,*,#1781,.T.);
#1116=ORIENTED_EDGE('',*,*,#1782,.T.);
#1117=ORIENTED_EDGE('',*,*,#1783,.F.);
#1118=ORIENTED_EDGE('',*,*,#1784,.F.);
#1119=ORIENTED_EDGE('',*,*,#1785,.F.);
#1120=ORIENTED_EDGE('',*,*,#1786,.F.);
#1121=ORIENTED_EDGE('',*,*,#1787,.F.);
#1122=ORIENTED_EDGE('',*,*,#1788,.F.);
#1123=ORIENTED_EDGE('',*,*,#1789,.T.);
#1124=ORIENTED_EDGE('',*,*,#1790,.F.);
#1125=ORIENTED_EDGE('',*,*,#1791,.F.);
#1126=ORIENTED_EDGE('',*,*,#1792,.T.);
#1127=ORIENTED_EDGE('',*,*,#1786,.T.);
#1128=ORIENTED_EDGE('',*,*,#1793,.F.);
#1129=ORIENTED_EDGE('',*,*,#1794,.F.);
#1130=ORIENTED_EDGE('',*,*,#1790,.T.);
#1131=ORIENTED_EDGE('',*,*,#1795,.T.);
#1132=ORIENTED_EDGE('',*,*,#1796,.F.);
#1133=ORIENTED_EDGE('',*,*,#1797,.F.);
#1134=ORIENTED_EDGE('',*,*,#1796,.T.);
#1135=ORIENTED_EDGE('',*,*,#1798,.T.);
#1136=ORIENTED_EDGE('',*,*,#1799,.T.);
#1137=ORIENTED_EDGE('',*,*,#1800,.F.);
#1138=ORIENTED_EDGE('',*,*,#1801,.T.);
#1139=ORIENTED_EDGE('',*,*,#1784,.T.);
#1140=ORIENTED_EDGE('',*,*,#1802,.F.);
#1141=ORIENTED_EDGE('',*,*,#1803,.F.);
#1142=ORIENTED_EDGE('',*,*,#1783,.T.);
#1143=ORIENTED_EDGE('',*,*,#1804,.F.);
#1144=ORIENTED_EDGE('',*,*,#1805,.F.);
#1145=ORIENTED_EDGE('',*,*,#1802,.T.);
#1146=ORIENTED_EDGE('',*,*,#1782,.F.);
#1147=ORIENTED_EDGE('',*,*,#1806,.T.);
#1148=ORIENTED_EDGE('',*,*,#1807,.T.);
#1149=ORIENTED_EDGE('',*,*,#1804,.T.);
#1150=ORIENTED_EDGE('',*,*,#1780,.F.);
#1151=ORIENTED_EDGE('',*,*,#1808,.T.);
#1152=ORIENTED_EDGE('',*,*,#1809,.T.);
#1153=ORIENTED_EDGE('',*,*,#1810,.T.);
#1154=ORIENTED_EDGE('',*,*,#1811,.F.);
#1155=ORIENTED_EDGE('',*,*,#1812,.T.);
#1156=ORIENTED_EDGE('',*,*,#1778,.T.);
#1157=ORIENTED_EDGE('',*,*,#1813,.F.);
#1158=ORIENTED_EDGE('',*,*,#1787,.T.);
#1159=ORIENTED_EDGE('',*,*,#1792,.F.);
#1160=ORIENTED_EDGE('',*,*,#1814,.F.);
#1161=ORIENTED_EDGE('',*,*,#1813,.T.);
#1162=ORIENTED_EDGE('',*,*,#1809,.F.);
#1163=ORIENTED_EDGE('',*,*,#1815,.T.);
#1164=ORIENTED_EDGE('',*,*,#1811,.T.);
#1165=ORIENTED_EDGE('',*,*,#1814,.T.);
#1166=ORIENTED_EDGE('',*,*,#1791,.T.);
#1167=ORIENTED_EDGE('',*,*,#1797,.T.);
#1168=ORIENTED_EDGE('',*,*,#1803,.T.);
#1169=ORIENTED_EDGE('',*,*,#1805,.T.);
#1170=ORIENTED_EDGE('',*,*,#1807,.F.);
#1171=ORIENTED_EDGE('',*,*,#1816,.T.);
#1172=ORIENTED_EDGE('',*,*,#1788,.T.);
#1173=ORIENTED_EDGE('',*,*,#1817,.T.);
#1174=ORIENTED_EDGE('',*,*,#1799,.F.);
#1175=ORIENTED_EDGE('',*,*,#1818,.F.);
#1176=ORIENTED_EDGE('',*,*,#1789,.F.);
#1177=ORIENTED_EDGE('',*,*,#1818,.T.);
#1178=ORIENTED_EDGE('',*,*,#1798,.F.);
#1179=ORIENTED_EDGE('',*,*,#1795,.F.);
#1180=ORIENTED_EDGE('',*,*,#1785,.T.);
#1181=ORIENTED_EDGE('',*,*,#1801,.F.);
#1182=ORIENTED_EDGE('',*,*,#1819,.F.);
#1183=ORIENTED_EDGE('',*,*,#1793,.T.);
#1184=ORIENTED_EDGE('',*,*,#1794,.T.);
#1185=ORIENTED_EDGE('',*,*,#1819,.T.);
#1186=ORIENTED_EDGE('',*,*,#1800,.T.);
#1187=ORIENTED_EDGE('',*,*,#1817,.F.);
#1188=ORIENTED_EDGE('',*,*,#1815,.F.);
#1189=ORIENTED_EDGE('',*,*,#1808,.F.);
#1190=ORIENTED_EDGE('',*,*,#1779,.F.);
#1191=ORIENTED_EDGE('',*,*,#1812,.F.);
#1192=ORIENTED_EDGE('',*,*,#1816,.F.);
#1193=ORIENTED_EDGE('',*,*,#1806,.F.);
#1194=ORIENTED_EDGE('',*,*,#1781,.F.);
#1195=ORIENTED_EDGE('',*,*,#1810,.F.);
#1196=ORIENTED_EDGE('',*,*,#1820,.F.);
#1197=ORIENTED_EDGE('',*,*,#1821,.T.);
#1198=ORIENTED_EDGE('',*,*,#1822,.T.);
#1199=ORIENTED_EDGE('',*,*,#1823,.F.);
#1200=ORIENTED_EDGE('',*,*,#1824,.T.);
#1201=ORIENTED_EDGE('',*,*,#1825,.F.);
#1202=ORIENTED_EDGE('',*,*,#1826,.F.);
#1203=ORIENTED_EDGE('',*,*,#1823,.T.);
#1204=ORIENTED_EDGE('',*,*,#1827,.F.);
#1205=ORIENTED_EDGE('',*,*,#1828,.F.);
#1206=ORIENTED_EDGE('',*,*,#1829,.F.);
#1207=ORIENTED_EDGE('',*,*,#1830,.T.);
#1208=ORIENTED_EDGE('',*,*,#1825,.T.);
#1209=ORIENTED_EDGE('',*,*,#1831,.F.);
#1210=ORIENTED_EDGE('',*,*,#1832,.F.);
#1211=ORIENTED_EDGE('',*,*,#1833,.T.);
#1212=ORIENTED_EDGE('',*,*,#1829,.T.);
#1213=ORIENTED_EDGE('',*,*,#1834,.T.);
#1214=ORIENTED_EDGE('',*,*,#1835,.F.);
#1215=ORIENTED_EDGE('',*,*,#1836,.F.);
#1216=ORIENTED_EDGE('',*,*,#1837,.F.);
#1217=ORIENTED_EDGE('',*,*,#1838,.T.);
#1218=ORIENTED_EDGE('',*,*,#1839,.T.);
#1219=ORIENTED_EDGE('',*,*,#1840,.T.);
#1220=ORIENTED_EDGE('',*,*,#1841,.F.);
#1221=ORIENTED_EDGE('',*,*,#1842,.F.);
#1222=ORIENTED_EDGE('',*,*,#1843,.T.);
#1223=ORIENTED_EDGE('',*,*,#1835,.T.);
#1224=ORIENTED_EDGE('',*,*,#1844,.T.);
#1225=ORIENTED_EDGE('',*,*,#1845,.F.);
#1226=ORIENTED_EDGE('',*,*,#1846,.F.);
#1227=ORIENTED_EDGE('',*,*,#1842,.T.);
#1228=ORIENTED_EDGE('',*,*,#1847,.F.);
#1229=ORIENTED_EDGE('',*,*,#1848,.T.);
#1230=ORIENTED_EDGE('',*,*,#1849,.T.);
#1231=ORIENTED_EDGE('',*,*,#1845,.T.);
#1232=ORIENTED_EDGE('',*,*,#1850,.T.);
#1233=ORIENTED_EDGE('',*,*,#1851,.T.);
#1234=ORIENTED_EDGE('',*,*,#1852,.F.);
#1235=ORIENTED_EDGE('',*,*,#1853,.T.);
#1236=ORIENTED_EDGE('',*,*,#1849,.F.);
#1237=ORIENTED_EDGE('',*,*,#1854,.T.);
#1238=ORIENTED_EDGE('',*,*,#1850,.F.);
#1239=ORIENTED_EDGE('',*,*,#1855,.T.);
#1240=ORIENTED_EDGE('',*,*,#1820,.T.);
#1241=ORIENTED_EDGE('',*,*,#1826,.T.);
#1242=ORIENTED_EDGE('',*,*,#1830,.F.);
#1243=ORIENTED_EDGE('',*,*,#1836,.T.);
#1244=ORIENTED_EDGE('',*,*,#1843,.F.);
#1245=ORIENTED_EDGE('',*,*,#1846,.T.);
#1246=ORIENTED_EDGE('',*,*,#1852,.T.);
#1247=ORIENTED_EDGE('',*,*,#1856,.T.);
#1248=ORIENTED_EDGE('',*,*,#1847,.T.);
#1249=ORIENTED_EDGE('',*,*,#1844,.F.);
#1250=ORIENTED_EDGE('',*,*,#1841,.T.);
#1251=ORIENTED_EDGE('',*,*,#1857,.F.);
#1252=ORIENTED_EDGE('',*,*,#1831,.T.);
#1253=ORIENTED_EDGE('',*,*,#1824,.F.);
#1254=ORIENTED_EDGE('',*,*,#1822,.F.);
#1255=ORIENTED_EDGE('',*,*,#1858,.T.);
#1256=ORIENTED_EDGE('',*,*,#1859,.F.);
#1257=ORIENTED_EDGE('',*,*,#1838,.F.);
#1258=ORIENTED_EDGE('',*,*,#1860,.T.);
#1259=ORIENTED_EDGE('',*,*,#1827,.T.);
#1260=ORIENTED_EDGE('',*,*,#1860,.F.);
#1261=ORIENTED_EDGE('',*,*,#1837,.T.);
#1262=ORIENTED_EDGE('',*,*,#1834,.F.);
#1263=ORIENTED_EDGE('',*,*,#1828,.T.);
#1264=ORIENTED_EDGE('',*,*,#1857,.T.);
#1265=ORIENTED_EDGE('',*,*,#1840,.F.);
#1266=ORIENTED_EDGE('',*,*,#1861,.F.);
#1267=ORIENTED_EDGE('',*,*,#1832,.T.);
#1268=ORIENTED_EDGE('',*,*,#1859,.T.);
#1269=ORIENTED_EDGE('',*,*,#1833,.F.);
#1270=ORIENTED_EDGE('',*,*,#1861,.T.);
#1271=ORIENTED_EDGE('',*,*,#1839,.F.);
#1272=ORIENTED_EDGE('',*,*,#1854,.F.);
#1273=ORIENTED_EDGE('',*,*,#1848,.F.);
#1274=ORIENTED_EDGE('',*,*,#1856,.F.);
#1275=ORIENTED_EDGE('',*,*,#1851,.F.);
#1276=ORIENTED_EDGE('',*,*,#1855,.F.);
#1277=ORIENTED_EDGE('',*,*,#1853,.F.);
#1278=ORIENTED_EDGE('',*,*,#1858,.F.);
#1279=ORIENTED_EDGE('',*,*,#1821,.F.);
#1280=EDGE_CURVE('',#1862,#1863,#2250,.T.);
#1281=EDGE_CURVE('',#1863,#1864,#64,.F.);
#1282=EDGE_CURVE('',#1865,#1864,#2251,.T.);
#1283=EDGE_CURVE('',#1865,#1866,#65,.F.);
#1284=EDGE_CURVE('',#1867,#1866,#2252,.T.);
#1285=EDGE_CURVE('',#1867,#1868,#2253,.T.);
#1286=EDGE_CURVE('',#1869,#1868,#2254,.T.);
#1287=EDGE_CURVE('',#1869,#1870,#2255,.T.);
#1288=EDGE_CURVE('',#1870,#1871,#2256,.T.);
#1289=EDGE_CURVE('',#1871,#1862,#2257,.T.);
#1290=EDGE_CURVE('',#1872,#1873,#2258,.T.);
#1291=EDGE_CURVE('',#1874,#1872,#2259,.T.);
#1292=EDGE_CURVE('',#1875,#1874,#2260,.T.);
#1293=EDGE_CURVE('',#1875,#1876,#2261,.T.);
#1294=EDGE_CURVE('',#1876,#1871,#2262,.T.);
#1295=EDGE_CURVE('',#1877,#1870,#2263,.T.);
#1296=EDGE_CURVE('',#1877,#1873,#2264,.T.);
#1297=EDGE_CURVE('',#1878,#1874,#2265,.T.);
#1298=EDGE_CURVE('',#1879,#1878,#2266,.T.);
#1299=EDGE_CURVE('',#1879,#1875,#2267,.T.);
#1300=EDGE_CURVE('',#1878,#1880,#2268,.T.);
#1301=EDGE_CURVE('',#1880,#1881,#2269,.T.);
#1302=EDGE_CURVE('',#1882,#1881,#2270,.T.);
#1303=EDGE_CURVE('',#1882,#1869,#2271,.T.);
#1304=EDGE_CURVE('',#1883,#1868,#2272,.T.);
#1305=EDGE_CURVE('',#1879,#1883,#2273,.T.);
#1306=EDGE_CURVE('',#1884,#1867,#2274,.T.);
#1307=EDGE_CURVE('',#1884,#1883,#2275,.T.);
#1308=EDGE_CURVE('',#1866,#1885,#2276,.F.);
#1309=EDGE_CURVE('',#1884,#1885,#2277,.T.);
#1310=EDGE_CURVE('',#1864,#1886,#2278,.F.);
#1311=EDGE_CURVE('',#1887,#1886,#2279,.T.);
#1312=EDGE_CURVE('',#1887,#1865,#2280,.T.);
#1313=EDGE_CURVE('',#1888,#1889,#2281,.T.);
#1314=EDGE_CURVE('',#1889,#1863,#2282,.T.);
#1315=EDGE_CURVE('',#1888,#1862,#2283,.T.);
#1316=EDGE_CURVE('',#1876,#1888,#2284,.T.);
#1317=EDGE_CURVE('',#1886,#1889,#66,.T.);
#1318=EDGE_CURVE('',#1885,#1887,#67,.T.);
#1319=EDGE_CURVE('',#1873,#1881,#2285,.T.);
#1320=EDGE_CURVE('',#1872,#1880,#2286,.T.);
#1321=EDGE_CURVE('',#1882,#1877,#2287,.T.);
#1322=EDGE_CURVE('',#1890,#1891,#2288,.T.);
#1323=EDGE_CURVE('',#1890,#1892,#2289,.T.);
#1324=EDGE_CURVE('',#1892,#1893,#2290,.T.);
#1325=EDGE_CURVE('',#1891,#1893,#2291,.T.);
#1326=EDGE_CURVE('',#1893,#1894,#2292,.T.);
#1327=EDGE_CURVE('',#1895,#1894,#2293,.T.);
#1328=EDGE_CURVE('',#1891,#1895,#2294,.T.);
#1329=EDGE_CURVE('',#1896,#1897,#2295,.T.);
#1330=EDGE_CURVE('',#1898,#1896,#2296,.T.);
#1331=EDGE_CURVE('',#1899,#1898,#2297,.T.);
#1332=EDGE_CURVE('',#1899,#1895,#2298,.T.);
#1333=EDGE_CURVE('',#1900,#1894,#2299,.T.);
#1334=EDGE_CURVE('',#1901,#1900,#2300,.T.);
#1335=EDGE_CURVE('',#1901,#1897,#2301,.T.);
#1336=EDGE_CURVE('',#1898,#1902,#2302,.T.);
#1337=EDGE_CURVE('',#1903,#1902,#2303,.T.);
#1338=EDGE_CURVE('',#1899,#1903,#2304,.T.);
#1339=EDGE_CURVE('',#1904,#1902,#2305,.T.);
#1340=EDGE_CURVE('',#1904,#1905,#2306,.T.);
#1341=EDGE_CURVE('',#1905,#1906,#2307,.T.);
#1342=EDGE_CURVE('',#1906,#1907,#2308,.T.);
#1343=EDGE_CURVE('',#1908,#1907,#2309,.T.);
#1344=EDGE_CURVE('',#1909,#1908,#2310,.T.);
#1345=EDGE_CURVE('',#1909,#1903,#2311,.T.);
#1346=EDGE_CURVE('',#1908,#1910,#2312,.T.);
#1347=EDGE_CURVE('',#1911,#1910,#2313,.T.);
#1348=EDGE_CURVE('',#1909,#1911,#2314,.T.);
#1349=EDGE_CURVE('',#1912,#1910,#2315,.T.);
#1350=EDGE_CURVE('',#1912,#1913,#2316,.F.);
#1351=EDGE_CURVE('',#1913,#1911,#2317,.T.);
#1352=EDGE_CURVE('',#1914,#1915,#2318,.T.);
#1353=EDGE_CURVE('',#1915,#1916,#2319,.T.);
#1354=EDGE_CURVE('',#1917,#1916,#2320,.T.);
#1355=EDGE_CURVE('',#1917,#1914,#2321,.F.);
#1356=EDGE_CURVE('',#1913,#1915,#68,.T.);
#1357=EDGE_CURVE('',#1914,#1890,#69,.T.);
#1358=EDGE_CURVE('',#1916,#1912,#70,.F.);
#1359=EDGE_CURVE('',#1900,#1907,#2322,.T.);
#1360=EDGE_CURVE('',#1892,#1917,#71,.F.);
#1361=EDGE_CURVE('',#1905,#1897,#2323,.T.);
#1362=EDGE_CURVE('',#1904,#1896,#2324,.T.);
#1363=EDGE_CURVE('',#1901,#1906,#2325,.T.);
#1364=EDGE_CURVE('',#1918,#1919,#2326,.T.);
#1365=EDGE_CURVE('',#1918,#1920,#72,.F.);
#1366=EDGE_CURVE('',#1920,#1921,#2327,.T.);
#1367=EDGE_CURVE('',#1921,#1922,#73,.F.);
#1368=EDGE_CURVE('',#1922,#1923,#2328,.T.);
#1369=EDGE_CURVE('',#1924,#1923,#2329,.T.);
#1370=EDGE_CURVE('',#1925,#1924,#2330,.T.);
#1371=EDGE_CURVE('',#1926,#1925,#2331,.T.);
#1372=EDGE_CURVE('',#1927,#1926,#2332,.T.);
#1373=EDGE_CURVE('',#1919,#1927,#2333,.T.);
#1374=EDGE_CURVE('',#1928,#1929,#2334,.T.);
#1375=EDGE_CURVE('',#1928,#1930,#2335,.T.);
#1376=EDGE_CURVE('',#1931,#1930,#2336,.T.);
#1377=EDGE_CURVE('',#1932,#1931,#2337,.T.);
#1378=EDGE_CURVE('',#1932,#1927,#2338,.T.);
#1379=EDGE_CURVE('',#1933,#1926,#2339,.T.);
#1380=EDGE_CURVE('',#1929,#1933,#2340,.T.);
#1381=EDGE_CURVE('',#1930,#1934,#2341,.T.);
#1382=EDGE_CURVE('',#1935,#1934,#2342,.T.);
#1383=EDGE_CURVE('',#1931,#1935,#2343,.T.);
#1384=EDGE_CURVE('',#1934,#1936,#2344,.T.);
#1385=EDGE_CURVE('',#1936,#1937,#2345,.T.);
#1386=EDGE_CURVE('',#1938,#1937,#2346,.T.);
#1387=EDGE_CURVE('',#1938,#1925,#2347,.T.);
#1388=EDGE_CURVE('',#1939,#1924,#2348,.T.);
#1389=EDGE_CURVE('',#1935,#1939,#2349,.T.);
#1390=EDGE_CURVE('',#1940,#1923,#2350,.T.);
#1391=EDGE_CURVE('',#1939,#1940,#2351,.T.);
#1392=EDGE_CURVE('',#1922,#1941,#2352,.F.);
#1393=EDGE_CURVE('',#1941,#1940,#2353,.T.);
#1394=EDGE_CURVE('',#1920,#1942,#2354,.F.);
#1395=EDGE_CURVE('',#1942,#1943,#2355,.T.);
#1396=EDGE_CURVE('',#1943,#1921,#2356,.T.);
#1397=EDGE_CURVE('',#1944,#1945,#2357,.T.);
#1398=EDGE_CURVE('',#1944,#1918,#2358,.T.);
#1399=EDGE_CURVE('',#1945,#1919,#2359,.T.);
#1400=EDGE_CURVE('',#1945,#1932,#2360,.T.);
#1401=EDGE_CURVE('',#1942,#1944,#74,.T.);
#1402=EDGE_CURVE('',#1941,#1943,#75,.T.);
#1403=EDGE_CURVE('',#1929,#1937,#2361,.T.);
#1404=EDGE_CURVE('',#1928,#1936,#2362,.T.);
#1405=EDGE_CURVE('',#1933,#1938,#2363,.T.);
#1406=EDGE_CURVE('',#1946,#1947,#2364,.T.);
#1407=EDGE_CURVE('',#1947,#1948,#76,.F.);
#1408=EDGE_CURVE('',#1949,#1948,#2365,.T.);
#1409=EDGE_CURVE('',#1949,#1950,#77,.F.);
#1410=EDGE_CURVE('',#1951,#1950,#2366,.T.);
#1411=EDGE_CURVE('',#1951,#1952,#2367,.T.);
#1412=EDGE_CURVE('',#1953,#1952,#2368,.T.);
#1413=EDGE_CURVE('',#1953,#1954,#2369,.T.);
#1414=EDGE_CURVE('',#1954,#1955,#2370,.T.);
#1415=EDGE_CURVE('',#1955,#1946,#2371,.T.);
#1416=EDGE_CURVE('',#1956,#1957,#2372,.T.);
#1417=EDGE_CURVE('',#1958,#1956,#2373,.T.);
#1418=EDGE_CURVE('',#1959,#1958,#2374,.T.);
#1419=EDGE_CURVE('',#1959,#1960,#2375,.T.);
#1420=EDGE_CURVE('',#1960,#1955,#2376,.T.);
#1421=EDGE_CURVE('',#1961,#1954,#2377,.T.);
#1422=EDGE_CURVE('',#1961,#1957,#2378,.T.);
#1423=EDGE_CURVE('',#1962,#1958,#2379,.T.);
#1424=EDGE_CURVE('',#1963,#1962,#2380,.T.);
#1425=EDGE_CURVE('',#1963,#1959,#2381,.T.);
#1426=EDGE_CURVE('',#1962,#1964,#2382,.T.);
#1427=EDGE_CURVE('',#1964,#1965,#2383,.T.);
#1428=EDGE_CURVE('',#1966,#1965,#2384,.T.);
#1429=EDGE_CURVE('',#1966,#1953,#2385,.T.);
#1430=EDGE_CURVE('',#1967,#1952,#2386,.T.);
#1431=EDGE_CURVE('',#1963,#1967,#2387,.T.);
#1432=EDGE_CURVE('',#1968,#1951,#2388,.T.);
#1433=EDGE_CURVE('',#1968,#1967,#2389,.T.);
#1434=EDGE_CURVE('',#1950,#1969,#2390,.F.);
#1435=EDGE_CURVE('',#1968,#1969,#2391,.T.);
#1436=EDGE_CURVE('',#1948,#1970,#2392,.F.);
#1437=EDGE_CURVE('',#1971,#1970,#2393,.T.);
#1438=EDGE_CURVE('',#1971,#1949,#2394,.T.);
#1439=EDGE_CURVE('',#1972,#1973,#2395,.T.);
#1440=EDGE_CURVE('',#1973,#1947,#2396,.T.);
#1441=EDGE_CURVE('',#1972,#1946,#2397,.T.);
#1442=EDGE_CURVE('',#1960,#1972,#2398,.T.);
#1443=EDGE_CURVE('',#1970,#1973,#78,.T.);
#1444=EDGE_CURVE('',#1969,#1971,#79,.T.);
#1445=EDGE_CURVE('',#1957,#1965,#2399,.T.);
#1446=EDGE_CURVE('',#1956,#1964,#2400,.T.);
#1447=EDGE_CURVE('',#1966,#1961,#2401,.T.);
#1448=EDGE_CURVE('',#1974,#1975,#2402,.T.);
#1449=EDGE_CURVE('',#1974,#1976,#80,.F.);
#1450=EDGE_CURVE('',#1976,#1977,#2403,.T.);
#1451=EDGE_CURVE('',#1977,#1978,#81,.F.);
#1452=EDGE_CURVE('',#1978,#1979,#2404,.T.);
#1453=EDGE_CURVE('',#1980,#1979,#2405,.T.);
#1454=EDGE_CURVE('',#1981,#1980,#2406,.T.);
#1455=EDGE_CURVE('',#1982,#1981,#2407,.T.);
#1456=EDGE_CURVE('',#1983,#1982,#2408,.T.);
#1457=EDGE_CURVE('',#1975,#1983,#2409,.T.);
#1458=EDGE_CURVE('',#1984,#1985,#2410,.T.);
#1459=EDGE_CURVE('',#1984,#1986,#2411,.T.);
#1460=EDGE_CURVE('',#1987,#1986,#2412,.T.);
#1461=EDGE_CURVE('',#1988,#1987,#2413,.T.);
#1462=EDGE_CURVE('',#1988,#1983,#2414,.T.);
#1463=EDGE_CURVE('',#1989,#1982,#2415,.T.);
#1464=EDGE_CURVE('',#1985,#1989,#2416,.T.);
#1465=EDGE_CURVE('',#1986,#1990,#2417,.T.);
#1466=EDGE_CURVE('',#1991,#1990,#2418,.T.);
#1467=EDGE_CURVE('',#1987,#1991,#2419,.T.);
#1468=EDGE_CURVE('',#1990,#1992,#2420,.T.);
#1469=EDGE_CURVE('',#1992,#1993,#2421,.T.);
#1470=EDGE_CURVE('',#1994,#1993,#2422,.T.);
#1471=EDGE_CURVE('',#1994,#1981,#2423,.T.);
#1472=EDGE_CURVE('',#1995,#1980,#2424,.T.);
#1473=EDGE_CURVE('',#1991,#1995,#2425,.T.);
#1474=EDGE_CURVE('',#1996,#1979,#2426,.T.);
#1475=EDGE_CURVE('',#1995,#1996,#2427,.T.);
#1476=EDGE_CURVE('',#1978,#1997,#2428,.F.);
#1477=EDGE_CURVE('',#1997,#1996,#2429,.T.);
#1478=EDGE_CURVE('',#1976,#1998,#2430,.F.);
#1479=EDGE_CURVE('',#1998,#1999,#2431,.T.);
#1480=EDGE_CURVE('',#1999,#1977,#2432,.T.);
#1481=EDGE_CURVE('',#2000,#2001,#2433,.T.);
#1482=EDGE_CURVE('',#2000,#1974,#2434,.T.);
#1483=EDGE_CURVE('',#2001,#1975,#2435,.T.);
#1484=EDGE_CURVE('',#2001,#1988,#2436,.T.);
#1485=EDGE_CURVE('',#1998,#2000,#82,.T.);
#1486=EDGE_CURVE('',#1997,#1999,#83,.T.);
#1487=EDGE_CURVE('',#1985,#1993,#2437,.T.);
#1488=EDGE_CURVE('',#1984,#1992,#2438,.T.);
#1489=EDGE_CURVE('',#1989,#1994,#2439,.T.);
#1490=EDGE_CURVE('',#2002,#2003,#2440,.T.);
#1491=EDGE_CURVE('',#2003,#2004,#84,.F.);
#1492=EDGE_CURVE('',#2004,#2005,#2441,.T.);
#1493=EDGE_CURVE('',#2006,#2005,#2442,.T.);
#1494=EDGE_CURVE('',#2007,#2006,#2443,.T.);
#1495=EDGE_CURVE('',#2008,#2007,#2444,.T.);
#1496=EDGE_CURVE('',#2009,#2008,#2445,.T.);
#1497=EDGE_CURVE('',#2010,#2009,#2446,.T.);
#1498=EDGE_CURVE('',#2011,#2010,#2447,.T.);
#1499=EDGE_CURVE('',#2011,#2002,#85,.F.);
#1500=EDGE_CURVE('',#2012,#2013,#2448,.T.);
#1501=EDGE_CURVE('',#2012,#2014,#2449,.T.);
#1502=EDGE_CURVE('',#2015,#2014,#2450,.T.);
#1503=EDGE_CURVE('',#2016,#2015,#2451,.T.);
#1504=EDGE_CURVE('',#2016,#2009,#2452,.T.);
#1505=EDGE_CURVE('',#2017,#2008,#2453,.T.);
#1506=EDGE_CURVE('',#2013,#2017,#2454,.T.);
#1507=EDGE_CURVE('',#2014,#2018,#2455,.T.);
#1508=EDGE_CURVE('',#2019,#2018,#2456,.T.);
#1509=EDGE_CURVE('',#2015,#2019,#2457,.T.);
#1510=EDGE_CURVE('',#2018,#2020,#2458,.T.);
#1511=EDGE_CURVE('',#2020,#2021,#2459,.T.);
#1512=EDGE_CURVE('',#2022,#2021,#2460,.T.);
#1513=EDGE_CURVE('',#2022,#2007,#2461,.T.);
#1514=EDGE_CURVE('',#2023,#2006,#2462,.T.);
#1515=EDGE_CURVE('',#2019,#2023,#2463,.T.);
#1516=EDGE_CURVE('',#2024,#2005,#2464,.T.);
#1517=EDGE_CURVE('',#2023,#2024,#2465,.T.);
#1518=EDGE_CURVE('',#2004,#2025,#2466,.F.);
#1519=EDGE_CURVE('',#2025,#2024,#2467,.T.);
#1520=EDGE_CURVE('',#2026,#2027,#2468,.T.);
#1521=EDGE_CURVE('',#2027,#2003,#2469,.T.);
#1522=EDGE_CURVE('',#2002,#2026,#2470,.F.);
#1523=EDGE_CURVE('',#2028,#2029,#2471,.T.);
#1524=EDGE_CURVE('',#2028,#2011,#2472,.T.);
#1525=EDGE_CURVE('',#2029,#2010,#2473,.T.);
#1526=EDGE_CURVE('',#2029,#2016,#2474,.T.);
#1527=EDGE_CURVE('',#2025,#2027,#86,.T.);
#1528=EDGE_CURVE('',#2026,#2028,#87,.T.);
#1529=EDGE_CURVE('',#2013,#2021,#2475,.T.);
#1530=EDGE_CURVE('',#2012,#2020,#2476,.T.);
#1531=EDGE_CURVE('',#2017,#2022,#2477,.T.);
#1532=EDGE_CURVE('',#2030,#2031,#2478,.T.);
#1533=EDGE_CURVE('',#2031,#2032,#88,.F.);
#1534=EDGE_CURVE('',#2032,#2033,#2479,.T.);
#1535=EDGE_CURVE('',#2034,#2033,#2480,.T.);
#1536=EDGE_CURVE('',#2035,#2034,#2481,.T.);
#1537=EDGE_CURVE('',#2036,#2035,#2482,.T.);
#1538=EDGE_CURVE('',#2037,#2036,#2483,.T.);
#1539=EDGE_CURVE('',#2038,#2037,#2484,.T.);
#1540=EDGE_CURVE('',#2039,#2038,#2485,.T.);
#1541=EDGE_CURVE('',#2039,#2030,#89,.F.);
#1542=EDGE_CURVE('',#2040,#2041,#2486,.T.);
#1543=EDGE_CURVE('',#2040,#2042,#2487,.T.);
#1544=EDGE_CURVE('',#2043,#2042,#2488,.T.);
#1545=EDGE_CURVE('',#2044,#2043,#2489,.T.);
#1546=EDGE_CURVE('',#2044,#2037,#2490,.T.);
#1547=EDGE_CURVE('',#2045,#2036,#2491,.T.);
#1548=EDGE_CURVE('',#2041,#2045,#2492,.T.);
#1549=EDGE_CURVE('',#2042,#2046,#2493,.T.);
#1550=EDGE_CURVE('',#2047,#2046,#2494,.T.);
#1551=EDGE_CURVE('',#2043,#2047,#2495,.T.);
#1552=EDGE_CURVE('',#2046,#2048,#2496,.T.);
#1553=EDGE_CURVE('',#2048,#2049,#2497,.T.);
#1554=EDGE_CURVE('',#2050,#2049,#2498,.T.);
#1555=EDGE_CURVE('',#2050,#2035,#2499,.T.);
#1556=EDGE_CURVE('',#2051,#2034,#2500,.T.);
#1557=EDGE_CURVE('',#2047,#2051,#2501,.T.);
#1558=EDGE_CURVE('',#2052,#2033,#2502,.T.);
#1559=EDGE_CURVE('',#2051,#2052,#2503,.T.);
#1560=EDGE_CURVE('',#2032,#2053,#2504,.F.);
#1561=EDGE_CURVE('',#2053,#2052,#2505,.T.);
#1562=EDGE_CURVE('',#2054,#2055,#2506,.T.);
#1563=EDGE_CURVE('',#2055,#2031,#2507,.T.);
#1564=EDGE_CURVE('',#2030,#2054,#2508,.F.);
#1565=EDGE_CURVE('',#2056,#2057,#2509,.T.);
#1566=EDGE_CURVE('',#2056,#2039,#2510,.T.);
#1567=EDGE_CURVE('',#2057,#2038,#2511,.T.);
#1568=EDGE_CURVE('',#2057,#2044,#2512,.T.);
#1569=EDGE_CURVE('',#2053,#2055,#90,.T.);
#1570=EDGE_CURVE('',#2054,#2056,#91,.T.);
#1571=EDGE_CURVE('',#2041,#2049,#2513,.T.);
#1572=EDGE_CURVE('',#2040,#2048,#2514,.T.);
#1573=EDGE_CURVE('',#2045,#2050,#2515,.T.);
#1574=EDGE_CURVE('',#2058,#2059,#2516,.T.);
#1575=EDGE_CURVE('',#2060,#2058,#2517,.T.);
#1576=EDGE_CURVE('',#2061,#2060,#2518,.T.);
#1577=EDGE_CURVE('',#2061,#2062,#2519,.T.);
#1578=EDGE_CURVE('',#2062,#2063,#2520,.T.);
#1579=EDGE_CURVE('',#2064,#2063,#2521,.T.);
#1580=EDGE_CURVE('',#2065,#2064,#2522,.T.);
#1581=EDGE_CURVE('',#2065,#2059,#2523,.T.);
#1582=EDGE_CURVE('',#2066,#2060,#2524,.T.);
#1583=EDGE_CURVE('',#2067,#2066,#2525,.T.);
#1584=EDGE_CURVE('',#2067,#2061,#2526,.T.);
#1585=EDGE_CURVE('',#2068,#2066,#2527,.T.);
#1586=EDGE_CURVE('',#2068,#2069,#2528,.T.);
#1587=EDGE_CURVE('',#2069,#2070,#2529,.T.);
#1588=EDGE_CURVE('',#2070,#2071,#2530,.T.);
#1589=EDGE_CURVE('',#2072,#2071,#2531,.T.);
#1590=EDGE_CURVE('',#2073,#2072,#2532,.T.);
#1591=EDGE_CURVE('',#2073,#2067,#2533,.T.);
#1592=EDGE_CURVE('',#2074,#2072,#2534,.T.);
#1593=EDGE_CURVE('',#2075,#2074,#2535,.T.);
#1594=EDGE_CURVE('',#2075,#2073,#2536,.T.);
#1595=EDGE_CURVE('',#2074,#2076,#2537,.T.);
#1596=EDGE_CURVE('',#2076,#2077,#2538,.F.);
#1597=EDGE_CURVE('',#2075,#2077,#2539,.T.);
#1598=EDGE_CURVE('',#2078,#2079,#2540,.T.);
#1599=EDGE_CURVE('',#2079,#2080,#2541,.F.);
#1600=EDGE_CURVE('',#2081,#2080,#2542,.T.);
#1601=EDGE_CURVE('',#2081,#2078,#2543,.T.);
#1602=EDGE_CURVE('',#2082,#2083,#2544,.T.);
#1603=EDGE_CURVE('',#2083,#2084,#2545,.T.);
#1604=EDGE_CURVE('',#2085,#2084,#2546,.T.);
#1605=EDGE_CURVE('',#2082,#2085,#2547,.T.);
#1606=EDGE_CURVE('',#2063,#2085,#2548,.T.);
#1607=EDGE_CURVE('',#2062,#2082,#2549,.T.);
#1608=EDGE_CURVE('',#2080,#2083,#92,.T.);
#1609=EDGE_CURVE('',#2077,#2081,#93,.T.);
#1610=EDGE_CURVE('',#2084,#2079,#94,.F.);
#1611=EDGE_CURVE('',#2078,#2076,#95,.F.);
#1612=EDGE_CURVE('',#2071,#2064,#2550,.T.);
#1613=EDGE_CURVE('',#2059,#2069,#2551,.T.);
#1614=EDGE_CURVE('',#2058,#2068,#2552,.T.);
#1615=EDGE_CURVE('',#2070,#2065,#2553,.T.);
#1616=EDGE_CURVE('',#2086,#2087,#2554,.T.);
#1617=EDGE_CURVE('',#2088,#2086,#2555,.T.);
#1618=EDGE_CURVE('',#2089,#2088,#2556,.T.);
#1619=EDGE_CURVE('',#2089,#2090,#2557,.T.);
#1620=EDGE_CURVE('',#2090,#2091,#2558,.T.);
#1621=EDGE_CURVE('',#2092,#2091,#2559,.T.);
#1622=EDGE_CURVE('',#2093,#2092,#2560,.T.);
#1623=EDGE_CURVE('',#2093,#2087,#2561,.T.);
#1624=EDGE_CURVE('',#2094,#2088,#2562,.T.);
#1625=EDGE_CURVE('',#2095,#2094,#2563,.T.);
#1626=EDGE_CURVE('',#2095,#2089,#2564,.T.);
#1627=EDGE_CURVE('',#2096,#2094,#2565,.T.);
#1628=EDGE_CURVE('',#2096,#2097,#2566,.T.);
#1629=EDGE_CURVE('',#2097,#2098,#2567,.T.);
#1630=EDGE_CURVE('',#2098,#2099,#2568,.T.);
#1631=EDGE_CURVE('',#2100,#2099,#2569,.T.);
#1632=EDGE_CURVE('',#2101,#2100,#2570,.T.);
#1633=EDGE_CURVE('',#2101,#2095,#2571,.T.);
#1634=EDGE_CURVE('',#2102,#2100,#2572,.T.);
#1635=EDGE_CURVE('',#2103,#2102,#2573,.T.);
#1636=EDGE_CURVE('',#2103,#2101,#2574,.T.);
#1637=EDGE_CURVE('',#2102,#2104,#2575,.T.);
#1638=EDGE_CURVE('',#2104,#2105,#2576,.F.);
#1639=EDGE_CURVE('',#2103,#2105,#2577,.T.);
#1640=EDGE_CURVE('',#2106,#2107,#2578,.T.);
#1641=EDGE_CURVE('',#2107,#2108,#2579,.F.);
#1642=EDGE_CURVE('',#2109,#2108,#2580,.T.);
#1643=EDGE_CURVE('',#2109,#2106,#2581,.T.);
#1644=EDGE_CURVE('',#2110,#2111,#2582,.T.);
#1645=EDGE_CURVE('',#2111,#2112,#2583,.T.);
#1646=EDGE_CURVE('',#2113,#2112,#2584,.T.);
#1647=EDGE_CURVE('',#2110,#2113,#2585,.T.);
#1648=EDGE_CURVE('',#2091,#2113,#2586,.T.);
#1649=EDGE_CURVE('',#2090,#2110,#2587,.T.);
#1650=EDGE_CURVE('',#2108,#2111,#96,.T.);
#1651=EDGE_CURVE('',#2105,#2109,#97,.T.);
#1652=EDGE_CURVE('',#2112,#2107,#98,.F.);
#1653=EDGE_CURVE('',#2106,#2104,#99,.F.);
#1654=EDGE_CURVE('',#2099,#2092,#2588,.T.);
#1655=EDGE_CURVE('',#2087,#2097,#2589,.T.);
#1656=EDGE_CURVE('',#2086,#2096,#2590,.T.);
#1657=EDGE_CURVE('',#2098,#2093,#2591,.T.);
#1658=EDGE_CURVE('',#2114,#2115,#2592,.T.);
#1659=EDGE_CURVE('',#2114,#2116,#100,.F.);
#1660=EDGE_CURVE('',#2116,#2117,#2593,.T.);
#1661=EDGE_CURVE('',#2117,#2118,#101,.F.);
#1662=EDGE_CURVE('',#2118,#2119,#2594,.T.);
#1663=EDGE_CURVE('',#2120,#2119,#2595,.T.);
#1664=EDGE_CURVE('',#2121,#2120,#2596,.T.);
#1665=EDGE_CURVE('',#2122,#2121,#2597,.T.);
#1666=EDGE_CURVE('',#2123,#2122,#2598,.T.);
#1667=EDGE_CURVE('',#2115,#2123,#2599,.T.);
#1668=EDGE_CURVE('',#2124,#2125,#2600,.T.);
#1669=EDGE_CURVE('',#2124,#2126,#2601,.T.);
#1670=EDGE_CURVE('',#2127,#2126,#2602,.T.);
#1671=EDGE_CURVE('',#2128,#2127,#2603,.T.);
#1672=EDGE_CURVE('',#2128,#2123,#2604,.T.);
#1673=EDGE_CURVE('',#2129,#2122,#2605,.T.);
#1674=EDGE_CURVE('',#2125,#2129,#2606,.T.);
#1675=EDGE_CURVE('',#2126,#2130,#2607,.T.);
#1676=EDGE_CURVE('',#2131,#2130,#2608,.T.);
#1677=EDGE_CURVE('',#2127,#2131,#2609,.T.);
#1678=EDGE_CURVE('',#2130,#2132,#2610,.T.);
#1679=EDGE_CURVE('',#2132,#2133,#2611,.T.);
#1680=EDGE_CURVE('',#2134,#2133,#2612,.T.);
#1681=EDGE_CURVE('',#2134,#2121,#2613,.T.);
#1682=EDGE_CURVE('',#2135,#2120,#2614,.T.);
#1683=EDGE_CURVE('',#2131,#2135,#2615,.T.);
#1684=EDGE_CURVE('',#2136,#2119,#2616,.T.);
#1685=EDGE_CURVE('',#2135,#2136,#2617,.T.);
#1686=EDGE_CURVE('',#2118,#2137,#2618,.F.);
#1687=EDGE_CURVE('',#2137,#2136,#2619,.T.);
#1688=EDGE_CURVE('',#2116,#2138,#2620,.F.);
#1689=EDGE_CURVE('',#2138,#2139,#2621,.T.);
#1690=EDGE_CURVE('',#2139,#2117,#2622,.T.);
#1691=EDGE_CURVE('',#2140,#2141,#2623,.T.);
#1692=EDGE_CURVE('',#2140,#2114,#2624,.T.);
#1693=EDGE_CURVE('',#2141,#2115,#2625,.T.);
#1694=EDGE_CURVE('',#2141,#2128,#2626,.T.);
#1695=EDGE_CURVE('',#2138,#2140,#102,.T.);
#1696=EDGE_CURVE('',#2137,#2139,#103,.T.);
#1697=EDGE_CURVE('',#2125,#2133,#2627,.T.);
#1698=EDGE_CURVE('',#2124,#2132,#2628,.T.);
#1699=EDGE_CURVE('',#2129,#2134,#2629,.T.);
#1700=EDGE_CURVE('',#2142,#2143,#2630,.T.);
#1701=EDGE_CURVE('',#2144,#2143,#2631,.T.);
#1702=EDGE_CURVE('',#2145,#2144,#2632,.T.);
#1703=EDGE_CURVE('',#2145,#2142,#2633,.T.);
#1704=EDGE_CURVE('',#2143,#2146,#2634,.T.);
#1705=EDGE_CURVE('',#2147,#2146,#2635,.T.);
#1706=EDGE_CURVE('',#2144,#2147,#2636,.T.);
#1707=EDGE_CURVE('',#2148,#2149,#2637,.T.);
#1708=EDGE_CURVE('',#2150,#2148,#2638,.T.);
#1709=EDGE_CURVE('',#2151,#2150,#2639,.T.);
#1710=EDGE_CURVE('',#2151,#2147,#2640,.T.);
#1711=EDGE_CURVE('',#2152,#2146,#2641,.T.);
#1712=EDGE_CURVE('',#2153,#2152,#2642,.T.);
#1713=EDGE_CURVE('',#2153,#2149,#2643,.T.);
#1714=EDGE_CURVE('',#2150,#2154,#2644,.T.);
#1715=EDGE_CURVE('',#2155,#2154,#2645,.T.);
#1716=EDGE_CURVE('',#2151,#2155,#2646,.T.);
#1717=EDGE_CURVE('',#2156,#2154,#2647,.T.);
#1718=EDGE_CURVE('',#2156,#2157,#2648,.T.);
#1719=EDGE_CURVE('',#2157,#2158,#2649,.T.);
#1720=EDGE_CURVE('',#2158,#2159,#2650,.T.);
#1721=EDGE_CURVE('',#2160,#2159,#2651,.T.);
#1722=EDGE_CURVE('',#2161,#2160,#2652,.T.);
#1723=EDGE_CURVE('',#2161,#2155,#2653,.T.);
#1724=EDGE_CURVE('',#2160,#2162,#2654,.T.);
#1725=EDGE_CURVE('',#2163,#2162,#2655,.T.);
#1726=EDGE_CURVE('',#2161,#2163,#2656,.T.);
#1727=EDGE_CURVE('',#2164,#2162,#2657,.T.);
#1728=EDGE_CURVE('',#2165,#2164,#2658,.T.);
#1729=EDGE_CURVE('',#2165,#2163,#2659,.T.);
#1730=EDGE_CURVE('',#2142,#2164,#2660,.T.);
#1731=EDGE_CURVE('',#2145,#2165,#2661,.T.);
#1732=EDGE_CURVE('',#2152,#2159,#2662,.T.);
#1733=EDGE_CURVE('',#2157,#2149,#2663,.T.);
#1734=EDGE_CURVE('',#2156,#2148,#2664,.T.);
#1735=EDGE_CURVE('',#2153,#2158,#2665,.T.);
#1736=EDGE_CURVE('',#2166,#2167,#2666,.T.);
#1737=EDGE_CURVE('',#2168,#2166,#2667,.T.);
#1738=EDGE_CURVE('',#2169,#2168,#2668,.T.);
#1739=EDGE_CURVE('',#2169,#2170,#2669,.T.);
#1740=EDGE_CURVE('',#2170,#2171,#2670,.T.);
#1741=EDGE_CURVE('',#2172,#2171,#2671,.T.);
#1742=EDGE_CURVE('',#2173,#2172,#2672,.T.);
#1743=EDGE_CURVE('',#2173,#2167,#2673,.T.);
#1744=EDGE_CURVE('',#2174,#2168,#2674,.T.);
#1745=EDGE_CURVE('',#2175,#2174,#2675,.T.);
#1746=EDGE_CURVE('',#2175,#2169,#2676,.T.);
#1747=EDGE_CURVE('',#2176,#2174,#2677,.T.);
#1748=EDGE_CURVE('',#2176,#2177,#2678,.T.);
#1749=EDGE_CURVE('',#2177,#2178,#2679,.T.);
#1750=EDGE_CURVE('',#2178,#2179,#2680,.T.);
#1751=EDGE_CURVE('',#2180,#2179,#2681,.T.);
#1752=EDGE_CURVE('',#2181,#2180,#2682,.T.);
#1753=EDGE_CURVE('',#2181,#2175,#2683,.T.);
#1754=EDGE_CURVE('',#2182,#2180,#2684,.T.);
#1755=EDGE_CURVE('',#2183,#2182,#2685,.T.);
#1756=EDGE_CURVE('',#2183,#2181,#2686,.T.);
#1757=EDGE_CURVE('',#2182,#2184,#2687,.T.);
#1758=EDGE_CURVE('',#2184,#2185,#2688,.F.);
#1759=EDGE_CURVE('',#2183,#2185,#2689,.T.);
#1760=EDGE_CURVE('',#2186,#2187,#2690,.T.);
#1761=EDGE_CURVE('',#2187,#2188,#2691,.F.);
#1762=EDGE_CURVE('',#2189,#2188,#2692,.T.);
#1763=EDGE_CURVE('',#2189,#2186,#2693,.T.);
#1764=EDGE_CURVE('',#2190,#2191,#2694,.T.);
#1765=EDGE_CURVE('',#2191,#2192,#2695,.T.);
#1766=EDGE_CURVE('',#2193,#2192,#2696,.T.);
#1767=EDGE_CURVE('',#2190,#2193,#2697,.T.);
#1768=EDGE_CURVE('',#2171,#2193,#2698,.T.);
#1769=EDGE_CURVE('',#2170,#2190,#2699,.T.);
#1770=EDGE_CURVE('',#2188,#2191,#104,.T.);
#1771=EDGE_CURVE('',#2185,#2189,#105,.T.);
#1772=EDGE_CURVE('',#2192,#2187,#106,.F.);
#1773=EDGE_CURVE('',#2186,#2184,#107,.F.);
#1774=EDGE_CURVE('',#2179,#2172,#2700,.T.);
#1775=EDGE_CURVE('',#2167,#2177,#2701,.T.);
#1776=EDGE_CURVE('',#2166,#2176,#2702,.T.);
#1777=EDGE_CURVE('',#2178,#2173,#2703,.T.);
#1778=EDGE_CURVE('',#2194,#2195,#2704,.T.);
#1779=EDGE_CURVE('',#2194,#2196,#108,.F.);
#1780=EDGE_CURVE('',#2196,#2197,#2705,.T.);
#1781=EDGE_CURVE('',#2197,#2198,#109,.F.);
#1782=EDGE_CURVE('',#2198,#2199,#2706,.T.);
#1783=EDGE_CURVE('',#2200,#2199,#2707,.T.);
#1784=EDGE_CURVE('',#2201,#2200,#2708,.T.);
#1785=EDGE_CURVE('',#2202,#2201,#2709,.T.);
#1786=EDGE_CURVE('',#2203,#2202,#2710,.T.);
#1787=EDGE_CURVE('',#2195,#2203,#2711,.T.);
#1788=EDGE_CURVE('',#2204,#2205,#2712,.T.);
#1789=EDGE_CURVE('',#2204,#2206,#2713,.T.);
#1790=EDGE_CURVE('',#2207,#2206,#2714,.T.);
#1791=EDGE_CURVE('',#2208,#2207,#2715,.T.);
#1792=EDGE_CURVE('',#2208,#2203,#2716,.T.);
#1793=EDGE_CURVE('',#2209,#2202,#2717,.T.);
#1794=EDGE_CURVE('',#2205,#2209,#2718,.T.);
#1795=EDGE_CURVE('',#2206,#2210,#2719,.T.);
#1796=EDGE_CURVE('',#2211,#2210,#2720,.T.);
#1797=EDGE_CURVE('',#2207,#2211,#2721,.T.);
#1798=EDGE_CURVE('',#2210,#2212,#2722,.T.);
#1799=EDGE_CURVE('',#2212,#2213,#2723,.T.);
#1800=EDGE_CURVE('',#2214,#2213,#2724,.T.);
#1801=EDGE_CURVE('',#2214,#2201,#2725,.T.);
#1802=EDGE_CURVE('',#2215,#2200,#2726,.T.);
#1803=EDGE_CURVE('',#2211,#2215,#2727,.T.);
#1804=EDGE_CURVE('',#2216,#2199,#2728,.T.);
#1805=EDGE_CURVE('',#2215,#2216,#2729,.T.);
#1806=EDGE_CURVE('',#2198,#2217,#2730,.F.);
#1807=EDGE_CURVE('',#2217,#2216,#2731,.T.);
#1808=EDGE_CURVE('',#2196,#2218,#2732,.F.);
#1809=EDGE_CURVE('',#2218,#2219,#2733,.T.);
#1810=EDGE_CURVE('',#2219,#2197,#2734,.T.);
#1811=EDGE_CURVE('',#2220,#2221,#2735,.T.);
#1812=EDGE_CURVE('',#2220,#2194,#2736,.T.);
#1813=EDGE_CURVE('',#2221,#2195,#2737,.T.);
#1814=EDGE_CURVE('',#2221,#2208,#2738,.T.);
#1815=EDGE_CURVE('',#2218,#2220,#110,.T.);
#1816=EDGE_CURVE('',#2217,#2219,#111,.T.);
#1817=EDGE_CURVE('',#2205,#2213,#2739,.T.);
#1818=EDGE_CURVE('',#2204,#2212,#2740,.T.);
#1819=EDGE_CURVE('',#2209,#2214,#2741,.T.);
#1820=EDGE_CURVE('',#2222,#2223,#2742,.T.);
#1821=EDGE_CURVE('',#2222,#2224,#2743,.T.);
#1822=EDGE_CURVE('',#2224,#2225,#2744,.T.);
#1823=EDGE_CURVE('',#2223,#2225,#2745,.T.);
#1824=EDGE_CURVE('',#2225,#2226,#2746,.T.);
#1825=EDGE_CURVE('',#2227,#2226,#2747,.T.);
#1826=EDGE_CURVE('',#2223,#2227,#2748,.T.);
#1827=EDGE_CURVE('',#2228,#2229,#2749,.T.);
#1828=EDGE_CURVE('',#2230,#2228,#2750,.T.);
#1829=EDGE_CURVE('',#2231,#2230,#2751,.T.);
#1830=EDGE_CURVE('',#2231,#2227,#2752,.T.);
#1831=EDGE_CURVE('',#2232,#2226,#2753,.T.);
#1832=EDGE_CURVE('',#2233,#2232,#2754,.T.);
#1833=EDGE_CURVE('',#2233,#2229,#2755,.T.);
#1834=EDGE_CURVE('',#2230,#2234,#2756,.T.);
#1835=EDGE_CURVE('',#2235,#2234,#2757,.T.);
#1836=EDGE_CURVE('',#2231,#2235,#2758,.T.);
#1837=EDGE_CURVE('',#2236,#2234,#2759,.T.);
#1838=EDGE_CURVE('',#2236,#2237,#2760,.T.);
#1839=EDGE_CURVE('',#2237,#2238,#2761,.T.);
#1840=EDGE_CURVE('',#2238,#2239,#2762,.T.);
#1841=EDGE_CURVE('',#2240,#2239,#2763,.T.);
#1842=EDGE_CURVE('',#2241,#2240,#2764,.T.);
#1843=EDGE_CURVE('',#2241,#2235,#2765,.T.);
#1844=EDGE_CURVE('',#2240,#2242,#2766,.T.);
#1845=EDGE_CURVE('',#2243,#2242,#2767,.T.);
#1846=EDGE_CURVE('',#2241,#2243,#2768,.T.);
#1847=EDGE_CURVE('',#2244,#2242,#2769,.T.);
#1848=EDGE_CURVE('',#2244,#2245,#2770,.F.);
#1849=EDGE_CURVE('',#2245,#2243,#2771,.T.);
#1850=EDGE_CURVE('',#2246,#2247,#2772,.T.);
#1851=EDGE_CURVE('',#2247,#2248,#2773,.T.);
#1852=EDGE_CURVE('',#2249,#2248,#2774,.T.);
#1853=EDGE_CURVE('',#2249,#2246,#2775,.F.);
#1854=EDGE_CURVE('',#2245,#2247,#112,.T.);
#1855=EDGE_CURVE('',#2246,#2222,#113,.T.);
#1856=EDGE_CURVE('',#2248,#2244,#114,.F.);
#1857=EDGE_CURVE('',#2232,#2239,#2776,.T.);
#1858=EDGE_CURVE('',#2224,#2249,#115,.F.);
#1859=EDGE_CURVE('',#2237,#2229,#2777,.T.);
#1860=EDGE_CURVE('',#2236,#2228,#2778,.T.);
#1861=EDGE_CURVE('',#2233,#2238,#2779,.T.);
#1862=VERTEX_POINT('',#5728);
#1863=VERTEX_POINT('',#5729);
#1864=VERTEX_POINT('',#5731);
#1865=VERTEX_POINT('',#5733);
#1866=VERTEX_POINT('',#5735);
#1867=VERTEX_POINT('',#5737);
#1868=VERTEX_POINT('',#5739);
#1869=VERTEX_POINT('',#5741);
#1870=VERTEX_POINT('',#5743);
#1871=VERTEX_POINT('',#5745);
#1872=VERTEX_POINT('',#5749);
#1873=VERTEX_POINT('',#5750);
#1874=VERTEX_POINT('',#5752);
#1875=VERTEX_POINT('',#5754);
#1876=VERTEX_POINT('',#5756);
#1877=VERTEX_POINT('',#5759);
#1878=VERTEX_POINT('',#5763);
#1879=VERTEX_POINT('',#5765);
#1880=VERTEX_POINT('',#5769);
#1881=VERTEX_POINT('',#5771);
#1882=VERTEX_POINT('',#5773);
#1883=VERTEX_POINT('',#5776);
#1884=VERTEX_POINT('',#5780);
#1885=VERTEX_POINT('',#5784);
#1886=VERTEX_POINT('',#5788);
#1887=VERTEX_POINT('',#5790);
#1888=VERTEX_POINT('',#5794);
#1889=VERTEX_POINT('',#5795);
#1890=VERTEX_POINT('',#5815);
#1891=VERTEX_POINT('',#5816);
#1892=VERTEX_POINT('',#5818);
#1893=VERTEX_POINT('',#5820);
#1894=VERTEX_POINT('',#5824);
#1895=VERTEX_POINT('',#5826);
#1896=VERTEX_POINT('',#5830);
#1897=VERTEX_POINT('',#5831);
#1898=VERTEX_POINT('',#5833);
#1899=VERTEX_POINT('',#5835);
#1900=VERTEX_POINT('',#5838);
#1901=VERTEX_POINT('',#5840);
#1902=VERTEX_POINT('',#5844);
#1903=VERTEX_POINT('',#5846);
#1904=VERTEX_POINT('',#5850);
#1905=VERTEX_POINT('',#5852);
#1906=VERTEX_POINT('',#5854);
#1907=VERTEX_POINT('',#5856);
#1908=VERTEX_POINT('',#5858);
#1909=VERTEX_POINT('',#5860);
#1910=VERTEX_POINT('',#5864);
#1911=VERTEX_POINT('',#5866);
#1912=VERTEX_POINT('',#5870);
#1913=VERTEX_POINT('',#5872);
#1914=VERTEX_POINT('',#5876);
#1915=VERTEX_POINT('',#5877);
#1916=VERTEX_POINT('',#5879);
#1917=VERTEX_POINT('',#5881);
#1918=VERTEX_POINT('',#5902);
#1919=VERTEX_POINT('',#5903);
#1920=VERTEX_POINT('',#5905);
#1921=VERTEX_POINT('',#5907);
#1922=VERTEX_POINT('',#5909);
#1923=VERTEX_POINT('',#5911);
#1924=VERTEX_POINT('',#5913);
#1925=VERTEX_POINT('',#5915);
#1926=VERTEX_POINT('',#5917);
#1927=VERTEX_POINT('',#5919);
#1928=VERTEX_POINT('',#5923);
#1929=VERTEX_POINT('',#5924);
#1930=VERTEX_POINT('',#5926);
#1931=VERTEX_POINT('',#5928);
#1932=VERTEX_POINT('',#5930);
#1933=VERTEX_POINT('',#5933);
#1934=VERTEX_POINT('',#5937);
#1935=VERTEX_POINT('',#5939);
#1936=VERTEX_POINT('',#5943);
#1937=VERTEX_POINT('',#5945);
#1938=VERTEX_POINT('',#5947);
#1939=VERTEX_POINT('',#5950);
#1940=VERTEX_POINT('',#5954);
#1941=VERTEX_POINT('',#5958);
#1942=VERTEX_POINT('',#5962);
#1943=VERTEX_POINT('',#5964);
#1944=VERTEX_POINT('',#5968);
#1945=VERTEX_POINT('',#5969);
#1946=VERTEX_POINT('',#5989);
#1947=VERTEX_POINT('',#5990);
#1948=VERTEX_POINT('',#5992);
#1949=VERTEX_POINT('',#5994);
#1950=VERTEX_POINT('',#5996);
#1951=VERTEX_POINT('',#5998);
#1952=VERTEX_POINT('',#6000);
#1953=VERTEX_POINT('',#6002);
#1954=VERTEX_POINT('',#6004);
#1955=VERTEX_POINT('',#6006);
#1956=VERTEX_POINT('',#6010);
#1957=VERTEX_POINT('',#6011);
#1958=VERTEX_POINT('',#6013);
#1959=VERTEX_POINT('',#6015);
#1960=VERTEX_POINT('',#6017);
#1961=VERTEX_POINT('',#6020);
#1962=VERTEX_POINT('',#6024);
#1963=VERTEX_POINT('',#6026);
#1964=VERTEX_POINT('',#6030);
#1965=VERTEX_POINT('',#6032);
#1966=VERTEX_POINT('',#6034);
#1967=VERTEX_POINT('',#6037);
#1968=VERTEX_POINT('',#6041);
#1969=VERTEX_POINT('',#6045);
#1970=VERTEX_POINT('',#6049);
#1971=VERTEX_POINT('',#6051);
#1972=VERTEX_POINT('',#6055);
#1973=VERTEX_POINT('',#6056);
#1974=VERTEX_POINT('',#6076);
#1975=VERTEX_POINT('',#6077);
#1976=VERTEX_POINT('',#6079);
#1977=VERTEX_POINT('',#6081);
#1978=VERTEX_POINT('',#6083);
#1979=VERTEX_POINT('',#6085);
#1980=VERTEX_POINT('',#6087);
#1981=VERTEX_POINT('',#6089);
#1982=VERTEX_POINT('',#6091);
#1983=VERTEX_POINT('',#6093);
#1984=VERTEX_POINT('',#6097);
#1985=VERTEX_POINT('',#6098);
#1986=VERTEX_POINT('',#6100);
#1987=VERTEX_POINT('',#6102);
#1988=VERTEX_POINT('',#6104);
#1989=VERTEX_POINT('',#6107);
#1990=VERTEX_POINT('',#6111);
#1991=VERTEX_POINT('',#6113);
#1992=VERTEX_POINT('',#6117);
#1993=VERTEX_POINT('',#6119);
#1994=VERTEX_POINT('',#6121);
#1995=VERTEX_POINT('',#6124);
#1996=VERTEX_POINT('',#6128);
#1997=VERTEX_POINT('',#6132);
#1998=VERTEX_POINT('',#6136);
#1999=VERTEX_POINT('',#6138);
#2000=VERTEX_POINT('',#6142);
#2001=VERTEX_POINT('',#6143);
#2002=VERTEX_POINT('',#6163);
#2003=VERTEX_POINT('',#6164);
#2004=VERTEX_POINT('',#6166);
#2005=VERTEX_POINT('',#6168);
#2006=VERTEX_POINT('',#6170);
#2007=VERTEX_POINT('',#6172);
#2008=VERTEX_POINT('',#6174);
#2009=VERTEX_POINT('',#6176);
#2010=VERTEX_POINT('',#6178);
#2011=VERTEX_POINT('',#6180);
#2012=VERTEX_POINT('',#6184);
#2013=VERTEX_POINT('',#6185);
#2014=VERTEX_POINT('',#6187);
#2015=VERTEX_POINT('',#6189);
#2016=VERTEX_POINT('',#6191);
#2017=VERTEX_POINT('',#6194);
#2018=VERTEX_POINT('',#6198);
#2019=VERTEX_POINT('',#6200);
#2020=VERTEX_POINT('',#6204);
#2021=VERTEX_POINT('',#6206);
#2022=VERTEX_POINT('',#6208);
#2023=VERTEX_POINT('',#6211);
#2024=VERTEX_POINT('',#6215);
#2025=VERTEX_POINT('',#6219);
#2026=VERTEX_POINT('',#6223);
#2027=VERTEX_POINT('',#6224);
#2028=VERTEX_POINT('',#6229);
#2029=VERTEX_POINT('',#6230);
#2030=VERTEX_POINT('',#6250);
#2031=VERTEX_POINT('',#6251);
#2032=VERTEX_POINT('',#6253);
#2033=VERTEX_POINT('',#6255);
#2034=VERTEX_POINT('',#6257);
#2035=VERTEX_POINT('',#6259);
#2036=VERTEX_POINT('',#6261);
#2037=VERTEX_POINT('',#6263);
#2038=VERTEX_POINT('',#6265);
#2039=VERTEX_POINT('',#6267);
#2040=VERTEX_POINT('',#6271);
#2041=VERTEX_POINT('',#6272);
#2042=VERTEX_POINT('',#6274);
#2043=VERTEX_POINT('',#6276);
#2044=VERTEX_POINT('',#6278);
#2045=VERTEX_POINT('',#6281);
#2046=VERTEX_POINT('',#6285);
#2047=VERTEX_POINT('',#6287);
#2048=VERTEX_POINT('',#6291);
#2049=VERTEX_POINT('',#6293);
#2050=VERTEX_POINT('',#6295);
#2051=VERTEX_POINT('',#6298);
#2052=VERTEX_POINT('',#6302);
#2053=VERTEX_POINT('',#6306);
#2054=VERTEX_POINT('',#6310);
#2055=VERTEX_POINT('',#6311);
#2056=VERTEX_POINT('',#6316);
#2057=VERTEX_POINT('',#6317);
#2058=VERTEX_POINT('',#6337);
#2059=VERTEX_POINT('',#6338);
#2060=VERTEX_POINT('',#6340);
#2061=VERTEX_POINT('',#6342);
#2062=VERTEX_POINT('',#6344);
#2063=VERTEX_POINT('',#6346);
#2064=VERTEX_POINT('',#6348);
#2065=VERTEX_POINT('',#6350);
#2066=VERTEX_POINT('',#6354);
#2067=VERTEX_POINT('',#6356);
#2068=VERTEX_POINT('',#6360);
#2069=VERTEX_POINT('',#6362);
#2070=VERTEX_POINT('',#6364);
#2071=VERTEX_POINT('',#6366);
#2072=VERTEX_POINT('',#6368);
#2073=VERTEX_POINT('',#6370);
#2074=VERTEX_POINT('',#6374);
#2075=VERTEX_POINT('',#6376);
#2076=VERTEX_POINT('',#6380);
#2077=VERTEX_POINT('',#6382);
#2078=VERTEX_POINT('',#6386);
#2079=VERTEX_POINT('',#6387);
#2080=VERTEX_POINT('',#6389);
#2081=VERTEX_POINT('',#6391);
#2082=VERTEX_POINT('',#6395);
#2083=VERTEX_POINT('',#6396);
#2084=VERTEX_POINT('',#6398);
#2085=VERTEX_POINT('',#6400);
#2086=VERTEX_POINT('',#6424);
#2087=VERTEX_POINT('',#6425);
#2088=VERTEX_POINT('',#6427);
#2089=VERTEX_POINT('',#6429);
#2090=VERTEX_POINT('',#6431);
#2091=VERTEX_POINT('',#6433);
#2092=VERTEX_POINT('',#6435);
#2093=VERTEX_POINT('',#6437);
#2094=VERTEX_POINT('',#6441);
#2095=VERTEX_POINT('',#6443);
#2096=VERTEX_POINT('',#6447);
#2097=VERTEX_POINT('',#6449);
#2098=VERTEX_POINT('',#6451);
#2099=VERTEX_POINT('',#6453);
#2100=VERTEX_POINT('',#6455);
#2101=VERTEX_POINT('',#6457);
#2102=VERTEX_POINT('',#6461);
#2103=VERTEX_POINT('',#6463);
#2104=VERTEX_POINT('',#6467);
#2105=VERTEX_POINT('',#6469);
#2106=VERTEX_POINT('',#6473);
#2107=VERTEX_POINT('',#6474);
#2108=VERTEX_POINT('',#6476);
#2109=VERTEX_POINT('',#6478);
#2110=VERTEX_POINT('',#6482);
#2111=VERTEX_POINT('',#6483);
#2112=VERTEX_POINT('',#6485);
#2113=VERTEX_POINT('',#6487);
#2114=VERTEX_POINT('',#6511);
#2115=VERTEX_POINT('',#6512);
#2116=VERTEX_POINT('',#6514);
#2117=VERTEX_POINT('',#6516);
#2118=VERTEX_POINT('',#6518);
#2119=VERTEX_POINT('',#6520);
#2120=VERTEX_POINT('',#6522);
#2121=VERTEX_POINT('',#6524);
#2122=VERTEX_POINT('',#6526);
#2123=VERTEX_POINT('',#6528);
#2124=VERTEX_POINT('',#6532);
#2125=VERTEX_POINT('',#6533);
#2126=VERTEX_POINT('',#6535);
#2127=VERTEX_POINT('',#6537);
#2128=VERTEX_POINT('',#6539);
#2129=VERTEX_POINT('',#6542);
#2130=VERTEX_POINT('',#6546);
#2131=VERTEX_POINT('',#6548);
#2132=VERTEX_POINT('',#6552);
#2133=VERTEX_POINT('',#6554);
#2134=VERTEX_POINT('',#6556);
#2135=VERTEX_POINT('',#6559);
#2136=VERTEX_POINT('',#6563);
#2137=VERTEX_POINT('',#6567);
#2138=VERTEX_POINT('',#6571);
#2139=VERTEX_POINT('',#6573);
#2140=VERTEX_POINT('',#6577);
#2141=VERTEX_POINT('',#6578);
#2142=VERTEX_POINT('',#6598);
#2143=VERTEX_POINT('',#6599);
#2144=VERTEX_POINT('',#6601);
#2145=VERTEX_POINT('',#6603);
#2146=VERTEX_POINT('',#6607);
#2147=VERTEX_POINT('',#6609);
#2148=VERTEX_POINT('',#6613);
#2149=VERTEX_POINT('',#6614);
#2150=VERTEX_POINT('',#6616);
#2151=VERTEX_POINT('',#6618);
#2152=VERTEX_POINT('',#6621);
#2153=VERTEX_POINT('',#6623);
#2154=VERTEX_POINT('',#6627);
#2155=VERTEX_POINT('',#6629);
#2156=VERTEX_POINT('',#6633);
#2157=VERTEX_POINT('',#6635);
#2158=VERTEX_POINT('',#6637);
#2159=VERTEX_POINT('',#6639);
#2160=VERTEX_POINT('',#6641);
#2161=VERTEX_POINT('',#6643);
#2162=VERTEX_POINT('',#6647);
#2163=VERTEX_POINT('',#6649);
#2164=VERTEX_POINT('',#6653);
#2165=VERTEX_POINT('',#6655);
#2166=VERTEX_POINT('',#6673);
#2167=VERTEX_POINT('',#6674);
#2168=VERTEX_POINT('',#6676);
#2169=VERTEX_POINT('',#6678);
#2170=VERTEX_POINT('',#6680);
#2171=VERTEX_POINT('',#6682);
#2172=VERTEX_POINT('',#6684);
#2173=VERTEX_POINT('',#6686);
#2174=VERTEX_POINT('',#6690);
#2175=VERTEX_POINT('',#6692);
#2176=VERTEX_POINT('',#6696);
#2177=VERTEX_POINT('',#6698);
#2178=VERTEX_POINT('',#6700);
#2179=VERTEX_POINT('',#6702);
#2180=VERTEX_POINT('',#6704);
#2181=VERTEX_POINT('',#6706);
#2182=VERTEX_POINT('',#6710);
#2183=VERTEX_POINT('',#6712);
#2184=VERTEX_POINT('',#6716);
#2185=VERTEX_POINT('',#6718);
#2186=VERTEX_POINT('',#6722);
#2187=VERTEX_POINT('',#6723);
#2188=VERTEX_POINT('',#6725);
#2189=VERTEX_POINT('',#6727);
#2190=VERTEX_POINT('',#6731);
#2191=VERTEX_POINT('',#6732);
#2192=VERTEX_POINT('',#6734);
#2193=VERTEX_POINT('',#6736);
#2194=VERTEX_POINT('',#6760);
#2195=VERTEX_POINT('',#6761);
#2196=VERTEX_POINT('',#6763);
#2197=VERTEX_POINT('',#6765);
#2198=VERTEX_POINT('',#6767);
#2199=VERTEX_POINT('',#6769);
#2200=VERTEX_POINT('',#6771);
#2201=VERTEX_POINT('',#6773);
#2202=VERTEX_POINT('',#6775);
#2203=VERTEX_POINT('',#6777);
#2204=VERTEX_POINT('',#6781);
#2205=VERTEX_POINT('',#6782);
#2206=VERTEX_POINT('',#6784);
#2207=VERTEX_POINT('',#6786);
#2208=VERTEX_POINT('',#6788);
#2209=VERTEX_POINT('',#6791);
#2210=VERTEX_POINT('',#6795);
#2211=VERTEX_POINT('',#6797);
#2212=VERTEX_POINT('',#6801);
#2213=VERTEX_POINT('',#6803);
#2214=VERTEX_POINT('',#6805);
#2215=VERTEX_POINT('',#6808);
#2216=VERTEX_POINT('',#6812);
#2217=VERTEX_POINT('',#6816);
#2218=VERTEX_POINT('',#6820);
#2219=VERTEX_POINT('',#6822);
#2220=VERTEX_POINT('',#6826);
#2221=VERTEX_POINT('',#6827);
#2222=VERTEX_POINT('',#6847);
#2223=VERTEX_POINT('',#6848);
#2224=VERTEX_POINT('',#6850);
#2225=VERTEX_POINT('',#6852);
#2226=VERTEX_POINT('',#6856);
#2227=VERTEX_POINT('',#6858);
#2228=VERTEX_POINT('',#6862);
#2229=VERTEX_POINT('',#6863);
#2230=VERTEX_POINT('',#6865);
#2231=VERTEX_POINT('',#6867);
#2232=VERTEX_POINT('',#6870);
#2233=VERTEX_POINT('',#6872);
#2234=VERTEX_POINT('',#6876);
#2235=VERTEX_POINT('',#6878);
#2236=VERTEX_POINT('',#6882);
#2237=VERTEX_POINT('',#6884);
#2238=VERTEX_POINT('',#6886);
#2239=VERTEX_POINT('',#6888);
#2240=VERTEX_POINT('',#6890);
#2241=VERTEX_POINT('',#6892);
#2242=VERTEX_POINT('',#6896);
#2243=VERTEX_POINT('',#6898);
#2244=VERTEX_POINT('',#6902);
#2245=VERTEX_POINT('',#6904);
#2246=VERTEX_POINT('',#6908);
#2247=VERTEX_POINT('',#6909);
#2248=VERTEX_POINT('',#6911);
#2249=VERTEX_POINT('',#6913);
#2250=LINE('',#5727,#2780);
#2251=LINE('',#5732,#2781);
#2252=LINE('',#5736,#2782);
#2253=LINE('',#5738,#2783);
#2254=LINE('',#5740,#2784);
#2255=LINE('',#5742,#2785);
#2256=LINE('',#5744,#2786);
#2257=LINE('',#5746,#2787);
#2258=LINE('',#5748,#2788);
#2259=LINE('',#5751,#2789);
#2260=LINE('',#5753,#2790);
#2261=LINE('',#5755,#2791);
#2262=LINE('',#5757,#2792);
#2263=LINE('',#5758,#2793);
#2264=LINE('',#5760,#2794);
#2265=LINE('',#5762,#2795);
#2266=LINE('',#5764,#2796);
#2267=LINE('',#5766,#2797);
#2268=LINE('',#5768,#2798);
#2269=LINE('',#5770,#2799);
#2270=LINE('',#5772,#2800);
#2271=LINE('',#5774,#2801);
#2272=LINE('',#5775,#2802);
#2273=LINE('',#5777,#2803);
#2274=LINE('',#5779,#2804);
#2275=LINE('',#5781,#2805);
#2276=LINE('',#5783,#2806);
#2277=LINE('',#5785,#2807);
#2278=LINE('',#5787,#2808);
#2279=LINE('',#5789,#2809);
#2280=LINE('',#5791,#2810);
#2281=LINE('',#5793,#2811);
#2282=LINE('',#5796,#2812);
#2283=LINE('',#5797,#2813);
#2284=LINE('',#5799,#2814);
#2285=LINE('',#5804,#2815);
#2286=LINE('',#5805,#2816);
#2287=LINE('',#5808,#2817);
#2288=LINE('',#5814,#2818);
#2289=LINE('',#5817,#2819);
#2290=LINE('',#5819,#2820);
#2291=LINE('',#5821,#2821);
#2292=LINE('',#5823,#2822);
#2293=LINE('',#5825,#2823);
#2294=LINE('',#5827,#2824);
#2295=LINE('',#5829,#2825);
#2296=LINE('',#5832,#2826);
#2297=LINE('',#5834,#2827);
#2298=LINE('',#5836,#2828);
#2299=LINE('',#5837,#2829);
#2300=LINE('',#5839,#2830);
#2301=LINE('',#5841,#2831);
#2302=LINE('',#5843,#2832);
#2303=LINE('',#5845,#2833);
#2304=LINE('',#5847,#2834);
#2305=LINE('',#5849,#2835);
#2306=LINE('',#5851,#2836);
#2307=LINE('',#5853,#2837);
#2308=LINE('',#5855,#2838);
#2309=LINE('',#5857,#2839);
#2310=LINE('',#5859,#2840);
#2311=LINE('',#5861,#2841);
#2312=LINE('',#5863,#2842);
#2313=LINE('',#5865,#2843);
#2314=LINE('',#5867,#2844);
#2315=LINE('',#5869,#2845);
#2316=LINE('',#5871,#2846);
#2317=LINE('',#5873,#2847);
#2318=LINE('',#5875,#2848);
#2319=LINE('',#5878,#2849);
#2320=LINE('',#5880,#2850);
#2321=LINE('',#5882,#2851);
#2322=LINE('',#5888,#2852);
#2323=LINE('',#5891,#2853);
#2324=LINE('',#5892,#2854);
#2325=LINE('',#5895,#2855);
#2326=LINE('',#5901,#2856);
#2327=LINE('',#5906,#2857);
#2328=LINE('',#5910,#2858);
#2329=LINE('',#5912,#2859);
#2330=LINE('',#5914,#2860);
#2331=LINE('',#5916,#2861);
#2332=LINE('',#5918,#2862);
#2333=LINE('',#5920,#2863);
#2334=LINE('',#5922,#2864);
#2335=LINE('',#5925,#2865);
#2336=LINE('',#5927,#2866);
#2337=LINE('',#5929,#2867);
#2338=LINE('',#5931,#2868);
#2339=LINE('',#5932,#2869);
#2340=LINE('',#5934,#2870);
#2341=LINE('',#5936,#2871);
#2342=LINE('',#5938,#2872);
#2343=LINE('',#5940,#2873);
#2344=LINE('',#5942,#2874);
#2345=LINE('',#5944,#2875);
#2346=LINE('',#5946,#2876);
#2347=LINE('',#5948,#2877);
#2348=LINE('',#5949,#2878);
#2349=LINE('',#5951,#2879);
#2350=LINE('',#5953,#2880);
#2351=LINE('',#5955,#2881);
#2352=LINE('',#5957,#2882);
#2353=LINE('',#5959,#2883);
#2354=LINE('',#5961,#2884);
#2355=LINE('',#5963,#2885);
#2356=LINE('',#5965,#2886);
#2357=LINE('',#5967,#2887);
#2358=LINE('',#5970,#2888);
#2359=LINE('',#5971,#2889);
#2360=LINE('',#5973,#2890);
#2361=LINE('',#5978,#2891);
#2362=LINE('',#5979,#2892);
#2363=LINE('',#5982,#2893);
#2364=LINE('',#5988,#2894);
#2365=LINE('',#5993,#2895);
#2366=LINE('',#5997,#2896);
#2367=LINE('',#5999,#2897);
#2368=LINE('',#6001,#2898);
#2369=LINE('',#6003,#2899);
#2370=LINE('',#6005,#2900);
#2371=LINE('',#6007,#2901);
#2372=LINE('',#6009,#2902);
#2373=LINE('',#6012,#2903);
#2374=LINE('',#6014,#2904);
#2375=LINE('',#6016,#2905);
#2376=LINE('',#6018,#2906);
#2377=LINE('',#6019,#2907);
#2378=LINE('',#6021,#2908);
#2379=LINE('',#6023,#2909);
#2380=LINE('',#6025,#2910);
#2381=LINE('',#6027,#2911);
#2382=LINE('',#6029,#2912);
#2383=LINE('',#6031,#2913);
#2384=LINE('',#6033,#2914);
#2385=LINE('',#6035,#2915);
#2386=LINE('',#6036,#2916);
#2387=LINE('',#6038,#2917);
#2388=LINE('',#6040,#2918);
#2389=LINE('',#6042,#2919);
#2390=LINE('',#6044,#2920);
#2391=LINE('',#6046,#2921);
#2392=LINE('',#6048,#2922);
#2393=LINE('',#6050,#2923);
#2394=LINE('',#6052,#2924);
#2395=LINE('',#6054,#2925);
#2396=LINE('',#6057,#2926);
#2397=LINE('',#6058,#2927);
#2398=LINE('',#6060,#2928);
#2399=LINE('',#6065,#2929);
#2400=LINE('',#6066,#2930);
#2401=LINE('',#6069,#2931);
#2402=LINE('',#6075,#2932);
#2403=LINE('',#6080,#2933);
#2404=LINE('',#6084,#2934);
#2405=LINE('',#6086,#2935);
#2406=LINE('',#6088,#2936);
#2407=LINE('',#6090,#2937);
#2408=LINE('',#6092,#2938);
#2409=LINE('',#6094,#2939);
#2410=LINE('',#6096,#2940);
#2411=LINE('',#6099,#2941);
#2412=LINE('',#6101,#2942);
#2413=LINE('',#6103,#2943);
#2414=LINE('',#6105,#2944);
#2415=LINE('',#6106,#2945);
#2416=LINE('',#6108,#2946);
#2417=LINE('',#6110,#2947);
#2418=LINE('',#6112,#2948);
#2419=LINE('',#6114,#2949);
#2420=LINE('',#6116,#2950);
#2421=LINE('',#6118,#2951);
#2422=LINE('',#6120,#2952);
#2423=LINE('',#6122,#2953);
#2424=LINE('',#6123,#2954);
#2425=LINE('',#6125,#2955);
#2426=LINE('',#6127,#2956);
#2427=LINE('',#6129,#2957);
#2428=LINE('',#6131,#2958);
#2429=LINE('',#6133,#2959);
#2430=LINE('',#6135,#2960);
#2431=LINE('',#6137,#2961);
#2432=LINE('',#6139,#2962);
#2433=LINE('',#6141,#2963);
#2434=LINE('',#6144,#2964);
#2435=LINE('',#6145,#2965);
#2436=LINE('',#6147,#2966);
#2437=LINE('',#6152,#2967);
#2438=LINE('',#6153,#2968);
#2439=LINE('',#6156,#2969);
#2440=LINE('',#6162,#2970);
#2441=LINE('',#6167,#2971);
#2442=LINE('',#6169,#2972);
#2443=LINE('',#6171,#2973);
#2444=LINE('',#6173,#2974);
#2445=LINE('',#6175,#2975);
#2446=LINE('',#6177,#2976);
#2447=LINE('',#6179,#2977);
#2448=LINE('',#6183,#2978);
#2449=LINE('',#6186,#2979);
#2450=LINE('',#6188,#2980);
#2451=LINE('',#6190,#2981);
#2452=LINE('',#6192,#2982);
#2453=LINE('',#6193,#2983);
#2454=LINE('',#6195,#2984);
#2455=LINE('',#6197,#2985);
#2456=LINE('',#6199,#2986);
#2457=LINE('',#6201,#2987);
#2458=LINE('',#6203,#2988);
#2459=LINE('',#6205,#2989);
#2460=LINE('',#6207,#2990);
#2461=LINE('',#6209,#2991);
#2462=LINE('',#6210,#2992);
#2463=LINE('',#6212,#2993);
#2464=LINE('',#6214,#2994);
#2465=LINE('',#6216,#2995);
#2466=LINE('',#6218,#2996);
#2467=LINE('',#6220,#2997);
#2468=LINE('',#6222,#2998);
#2469=LINE('',#6225,#2999);
#2470=LINE('',#6226,#3000);
#2471=LINE('',#6228,#3001);
#2472=LINE('',#6231,#3002);
#2473=LINE('',#6232,#3003);
#2474=LINE('',#6234,#3004);
#2475=LINE('',#6239,#3005);
#2476=LINE('',#6240,#3006);
#2477=LINE('',#6243,#3007);
#2478=LINE('',#6249,#3008);
#2479=LINE('',#6254,#3009);
#2480=LINE('',#6256,#3010);
#2481=LINE('',#6258,#3011);
#2482=LINE('',#6260,#3012);
#2483=LINE('',#6262,#3013);
#2484=LINE('',#6264,#3014);
#2485=LINE('',#6266,#3015);
#2486=LINE('',#6270,#3016);
#2487=LINE('',#6273,#3017);
#2488=LINE('',#6275,#3018);
#2489=LINE('',#6277,#3019);
#2490=LINE('',#6279,#3020);
#2491=LINE('',#6280,#3021);
#2492=LINE('',#6282,#3022);
#2493=LINE('',#6284,#3023);
#2494=LINE('',#6286,#3024);
#2495=LINE('',#6288,#3025);
#2496=LINE('',#6290,#3026);
#2497=LINE('',#6292,#3027);
#2498=LINE('',#6294,#3028);
#2499=LINE('',#6296,#3029);
#2500=LINE('',#6297,#3030);
#2501=LINE('',#6299,#3031);
#2502=LINE('',#6301,#3032);
#2503=LINE('',#6303,#3033);
#2504=LINE('',#6305,#3034);
#2505=LINE('',#6307,#3035);
#2506=LINE('',#6309,#3036);
#2507=LINE('',#6312,#3037);
#2508=LINE('',#6313,#3038);
#2509=LINE('',#6315,#3039);
#2510=LINE('',#6318,#3040);
#2511=LINE('',#6319,#3041);
#2512=LINE('',#6321,#3042);
#2513=LINE('',#6326,#3043);
#2514=LINE('',#6327,#3044);
#2515=LINE('',#6330,#3045);
#2516=LINE('',#6336,#3046);
#2517=LINE('',#6339,#3047);
#2518=LINE('',#6341,#3048);
#2519=LINE('',#6343,#3049);
#2520=LINE('',#6345,#3050);
#2521=LINE('',#6347,#3051);
#2522=LINE('',#6349,#3052);
#2523=LINE('',#6351,#3053);
#2524=LINE('',#6353,#3054);
#2525=LINE('',#6355,#3055);
#2526=LINE('',#6357,#3056);
#2527=LINE('',#6359,#3057);
#2528=LINE('',#6361,#3058);
#2529=LINE('',#6363,#3059);
#2530=LINE('',#6365,#3060);
#2531=LINE('',#6367,#3061);
#2532=LINE('',#6369,#3062);
#2533=LINE('',#6371,#3063);
#2534=LINE('',#6373,#3064);
#2535=LINE('',#6375,#3065);
#2536=LINE('',#6377,#3066);
#2537=LINE('',#6379,#3067);
#2538=LINE('',#6381,#3068);
#2539=LINE('',#6383,#3069);
#2540=LINE('',#6385,#3070);
#2541=LINE('',#6388,#3071);
#2542=LINE('',#6390,#3072);
#2543=LINE('',#6392,#3073);
#2544=LINE('',#6394,#3074);
#2545=LINE('',#6397,#3075);
#2546=LINE('',#6399,#3076);
#2547=LINE('',#6401,#3077);
#2548=LINE('',#6403,#3078);
#2549=LINE('',#6404,#3079);
#2550=LINE('',#6411,#3080);
#2551=LINE('',#6413,#3081);
#2552=LINE('',#6414,#3082);
#2553=LINE('',#6417,#3083);
#2554=LINE('',#6423,#3084);
#2555=LINE('',#6426,#3085);
#2556=LINE('',#6428,#3086);
#2557=LINE('',#6430,#3087);
#2558=LINE('',#6432,#3088);
#2559=LINE('',#6434,#3089);
#2560=LINE('',#6436,#3090);
#2561=LINE('',#6438,#3091);
#2562=LINE('',#6440,#3092);
#2563=LINE('',#6442,#3093);
#2564=LINE('',#6444,#3094);
#2565=LINE('',#6446,#3095);
#2566=LINE('',#6448,#3096);
#2567=LINE('',#6450,#3097);
#2568=LINE('',#6452,#3098);
#2569=LINE('',#6454,#3099);
#2570=LINE('',#6456,#3100);
#2571=LINE('',#6458,#3101);
#2572=LINE('',#6460,#3102);
#2573=LINE('',#6462,#3103);
#2574=LINE('',#6464,#3104);
#2575=LINE('',#6466,#3105);
#2576=LINE('',#6468,#3106);
#2577=LINE('',#6470,#3107);
#2578=LINE('',#6472,#3108);
#2579=LINE('',#6475,#3109);
#2580=LINE('',#6477,#3110);
#2581=LINE('',#6479,#3111);
#2582=LINE('',#6481,#3112);
#2583=LINE('',#6484,#3113);
#2584=LINE('',#6486,#3114);
#2585=LINE('',#6488,#3115);
#2586=LINE('',#6490,#3116);
#2587=LINE('',#6491,#3117);
#2588=LINE('',#6498,#3118);
#2589=LINE('',#6500,#3119);
#2590=LINE('',#6501,#3120);
#2591=LINE('',#6504,#3121);
#2592=LINE('',#6510,#3122);
#2593=LINE('',#6515,#3123);
#2594=LINE('',#6519,#3124);
#2595=LINE('',#6521,#3125);
#2596=LINE('',#6523,#3126);
#2597=LINE('',#6525,#3127);
#2598=LINE('',#6527,#3128);
#2599=LINE('',#6529,#3129);
#2600=LINE('',#6531,#3130);
#2601=LINE('',#6534,#3131);
#2602=LINE('',#6536,#3132);
#2603=LINE('',#6538,#3133);
#2604=LINE('',#6540,#3134);
#2605=LINE('',#6541,#3135);
#2606=LINE('',#6543,#3136);
#2607=LINE('',#6545,#3137);
#2608=LINE('',#6547,#3138);
#2609=LINE('',#6549,#3139);
#2610=LINE('',#6551,#3140);
#2611=LINE('',#6553,#3141);
#2612=LINE('',#6555,#3142);
#2613=LINE('',#6557,#3143);
#2614=LINE('',#6558,#3144);
#2615=LINE('',#6560,#3145);
#2616=LINE('',#6562,#3146);
#2617=LINE('',#6564,#3147);
#2618=LINE('',#6566,#3148);
#2619=LINE('',#6568,#3149);
#2620=LINE('',#6570,#3150);
#2621=LINE('',#6572,#3151);
#2622=LINE('',#6574,#3152);
#2623=LINE('',#6576,#3153);
#2624=LINE('',#6579,#3154);
#2625=LINE('',#6580,#3155);
#2626=LINE('',#6582,#3156);
#2627=LINE('',#6587,#3157);
#2628=LINE('',#6588,#3158);
#2629=LINE('',#6591,#3159);
#2630=LINE('',#6597,#3160);
#2631=LINE('',#6600,#3161);
#2632=LINE('',#6602,#3162);
#2633=LINE('',#6604,#3163);
#2634=LINE('',#6606,#3164);
#2635=LINE('',#6608,#3165);
#2636=LINE('',#6610,#3166);
#2637=LINE('',#6612,#3167);
#2638=LINE('',#6615,#3168);
#2639=LINE('',#6617,#3169);
#2640=LINE('',#6619,#3170);
#2641=LINE('',#6620,#3171);
#2642=LINE('',#6622,#3172);
#2643=LINE('',#6624,#3173);
#2644=LINE('',#6626,#3174);
#2645=LINE('',#6628,#3175);
#2646=LINE('',#6630,#3176);
#2647=LINE('',#6632,#3177);
#2648=LINE('',#6634,#3178);
#2649=LINE('',#6636,#3179);
#2650=LINE('',#6638,#3180);
#2651=LINE('',#6640,#3181);
#2652=LINE('',#6642,#3182);
#2653=LINE('',#6644,#3183);
#2654=LINE('',#6646,#3184);
#2655=LINE('',#6648,#3185);
#2656=LINE('',#6650,#3186);
#2657=LINE('',#6652,#3187);
#2658=LINE('',#6654,#3188);
#2659=LINE('',#6656,#3189);
#2660=LINE('',#6658,#3190);
#2661=LINE('',#6659,#3191);
#2662=LINE('',#6662,#3192);
#2663=LINE('',#6664,#3193);
#2664=LINE('',#6665,#3194);
#2665=LINE('',#6668,#3195);
#2666=LINE('',#6672,#3196);
#2667=LINE('',#6675,#3197);
#2668=LINE('',#6677,#3198);
#2669=LINE('',#6679,#3199);
#2670=LINE('',#6681,#3200);
#2671=LINE('',#6683,#3201);
#2672=LINE('',#6685,#3202);
#2673=LINE('',#6687,#3203);
#2674=LINE('',#6689,#3204);
#2675=LINE('',#6691,#3205);
#2676=LINE('',#6693,#3206);
#2677=LINE('',#6695,#3207);
#2678=LINE('',#6697,#3208);
#2679=LINE('',#6699,#3209);
#2680=LINE('',#6701,#3210);
#2681=LINE('',#6703,#3211);
#2682=LINE('',#6705,#3212);
#2683=LINE('',#6707,#3213);
#2684=LINE('',#6709,#3214);
#2685=LINE('',#6711,#3215);
#2686=LINE('',#6713,#3216);
#2687=LINE('',#6715,#3217);
#2688=LINE('',#6717,#3218);
#2689=LINE('',#6719,#3219);
#2690=LINE('',#6721,#3220);
#2691=LINE('',#6724,#3221);
#2692=LINE('',#6726,#3222);
#2693=LINE('',#6728,#3223);
#2694=LINE('',#6730,#3224);
#2695=LINE('',#6733,#3225);
#2696=LINE('',#6735,#3226);
#2697=LINE('',#6737,#3227);
#2698=LINE('',#6739,#3228);
#2699=LINE('',#6740,#3229);
#2700=LINE('',#6747,#3230);
#2701=LINE('',#6749,#3231);
#2702=LINE('',#6750,#3232);
#2703=LINE('',#6753,#3233);
#2704=LINE('',#6759,#3234);
#2705=LINE('',#6764,#3235);
#2706=LINE('',#6768,#3236);
#2707=LINE('',#6770,#3237);
#2708=LINE('',#6772,#3238);
#2709=LINE('',#6774,#3239);
#2710=LINE('',#6776,#3240);
#2711=LINE('',#6778,#3241);
#2712=LINE('',#6780,#3242);
#2713=LINE('',#6783,#3243);
#2714=LINE('',#6785,#3244);
#2715=LINE('',#6787,#3245);
#2716=LINE('',#6789,#3246);
#2717=LINE('',#6790,#3247);
#2718=LINE('',#6792,#3248);
#2719=LINE('',#6794,#3249);
#2720=LINE('',#6796,#3250);
#2721=LINE('',#6798,#3251);
#2722=LINE('',#6800,#3252);
#2723=LINE('',#6802,#3253);
#2724=LINE('',#6804,#3254);
#2725=LINE('',#6806,#3255);
#2726=LINE('',#6807,#3256);
#2727=LINE('',#6809,#3257);
#2728=LINE('',#6811,#3258);
#2729=LINE('',#6813,#3259);
#2730=LINE('',#6815,#3260);
#2731=LINE('',#6817,#3261);
#2732=LINE('',#6819,#3262);
#2733=LINE('',#6821,#3263);
#2734=LINE('',#6823,#3264);
#2735=LINE('',#6825,#3265);
#2736=LINE('',#6828,#3266);
#2737=LINE('',#6829,#3267);
#2738=LINE('',#6831,#3268);
#2739=LINE('',#6836,#3269);
#2740=LINE('',#6837,#3270);
#2741=LINE('',#6840,#3271);
#2742=LINE('',#6846,#3272);
#2743=LINE('',#6849,#3273);
#2744=LINE('',#6851,#3274);
#2745=LINE('',#6853,#3275);
#2746=LINE('',#6855,#3276);
#2747=LINE('',#6857,#3277);
#2748=LINE('',#6859,#3278);
#2749=LINE('',#6861,#3279);
#2750=LINE('',#6864,#3280);
#2751=LINE('',#6866,#3281);
#2752=LINE('',#6868,#3282);
#2753=LINE('',#6869,#3283);
#2754=LINE('',#6871,#3284);
#2755=LINE('',#6873,#3285);
#2756=LINE('',#6875,#3286);
#2757=LINE('',#6877,#3287);
#2758=LINE('',#6879,#3288);
#2759=LINE('',#6881,#3289);
#2760=LINE('',#6883,#3290);
#2761=LINE('',#6885,#3291);
#2762=LINE('',#6887,#3292);
#2763=LINE('',#6889,#3293);
#2764=LINE('',#6891,#3294);
#2765=LINE('',#6893,#3295);
#2766=LINE('',#6895,#3296);
#2767=LINE('',#6897,#3297);
#2768=LINE('',#6899,#3298);
#2769=LINE('',#6901,#3299);
#2770=LINE('',#6903,#3300);
#2771=LINE('',#6905,#3301);
#2772=LINE('',#6907,#3302);
#2773=LINE('',#6910,#3303);
#2774=LINE('',#6912,#3304);
#2775=LINE('',#6914,#3305);
#2776=LINE('',#6920,#3306);
#2777=LINE('',#6923,#3307);
#2778=LINE('',#6924,#3308);
#2779=LINE('',#6927,#3309);
#2780=VECTOR('',#4623,1.);
#2781=VECTOR('',#4626,1.);
#2782=VECTOR('',#4629,1.);
#2783=VECTOR('',#4630,1.);
#2784=VECTOR('',#4631,1.);
#2785=VECTOR('',#4632,1.);
#2786=VECTOR('',#4633,1.);
#2787=VECTOR('',#4634,1.);
#2788=VECTOR('',#4637,1.);
#2789=VECTOR('',#4638,1.);
#2790=VECTOR('',#4639,1.);
#2791=VECTOR('',#4640,1.);
#2792=VECTOR('',#4641,1.);
#2793=VECTOR('',#4642,1.);
#2794=VECTOR('',#4643,1.);
#2795=VECTOR('',#4646,1.);
#2796=VECTOR('',#4647,1.);
#2797=VECTOR('',#4648,1.);
#2798=VECTOR('',#4651,1.);
#2799=VECTOR('',#4652,1.);
#2800=VECTOR('',#4653,1.);
#2801=VECTOR('',#4654,1.);
#2802=VECTOR('',#4655,1.);
#2803=VECTOR('',#4656,1.);
#2804=VECTOR('',#4659,1.);
#2805=VECTOR('',#4660,1.);
#2806=VECTOR('',#4663,1.);
#2807=VECTOR('',#4664,1.);
#2808=VECTOR('',#4667,1.);
#2809=VECTOR('',#4668,1.);
#2810=VECTOR('',#4669,1.);
#2811=VECTOR('',#4672,1.);
#2812=VECTOR('',#4673,1.);
#2813=VECTOR('',#4674,1.);
#2814=VECTOR('',#4677,1.);
#2815=VECTOR('',#4686,1.);
#2816=VECTOR('',#4687,1.);
#2817=VECTOR('',#4692,1.);
#2818=VECTOR('',#4703,1.);
#2819=VECTOR('',#4704,1.);
#2820=VECTOR('',#4705,1.);
#2821=VECTOR('',#4706,1.);
#2822=VECTOR('',#4709,1.);
#2823=VECTOR('',#4710,1.);
#2824=VECTOR('',#4711,1.);
#2825=VECTOR('',#4714,1.);
#2826=VECTOR('',#4715,1.);
#2827=VECTOR('',#4716,1.);
#2828=VECTOR('',#4717,1.);
#2829=VECTOR('',#4718,1.);
#2830=VECTOR('',#4719,1.);
#2831=VECTOR('',#4720,1.);
#2832=VECTOR('',#4723,1.);
#2833=VECTOR('',#4724,1.);
#2834=VECTOR('',#4725,1.);
#2835=VECTOR('',#4728,1.);
#2836=VECTOR('',#4729,1.);
#2837=VECTOR('',#4730,1.);
#2838=VECTOR('',#4731,1.);
#2839=VECTOR('',#4732,1.);
#2840=VECTOR('',#4733,1.);
#2841=VECTOR('',#4734,1.);
#2842=VECTOR('',#4737,1.);
#2843=VECTOR('',#4738,1.);
#2844=VECTOR('',#4739,1.);
#2845=VECTOR('',#4742,1.);
#2846=VECTOR('',#4743,1.);
#2847=VECTOR('',#4744,1.);
#2848=VECTOR('',#4747,1.);
#2849=VECTOR('',#4748,1.);
#2850=VECTOR('',#4749,1.);
#2851=VECTOR('',#4750,1.);
#2852=VECTOR('',#4761,1.);
#2853=VECTOR('',#4766,1.);
#2854=VECTOR('',#4767,1.);
#2855=VECTOR('',#4772,1.);
#2856=VECTOR('',#4783,1.);
#2857=VECTOR('',#4786,1.);
#2858=VECTOR('',#4789,1.);
#2859=VECTOR('',#4790,1.);
#2860=VECTOR('',#4791,1.);
#2861=VECTOR('',#4792,1.);
#2862=VECTOR('',#4793,1.);
#2863=VECTOR('',#4794,1.);
#2864=VECTOR('',#4797,1.);
#2865=VECTOR('',#4798,1.);
#2866=VECTOR('',#4799,1.);
#2867=VECTOR('',#4800,1.);
#2868=VECTOR('',#4801,1.);
#2869=VECTOR('',#4802,1.);
#2870=VECTOR('',#4803,1.);
#2871=VECTOR('',#4806,1.);
#2872=VECTOR('',#4807,1.);
#2873=VECTOR('',#4808,1.);
#2874=VECTOR('',#4811,1.);
#2875=VECTOR('',#4812,1.);
#2876=VECTOR('',#4813,1.);
#2877=VECTOR('',#4814,1.);
#2878=VECTOR('',#4815,1.);
#2879=VECTOR('',#4816,1.);
#2880=VECTOR('',#4819,1.);
#2881=VECTOR('',#4820,1.);
#2882=VECTOR('',#4823,1.);
#2883=VECTOR('',#4824,1.);
#2884=VECTOR('',#4827,1.);
#2885=VECTOR('',#4828,1.);
#2886=VECTOR('',#4829,1.);
#2887=VECTOR('',#4832,1.);
#2888=VECTOR('',#4833,1.);
#2889=VECTOR('',#4834,1.);
#2890=VECTOR('',#4837,1.);
#2891=VECTOR('',#4846,1.);
#2892=VECTOR('',#4847,1.);
#2893=VECTOR('',#4852,1.);
#2894=VECTOR('',#4863,1.);
#2895=VECTOR('',#4866,1.);
#2896=VECTOR('',#4869,1.);
#2897=VECTOR('',#4870,1.);
#2898=VECTOR('',#4871,1.);
#2899=VECTOR('',#4872,1.);
#2900=VECTOR('',#4873,1.);
#2901=VECTOR('',#4874,1.);
#2902=VECTOR('',#4877,1.);
#2903=VECTOR('',#4878,1.);
#2904=VECTOR('',#4879,1.);
#2905=VECTOR('',#4880,1.);
#2906=VECTOR('',#4881,1.);
#2907=VECTOR('',#4882,1.);
#2908=VECTOR('',#4883,1.);
#2909=VECTOR('',#4886,1.);
#2910=VECTOR('',#4887,1.);
#2911=VECTOR('',#4888,1.);
#2912=VECTOR('',#4891,1.);
#2913=VECTOR('',#4892,1.);
#2914=VECTOR('',#4893,1.);
#2915=VECTOR('',#4894,1.);
#2916=VECTOR('',#4895,1.);
#2917=VECTOR('',#4896,1.);
#2918=VECTOR('',#4899,1.);
#2919=VECTOR('',#4900,1.);
#2920=VECTOR('',#4903,1.);
#2921=VECTOR('',#4904,1.);
#2922=VECTOR('',#4907,1.);
#2923=VECTOR('',#4908,1.);
#2924=VECTOR('',#4909,1.);
#2925=VECTOR('',#4912,1.);
#2926=VECTOR('',#4913,1.);
#2927=VECTOR('',#4914,1.);
#2928=VECTOR('',#4917,1.);
#2929=VECTOR('',#4926,1.);
#2930=VECTOR('',#4927,1.);
#2931=VECTOR('',#4932,1.);
#2932=VECTOR('',#4943,1.);
#2933=VECTOR('',#4946,1.);
#2934=VECTOR('',#4949,1.);
#2935=VECTOR('',#4950,1.);
#2936=VECTOR('',#4951,1.);
#2937=VECTOR('',#4952,1.);
#2938=VECTOR('',#4953,1.);
#2939=VECTOR('',#4954,1.);
#2940=VECTOR('',#4957,1.);
#2941=VECTOR('',#4958,1.);
#2942=VECTOR('',#4959,1.);
#2943=VECTOR('',#4960,1.);
#2944=VECTOR('',#4961,1.);
#2945=VECTOR('',#4962,1.);
#2946=VECTOR('',#4963,1.);
#2947=VECTOR('',#4966,1.);
#2948=VECTOR('',#4967,1.);
#2949=VECTOR('',#4968,1.);
#2950=VECTOR('',#4971,1.);
#2951=VECTOR('',#4972,1.);
#2952=VECTOR('',#4973,1.);
#2953=VECTOR('',#4974,1.);
#2954=VECTOR('',#4975,1.);
#2955=VECTOR('',#4976,1.);
#2956=VECTOR('',#4979,1.);
#2957=VECTOR('',#4980,1.);
#2958=VECTOR('',#4983,1.);
#2959=VECTOR('',#4984,1.);
#2960=VECTOR('',#4987,1.);
#2961=VECTOR('',#4988,1.);
#2962=VECTOR('',#4989,1.);
#2963=VECTOR('',#4992,1.);
#2964=VECTOR('',#4993,1.);
#2965=VECTOR('',#4994,1.);
#2966=VECTOR('',#4997,1.);
#2967=VECTOR('',#5006,1.);
#2968=VECTOR('',#5007,1.);
#2969=VECTOR('',#5012,1.);
#2970=VECTOR('',#5023,1.);
#2971=VECTOR('',#5026,1.);
#2972=VECTOR('',#5027,1.);
#2973=VECTOR('',#5028,1.);
#2974=VECTOR('',#5029,1.);
#2975=VECTOR('',#5030,1.);
#2976=VECTOR('',#5031,1.);
#2977=VECTOR('',#5032,1.);
#2978=VECTOR('',#5037,1.);
#2979=VECTOR('',#5038,1.);
#2980=VECTOR('',#5039,1.);
#2981=VECTOR('',#5040,1.);
#2982=VECTOR('',#5041,1.);
#2983=VECTOR('',#5042,1.);
#2984=VECTOR('',#5043,1.);
#2985=VECTOR('',#5046,1.);
#2986=VECTOR('',#5047,1.);
#2987=VECTOR('',#5048,1.);
#2988=VECTOR('',#5051,1.);
#2989=VECTOR('',#5052,1.);
#2990=VECTOR('',#5053,1.);
#2991=VECTOR('',#5054,1.);
#2992=VECTOR('',#5055,1.);
#2993=VECTOR('',#5056,1.);
#2994=VECTOR('',#5059,1.);
#2995=VECTOR('',#5060,1.);
#2996=VECTOR('',#5063,1.);
#2997=VECTOR('',#5064,1.);
#2998=VECTOR('',#5067,1.);
#2999=VECTOR('',#5068,1.);
#3000=VECTOR('',#5069,1.);
#3001=VECTOR('',#5072,1.);
#3002=VECTOR('',#5073,1.);
#3003=VECTOR('',#5074,1.);
#3004=VECTOR('',#5077,1.);
#3005=VECTOR('',#5086,1.);
#3006=VECTOR('',#5087,1.);
#3007=VECTOR('',#5092,1.);
#3008=VECTOR('',#5103,1.);
#3009=VECTOR('',#5106,1.);
#3010=VECTOR('',#5107,1.);
#3011=VECTOR('',#5108,1.);
#3012=VECTOR('',#5109,1.);
#3013=VECTOR('',#5110,1.);
#3014=VECTOR('',#5111,1.);
#3015=VECTOR('',#5112,1.);
#3016=VECTOR('',#5117,1.);
#3017=VECTOR('',#5118,1.);
#3018=VECTOR('',#5119,1.);
#3019=VECTOR('',#5120,1.);
#3020=VECTOR('',#5121,1.);
#3021=VECTOR('',#5122,1.);
#3022=VECTOR('',#5123,1.);
#3023=VECTOR('',#5126,1.);
#3024=VECTOR('',#5127,1.);
#3025=VECTOR('',#5128,1.);
#3026=VECTOR('',#5131,1.);
#3027=VECTOR('',#5132,1.);
#3028=VECTOR('',#5133,1.);
#3029=VECTOR('',#5134,1.);
#3030=VECTOR('',#5135,1.);
#3031=VECTOR('',#5136,1.);
#3032=VECTOR('',#5139,1.);
#3033=VECTOR('',#5140,1.);
#3034=VECTOR('',#5143,1.);
#3035=VECTOR('',#5144,1.);
#3036=VECTOR('',#5147,1.);
#3037=VECTOR('',#5148,1.);
#3038=VECTOR('',#5149,1.);
#3039=VECTOR('',#5152,1.);
#3040=VECTOR('',#5153,1.);
#3041=VECTOR('',#5154,1.);
#3042=VECTOR('',#5157,1.);
#3043=VECTOR('',#5166,1.);
#3044=VECTOR('',#5167,1.);
#3045=VECTOR('',#5172,1.);
#3046=VECTOR('',#5183,1.);
#3047=VECTOR('',#5184,1.);
#3048=VECTOR('',#5185,1.);
#3049=VECTOR('',#5186,1.);
#3050=VECTOR('',#5187,1.);
#3051=VECTOR('',#5188,1.);
#3052=VECTOR('',#5189,1.);
#3053=VECTOR('',#5190,1.);
#3054=VECTOR('',#5193,1.);
#3055=VECTOR('',#5194,1.);
#3056=VECTOR('',#5195,1.);
#3057=VECTOR('',#5198,1.);
#3058=VECTOR('',#5199,1.);
#3059=VECTOR('',#5200,1.);
#3060=VECTOR('',#5201,1.);
#3061=VECTOR('',#5202,1.);
#3062=VECTOR('',#5203,1.);
#3063=VECTOR('',#5204,1.);
#3064=VECTOR('',#5207,1.);
#3065=VECTOR('',#5208,1.);
#3066=VECTOR('',#5209,1.);
#3067=VECTOR('',#5212,1.);
#3068=VECTOR('',#5213,1.);
#3069=VECTOR('',#5214,1.);
#3070=VECTOR('',#5217,1.);
#3071=VECTOR('',#5218,1.);
#3072=VECTOR('',#5219,1.);
#3073=VECTOR('',#5220,1.);
#3074=VECTOR('',#5223,1.);
#3075=VECTOR('',#5224,1.);
#3076=VECTOR('',#5225,1.);
#3077=VECTOR('',#5226,1.);
#3078=VECTOR('',#5229,1.);
#3079=VECTOR('',#5230,1.);
#3080=VECTOR('',#5243,1.);
#3081=VECTOR('',#5246,1.);
#3082=VECTOR('',#5247,1.);
#3083=VECTOR('',#5252,1.);
#3084=VECTOR('',#5263,1.);
#3085=VECTOR('',#5264,1.);
#3086=VECTOR('',#5265,1.);
#3087=VECTOR('',#5266,1.);
#3088=VECTOR('',#5267,1.);
#3089=VECTOR('',#5268,1.);
#3090=VECTOR('',#5269,1.);
#3091=VECTOR('',#5270,1.);
#3092=VECTOR('',#5273,1.);
#3093=VECTOR('',#5274,1.);
#3094=VECTOR('',#5275,1.);
#3095=VECTOR('',#5278,1.);
#3096=VECTOR('',#5279,1.);
#3097=VECTOR('',#5280,1.);
#3098=VECTOR('',#5281,1.);
#3099=VECTOR('',#5282,1.);
#3100=VECTOR('',#5283,1.);
#3101=VECTOR('',#5284,1.);
#3102=VECTOR('',#5287,1.);
#3103=VECTOR('',#5288,1.);
#3104=VECTOR('',#5289,1.);
#3105=VECTOR('',#5292,1.);
#3106=VECTOR('',#5293,1.);
#3107=VECTOR('',#5294,1.);
#3108=VECTOR('',#5297,1.);
#3109=VECTOR('',#5298,1.);
#3110=VECTOR('',#5299,1.);
#3111=VECTOR('',#5300,1.);
#3112=VECTOR('',#5303,1.);
#3113=VECTOR('',#5304,1.);
#3114=VECTOR('',#5305,1.);
#3115=VECTOR('',#5306,1.);
#3116=VECTOR('',#5309,1.);
#3117=VECTOR('',#5310,1.);
#3118=VECTOR('',#5323,1.);
#3119=VECTOR('',#5326,1.);
#3120=VECTOR('',#5327,1.);
#3121=VECTOR('',#5332,1.);
#3122=VECTOR('',#5343,1.);
#3123=VECTOR('',#5346,1.);
#3124=VECTOR('',#5349,1.);
#3125=VECTOR('',#5350,1.);
#3126=VECTOR('',#5351,1.);
#3127=VECTOR('',#5352,1.);
#3128=VECTOR('',#5353,1.);
#3129=VECTOR('',#5354,1.);
#3130=VECTOR('',#5357,1.);
#3131=VECTOR('',#5358,1.);
#3132=VECTOR('',#5359,1.);
#3133=VECTOR('',#5360,1.);
#3134=VECTOR('',#5361,1.);
#3135=VECTOR('',#5362,1.);
#3136=VECTOR('',#5363,1.);
#3137=VECTOR('',#5366,1.);
#3138=VECTOR('',#5367,1.);
#3139=VECTOR('',#5368,1.);
#3140=VECTOR('',#5371,1.);
#3141=VECTOR('',#5372,1.);
#3142=VECTOR('',#5373,1.);
#3143=VECTOR('',#5374,1.);
#3144=VECTOR('',#5375,1.);
#3145=VECTOR('',#5376,1.);
#3146=VECTOR('',#5379,1.);
#3147=VECTOR('',#5380,1.);
#3148=VECTOR('',#5383,1.);
#3149=VECTOR('',#5384,1.);
#3150=VECTOR('',#5387,1.);
#3151=VECTOR('',#5388,1.);
#3152=VECTOR('',#5389,1.);
#3153=VECTOR('',#5392,1.);
#3154=VECTOR('',#5393,1.);
#3155=VECTOR('',#5394,1.);
#3156=VECTOR('',#5397,1.);
#3157=VECTOR('',#5406,1.);
#3158=VECTOR('',#5407,1.);
#3159=VECTOR('',#5412,1.);
#3160=VECTOR('',#5423,1.);
#3161=VECTOR('',#5424,1.);
#3162=VECTOR('',#5425,1.);
#3163=VECTOR('',#5426,1.);
#3164=VECTOR('',#5429,1.);
#3165=VECTOR('',#5430,1.);
#3166=VECTOR('',#5431,1.);
#3167=VECTOR('',#5434,1.);
#3168=VECTOR('',#5435,1.);
#3169=VECTOR('',#5436,1.);
#3170=VECTOR('',#5437,1.);
#3171=VECTOR('',#5438,1.);
#3172=VECTOR('',#5439,1.);
#3173=VECTOR('',#5440,1.);
#3174=VECTOR('',#5443,1.);
#3175=VECTOR('',#5444,1.);
#3176=VECTOR('',#5445,1.);
#3177=VECTOR('',#5448,1.);
#3178=VECTOR('',#5449,1.);
#3179=VECTOR('',#5450,1.);
#3180=VECTOR('',#5451,1.);
#3181=VECTOR('',#5452,1.);
#3182=VECTOR('',#5453,1.);
#3183=VECTOR('',#5454,1.);
#3184=VECTOR('',#5457,1.);
#3185=VECTOR('',#5458,1.);
#3186=VECTOR('',#5459,1.);
#3187=VECTOR('',#5462,1.);
#3188=VECTOR('',#5463,1.);
#3189=VECTOR('',#5464,1.);
#3190=VECTOR('',#5467,1.);
#3191=VECTOR('',#5468,1.);
#3192=VECTOR('',#5473,1.);
#3193=VECTOR('',#5476,1.);
#3194=VECTOR('',#5477,1.);
#3195=VECTOR('',#5482,1.);
#3196=VECTOR('',#5489,1.);
#3197=VECTOR('',#5490,1.);
#3198=VECTOR('',#5491,1.);
#3199=VECTOR('',#5492,1.);
#3200=VECTOR('',#5493,1.);
#3201=VECTOR('',#5494,1.);
#3202=VECTOR('',#5495,1.);
#3203=VECTOR('',#5496,1.);
#3204=VECTOR('',#5499,1.);
#3205=VECTOR('',#5500,1.);
#3206=VECTOR('',#5501,1.);
#3207=VECTOR('',#5504,1.);
#3208=VECTOR('',#5505,1.);
#3209=VECTOR('',#5506,1.);
#3210=VECTOR('',#5507,1.);
#3211=VECTOR('',#5508,1.);
#3212=VECTOR('',#5509,1.);
#3213=VECTOR('',#5510,1.);
#3214=VECTOR('',#5513,1.);
#3215=VECTOR('',#5514,1.);
#3216=VECTOR('',#5515,1.);
#3217=VECTOR('',#5518,1.);
#3218=VECTOR('',#5519,1.);
#3219=VECTOR('',#5520,1.);
#3220=VECTOR('',#5523,1.);
#3221=VECTOR('',#5524,1.);
#3222=VECTOR('',#5525,1.);
#3223=VECTOR('',#5526,1.);
#3224=VECTOR('',#5529,1.);
#3225=VECTOR('',#5530,1.);
#3226=VECTOR('',#5531,1.);
#3227=VECTOR('',#5532,1.);
#3228=VECTOR('',#5535,1.);
#3229=VECTOR('',#5536,1.);
#3230=VECTOR('',#5549,1.);
#3231=VECTOR('',#5552,1.);
#3232=VECTOR('',#5553,1.);
#3233=VECTOR('',#5558,1.);
#3234=VECTOR('',#5569,1.);
#3235=VECTOR('',#5572,1.);
#3236=VECTOR('',#5575,1.);
#3237=VECTOR('',#5576,1.);
#3238=VECTOR('',#5577,1.);
#3239=VECTOR('',#5578,1.);
#3240=VECTOR('',#5579,1.);
#3241=VECTOR('',#5580,1.);
#3242=VECTOR('',#5583,1.);
#3243=VECTOR('',#5584,1.);
#3244=VECTOR('',#5585,1.);
#3245=VECTOR('',#5586,1.);
#3246=VECTOR('',#5587,1.);
#3247=VECTOR('',#5588,1.);
#3248=VECTOR('',#5589,1.);
#3249=VECTOR('',#5592,1.);
#3250=VECTOR('',#5593,1.);
#3251=VECTOR('',#5594,1.);
#3252=VECTOR('',#5597,1.);
#3253=VECTOR('',#5598,1.);
#3254=VECTOR('',#5599,1.);
#3255=VECTOR('',#5600,1.);
#3256=VECTOR('',#5601,1.);
#3257=VECTOR('',#5602,1.);
#3258=VECTOR('',#5605,1.);
#3259=VECTOR('',#5606,1.);
#3260=VECTOR('',#5609,1.);
#3261=VECTOR('',#5610,1.);
#3262=VECTOR('',#5613,1.);
#3263=VECTOR('',#5614,1.);
#3264=VECTOR('',#5615,1.);
#3265=VECTOR('',#5618,1.);
#3266=VECTOR('',#5619,1.);
#3267=VECTOR('',#5620,1.);
#3268=VECTOR('',#5623,1.);
#3269=VECTOR('',#5632,1.);
#3270=VECTOR('',#5633,1.);
#3271=VECTOR('',#5638,1.);
#3272=VECTOR('',#5649,1.);
#3273=VECTOR('',#5650,1.);
#3274=VECTOR('',#5651,1.);
#3275=VECTOR('',#5652,1.);
#3276=VECTOR('',#5655,1.);
#3277=VECTOR('',#5656,1.);
#3278=VECTOR('',#5657,1.);
#3279=VECTOR('',#5660,1.);
#3280=VECTOR('',#5661,1.);
#3281=VECTOR('',#5662,1.);
#3282=VECTOR('',#5663,1.);
#3283=VECTOR('',#5664,1.);
#3284=VECTOR('',#5665,1.);
#3285=VECTOR('',#5666,1.);
#3286=VECTOR('',#5669,1.);
#3287=VECTOR('',#5670,1.);
#3288=VECTOR('',#5671,1.);
#3289=VECTOR('',#5674,1.);
#3290=VECTOR('',#5675,1.);
#3291=VECTOR('',#5676,1.);
#3292=VECTOR('',#5677,1.);
#3293=VECTOR('',#5678,1.);
#3294=VECTOR('',#5679,1.);
#3295=VECTOR('',#5680,1.);
#3296=VECTOR('',#5683,1.);
#3297=VECTOR('',#5684,1.);
#3298=VECTOR('',#5685,1.);
#3299=VECTOR('',#5688,1.);
#3300=VECTOR('',#5689,1.);
#3301=VECTOR('',#5690,1.);
#3302=VECTOR('',#5693,1.);
#3303=VECTOR('',#5694,1.);
#3304=VECTOR('',#5695,1.);
#3305=VECTOR('',#5696,1.);
#3306=VECTOR('',#5707,1.);
#3307=VECTOR('',#5712,1.);
#3308=VECTOR('',#5713,1.);
#3309=VECTOR('',#5718,1.);
#3310=EDGE_LOOP('',(#116,#117,#118,#119,#120,#121,#122,#123,#124,#125));
#3311=EDGE_LOOP('',(#126,#127,#128,#129,#130,#131,#132,#133));
#3312=EDGE_LOOP('',(#134,#135,#136,#137));
#3313=EDGE_LOOP('',(#138,#139,#140,#141,#142,#143,#144,#145));
#3314=EDGE_LOOP('',(#146,#147,#148,#149));
#3315=EDGE_LOOP('',(#150,#151,#152,#153));
#3316=EDGE_LOOP('',(#154,#155,#156,#157));
#3317=EDGE_LOOP('',(#158,#159,#160,#161));
#3318=EDGE_LOOP('',(#162,#163,#164,#165));
#3319=EDGE_LOOP('',(#166,#167,#168,#169,#170,#171,#172,#173,#174,#175));
#3320=EDGE_LOOP('',(#176,#177,#178,#179));
#3321=EDGE_LOOP('',(#180,#181,#182,#183));
#3322=EDGE_LOOP('',(#184,#185,#186,#187));
#3323=EDGE_LOOP('',(#188,#189,#190,#191));
#3324=EDGE_LOOP('',(#192,#193,#194,#195));
#3325=EDGE_LOOP('',(#196,#197,#198,#199));
#3326=EDGE_LOOP('',(#200,#201,#202,#203));
#3327=EDGE_LOOP('',(#204,#205,#206,#207));
#3328=EDGE_LOOP('',(#208,#209,#210,#211,#212,#213,#214,#215));
#3329=EDGE_LOOP('',(#216,#217,#218,#219));
#3330=EDGE_LOOP('',(#220,#221,#222,#223,#224,#225,#226,#227));
#3331=EDGE_LOOP('',(#228,#229,#230,#231));
#3332=EDGE_LOOP('',(#232,#233,#234,#235));
#3333=EDGE_LOOP('',(#236,#237,#238,#239));
#3334=EDGE_LOOP('',(#240,#241,#242,#243,#244,#245,#246,#247,#248,#249));
#3335=EDGE_LOOP('',(#250,#251,#252,#253,#254,#255,#256,#257,#258,#259));
#3336=EDGE_LOOP('',(#260,#261,#262,#263));
#3337=EDGE_LOOP('',(#264,#265,#266,#267));
#3338=EDGE_LOOP('',(#268,#269,#270,#271));
#3339=EDGE_LOOP('',(#272,#273,#274,#275));
#3340=EDGE_LOOP('',(#276,#277,#278,#279));
#3341=EDGE_LOOP('',(#280,#281,#282,#283));
#3342=EDGE_LOOP('',(#284,#285,#286,#287,#288,#289,#290,#291,#292,#293));
#3343=EDGE_LOOP('',(#294,#295,#296,#297,#298,#299,#300,#301));
#3344=EDGE_LOOP('',(#302,#303,#304,#305));
#3345=EDGE_LOOP('',(#306,#307,#308,#309,#310,#311,#312,#313));
#3346=EDGE_LOOP('',(#314,#315,#316,#317));
#3347=EDGE_LOOP('',(#318,#319,#320,#321));
#3348=EDGE_LOOP('',(#322,#323,#324,#325));
#3349=EDGE_LOOP('',(#326,#327,#328,#329));
#3350=EDGE_LOOP('',(#330,#331,#332,#333));
#3351=EDGE_LOOP('',(#334,#335,#336,#337,#338,#339,#340,#341,#342,#343));
#3352=EDGE_LOOP('',(#344,#345,#346,#347));
#3353=EDGE_LOOP('',(#348,#349,#350,#351));
#3354=EDGE_LOOP('',(#352,#353,#354,#355));
#3355=EDGE_LOOP('',(#356,#357,#358,#359));
#3356=EDGE_LOOP('',(#360,#361,#362,#363));
#3357=EDGE_LOOP('',(#364,#365,#366,#367));
#3358=EDGE_LOOP('',(#368,#369,#370,#371,#372,#373,#374,#375,#376,#377));
#3359=EDGE_LOOP('',(#378,#379,#380,#381,#382,#383,#384,#385));
#3360=EDGE_LOOP('',(#386,#387,#388,#389));
#3361=EDGE_LOOP('',(#390,#391,#392,#393,#394,#395,#396,#397));
#3362=EDGE_LOOP('',(#398,#399,#400,#401));
#3363=EDGE_LOOP('',(#402,#403,#404,#405));
#3364=EDGE_LOOP('',(#406,#407,#408,#409));
#3365=EDGE_LOOP('',(#410,#411,#412,#413));
#3366=EDGE_LOOP('',(#414,#415,#416,#417));
#3367=EDGE_LOOP('',(#418,#419,#420,#421,#422,#423,#424,#425,#426,#427));
#3368=EDGE_LOOP('',(#428,#429,#430,#431));
#3369=EDGE_LOOP('',(#432,#433,#434,#435));
#3370=EDGE_LOOP('',(#436,#437,#438,#439));
#3371=EDGE_LOOP('',(#440,#441,#442,#443));
#3372=EDGE_LOOP('',(#444,#445,#446,#447));
#3373=EDGE_LOOP('',(#448,#449,#450,#451));
#3374=EDGE_LOOP('',(#452,#453,#454,#455,#456,#457,#458,#459,#460,#461));
#3375=EDGE_LOOP('',(#462,#463,#464,#465,#466,#467,#468,#469));
#3376=EDGE_LOOP('',(#470,#471,#472,#473));
#3377=EDGE_LOOP('',(#474,#475,#476,#477,#478,#479,#480,#481));
#3378=EDGE_LOOP('',(#482,#483,#484,#485));
#3379=EDGE_LOOP('',(#486,#487,#488,#489));
#3380=EDGE_LOOP('',(#490,#491,#492,#493));
#3381=EDGE_LOOP('',(#494,#495,#496,#497));
#3382=EDGE_LOOP('',(#498,#499,#500,#501));
#3383=EDGE_LOOP('',(#502,#503,#504,#505,#506,#507,#508,#509,#510,#511));
#3384=EDGE_LOOP('',(#512,#513,#514,#515));
#3385=EDGE_LOOP('',(#516,#517,#518,#519));
#3386=EDGE_LOOP('',(#520,#521,#522,#523));
#3387=EDGE_LOOP('',(#524,#525,#526,#527));
#3388=EDGE_LOOP('',(#528,#529,#530,#531));
#3389=EDGE_LOOP('',(#532,#533,#534,#535));
#3390=EDGE_LOOP('',(#536,#537,#538,#539,#540,#541,#542,#543,#544,#545));
#3391=EDGE_LOOP('',(#546,#547,#548,#549,#550,#551,#552,#553));
#3392=EDGE_LOOP('',(#554,#555,#556,#557));
#3393=EDGE_LOOP('',(#558,#559,#560,#561,#562,#563,#564,#565));
#3394=EDGE_LOOP('',(#566,#567,#568,#569));
#3395=EDGE_LOOP('',(#570,#571,#572,#573));
#3396=EDGE_LOOP('',(#574,#575,#576,#577));
#3397=EDGE_LOOP('',(#578,#579,#580,#581));
#3398=EDGE_LOOP('',(#582,#583,#584,#585));
#3399=EDGE_LOOP('',(#586,#587,#588,#589,#590,#591,#592,#593,#594,#595));
#3400=EDGE_LOOP('',(#596,#597,#598,#599));
#3401=EDGE_LOOP('',(#600,#601,#602,#603));
#3402=EDGE_LOOP('',(#604,#605,#606,#607));
#3403=EDGE_LOOP('',(#608,#609,#610,#611));
#3404=EDGE_LOOP('',(#612,#613,#614,#615));
#3405=EDGE_LOOP('',(#616,#617,#618,#619));
#3406=EDGE_LOOP('',(#620,#621,#622,#623,#624,#625,#626,#627,#628,#629));
#3407=EDGE_LOOP('',(#630,#631,#632,#633,#634,#635,#636,#637));
#3408=EDGE_LOOP('',(#638,#639,#640,#641));
#3409=EDGE_LOOP('',(#642,#643,#644,#645,#646,#647,#648,#649));
#3410=EDGE_LOOP('',(#650,#651,#652,#653));
#3411=EDGE_LOOP('',(#654,#655,#656,#657));
#3412=EDGE_LOOP('',(#658,#659,#660,#661));
#3413=EDGE_LOOP('',(#662,#663,#664,#665));
#3414=EDGE_LOOP('',(#666,#667,#668,#669));
#3415=EDGE_LOOP('',(#670,#671,#672,#673,#674,#675,#676,#677,#678,#679));
#3416=EDGE_LOOP('',(#680,#681,#682,#683));
#3417=EDGE_LOOP('',(#684,#685,#686,#687));
#3418=EDGE_LOOP('',(#688,#689,#690,#691));
#3419=EDGE_LOOP('',(#692,#693,#694,#695));
#3420=EDGE_LOOP('',(#696,#697,#698,#699));
#3421=EDGE_LOOP('',(#700,#701,#702,#703));
#3422=EDGE_LOOP('',(#704,#705,#706,#707,#708,#709,#710,#711));
#3423=EDGE_LOOP('',(#712,#713,#714,#715));
#3424=EDGE_LOOP('',(#716,#717,#718,#719,#720,#721,#722,#723));
#3425=EDGE_LOOP('',(#724,#725,#726,#727));
#3426=EDGE_LOOP('',(#728,#729,#730,#731));
#3427=EDGE_LOOP('',(#732,#733,#734,#735));
#3428=EDGE_LOOP('',(#736,#737,#738,#739));
#3429=EDGE_LOOP('',(#740,#741,#742,#743));
#3430=EDGE_LOOP('',(#744,#745,#746,#747,#748,#749,#750,#751,#752,#753));
#3431=EDGE_LOOP('',(#754,#755,#756,#757,#758,#759,#760,#761,#762,#763));
#3432=EDGE_LOOP('',(#764,#765,#766,#767));
#3433=EDGE_LOOP('',(#768,#769,#770,#771));
#3434=EDGE_LOOP('',(#772,#773,#774,#775));
#3435=EDGE_LOOP('',(#776,#777,#778,#779));
#3436=EDGE_LOOP('',(#780,#781,#782,#783));
#3437=EDGE_LOOP('',(#784,#785,#786,#787));
#3438=EDGE_LOOP('',(#788,#789,#790,#791,#792,#793,#794,#795));
#3439=EDGE_LOOP('',(#796,#797,#798,#799));
#3440=EDGE_LOOP('',(#800,#801,#802,#803,#804,#805,#806,#807));
#3441=EDGE_LOOP('',(#808,#809,#810,#811));
#3442=EDGE_LOOP('',(#812,#813,#814,#815));
#3443=EDGE_LOOP('',(#816,#817,#818,#819));
#3444=EDGE_LOOP('',(#820,#821,#822,#823));
#3445=EDGE_LOOP('',(#824,#825,#826,#827));
#3446=EDGE_LOOP('',(#828,#829,#830,#831,#832,#833,#834,#835,#836,#837));
#3447=EDGE_LOOP('',(#838,#839,#840,#841,#842,#843,#844,#845,#846,#847));
#3448=EDGE_LOOP('',(#848,#849,#850,#851));
#3449=EDGE_LOOP('',(#852,#853,#854,#855));
#3450=EDGE_LOOP('',(#856,#857,#858,#859));
#3451=EDGE_LOOP('',(#860,#861,#862,#863));
#3452=EDGE_LOOP('',(#864,#865,#866,#867));
#3453=EDGE_LOOP('',(#868,#869,#870,#871));
#3454=EDGE_LOOP('',(#872,#873,#874,#875,#876,#877,#878,#879,#880,#881));
#3455=EDGE_LOOP('',(#882,#883,#884,#885,#886,#887,#888,#889));
#3456=EDGE_LOOP('',(#890,#891,#892,#893));
#3457=EDGE_LOOP('',(#894,#895,#896,#897,#898,#899,#900,#901));
#3458=EDGE_LOOP('',(#902,#903,#904,#905));
#3459=EDGE_LOOP('',(#906,#907,#908,#909));
#3460=EDGE_LOOP('',(#910,#911,#912,#913));
#3461=EDGE_LOOP('',(#914,#915,#916,#917));
#3462=EDGE_LOOP('',(#918,#919,#920,#921));
#3463=EDGE_LOOP('',(#922,#923,#924,#925,#926,#927,#928,#929,#930,#931));
#3464=EDGE_LOOP('',(#932,#933,#934,#935));
#3465=EDGE_LOOP('',(#936,#937,#938,#939));
#3466=EDGE_LOOP('',(#940,#941,#942,#943));
#3467=EDGE_LOOP('',(#944,#945,#946,#947));
#3468=EDGE_LOOP('',(#948,#949,#950,#951));
#3469=EDGE_LOOP('',(#952,#953,#954,#955));
#3470=EDGE_LOOP('',(#956,#957,#958,#959));
#3471=EDGE_LOOP('',(#960,#961,#962,#963));
#3472=EDGE_LOOP('',(#964,#965,#966,#967,#968,#969,#970,#971));
#3473=EDGE_LOOP('',(#972,#973,#974,#975));
#3474=EDGE_LOOP('',(#976,#977,#978,#979,#980,#981,#982,#983));
#3475=EDGE_LOOP('',(#984,#985,#986,#987));
#3476=EDGE_LOOP('',(#988,#989,#990,#991));
#3477=EDGE_LOOP('',(#992,#993,#994,#995));
#3478=EDGE_LOOP('',(#996,#997,#998,#999,#1000,#1001,#1002,#1003));
#3479=EDGE_LOOP('',(#1004,#1005,#1006,#1007,#1008,#1009,#1010,#1011));
#3480=EDGE_LOOP('',(#1012,#1013,#1014,#1015));
#3481=EDGE_LOOP('',(#1016,#1017,#1018,#1019));
#3482=EDGE_LOOP('',(#1020,#1021,#1022,#1023));
#3483=EDGE_LOOP('',(#1024,#1025,#1026,#1027));
#3484=EDGE_LOOP('',(#1028,#1029,#1030,#1031,#1032,#1033,#1034,#1035));
#3485=EDGE_LOOP('',(#1036,#1037,#1038,#1039));
#3486=EDGE_LOOP('',(#1040,#1041,#1042,#1043,#1044,#1045,#1046,#1047));
#3487=EDGE_LOOP('',(#1048,#1049,#1050,#1051));
#3488=EDGE_LOOP('',(#1052,#1053,#1054,#1055));
#3489=EDGE_LOOP('',(#1056,#1057,#1058,#1059));
#3490=EDGE_LOOP('',(#1060,#1061,#1062,#1063));
#3491=EDGE_LOOP('',(#1064,#1065,#1066,#1067));
#3492=EDGE_LOOP('',(#1068,#1069,#1070,#1071,#1072,#1073,#1074,#1075,#1076,
#1077));
#3493=EDGE_LOOP('',(#1078,#1079,#1080,#1081,#1082,#1083,#1084,#1085,#1086,
#1087));
#3494=EDGE_LOOP('',(#1088,#1089,#1090,#1091));
#3495=EDGE_LOOP('',(#1092,#1093,#1094,#1095));
#3496=EDGE_LOOP('',(#1096,#1097,#1098,#1099));
#3497=EDGE_LOOP('',(#1100,#1101,#1102,#1103));
#3498=EDGE_LOOP('',(#1104,#1105,#1106,#1107));
#3499=EDGE_LOOP('',(#1108,#1109,#1110,#1111));
#3500=EDGE_LOOP('',(#1112,#1113,#1114,#1115,#1116,#1117,#1118,#1119,#1120,
#1121));
#3501=EDGE_LOOP('',(#1122,#1123,#1124,#1125,#1126,#1127,#1128,#1129));
#3502=EDGE_LOOP('',(#1130,#1131,#1132,#1133));
#3503=EDGE_LOOP('',(#1134,#1135,#1136,#1137,#1138,#1139,#1140,#1141));
#3504=EDGE_LOOP('',(#1142,#1143,#1144,#1145));
#3505=EDGE_LOOP('',(#1146,#1147,#1148,#1149));
#3506=EDGE_LOOP('',(#1150,#1151,#1152,#1153));
#3507=EDGE_LOOP('',(#1154,#1155,#1156,#1157));
#3508=EDGE_LOOP('',(#1158,#1159,#1160,#1161));
#3509=EDGE_LOOP('',(#1162,#1163,#1164,#1165,#1166,#1167,#1168,#1169,#1170,
#1171));
#3510=EDGE_LOOP('',(#1172,#1173,#1174,#1175));
#3511=EDGE_LOOP('',(#1176,#1177,#1178,#1179));
#3512=EDGE_LOOP('',(#1180,#1181,#1182,#1183));
#3513=EDGE_LOOP('',(#1184,#1185,#1186,#1187));
#3514=EDGE_LOOP('',(#1188,#1189,#1190,#1191));
#3515=EDGE_LOOP('',(#1192,#1193,#1194,#1195));
#3516=EDGE_LOOP('',(#1196,#1197,#1198,#1199));
#3517=EDGE_LOOP('',(#1200,#1201,#1202,#1203));
#3518=EDGE_LOOP('',(#1204,#1205,#1206,#1207,#1208,#1209,#1210,#1211));
#3519=EDGE_LOOP('',(#1212,#1213,#1214,#1215));
#3520=EDGE_LOOP('',(#1216,#1217,#1218,#1219,#1220,#1221,#1222,#1223));
#3521=EDGE_LOOP('',(#1224,#1225,#1226,#1227));
#3522=EDGE_LOOP('',(#1228,#1229,#1230,#1231));
#3523=EDGE_LOOP('',(#1232,#1233,#1234,#1235));
#3524=EDGE_LOOP('',(#1236,#1237,#1238,#1239,#1240,#1241,#1242,#1243,#1244,
#1245));
#3525=EDGE_LOOP('',(#1246,#1247,#1248,#1249,#1250,#1251,#1252,#1253,#1254,
#1255));
#3526=EDGE_LOOP('',(#1256,#1257,#1258,#1259));
#3527=EDGE_LOOP('',(#1260,#1261,#1262,#1263));
#3528=EDGE_LOOP('',(#1264,#1265,#1266,#1267));
#3529=EDGE_LOOP('',(#1268,#1269,#1270,#1271));
#3530=EDGE_LOOP('',(#1272,#1273,#1274,#1275));
#3531=EDGE_LOOP('',(#1276,#1277,#1278,#1279));
#3532=FACE_BOUND('',#3310,.T.);
#3533=FACE_BOUND('',#3311,.T.);
#3534=FACE_BOUND('',#3312,.T.);
#3535=FACE_BOUND('',#3313,.T.);
#3536=FACE_BOUND('',#3314,.T.);
#3537=FACE_BOUND('',#3315,.T.);
#3538=FACE_BOUND('',#3316,.T.);
#3539=FACE_BOUND('',#3317,.T.);
#3540=FACE_BOUND('',#3318,.T.);
#3541=FACE_BOUND('',#3319,.T.);
#3542=FACE_BOUND('',#3320,.T.);
#3543=FACE_BOUND('',#3321,.T.);
#3544=FACE_BOUND('',#3322,.T.);
#3545=FACE_BOUND('',#3323,.T.);
#3546=FACE_BOUND('',#3324,.T.);
#3547=FACE_BOUND('',#3325,.T.);
#3548=FACE_BOUND('',#3326,.T.);
#3549=FACE_BOUND('',#3327,.T.);
#3550=FACE_BOUND('',#3328,.T.);
#3551=FACE_BOUND('',#3329,.T.);
#3552=FACE_BOUND('',#3330,.T.);
#3553=FACE_BOUND('',#3331,.T.);
#3554=FACE_BOUND('',#3332,.T.);
#3555=FACE_BOUND('',#3333,.T.);
#3556=FACE_BOUND('',#3334,.T.);
#3557=FACE_BOUND('',#3335,.T.);
#3558=FACE_BOUND('',#3336,.T.);
#3559=FACE_BOUND('',#3337,.T.);
#3560=FACE_BOUND('',#3338,.T.);
#3561=FACE_BOUND('',#3339,.T.);
#3562=FACE_BOUND('',#3340,.T.);
#3563=FACE_BOUND('',#3341,.T.);
#3564=FACE_BOUND('',#3342,.T.);
#3565=FACE_BOUND('',#3343,.T.);
#3566=FACE_BOUND('',#3344,.T.);
#3567=FACE_BOUND('',#3345,.T.);
#3568=FACE_BOUND('',#3346,.T.);
#3569=FACE_BOUND('',#3347,.T.);
#3570=FACE_BOUND('',#3348,.T.);
#3571=FACE_BOUND('',#3349,.T.);
#3572=FACE_BOUND('',#3350,.T.);
#3573=FACE_BOUND('',#3351,.T.);
#3574=FACE_BOUND('',#3352,.T.);
#3575=FACE_BOUND('',#3353,.T.);
#3576=FACE_BOUND('',#3354,.T.);
#3577=FACE_BOUND('',#3355,.T.);
#3578=FACE_BOUND('',#3356,.T.);
#3579=FACE_BOUND('',#3357,.T.);
#3580=FACE_BOUND('',#3358,.T.);
#3581=FACE_BOUND('',#3359,.T.);
#3582=FACE_BOUND('',#3360,.T.);
#3583=FACE_BOUND('',#3361,.T.);
#3584=FACE_BOUND('',#3362,.T.);
#3585=FACE_BOUND('',#3363,.T.);
#3586=FACE_BOUND('',#3364,.T.);
#3587=FACE_BOUND('',#3365,.T.);
#3588=FACE_BOUND('',#3366,.T.);
#3589=FACE_BOUND('',#3367,.T.);
#3590=FACE_BOUND('',#3368,.T.);
#3591=FACE_BOUND('',#3369,.T.);
#3592=FACE_BOUND('',#3370,.T.);
#3593=FACE_BOUND('',#3371,.T.);
#3594=FACE_BOUND('',#3372,.T.);
#3595=FACE_BOUND('',#3373,.T.);
#3596=FACE_BOUND('',#3374,.T.);
#3597=FACE_BOUND('',#3375,.T.);
#3598=FACE_BOUND('',#3376,.T.);
#3599=FACE_BOUND('',#3377,.T.);
#3600=FACE_BOUND('',#3378,.T.);
#3601=FACE_BOUND('',#3379,.T.);
#3602=FACE_BOUND('',#3380,.T.);
#3603=FACE_BOUND('',#3381,.T.);
#3604=FACE_BOUND('',#3382,.T.);
#3605=FACE_BOUND('',#3383,.T.);
#3606=FACE_BOUND('',#3384,.T.);
#3607=FACE_BOUND('',#3385,.T.);
#3608=FACE_BOUND('',#3386,.T.);
#3609=FACE_BOUND('',#3387,.T.);
#3610=FACE_BOUND('',#3388,.T.);
#3611=FACE_BOUND('',#3389,.T.);
#3612=FACE_BOUND('',#3390,.T.);
#3613=FACE_BOUND('',#3391,.T.);
#3614=FACE_BOUND('',#3392,.T.);
#3615=FACE_BOUND('',#3393,.T.);
#3616=FACE_BOUND('',#3394,.T.);
#3617=FACE_BOUND('',#3395,.T.);
#3618=FACE_BOUND('',#3396,.T.);
#3619=FACE_BOUND('',#3397,.T.);
#3620=FACE_BOUND('',#3398,.T.);
#3621=FACE_BOUND('',#3399,.T.);
#3622=FACE_BOUND('',#3400,.T.);
#3623=FACE_BOUND('',#3401,.T.);
#3624=FACE_BOUND('',#3402,.T.);
#3625=FACE_BOUND('',#3403,.T.);
#3626=FACE_BOUND('',#3404,.T.);
#3627=FACE_BOUND('',#3405,.T.);
#3628=FACE_BOUND('',#3406,.T.);
#3629=FACE_BOUND('',#3407,.T.);
#3630=FACE_BOUND('',#3408,.T.);
#3631=FACE_BOUND('',#3409,.T.);
#3632=FACE_BOUND('',#3410,.T.);
#3633=FACE_BOUND('',#3411,.T.);
#3634=FACE_BOUND('',#3412,.T.);
#3635=FACE_BOUND('',#3413,.T.);
#3636=FACE_BOUND('',#3414,.T.);
#3637=FACE_BOUND('',#3415,.T.);
#3638=FACE_BOUND('',#3416,.T.);
#3639=FACE_BOUND('',#3417,.T.);
#3640=FACE_BOUND('',#3418,.T.);
#3641=FACE_BOUND('',#3419,.T.);
#3642=FACE_BOUND('',#3420,.T.);
#3643=FACE_BOUND('',#3421,.T.);
#3644=FACE_BOUND('',#3422,.T.);
#3645=FACE_BOUND('',#3423,.T.);
#3646=FACE_BOUND('',#3424,.T.);
#3647=FACE_BOUND('',#3425,.T.);
#3648=FACE_BOUND('',#3426,.T.);
#3649=FACE_BOUND('',#3427,.T.);
#3650=FACE_BOUND('',#3428,.T.);
#3651=FACE_BOUND('',#3429,.T.);
#3652=FACE_BOUND('',#3430,.T.);
#3653=FACE_BOUND('',#3431,.T.);
#3654=FACE_BOUND('',#3432,.T.);
#3655=FACE_BOUND('',#3433,.T.);
#3656=FACE_BOUND('',#3434,.T.);
#3657=FACE_BOUND('',#3435,.T.);
#3658=FACE_BOUND('',#3436,.T.);
#3659=FACE_BOUND('',#3437,.T.);
#3660=FACE_BOUND('',#3438,.T.);
#3661=FACE_BOUND('',#3439,.T.);
#3662=FACE_BOUND('',#3440,.T.);
#3663=FACE_BOUND('',#3441,.T.);
#3664=FACE_BOUND('',#3442,.T.);
#3665=FACE_BOUND('',#3443,.T.);
#3666=FACE_BOUND('',#3444,.T.);
#3667=FACE_BOUND('',#3445,.T.);
#3668=FACE_BOUND('',#3446,.T.);
#3669=FACE_BOUND('',#3447,.T.);
#3670=FACE_BOUND('',#3448,.T.);
#3671=FACE_BOUND('',#3449,.T.);
#3672=FACE_BOUND('',#3450,.T.);
#3673=FACE_BOUND('',#3451,.T.);
#3674=FACE_BOUND('',#3452,.T.);
#3675=FACE_BOUND('',#3453,.T.);
#3676=FACE_BOUND('',#3454,.T.);
#3677=FACE_BOUND('',#3455,.T.);
#3678=FACE_BOUND('',#3456,.T.);
#3679=FACE_BOUND('',#3457,.T.);
#3680=FACE_BOUND('',#3458,.T.);
#3681=FACE_BOUND('',#3459,.T.);
#3682=FACE_BOUND('',#3460,.T.);
#3683=FACE_BOUND('',#3461,.T.);
#3684=FACE_BOUND('',#3462,.T.);
#3685=FACE_BOUND('',#3463,.T.);
#3686=FACE_BOUND('',#3464,.T.);
#3687=FACE_BOUND('',#3465,.T.);
#3688=FACE_BOUND('',#3466,.T.);
#3689=FACE_BOUND('',#3467,.T.);
#3690=FACE_BOUND('',#3468,.T.);
#3691=FACE_BOUND('',#3469,.T.);
#3692=FACE_BOUND('',#3470,.T.);
#3693=FACE_BOUND('',#3471,.T.);
#3694=FACE_BOUND('',#3472,.T.);
#3695=FACE_BOUND('',#3473,.T.);
#3696=FACE_BOUND('',#3474,.T.);
#3697=FACE_BOUND('',#3475,.T.);
#3698=FACE_BOUND('',#3476,.T.);
#3699=FACE_BOUND('',#3477,.T.);
#3700=FACE_BOUND('',#3478,.T.);
#3701=FACE_BOUND('',#3479,.T.);
#3702=FACE_BOUND('',#3480,.T.);
#3703=FACE_BOUND('',#3481,.T.);
#3704=FACE_BOUND('',#3482,.T.);
#3705=FACE_BOUND('',#3483,.T.);
#3706=FACE_BOUND('',#3484,.T.);
#3707=FACE_BOUND('',#3485,.T.);
#3708=FACE_BOUND('',#3486,.T.);
#3709=FACE_BOUND('',#3487,.T.);
#3710=FACE_BOUND('',#3488,.T.);
#3711=FACE_BOUND('',#3489,.T.);
#3712=FACE_BOUND('',#3490,.T.);
#3713=FACE_BOUND('',#3491,.T.);
#3714=FACE_BOUND('',#3492,.T.);
#3715=FACE_BOUND('',#3493,.T.);
#3716=FACE_BOUND('',#3494,.T.);
#3717=FACE_BOUND('',#3495,.T.);
#3718=FACE_BOUND('',#3496,.T.);
#3719=FACE_BOUND('',#3497,.T.);
#3720=FACE_BOUND('',#3498,.T.);
#3721=FACE_BOUND('',#3499,.T.);
#3722=FACE_BOUND('',#3500,.T.);
#3723=FACE_BOUND('',#3501,.T.);
#3724=FACE_BOUND('',#3502,.T.);
#3725=FACE_BOUND('',#3503,.T.);
#3726=FACE_BOUND('',#3504,.T.);
#3727=FACE_BOUND('',#3505,.T.);
#3728=FACE_BOUND('',#3506,.T.);
#3729=FACE_BOUND('',#3507,.T.);
#3730=FACE_BOUND('',#3508,.T.);
#3731=FACE_BOUND('',#3509,.T.);
#3732=FACE_BOUND('',#3510,.T.);
#3733=FACE_BOUND('',#3511,.T.);
#3734=FACE_BOUND('',#3512,.T.);
#3735=FACE_BOUND('',#3513,.T.);
#3736=FACE_BOUND('',#3514,.T.);
#3737=FACE_BOUND('',#3515,.T.);
#3738=FACE_BOUND('',#3516,.T.);
#3739=FACE_BOUND('',#3517,.T.);
#3740=FACE_BOUND('',#3518,.T.);
#3741=FACE_BOUND('',#3519,.T.);
#3742=FACE_BOUND('',#3520,.T.);
#3743=FACE_BOUND('',#3521,.T.);
#3744=FACE_BOUND('',#3522,.T.);
#3745=FACE_BOUND('',#3523,.T.);
#3746=FACE_BOUND('',#3524,.T.);
#3747=FACE_BOUND('',#3525,.T.);
#3748=FACE_BOUND('',#3526,.T.);
#3749=FACE_BOUND('',#3527,.T.);
#3750=FACE_BOUND('',#3528,.T.);
#3751=FACE_BOUND('',#3529,.T.);
#3752=FACE_BOUND('',#3530,.T.);
#3753=FACE_BOUND('',#3531,.T.);
#3754=PLANE('',#4332);
#3755=PLANE('',#4335);
#3756=PLANE('',#4336);
#3757=PLANE('',#4337);
#3758=PLANE('',#4338);
#3759=PLANE('',#4339);
#3760=PLANE('',#4340);
#3761=PLANE('',#4341);
#3762=PLANE('',#4342);
#3763=PLANE('',#4343);
#3764=PLANE('',#4346);
#3765=PLANE('',#4347);
#3766=PLANE('',#4348);
#3767=PLANE('',#4349);
#3768=PLANE('',#4353);
#3769=PLANE('',#4354);
#3770=PLANE('',#4355);
#3771=PLANE('',#4356);
#3772=PLANE('',#4357);
#3773=PLANE('',#4358);
#3774=PLANE('',#4359);
#3775=PLANE('',#4360);
#3776=PLANE('',#4361);
#3777=PLANE('',#4364);
#3778=PLANE('',#4367);
#3779=PLANE('',#4368);
#3780=PLANE('',#4369);
#3781=PLANE('',#4370);
#3782=PLANE('',#4374);
#3783=PLANE('',#4377);
#3784=PLANE('',#4378);
#3785=PLANE('',#4379);
#3786=PLANE('',#4380);
#3787=PLANE('',#4381);
#3788=PLANE('',#4382);
#3789=PLANE('',#4383);
#3790=PLANE('',#4384);
#3791=PLANE('',#4385);
#3792=PLANE('',#4388);
#3793=PLANE('',#4389);
#3794=PLANE('',#4390);
#3795=PLANE('',#4391);
#3796=PLANE('',#4395);
#3797=PLANE('',#4398);
#3798=PLANE('',#4399);
#3799=PLANE('',#4400);
#3800=PLANE('',#4401);
#3801=PLANE('',#4402);
#3802=PLANE('',#4403);
#3803=PLANE('',#4404);
#3804=PLANE('',#4405);
#3805=PLANE('',#4406);
#3806=PLANE('',#4409);
#3807=PLANE('',#4410);
#3808=PLANE('',#4411);
#3809=PLANE('',#4412);
#3810=PLANE('',#4416);
#3811=PLANE('',#4419);
#3812=PLANE('',#4420);
#3813=PLANE('',#4421);
#3814=PLANE('',#4422);
#3815=PLANE('',#4423);
#3816=PLANE('',#4424);
#3817=PLANE('',#4425);
#3818=PLANE('',#4426);
#3819=PLANE('',#4427);
#3820=PLANE('',#4430);
#3821=PLANE('',#4431);
#3822=PLANE('',#4432);
#3823=PLANE('',#4433);
#3824=PLANE('',#4437);
#3825=PLANE('',#4440);
#3826=PLANE('',#4441);
#3827=PLANE('',#4442);
#3828=PLANE('',#4443);
#3829=PLANE('',#4444);
#3830=PLANE('',#4445);
#3831=PLANE('',#4446);
#3832=PLANE('',#4447);
#3833=PLANE('',#4448);
#3834=PLANE('',#4451);
#3835=PLANE('',#4452);
#3836=PLANE('',#4453);
#3837=PLANE('',#4454);
#3838=PLANE('',#4458);
#3839=PLANE('',#4461);
#3840=PLANE('',#4462);
#3841=PLANE('',#4463);
#3842=PLANE('',#4464);
#3843=PLANE('',#4465);
#3844=PLANE('',#4466);
#3845=PLANE('',#4467);
#3846=PLANE('',#4468);
#3847=PLANE('',#4469);
#3848=PLANE('',#4472);
#3849=PLANE('',#4473);
#3850=PLANE('',#4474);
#3851=PLANE('',#4475);
#3852=PLANE('',#4479);
#3853=PLANE('',#4480);
#3854=PLANE('',#4481);
#3855=PLANE('',#4482);
#3856=PLANE('',#4483);
#3857=PLANE('',#4484);
#3858=PLANE('',#4485);
#3859=PLANE('',#4486);
#3860=PLANE('',#4487);
#3861=PLANE('',#4490);
#3862=PLANE('',#4493);
#3863=PLANE('',#4494);
#3864=PLANE('',#4495);
#3865=PLANE('',#4496);
#3866=PLANE('',#4500);
#3867=PLANE('',#4501);
#3868=PLANE('',#4502);
#3869=PLANE('',#4503);
#3870=PLANE('',#4504);
#3871=PLANE('',#4505);
#3872=PLANE('',#4506);
#3873=PLANE('',#4507);
#3874=PLANE('',#4508);
#3875=PLANE('',#4511);
#3876=PLANE('',#4514);
#3877=PLANE('',#4515);
#3878=PLANE('',#4516);
#3879=PLANE('',#4517);
#3880=PLANE('',#4521);
#3881=PLANE('',#4524);
#3882=PLANE('',#4525);
#3883=PLANE('',#4526);
#3884=PLANE('',#4527);
#3885=PLANE('',#4528);
#3886=PLANE('',#4529);
#3887=PLANE('',#4530);
#3888=PLANE('',#4531);
#3889=PLANE('',#4532);
#3890=PLANE('',#4535);
#3891=PLANE('',#4536);
#3892=PLANE('',#4537);
#3893=PLANE('',#4538);
#3894=PLANE('',#4542);
#3895=PLANE('',#4543);
#3896=PLANE('',#4544);
#3897=PLANE('',#4545);
#3898=PLANE('',#4546);
#3899=PLANE('',#4547);
#3900=PLANE('',#4548);
#3901=PLANE('',#4549);
#3902=PLANE('',#4550);
#3903=PLANE('',#4551);
#3904=PLANE('',#4552);
#3905=PLANE('',#4553);
#3906=PLANE('',#4554);
#3907=PLANE('',#4555);
#3908=PLANE('',#4557);
#3909=PLANE('',#4558);
#3910=PLANE('',#4559);
#3911=PLANE('',#4560);
#3912=PLANE('',#4561);
#3913=PLANE('',#4562);
#3914=PLANE('',#4563);
#3915=PLANE('',#4564);
#3916=PLANE('',#4565);
#3917=PLANE('',#4568);
#3918=PLANE('',#4571);
#3919=PLANE('',#4572);
#3920=PLANE('',#4573);
#3921=PLANE('',#4574);
#3922=PLANE('',#4578);
#3923=PLANE('',#4581);
#3924=PLANE('',#4582);
#3925=PLANE('',#4583);
#3926=PLANE('',#4584);
#3927=PLANE('',#4585);
#3928=PLANE('',#4586);
#3929=PLANE('',#4587);
#3930=PLANE('',#4588);
#3931=PLANE('',#4589);
#3932=PLANE('',#4592);
#3933=PLANE('',#4593);
#3934=PLANE('',#4594);
#3935=PLANE('',#4595);
#3936=PLANE('',#4599);
#3937=PLANE('',#4600);
#3938=PLANE('',#4601);
#3939=PLANE('',#4602);
#3940=PLANE('',#4603);
#3941=PLANE('',#4604);
#3942=PLANE('',#4605);
#3943=PLANE('',#4606);
#3944=PLANE('',#4607);
#3945=PLANE('',#4610);
#3946=PLANE('',#4613);
#3947=PLANE('',#4614);
#3948=PLANE('',#4615);
#3949=PLANE('',#4616);
#3950=ADVANCED_FACE('',(#3532),#3754,.F.);
#3951=ADVANCED_FACE('',(#3533),#3755,.T.);
#3952=ADVANCED_FACE('',(#3534),#3756,.T.);
#3953=ADVANCED_FACE('',(#3535),#3757,.F.);
#3954=ADVANCED_FACE('',(#3536),#3758,.T.);
#3955=ADVANCED_FACE('',(#3537),#3759,.F.);
#3956=ADVANCED_FACE('',(#3538),#3760,.F.);
#3957=ADVANCED_FACE('',(#3539),#3761,.T.);
#3958=ADVANCED_FACE('',(#3540),#3762,.T.);
#3959=ADVANCED_FACE('',(#3541),#3763,.T.);
#3960=ADVANCED_FACE('',(#3542),#3764,.F.);
#3961=ADVANCED_FACE('',(#3543),#3765,.T.);
#3962=ADVANCED_FACE('',(#3544),#3766,.T.);
#3963=ADVANCED_FACE('',(#3545),#3767,.F.);
#3964=ADVANCED_FACE('',(#3546),#38,.T.);
#3965=ADVANCED_FACE('',(#3547),#39,.T.);
#3966=ADVANCED_FACE('',(#3548),#3768,.F.);
#3967=ADVANCED_FACE('',(#3549),#3769,.F.);
#3968=ADVANCED_FACE('',(#3550),#3770,.T.);
#3969=ADVANCED_FACE('',(#3551),#3771,.F.);
#3970=ADVANCED_FACE('',(#3552),#3772,.T.);
#3971=ADVANCED_FACE('',(#3553),#3773,.F.);
#3972=ADVANCED_FACE('',(#3554),#3774,.T.);
#3973=ADVANCED_FACE('',(#3555),#3775,.T.);
#3974=ADVANCED_FACE('',(#3556),#3776,.T.);
#3975=ADVANCED_FACE('',(#3557),#3777,.F.);
#3976=ADVANCED_FACE('',(#3558),#3778,.T.);
#3977=ADVANCED_FACE('',(#3559),#3779,.T.);
#3978=ADVANCED_FACE('',(#3560),#3780,.F.);
#3979=ADVANCED_FACE('',(#3561),#3781,.F.);
#3980=ADVANCED_FACE('',(#3562),#40,.T.);
#3981=ADVANCED_FACE('',(#3563),#41,.T.);
#3982=ADVANCED_FACE('',(#3564),#3782,.F.);
#3983=ADVANCED_FACE('',(#3565),#3783,.F.);
#3984=ADVANCED_FACE('',(#3566),#3784,.F.);
#3985=ADVANCED_FACE('',(#3567),#3785,.F.);
#3986=ADVANCED_FACE('',(#3568),#3786,.F.);
#3987=ADVANCED_FACE('',(#3569),#3787,.T.);
#3988=ADVANCED_FACE('',(#3570),#3788,.T.);
#3989=ADVANCED_FACE('',(#3571),#3789,.F.);
#3990=ADVANCED_FACE('',(#3572),#3790,.F.);
#3991=ADVANCED_FACE('',(#3573),#3791,.T.);
#3992=ADVANCED_FACE('',(#3574),#3792,.F.);
#3993=ADVANCED_FACE('',(#3575),#3793,.T.);
#3994=ADVANCED_FACE('',(#3576),#3794,.F.);
#3995=ADVANCED_FACE('',(#3577),#3795,.F.);
#3996=ADVANCED_FACE('',(#3578),#42,.T.);
#3997=ADVANCED_FACE('',(#3579),#43,.T.);
#3998=ADVANCED_FACE('',(#3580),#3796,.F.);
#3999=ADVANCED_FACE('',(#3581),#3797,.T.);
#4000=ADVANCED_FACE('',(#3582),#3798,.T.);
#4001=ADVANCED_FACE('',(#3583),#3799,.F.);
#4002=ADVANCED_FACE('',(#3584),#3800,.T.);
#4003=ADVANCED_FACE('',(#3585),#3801,.F.);
#4004=ADVANCED_FACE('',(#3586),#3802,.F.);
#4005=ADVANCED_FACE('',(#3587),#3803,.T.);
#4006=ADVANCED_FACE('',(#3588),#3804,.T.);
#4007=ADVANCED_FACE('',(#3589),#3805,.T.);
#4008=ADVANCED_FACE('',(#3590),#3806,.F.);
#4009=ADVANCED_FACE('',(#3591),#3807,.T.);
#4010=ADVANCED_FACE('',(#3592),#3808,.T.);
#4011=ADVANCED_FACE('',(#3593),#3809,.F.);
#4012=ADVANCED_FACE('',(#3594),#44,.T.);
#4013=ADVANCED_FACE('',(#3595),#45,.T.);
#4014=ADVANCED_FACE('',(#3596),#3810,.F.);
#4015=ADVANCED_FACE('',(#3597),#3811,.F.);
#4016=ADVANCED_FACE('',(#3598),#3812,.F.);
#4017=ADVANCED_FACE('',(#3599),#3813,.F.);
#4018=ADVANCED_FACE('',(#3600),#3814,.F.);
#4019=ADVANCED_FACE('',(#3601),#3815,.T.);
#4020=ADVANCED_FACE('',(#3602),#3816,.T.);
#4021=ADVANCED_FACE('',(#3603),#3817,.F.);
#4022=ADVANCED_FACE('',(#3604),#3818,.F.);
#4023=ADVANCED_FACE('',(#3605),#3819,.T.);
#4024=ADVANCED_FACE('',(#3606),#3820,.F.);
#4025=ADVANCED_FACE('',(#3607),#3821,.T.);
#4026=ADVANCED_FACE('',(#3608),#3822,.F.);
#4027=ADVANCED_FACE('',(#3609),#3823,.F.);
#4028=ADVANCED_FACE('',(#3610),#46,.T.);
#4029=ADVANCED_FACE('',(#3611),#47,.T.);
#4030=ADVANCED_FACE('',(#3612),#3824,.F.);
#4031=ADVANCED_FACE('',(#3613),#3825,.F.);
#4032=ADVANCED_FACE('',(#3614),#3826,.F.);
#4033=ADVANCED_FACE('',(#3615),#3827,.F.);
#4034=ADVANCED_FACE('',(#3616),#3828,.F.);
#4035=ADVANCED_FACE('',(#3617),#3829,.T.);
#4036=ADVANCED_FACE('',(#3618),#3830,.T.);
#4037=ADVANCED_FACE('',(#3619),#3831,.F.);
#4038=ADVANCED_FACE('',(#3620),#3832,.F.);
#4039=ADVANCED_FACE('',(#3621),#3833,.T.);
#4040=ADVANCED_FACE('',(#3622),#3834,.F.);
#4041=ADVANCED_FACE('',(#3623),#3835,.T.);
#4042=ADVANCED_FACE('',(#3624),#3836,.F.);
#4043=ADVANCED_FACE('',(#3625),#3837,.F.);
#4044=ADVANCED_FACE('',(#3626),#48,.T.);
#4045=ADVANCED_FACE('',(#3627),#49,.T.);
#4046=ADVANCED_FACE('',(#3628),#3838,.F.);
#4047=ADVANCED_FACE('',(#3629),#3839,.F.);
#4048=ADVANCED_FACE('',(#3630),#3840,.F.);
#4049=ADVANCED_FACE('',(#3631),#3841,.F.);
#4050=ADVANCED_FACE('',(#3632),#3842,.F.);
#4051=ADVANCED_FACE('',(#3633),#3843,.T.);
#4052=ADVANCED_FACE('',(#3634),#3844,.T.);
#4053=ADVANCED_FACE('',(#3635),#3845,.F.);
#4054=ADVANCED_FACE('',(#3636),#3846,.F.);
#4055=ADVANCED_FACE('',(#3637),#3847,.T.);
#4056=ADVANCED_FACE('',(#3638),#3848,.F.);
#4057=ADVANCED_FACE('',(#3639),#3849,.T.);
#4058=ADVANCED_FACE('',(#3640),#3850,.F.);
#4059=ADVANCED_FACE('',(#3641),#3851,.F.);
#4060=ADVANCED_FACE('',(#3642),#50,.T.);
#4061=ADVANCED_FACE('',(#3643),#51,.T.);
#4062=ADVANCED_FACE('',(#3644),#3852,.T.);
#4063=ADVANCED_FACE('',(#3645),#3853,.T.);
#4064=ADVANCED_FACE('',(#3646),#3854,.T.);
#4065=ADVANCED_FACE('',(#3647),#3855,.T.);
#4066=ADVANCED_FACE('',(#3648),#3856,.F.);
#4067=ADVANCED_FACE('',(#3649),#3857,.F.);
#4068=ADVANCED_FACE('',(#3650),#3858,.T.);
#4069=ADVANCED_FACE('',(#3651),#3859,.T.);
#4070=ADVANCED_FACE('',(#3652),#3860,.T.);
#4071=ADVANCED_FACE('',(#3653),#3861,.F.);
#4072=ADVANCED_FACE('',(#3654),#3862,.F.);
#4073=ADVANCED_FACE('',(#3655),#3863,.T.);
#4074=ADVANCED_FACE('',(#3656),#3864,.T.);
#4075=ADVANCED_FACE('',(#3657),#3865,.F.);
#4076=ADVANCED_FACE('',(#3658),#52,.T.);
#4077=ADVANCED_FACE('',(#3659),#53,.T.);
#4078=ADVANCED_FACE('',(#3660),#3866,.T.);
#4079=ADVANCED_FACE('',(#3661),#3867,.T.);
#4080=ADVANCED_FACE('',(#3662),#3868,.T.);
#4081=ADVANCED_FACE('',(#3663),#3869,.T.);
#4082=ADVANCED_FACE('',(#3664),#3870,.F.);
#4083=ADVANCED_FACE('',(#3665),#3871,.F.);
#4084=ADVANCED_FACE('',(#3666),#3872,.T.);
#4085=ADVANCED_FACE('',(#3667),#3873,.T.);
#4086=ADVANCED_FACE('',(#3668),#3874,.T.);
#4087=ADVANCED_FACE('',(#3669),#3875,.F.);
#4088=ADVANCED_FACE('',(#3670),#3876,.F.);
#4089=ADVANCED_FACE('',(#3671),#3877,.T.);
#4090=ADVANCED_FACE('',(#3672),#3878,.T.);
#4091=ADVANCED_FACE('',(#3673),#3879,.F.);
#4092=ADVANCED_FACE('',(#3674),#54,.T.);
#4093=ADVANCED_FACE('',(#3675),#55,.T.);
#4094=ADVANCED_FACE('',(#3676),#3880,.F.);
#4095=ADVANCED_FACE('',(#3677),#3881,.F.);
#4096=ADVANCED_FACE('',(#3678),#3882,.F.);
#4097=ADVANCED_FACE('',(#3679),#3883,.F.);
#4098=ADVANCED_FACE('',(#3680),#3884,.F.);
#4099=ADVANCED_FACE('',(#3681),#3885,.T.);
#4100=ADVANCED_FACE('',(#3682),#3886,.T.);
#4101=ADVANCED_FACE('',(#3683),#3887,.F.);
#4102=ADVANCED_FACE('',(#3684),#3888,.F.);
#4103=ADVANCED_FACE('',(#3685),#3889,.T.);
#4104=ADVANCED_FACE('',(#3686),#3890,.F.);
#4105=ADVANCED_FACE('',(#3687),#3891,.T.);
#4106=ADVANCED_FACE('',(#3688),#3892,.F.);
#4107=ADVANCED_FACE('',(#3689),#3893,.F.);
#4108=ADVANCED_FACE('',(#3690),#56,.T.);
#4109=ADVANCED_FACE('',(#3691),#57,.T.);
#4110=ADVANCED_FACE('',(#3692),#3894,.F.);
#4111=ADVANCED_FACE('',(#3693),#3895,.F.);
#4112=ADVANCED_FACE('',(#3694),#3896,.T.);
#4113=ADVANCED_FACE('',(#3695),#3897,.F.);
#4114=ADVANCED_FACE('',(#3696),#3898,.T.);
#4115=ADVANCED_FACE('',(#3697),#3899,.F.);
#4116=ADVANCED_FACE('',(#3698),#3900,.T.);
#4117=ADVANCED_FACE('',(#3699),#3901,.T.);
#4118=ADVANCED_FACE('',(#3700),#3902,.T.);
#4119=ADVANCED_FACE('',(#3701),#3903,.F.);
#4120=ADVANCED_FACE('',(#3702),#3904,.T.);
#4121=ADVANCED_FACE('',(#3703),#3905,.T.);
#4122=ADVANCED_FACE('',(#3704),#3906,.F.);
#4123=ADVANCED_FACE('',(#3705),#3907,.F.);
#4124=ADVANCED_FACE('',(#3706),#3908,.T.);
#4125=ADVANCED_FACE('',(#3707),#3909,.T.);
#4126=ADVANCED_FACE('',(#3708),#3910,.T.);
#4127=ADVANCED_FACE('',(#3709),#3911,.T.);
#4128=ADVANCED_FACE('',(#3710),#3912,.F.);
#4129=ADVANCED_FACE('',(#3711),#3913,.F.);
#4130=ADVANCED_FACE('',(#3712),#3914,.T.);
#4131=ADVANCED_FACE('',(#3713),#3915,.T.);
#4132=ADVANCED_FACE('',(#3714),#3916,.T.);
#4133=ADVANCED_FACE('',(#3715),#3917,.F.);
#4134=ADVANCED_FACE('',(#3716),#3918,.F.);
#4135=ADVANCED_FACE('',(#3717),#3919,.T.);
#4136=ADVANCED_FACE('',(#3718),#3920,.T.);
#4137=ADVANCED_FACE('',(#3719),#3921,.F.);
#4138=ADVANCED_FACE('',(#3720),#58,.T.);
#4139=ADVANCED_FACE('',(#3721),#59,.T.);
#4140=ADVANCED_FACE('',(#3722),#3922,.F.);
#4141=ADVANCED_FACE('',(#3723),#3923,.F.);
#4142=ADVANCED_FACE('',(#3724),#3924,.F.);
#4143=ADVANCED_FACE('',(#3725),#3925,.F.);
#4144=ADVANCED_FACE('',(#3726),#3926,.F.);
#4145=ADVANCED_FACE('',(#3727),#3927,.T.);
#4146=ADVANCED_FACE('',(#3728),#3928,.T.);
#4147=ADVANCED_FACE('',(#3729),#3929,.F.);
#4148=ADVANCED_FACE('',(#3730),#3930,.F.);
#4149=ADVANCED_FACE('',(#3731),#3931,.T.);
#4150=ADVANCED_FACE('',(#3732),#3932,.F.);
#4151=ADVANCED_FACE('',(#3733),#3933,.T.);
#4152=ADVANCED_FACE('',(#3734),#3934,.F.);
#4153=ADVANCED_FACE('',(#3735),#3935,.F.);
#4154=ADVANCED_FACE('',(#3736),#60,.T.);
#4155=ADVANCED_FACE('',(#3737),#61,.T.);
#4156=ADVANCED_FACE('',(#3738),#3936,.F.);
#4157=ADVANCED_FACE('',(#3739),#3937,.F.);
#4158=ADVANCED_FACE('',(#3740),#3938,.T.);
#4159=ADVANCED_FACE('',(#3741),#3939,.F.);
#4160=ADVANCED_FACE('',(#3742),#3940,.T.);
#4161=ADVANCED_FACE('',(#3743),#3941,.F.);
#4162=ADVANCED_FACE('',(#3744),#3942,.T.);
#4163=ADVANCED_FACE('',(#3745),#3943,.T.);
#4164=ADVANCED_FACE('',(#3746),#3944,.T.);
#4165=ADVANCED_FACE('',(#3747),#3945,.F.);
#4166=ADVANCED_FACE('',(#3748),#3946,.T.);
#4167=ADVANCED_FACE('',(#3749),#3947,.T.);
#4168=ADVANCED_FACE('',(#3750),#3948,.F.);
#4169=ADVANCED_FACE('',(#3751),#3949,.F.);
#4170=ADVANCED_FACE('',(#3752),#62,.T.);
#4171=ADVANCED_FACE('',(#3753),#63,.T.);
#4172=CLOSED_SHELL('',(#3950,#3951,#3952,#3953,#3954,#3955,#3956,#3957,
#3958,#3959,#3960,#3961,#3962,#3963,#3964,#3965));
#4173=CLOSED_SHELL('',(#3966,#3967,#3968,#3969,#3970,#3971,#3972,#3973,
#3974,#3975,#3976,#3977,#3978,#3979,#3980,#3981));
#4174=CLOSED_SHELL('',(#3982,#3983,#3984,#3985,#3986,#3987,#3988,#3989,
#3990,#3991,#3992,#3993,#3994,#3995,#3996,#3997));
#4175=CLOSED_SHELL('',(#3998,#3999,#4000,#4001,#4002,#4003,#4004,#4005,
#4006,#4007,#4008,#4009,#4010,#4011,#4012,#4013));
#4176=CLOSED_SHELL('',(#4014,#4015,#4016,#4017,#4018,#4019,#4020,#4021,
#4022,#4023,#4024,#4025,#4026,#4027,#4028,#4029));
#4177=CLOSED_SHELL('',(#4030,#4031,#4032,#4033,#4034,#4035,#4036,#4037,
#4038,#4039,#4040,#4041,#4042,#4043,#4044,#4045));
#4178=CLOSED_SHELL('',(#4046,#4047,#4048,#4049,#4050,#4051,#4052,#4053,
#4054,#4055,#4056,#4057,#4058,#4059,#4060,#4061));
#4179=CLOSED_SHELL('',(#4062,#4063,#4064,#4065,#4066,#4067,#4068,#4069,
#4070,#4071,#4072,#4073,#4074,#4075,#4076,#4077));
#4180=CLOSED_SHELL('',(#4078,#4079,#4080,#4081,#4082,#4083,#4084,#4085,
#4086,#4087,#4088,#4089,#4090,#4091,#4092,#4093));
#4181=CLOSED_SHELL('',(#4094,#4095,#4096,#4097,#4098,#4099,#4100,#4101,
#4102,#4103,#4104,#4105,#4106,#4107,#4108,#4109));
#4182=CLOSED_SHELL('',(#4110,#4111,#4112,#4113,#4114,#4115,#4116,#4117,
#4118,#4119,#4120,#4121,#4122,#4123));
#4183=CLOSED_SHELL('',(#4124,#4125,#4126,#4127,#4128,#4129,#4130,#4131,
#4132,#4133,#4134,#4135,#4136,#4137,#4138,#4139));
#4184=CLOSED_SHELL('',(#4140,#4141,#4142,#4143,#4144,#4145,#4146,#4147,
#4148,#4149,#4150,#4151,#4152,#4153,#4154,#4155));
#4185=CLOSED_SHELL('',(#4156,#4157,#4158,#4159,#4160,#4161,#4162,#4163,
#4164,#4165,#4166,#4167,#4168,#4169,#4170,#4171));
#4186=STYLED_ITEM('',(#4200),#4289);
#4187=STYLED_ITEM('',(#4201),#4290);
#4188=STYLED_ITEM('',(#4202),#4291);
#4189=STYLED_ITEM('',(#4203),#4292);
#4190=STYLED_ITEM('',(#4204),#4293);
#4191=STYLED_ITEM('',(#4205),#4294);
#4192=STYLED_ITEM('',(#4206),#4295);
#4193=STYLED_ITEM('',(#4207),#4296);
#4194=STYLED_ITEM('',(#4208),#4297);
#4195=STYLED_ITEM('',(#4209),#4298);
#4196=STYLED_ITEM('',(#4210),#4299);
#4197=STYLED_ITEM('',(#4211),#4300);
#4198=STYLED_ITEM('',(#4212),#4301);
#4199=STYLED_ITEM('',(#4213),#4302);
#4200=PRESENTATION_STYLE_ASSIGNMENT((#4214));
#4201=PRESENTATION_STYLE_ASSIGNMENT((#4215));
#4202=PRESENTATION_STYLE_ASSIGNMENT((#4216));
#4203=PRESENTATION_STYLE_ASSIGNMENT((#4217));
#4204=PRESENTATION_STYLE_ASSIGNMENT((#4218));
#4205=PRESENTATION_STYLE_ASSIGNMENT((#4219));
#4206=PRESENTATION_STYLE_ASSIGNMENT((#4220));
#4207=PRESENTATION_STYLE_ASSIGNMENT((#4221));
#4208=PRESENTATION_STYLE_ASSIGNMENT((#4222));
#4209=PRESENTATION_STYLE_ASSIGNMENT((#4223));
#4210=PRESENTATION_STYLE_ASSIGNMENT((#4224));
#4211=PRESENTATION_STYLE_ASSIGNMENT((#4225));
#4212=PRESENTATION_STYLE_ASSIGNMENT((#4226));
#4213=PRESENTATION_STYLE_ASSIGNMENT((#4227));
#4214=SURFACE_STYLE_USAGE(.BOTH.,#4228);
#4215=SURFACE_STYLE_USAGE(.BOTH.,#4229);
#4216=SURFACE_STYLE_USAGE(.BOTH.,#4230);
#4217=SURFACE_STYLE_USAGE(.BOTH.,#4231);
#4218=SURFACE_STYLE_USAGE(.BOTH.,#4232);
#4219=SURFACE_STYLE_USAGE(.BOTH.,#4233);
#4220=SURFACE_STYLE_USAGE(.BOTH.,#4234);
#4221=SURFACE_STYLE_USAGE(.BOTH.,#4235);
#4222=SURFACE_STYLE_USAGE(.BOTH.,#4236);
#4223=SURFACE_STYLE_USAGE(.BOTH.,#4237);
#4224=SURFACE_STYLE_USAGE(.BOTH.,#4238);
#4225=SURFACE_STYLE_USAGE(.BOTH.,#4239);
#4226=SURFACE_STYLE_USAGE(.BOTH.,#4240);
#4227=SURFACE_STYLE_USAGE(.BOTH.,#4241);
#4228=SURFACE_SIDE_STYLE('',(#4242));
#4229=SURFACE_SIDE_STYLE('',(#4243));
#4230=SURFACE_SIDE_STYLE('',(#4244));
#4231=SURFACE_SIDE_STYLE('',(#4245));
#4232=SURFACE_SIDE_STYLE('',(#4246));
#4233=SURFACE_SIDE_STYLE('',(#4247));
#4234=SURFACE_SIDE_STYLE('',(#4248));
#4235=SURFACE_SIDE_STYLE('',(#4249));
#4236=SURFACE_SIDE_STYLE('',(#4250));
#4237=SURFACE_SIDE_STYLE('',(#4251));
#4238=SURFACE_SIDE_STYLE('',(#4252));
#4239=SURFACE_SIDE_STYLE('',(#4253));
#4240=SURFACE_SIDE_STYLE('',(#4254));
#4241=SURFACE_SIDE_STYLE('',(#4255));
#4242=SURFACE_STYLE_FILL_AREA(#4256);
#4243=SURFACE_STYLE_FILL_AREA(#4257);
#4244=SURFACE_STYLE_FILL_AREA(#4258);
#4245=SURFACE_STYLE_FILL_AREA(#4259);
#4246=SURFACE_STYLE_FILL_AREA(#4260);
#4247=SURFACE_STYLE_FILL_AREA(#4261);
#4248=SURFACE_STYLE_FILL_AREA(#4262);
#4249=SURFACE_STYLE_FILL_AREA(#4263);
#4250=SURFACE_STYLE_FILL_AREA(#4264);
#4251=SURFACE_STYLE_FILL_AREA(#4265);
#4252=SURFACE_STYLE_FILL_AREA(#4266);
#4253=SURFACE_STYLE_FILL_AREA(#4267);
#4254=SURFACE_STYLE_FILL_AREA(#4268);
#4255=SURFACE_STYLE_FILL_AREA(#4269);
#4256=FILL_AREA_STYLE('',(#4270));
#4257=FILL_AREA_STYLE('',(#4271));
#4258=FILL_AREA_STYLE('',(#4272));
#4259=FILL_AREA_STYLE('',(#4273));
#4260=FILL_AREA_STYLE('',(#4274));
#4261=FILL_AREA_STYLE('',(#4275));
#4262=FILL_AREA_STYLE('',(#4276));
#4263=FILL_AREA_STYLE('',(#4277));
#4264=FILL_AREA_STYLE('',(#4278));
#4265=FILL_AREA_STYLE('',(#4279));
#4266=FILL_AREA_STYLE('',(#4280));
#4267=FILL_AREA_STYLE('',(#4281));
#4268=FILL_AREA_STYLE('',(#4282));
#4269=FILL_AREA_STYLE('',(#4283));
#4270=FILL_AREA_STYLE_COLOUR('',#4284);
#4271=FILL_AREA_STYLE_COLOUR('',#4285);
#4272=FILL_AREA_STYLE_COLOUR('',#4286);
#4273=FILL_AREA_STYLE_COLOUR('',#4284);
#4274=FILL_AREA_STYLE_COLOUR('',#4286);
#4275=FILL_AREA_STYLE_COLOUR('',#4286);
#4276=FILL_AREA_STYLE_COLOUR('',#4287);
#4277=FILL_AREA_STYLE_COLOUR('',#4288);
#4278=FILL_AREA_STYLE_COLOUR('',#4288);
#4279=FILL_AREA_STYLE_COLOUR('',#4287);
#4280=FILL_AREA_STYLE_COLOUR('',#4285);
#4281=FILL_AREA_STYLE_COLOUR('',#4288);
#4282=FILL_AREA_STYLE_COLOUR('',#4287);
#4283=FILL_AREA_STYLE_COLOUR('',#4285);
#4284=COLOUR_RGB('',0.47843137254902,0.180392156862745,0.0901960784313725);
#4285=COLOUR_RGB('',0.325490196078431,0.529411764705882,0.752941176470588);
#4286=COLOUR_RGB('',0.105882352941176,0.333333333333334,0.);
#4287=COLOUR_RGB('',0.768627450980392,0.886274509803922,0.952941176470588);
#4288=COLOUR_RGB('',0.0862745098039216,0.32156862745098,0.580392156862745);
#4289=MANIFOLD_SOLID_BREP('Part 2',#4172);
#4290=MANIFOLD_SOLID_BREP('Part 9',#4173);
#4291=MANIFOLD_SOLID_BREP('Part 7',#4174);
#4292=MANIFOLD_SOLID_BREP('Part 1',#4175);
#4293=MANIFOLD_SOLID_BREP('Part 8',#4176);
#4294=MANIFOLD_SOLID_BREP('Part 6',#4177);
#4295=MANIFOLD_SOLID_BREP('Part 12',#4178);
#4296=MANIFOLD_SOLID_BREP('Part 5',#4179);
#4297=MANIFOLD_SOLID_BREP('Part 4',#4180);
#4298=MANIFOLD_SOLID_BREP('Part 14',#4181);
#4299=MANIFOLD_SOLID_BREP('Part 11',#4182);
#4300=MANIFOLD_SOLID_BREP('Part 3',#4183);
#4301=MANIFOLD_SOLID_BREP('Part 13',#4184);
#4302=MANIFOLD_SOLID_BREP('Part 10',#4185);
#4303=SHAPE_DEFINITION_REPRESENTATION(#7015,#4317);
#4304=SHAPE_DEFINITION_REPRESENTATION(#7016,#4318);
#4305=SHAPE_DEFINITION_REPRESENTATION(#7017,#4319);
#4306=SHAPE_DEFINITION_REPRESENTATION(#7018,#4320);
#4307=SHAPE_DEFINITION_REPRESENTATION(#7019,#4321);
#4308=SHAPE_DEFINITION_REPRESENTATION(#7020,#4322);
#4309=SHAPE_DEFINITION_REPRESENTATION(#7021,#4323);
#4310=SHAPE_DEFINITION_REPRESENTATION(#7022,#4324);
#4311=SHAPE_DEFINITION_REPRESENTATION(#7023,#4325);
#4312=SHAPE_DEFINITION_REPRESENTATION(#7024,#4326);
#4313=SHAPE_DEFINITION_REPRESENTATION(#7025,#4327);
#4314=SHAPE_DEFINITION_REPRESENTATION(#7026,#4328);
#4315=SHAPE_DEFINITION_REPRESENTATION(#7027,#4329);
#4316=SHAPE_DEFINITION_REPRESENTATION(#7028,#4330);
#4317=SHAPE_REPRESENTATION('Part 2',(#4331),#6945);
#4318=SHAPE_REPRESENTATION('Part 9',(#4352),#6946);
#4319=SHAPE_REPRESENTATION('Part 7',(#4373),#6947);
#4320=SHAPE_REPRESENTATION('Part 1',(#4394),#6948);
#4321=SHAPE_REPRESENTATION('Part 8',(#4415),#6949);
#4322=SHAPE_REPRESENTATION('Part 6',(#4436),#6950);
#4323=SHAPE_REPRESENTATION('Part 12',(#4457),#6951);
#4324=SHAPE_REPRESENTATION('Part 5',(#4478),#6952);
#4325=SHAPE_REPRESENTATION('Part 4',(#4499),#6953);
#4326=SHAPE_REPRESENTATION('Part 14',(#4520),#6954);
#4327=SHAPE_REPRESENTATION('Part 11',(#4541),#6955);
#4328=SHAPE_REPRESENTATION('Part 3',(#4556),#6956);
#4329=SHAPE_REPRESENTATION('Part 13',(#4577),#6957);
#4330=SHAPE_REPRESENTATION('Part 10',(#4598),#6958);
#4331=AXIS2_PLACEMENT_3D('',#5725,#4619,#4620);
#4332=AXIS2_PLACEMENT_3D('',#5726,#4621,#4622);
#4333=AXIS2_PLACEMENT_3D('',#5730,#4624,#4625);
#4334=AXIS2_PLACEMENT_3D('',#5734,#4627,#4628);
#4335=AXIS2_PLACEMENT_3D('',#5747,#4635,#4636);
#4336=AXIS2_PLACEMENT_3D('',#5761,#4644,#4645);
#4337=AXIS2_PLACEMENT_3D('',#5767,#4649,#4650);
#4338=AXIS2_PLACEMENT_3D('',#5778,#4657,#4658);
#4339=AXIS2_PLACEMENT_3D('',#5782,#4661,#4662);
#4340=AXIS2_PLACEMENT_3D('',#5786,#4665,#4666);
#4341=AXIS2_PLACEMENT_3D('',#5792,#4670,#4671);
#4342=AXIS2_PLACEMENT_3D('',#5798,#4675,#4676);
#4343=AXIS2_PLACEMENT_3D('',#5800,#4678,#4679);
#4344=AXIS2_PLACEMENT_3D('',#5801,#4680,#4681);
#4345=AXIS2_PLACEMENT_3D('',#5802,#4682,#4683);
#4346=AXIS2_PLACEMENT_3D('',#5803,#4684,#4685);
#4347=AXIS2_PLACEMENT_3D('',#5806,#4688,#4689);
#4348=AXIS2_PLACEMENT_3D('',#5807,#4690,#4691);
#4349=AXIS2_PLACEMENT_3D('',#5809,#4693,#4694);
#4350=AXIS2_PLACEMENT_3D('',#5810,#4695,#4696);
#4351=AXIS2_PLACEMENT_3D('',#5811,#4697,#4698);
#4352=AXIS2_PLACEMENT_3D('',#5812,#4699,#4700);
#4353=AXIS2_PLACEMENT_3D('',#5813,#4701,#4702);
#4354=AXIS2_PLACEMENT_3D('',#5822,#4707,#4708);
#4355=AXIS2_PLACEMENT_3D('',#5828,#4712,#4713);
#4356=AXIS2_PLACEMENT_3D('',#5842,#4721,#4722);
#4357=AXIS2_PLACEMENT_3D('',#5848,#4726,#4727);
#4358=AXIS2_PLACEMENT_3D('',#5862,#4735,#4736);
#4359=AXIS2_PLACEMENT_3D('',#5868,#4740,#4741);
#4360=AXIS2_PLACEMENT_3D('',#5874,#4745,#4746);
#4361=AXIS2_PLACEMENT_3D('',#5883,#4751,#4752);
#4362=AXIS2_PLACEMENT_3D('',#5884,#4753,#4754);
#4363=AXIS2_PLACEMENT_3D('',#5885,#4755,#4756);
#4364=AXIS2_PLACEMENT_3D('',#5886,#4757,#4758);
#4365=AXIS2_PLACEMENT_3D('',#5887,#4759,#4760);
#4366=AXIS2_PLACEMENT_3D('',#5889,#4762,#4763);
#4367=AXIS2_PLACEMENT_3D('',#5890,#4764,#4765);
#4368=AXIS2_PLACEMENT_3D('',#5893,#4768,#4769);
#4369=AXIS2_PLACEMENT_3D('',#5894,#4770,#4771);
#4370=AXIS2_PLACEMENT_3D('',#5896,#4773,#4774);
#4371=AXIS2_PLACEMENT_3D('',#5897,#4775,#4776);
#4372=AXIS2_PLACEMENT_3D('',#5898,#4777,#4778);
#4373=AXIS2_PLACEMENT_3D('',#5899,#4779,#4780);
#4374=AXIS2_PLACEMENT_3D('',#5900,#4781,#4782);
#4375=AXIS2_PLACEMENT_3D('',#5904,#4784,#4785);
#4376=AXIS2_PLACEMENT_3D('',#5908,#4787,#4788);
#4377=AXIS2_PLACEMENT_3D('',#5921,#4795,#4796);
#4378=AXIS2_PLACEMENT_3D('',#5935,#4804,#4805);
#4379=AXIS2_PLACEMENT_3D('',#5941,#4809,#4810);
#4380=AXIS2_PLACEMENT_3D('',#5952,#4817,#4818);
#4381=AXIS2_PLACEMENT_3D('',#5956,#4821,#4822);
#4382=AXIS2_PLACEMENT_3D('',#5960,#4825,#4826);
#4383=AXIS2_PLACEMENT_3D('',#5966,#4830,#4831);
#4384=AXIS2_PLACEMENT_3D('',#5972,#4835,#4836);
#4385=AXIS2_PLACEMENT_3D('',#5974,#4838,#4839);
#4386=AXIS2_PLACEMENT_3D('',#5975,#4840,#4841);
#4387=AXIS2_PLACEMENT_3D('',#5976,#4842,#4843);
#4388=AXIS2_PLACEMENT_3D('',#5977,#4844,#4845);
#4389=AXIS2_PLACEMENT_3D('',#5980,#4848,#4849);
#4390=AXIS2_PLACEMENT_3D('',#5981,#4850,#4851);
#4391=AXIS2_PLACEMENT_3D('',#5983,#4853,#4854);
#4392=AXIS2_PLACEMENT_3D('',#5984,#4855,#4856);
#4393=AXIS2_PLACEMENT_3D('',#5985,#4857,#4858);
#4394=AXIS2_PLACEMENT_3D('',#5986,#4859,#4860);
#4395=AXIS2_PLACEMENT_3D('',#5987,#4861,#4862);
#4396=AXIS2_PLACEMENT_3D('',#5991,#4864,#4865);
#4397=AXIS2_PLACEMENT_3D('',#5995,#4867,#4868);
#4398=AXIS2_PLACEMENT_3D('',#6008,#4875,#4876);
#4399=AXIS2_PLACEMENT_3D('',#6022,#4884,#4885);
#4400=AXIS2_PLACEMENT_3D('',#6028,#4889,#4890);
#4401=AXIS2_PLACEMENT_3D('',#6039,#4897,#4898);
#4402=AXIS2_PLACEMENT_3D('',#6043,#4901,#4902);
#4403=AXIS2_PLACEMENT_3D('',#6047,#4905,#4906);
#4404=AXIS2_PLACEMENT_3D('',#6053,#4910,#4911);
#4405=AXIS2_PLACEMENT_3D('',#6059,#4915,#4916);
#4406=AXIS2_PLACEMENT_3D('',#6061,#4918,#4919);
#4407=AXIS2_PLACEMENT_3D('',#6062,#4920,#4921);
#4408=AXIS2_PLACEMENT_3D('',#6063,#4922,#4923);
#4409=AXIS2_PLACEMENT_3D('',#6064,#4924,#4925);
#4410=AXIS2_PLACEMENT_3D('',#6067,#4928,#4929);
#4411=AXIS2_PLACEMENT_3D('',#6068,#4930,#4931);
#4412=AXIS2_PLACEMENT_3D('',#6070,#4933,#4934);
#4413=AXIS2_PLACEMENT_3D('',#6071,#4935,#4936);
#4414=AXIS2_PLACEMENT_3D('',#6072,#4937,#4938);
#4415=AXIS2_PLACEMENT_3D('',#6073,#4939,#4940);
#4416=AXIS2_PLACEMENT_3D('',#6074,#4941,#4942);
#4417=AXIS2_PLACEMENT_3D('',#6078,#4944,#4945);
#4418=AXIS2_PLACEMENT_3D('',#6082,#4947,#4948);
#4419=AXIS2_PLACEMENT_3D('',#6095,#4955,#4956);
#4420=AXIS2_PLACEMENT_3D('',#6109,#4964,#4965);
#4421=AXIS2_PLACEMENT_3D('',#6115,#4969,#4970);
#4422=AXIS2_PLACEMENT_3D('',#6126,#4977,#4978);
#4423=AXIS2_PLACEMENT_3D('',#6130,#4981,#4982);
#4424=AXIS2_PLACEMENT_3D('',#6134,#4985,#4986);
#4425=AXIS2_PLACEMENT_3D('',#6140,#4990,#4991);
#4426=AXIS2_PLACEMENT_3D('',#6146,#4995,#4996);
#4427=AXIS2_PLACEMENT_3D('',#6148,#4998,#4999);
#4428=AXIS2_PLACEMENT_3D('',#6149,#5000,#5001);
#4429=AXIS2_PLACEMENT_3D('',#6150,#5002,#5003);
#4430=AXIS2_PLACEMENT_3D('',#6151,#5004,#5005);
#4431=AXIS2_PLACEMENT_3D('',#6154,#5008,#5009);
#4432=AXIS2_PLACEMENT_3D('',#6155,#5010,#5011);
#4433=AXIS2_PLACEMENT_3D('',#6157,#5013,#5014);
#4434=AXIS2_PLACEMENT_3D('',#6158,#5015,#5016);
#4435=AXIS2_PLACEMENT_3D('',#6159,#5017,#5018);
#4436=AXIS2_PLACEMENT_3D('',#6160,#5019,#5020);
#4437=AXIS2_PLACEMENT_3D('',#6161,#5021,#5022);
#4438=AXIS2_PLACEMENT_3D('',#6165,#5024,#5025);
#4439=AXIS2_PLACEMENT_3D('',#6181,#5033,#5034);
#4440=AXIS2_PLACEMENT_3D('',#6182,#5035,#5036);
#4441=AXIS2_PLACEMENT_3D('',#6196,#5044,#5045);
#4442=AXIS2_PLACEMENT_3D('',#6202,#5049,#5050);
#4443=AXIS2_PLACEMENT_3D('',#6213,#5057,#5058);
#4444=AXIS2_PLACEMENT_3D('',#6217,#5061,#5062);
#4445=AXIS2_PLACEMENT_3D('',#6221,#5065,#5066);
#4446=AXIS2_PLACEMENT_3D('',#6227,#5070,#5071);
#4447=AXIS2_PLACEMENT_3D('',#6233,#5075,#5076);
#4448=AXIS2_PLACEMENT_3D('',#6235,#5078,#5079);
#4449=AXIS2_PLACEMENT_3D('',#6236,#5080,#5081);
#4450=AXIS2_PLACEMENT_3D('',#6237,#5082,#5083);
#4451=AXIS2_PLACEMENT_3D('',#6238,#5084,#5085);
#4452=AXIS2_PLACEMENT_3D('',#6241,#5088,#5089);
#4453=AXIS2_PLACEMENT_3D('',#6242,#5090,#5091);
#4454=AXIS2_PLACEMENT_3D('',#6244,#5093,#5094);
#4455=AXIS2_PLACEMENT_3D('',#6245,#5095,#5096);
#4456=AXIS2_PLACEMENT_3D('',#6246,#5097,#5098);
#4457=AXIS2_PLACEMENT_3D('',#6247,#5099,#5100);
#4458=AXIS2_PLACEMENT_3D('',#6248,#5101,#5102);
#4459=AXIS2_PLACEMENT_3D('',#6252,#5104,#5105);
#4460=AXIS2_PLACEMENT_3D('',#6268,#5113,#5114);
#4461=AXIS2_PLACEMENT_3D('',#6269,#5115,#5116);
#4462=AXIS2_PLACEMENT_3D('',#6283,#5124,#5125);
#4463=AXIS2_PLACEMENT_3D('',#6289,#5129,#5130);
#4464=AXIS2_PLACEMENT_3D('',#6300,#5137,#5138);
#4465=AXIS2_PLACEMENT_3D('',#6304,#5141,#5142);
#4466=AXIS2_PLACEMENT_3D('',#6308,#5145,#5146);
#4467=AXIS2_PLACEMENT_3D('',#6314,#5150,#5151);
#4468=AXIS2_PLACEMENT_3D('',#6320,#5155,#5156);
#4469=AXIS2_PLACEMENT_3D('',#6322,#5158,#5159);
#4470=AXIS2_PLACEMENT_3D('',#6323,#5160,#5161);
#4471=AXIS2_PLACEMENT_3D('',#6324,#5162,#5163);
#4472=AXIS2_PLACEMENT_3D('',#6325,#5164,#5165);
#4473=AXIS2_PLACEMENT_3D('',#6328,#5168,#5169);
#4474=AXIS2_PLACEMENT_3D('',#6329,#5170,#5171);
#4475=AXIS2_PLACEMENT_3D('',#6331,#5173,#5174);
#4476=AXIS2_PLACEMENT_3D('',#6332,#5175,#5176);
#4477=AXIS2_PLACEMENT_3D('',#6333,#5177,#5178);
#4478=AXIS2_PLACEMENT_3D('',#6334,#5179,#5180);
#4479=AXIS2_PLACEMENT_3D('',#6335,#5181,#5182);
#4480=AXIS2_PLACEMENT_3D('',#6352,#5191,#5192);
#4481=AXIS2_PLACEMENT_3D('',#6358,#5196,#5197);
#4482=AXIS2_PLACEMENT_3D('',#6372,#5205,#5206);
#4483=AXIS2_PLACEMENT_3D('',#6378,#5210,#5211);
#4484=AXIS2_PLACEMENT_3D('',#6384,#5215,#5216);
#4485=AXIS2_PLACEMENT_3D('',#6393,#5221,#5222);
#4486=AXIS2_PLACEMENT_3D('',#6402,#5227,#5228);
#4487=AXIS2_PLACEMENT_3D('',#6405,#5231,#5232);
#4488=AXIS2_PLACEMENT_3D('',#6406,#5233,#5234);
#4489=AXIS2_PLACEMENT_3D('',#6407,#5235,#5236);
#4490=AXIS2_PLACEMENT_3D('',#6408,#5237,#5238);
#4491=AXIS2_PLACEMENT_3D('',#6409,#5239,#5240);
#4492=AXIS2_PLACEMENT_3D('',#6410,#5241,#5242);
#4493=AXIS2_PLACEMENT_3D('',#6412,#5244,#5245);
#4494=AXIS2_PLACEMENT_3D('',#6415,#5248,#5249);
#4495=AXIS2_PLACEMENT_3D('',#6416,#5250,#5251);
#4496=AXIS2_PLACEMENT_3D('',#6418,#5253,#5254);
#4497=AXIS2_PLACEMENT_3D('',#6419,#5255,#5256);
#4498=AXIS2_PLACEMENT_3D('',#6420,#5257,#5258);
#4499=AXIS2_PLACEMENT_3D('',#6421,#5259,#5260);
#4500=AXIS2_PLACEMENT_3D('',#6422,#5261,#5262);
#4501=AXIS2_PLACEMENT_3D('',#6439,#5271,#5272);
#4502=AXIS2_PLACEMENT_3D('',#6445,#5276,#5277);
#4503=AXIS2_PLACEMENT_3D('',#6459,#5285,#5286);
#4504=AXIS2_PLACEMENT_3D('',#6465,#5290,#5291);
#4505=AXIS2_PLACEMENT_3D('',#6471,#5295,#5296);
#4506=AXIS2_PLACEMENT_3D('',#6480,#5301,#5302);
#4507=AXIS2_PLACEMENT_3D('',#6489,#5307,#5308);
#4508=AXIS2_PLACEMENT_3D('',#6492,#5311,#5312);
#4509=AXIS2_PLACEMENT_3D('',#6493,#5313,#5314);
#4510=AXIS2_PLACEMENT_3D('',#6494,#5315,#5316);
#4511=AXIS2_PLACEMENT_3D('',#6495,#5317,#5318);
#4512=AXIS2_PLACEMENT_3D('',#6496,#5319,#5320);
#4513=AXIS2_PLACEMENT_3D('',#6497,#5321,#5322);
#4514=AXIS2_PLACEMENT_3D('',#6499,#5324,#5325);
#4515=AXIS2_PLACEMENT_3D('',#6502,#5328,#5329);
#4516=AXIS2_PLACEMENT_3D('',#6503,#5330,#5331);
#4517=AXIS2_PLACEMENT_3D('',#6505,#5333,#5334);
#4518=AXIS2_PLACEMENT_3D('',#6506,#5335,#5336);
#4519=AXIS2_PLACEMENT_3D('',#6507,#5337,#5338);
#4520=AXIS2_PLACEMENT_3D('',#6508,#5339,#5340);
#4521=AXIS2_PLACEMENT_3D('',#6509,#5341,#5342);
#4522=AXIS2_PLACEMENT_3D('',#6513,#5344,#5345);
#4523=AXIS2_PLACEMENT_3D('',#6517,#5347,#5348);
#4524=AXIS2_PLACEMENT_3D('',#6530,#5355,#5356);
#4525=AXIS2_PLACEMENT_3D('',#6544,#5364,#5365);
#4526=AXIS2_PLACEMENT_3D('',#6550,#5369,#5370);
#4527=AXIS2_PLACEMENT_3D('',#6561,#5377,#5378);
#4528=AXIS2_PLACEMENT_3D('',#6565,#5381,#5382);
#4529=AXIS2_PLACEMENT_3D('',#6569,#5385,#5386);
#4530=AXIS2_PLACEMENT_3D('',#6575,#5390,#5391);
#4531=AXIS2_PLACEMENT_3D('',#6581,#5395,#5396);
#4532=AXIS2_PLACEMENT_3D('',#6583,#5398,#5399);
#4533=AXIS2_PLACEMENT_3D('',#6584,#5400,#5401);
#4534=AXIS2_PLACEMENT_3D('',#6585,#5402,#5403);
#4535=AXIS2_PLACEMENT_3D('',#6586,#5404,#5405);
#4536=AXIS2_PLACEMENT_3D('',#6589,#5408,#5409);
#4537=AXIS2_PLACEMENT_3D('',#6590,#5410,#5411);
#4538=AXIS2_PLACEMENT_3D('',#6592,#5413,#5414);
#4539=AXIS2_PLACEMENT_3D('',#6593,#5415,#5416);
#4540=AXIS2_PLACEMENT_3D('',#6594,#5417,#5418);
#4541=AXIS2_PLACEMENT_3D('',#6595,#5419,#5420);
#4542=AXIS2_PLACEMENT_3D('',#6596,#5421,#5422);
#4543=AXIS2_PLACEMENT_3D('',#6605,#5427,#5428);
#4544=AXIS2_PLACEMENT_3D('',#6611,#5432,#5433);
#4545=AXIS2_PLACEMENT_3D('',#6625,#5441,#5442);
#4546=AXIS2_PLACEMENT_3D('',#6631,#5446,#5447);
#4547=AXIS2_PLACEMENT_3D('',#6645,#5455,#5456);
#4548=AXIS2_PLACEMENT_3D('',#6651,#5460,#5461);
#4549=AXIS2_PLACEMENT_3D('',#6657,#5465,#5466);
#4550=AXIS2_PLACEMENT_3D('',#6660,#5469,#5470);
#4551=AXIS2_PLACEMENT_3D('',#6661,#5471,#5472);
#4552=AXIS2_PLACEMENT_3D('',#6663,#5474,#5475);
#4553=AXIS2_PLACEMENT_3D('',#6666,#5478,#5479);
#4554=AXIS2_PLACEMENT_3D('',#6667,#5480,#5481);
#4555=AXIS2_PLACEMENT_3D('',#6669,#5483,#5484);
#4556=AXIS2_PLACEMENT_3D('',#6670,#5485,#5486);
#4557=AXIS2_PLACEMENT_3D('',#6671,#5487,#5488);
#4558=AXIS2_PLACEMENT_3D('',#6688,#5497,#5498);
#4559=AXIS2_PLACEMENT_3D('',#6694,#5502,#5503);
#4560=AXIS2_PLACEMENT_3D('',#6708,#5511,#5512);
#4561=AXIS2_PLACEMENT_3D('',#6714,#5516,#5517);
#4562=AXIS2_PLACEMENT_3D('',#6720,#5521,#5522);
#4563=AXIS2_PLACEMENT_3D('',#6729,#5527,#5528);
#4564=AXIS2_PLACEMENT_3D('',#6738,#5533,#5534);
#4565=AXIS2_PLACEMENT_3D('',#6741,#5537,#5538);
#4566=AXIS2_PLACEMENT_3D('',#6742,#5539,#5540);
#4567=AXIS2_PLACEMENT_3D('',#6743,#5541,#5542);
#4568=AXIS2_PLACEMENT_3D('',#6744,#5543,#5544);
#4569=AXIS2_PLACEMENT_3D('',#6745,#5545,#5546);
#4570=AXIS2_PLACEMENT_3D('',#6746,#5547,#5548);
#4571=AXIS2_PLACEMENT_3D('',#6748,#5550,#5551);
#4572=AXIS2_PLACEMENT_3D('',#6751,#5554,#5555);
#4573=AXIS2_PLACEMENT_3D('',#6752,#5556,#5557);
#4574=AXIS2_PLACEMENT_3D('',#6754,#5559,#5560);
#4575=AXIS2_PLACEMENT_3D('',#6755,#5561,#5562);
#4576=AXIS2_PLACEMENT_3D('',#6756,#5563,#5564);
#4577=AXIS2_PLACEMENT_3D('',#6757,#5565,#5566);
#4578=AXIS2_PLACEMENT_3D('',#6758,#5567,#5568);
#4579=AXIS2_PLACEMENT_3D('',#6762,#5570,#5571);
#4580=AXIS2_PLACEMENT_3D('',#6766,#5573,#5574);
#4581=AXIS2_PLACEMENT_3D('',#6779,#5581,#5582);
#4582=AXIS2_PLACEMENT_3D('',#6793,#5590,#5591);
#4583=AXIS2_PLACEMENT_3D('',#6799,#5595,#5596);
#4584=AXIS2_PLACEMENT_3D('',#6810,#5603,#5604);
#4585=AXIS2_PLACEMENT_3D('',#6814,#5607,#5608);
#4586=AXIS2_PLACEMENT_3D('',#6818,#5611,#5612);
#4587=AXIS2_PLACEMENT_3D('',#6824,#5616,#5617);
#4588=AXIS2_PLACEMENT_3D('',#6830,#5621,#5622);
#4589=AXIS2_PLACEMENT_3D('',#6832,#5624,#5625);
#4590=AXIS2_PLACEMENT_3D('',#6833,#5626,#5627);
#4591=AXIS2_PLACEMENT_3D('',#6834,#5628,#5629);
#4592=AXIS2_PLACEMENT_3D('',#6835,#5630,#5631);
#4593=AXIS2_PLACEMENT_3D('',#6838,#5634,#5635);
#4594=AXIS2_PLACEMENT_3D('',#6839,#5636,#5637);
#4595=AXIS2_PLACEMENT_3D('',#6841,#5639,#5640);
#4596=AXIS2_PLACEMENT_3D('',#6842,#5641,#5642);
#4597=AXIS2_PLACEMENT_3D('',#6843,#5643,#5644);
#4598=AXIS2_PLACEMENT_3D('',#6844,#5645,#5646);
#4599=AXIS2_PLACEMENT_3D('',#6845,#5647,#5648);
#4600=AXIS2_PLACEMENT_3D('',#6854,#5653,#5654);
#4601=AXIS2_PLACEMENT_3D('',#6860,#5658,#5659);
#4602=AXIS2_PLACEMENT_3D('',#6874,#5667,#5668);
#4603=AXIS2_PLACEMENT_3D('',#6880,#5672,#5673);
#4604=AXIS2_PLACEMENT_3D('',#6894,#5681,#5682);
#4605=AXIS2_PLACEMENT_3D('',#6900,#5686,#5687);
#4606=AXIS2_PLACEMENT_3D('',#6906,#5691,#5692);
#4607=AXIS2_PLACEMENT_3D('',#6915,#5697,#5698);
#4608=AXIS2_PLACEMENT_3D('',#6916,#5699,#5700);
#4609=AXIS2_PLACEMENT_3D('',#6917,#5701,#5702);
#4610=AXIS2_PLACEMENT_3D('',#6918,#5703,#5704);
#4611=AXIS2_PLACEMENT_3D('',#6919,#5705,#5706);
#4612=AXIS2_PLACEMENT_3D('',#6921,#5708,#5709);
#4613=AXIS2_PLACEMENT_3D('',#6922,#5710,#5711);
#4614=AXIS2_PLACEMENT_3D('',#6925,#5714,#5715);
#4615=AXIS2_PLACEMENT_3D('',#6926,#5716,#5717);
#4616=AXIS2_PLACEMENT_3D('',#6928,#5719,#5720);
#4617=AXIS2_PLACEMENT_3D('',#6929,#5721,#5722);
#4618=AXIS2_PLACEMENT_3D('',#6930,#5723,#5724);
#4619=DIRECTION('',(0.,0.,1.));
#4620=DIRECTION('',(1.,0.,0.));
#4621=DIRECTION('',(0.,0.,1.));
#4622=DIRECTION('',(1.,0.,0.));
#4623=DIRECTION('',(0.,-1.,0.));
#4624=DIRECTION('',(0.,0.,1.));
#4625=DIRECTION('',(1.,0.,0.));
#4626=DIRECTION('',(1.,0.,0.));
#4627=DIRECTION('',(0.,0.,1.));
#4628=DIRECTION('',(1.,0.,0.));
#4629=DIRECTION('',(0.,-1.,0.));
#4630=DIRECTION('',(1.,0.,0.));
#4631=DIRECTION('',(0.,1.,0.));
#4632=DIRECTION('',(1.,0.,0.));
#4633=DIRECTION('',(0.,1.,0.));
#4634=DIRECTION('',(1.,0.,0.));
#4635=DIRECTION('',(-1.,0.,0.));
#4636=DIRECTION('',(0.,0.,1.));
#4637=DIRECTION('',(0.,0.,-1.));
#4638=DIRECTION('',(0.,1.,0.));
#4639=DIRECTION('',(0.,0.,-1.));
#4640=DIRECTION('',(0.,1.,0.));
#4641=DIRECTION('',(0.,0.,-1.));
#4642=DIRECTION('',(0.,0.,-1.));
#4643=DIRECTION('',(0.,1.,0.));
#4644=DIRECTION('',(0.,1.,0.));
#4645=DIRECTION('',(0.,0.,1.));
#4646=DIRECTION('',(1.,0.,0.));
#4647=DIRECTION('',(0.,0.,-1.));
#4648=DIRECTION('',(1.,0.,0.));
#4649=DIRECTION('',(-1.,0.,0.));
#4650=DIRECTION('',(0.,0.,1.));
#4651=DIRECTION('',(0.,1.,0.));
#4652=DIRECTION('',(0.,0.,-1.));
#4653=DIRECTION('',(0.,1.,0.));
#4654=DIRECTION('',(0.,0.,-1.));
#4655=DIRECTION('',(0.,0.,-1.));
#4656=DIRECTION('',(0.,1.,0.));
#4657=DIRECTION('',(0.,1.,0.));
#4658=DIRECTION('',(0.,0.,1.));
#4659=DIRECTION('',(0.,0.,-1.));
#4660=DIRECTION('',(1.,0.,0.));
#4661=DIRECTION('',(1.,0.,0.));
#4662=DIRECTION('',(0.,0.,-1.));
#4663=DIRECTION('',(0.,0.,-1.));
#4664=DIRECTION('',(0.,-1.,0.));
#4665=DIRECTION('',(0.,1.,0.));
#4666=DIRECTION('',(0.,0.,1.));
#4667=DIRECTION('',(0.,0.,-1.));
#4668=DIRECTION('',(1.,0.,0.));
#4669=DIRECTION('',(0.,0.,-1.));
#4670=DIRECTION('',(1.,0.,0.));
#4671=DIRECTION('',(0.,0.,-1.));
#4672=DIRECTION('',(0.,-1.,0.));
#4673=DIRECTION('',(0.,0.,-1.));
#4674=DIRECTION('',(0.,0.,-1.));
#4675=DIRECTION('',(0.,1.,0.));
#4676=DIRECTION('',(0.,0.,1.));
#4677=DIRECTION('',(1.,0.,0.));
#4678=DIRECTION('',(0.,0.,1.));
#4679=DIRECTION('',(1.,0.,0.));
#4680=DIRECTION('',(0.,0.,1.));
#4681=DIRECTION('',(1.,0.,0.));
#4682=DIRECTION('',(0.,0.,1.));
#4683=DIRECTION('',(1.,0.,0.));
#4684=DIRECTION('',(0.,-1.,0.));
#4685=DIRECTION('',(0.,0.,-1.));
#4686=DIRECTION('',(-1.,0.,0.));
#4687=DIRECTION('',(-1.,0.,0.));
#4688=DIRECTION('',(0.,0.,1.));
#4689=DIRECTION('',(1.,0.,0.));
#4690=DIRECTION('',(0.,1.,0.));
#4691=DIRECTION('',(0.,0.,1.));
#4692=DIRECTION('',(1.,0.,0.));
#4693=DIRECTION('',(0.,0.,1.));
#4694=DIRECTION('',(1.,0.,0.));
#4695=DIRECTION('',(0.,0.,1.));
#4696=DIRECTION('',(1.,0.,0.));
#4697=DIRECTION('',(0.,0.,-1.));
#4698=DIRECTION('',(-1.,0.,0.));
#4699=DIRECTION('',(0.,0.,1.));
#4700=DIRECTION('',(1.,0.,0.));
#4701=DIRECTION('',(1.,0.,0.));
#4702=DIRECTION('',(0.,0.,-1.));
#4703=DIRECTION('',(0.,-1.,0.));
#4704=DIRECTION('',(0.,0.,-1.));
#4705=DIRECTION('',(0.,-1.,0.));
#4706=DIRECTION('',(0.,0.,-1.));
#4707=DIRECTION('',(0.,1.,0.));
#4708=DIRECTION('',(0.,0.,1.));
#4709=DIRECTION('',(1.,0.,0.));
#4710=DIRECTION('',(0.,0.,-1.));
#4711=DIRECTION('',(1.,0.,0.));
#4712=DIRECTION('',(1.,0.,0.));
#4713=DIRECTION('',(0.,0.,-1.));
#4714=DIRECTION('',(0.,0.,-1.));
#4715=DIRECTION('',(0.,-1.,0.));
#4716=DIRECTION('',(0.,0.,-1.));
#4717=DIRECTION('',(0.,-1.,0.));
#4718=DIRECTION('',(0.,-1.,0.));
#4719=DIRECTION('',(0.,0.,-1.));
#4720=DIRECTION('',(0.,-1.,0.));
#4721=DIRECTION('',(0.,1.,0.));
#4722=DIRECTION('',(0.,0.,1.));
#4723=DIRECTION('',(1.,0.,0.));
#4724=DIRECTION('',(0.,0.,-1.));
#4725=DIRECTION('',(1.,0.,0.));
#4726=DIRECTION('',(-1.,0.,0.));
#4727=DIRECTION('',(0.,0.,1.));
#4728=DIRECTION('',(0.,1.,0.));
#4729=DIRECTION('',(0.,0.,-1.));
#4730=DIRECTION('',(0.,1.,0.));
#4731=DIRECTION('',(0.,0.,-1.));
#4732=DIRECTION('',(0.,1.,0.));
#4733=DIRECTION('',(0.,0.,-1.));
#4734=DIRECTION('',(0.,1.,0.));
#4735=DIRECTION('',(0.,1.,0.));
#4736=DIRECTION('',(0.,0.,1.));
#4737=DIRECTION('',(1.,0.,0.));
#4738=DIRECTION('',(0.,0.,-1.));
#4739=DIRECTION('',(1.,0.,0.));
#4740=DIRECTION('',(1.,0.,0.));
#4741=DIRECTION('',(0.,0.,-1.));
#4742=DIRECTION('',(0.,-1.,0.));
#4743=DIRECTION('',(0.,0.,-1.));
#4744=DIRECTION('',(0.,-1.,0.));
#4745=DIRECTION('',(0.,1.,0.));
#4746=DIRECTION('',(0.,0.,1.));
#4747=DIRECTION('',(1.,0.,0.));
#4748=DIRECTION('',(0.,0.,-1.));
#4749=DIRECTION('',(1.,0.,0.));
#4750=DIRECTION('',(0.,0.,-1.));
#4751=DIRECTION('',(0.,0.,1.));
#4752=DIRECTION('',(1.,0.,0.));
#4753=DIRECTION('',(0.,0.,1.));
#4754=DIRECTION('',(1.,0.,0.));
#4755=DIRECTION('',(0.,0.,1.));
#4756=DIRECTION('',(1.,0.,0.));
#4757=DIRECTION('',(0.,0.,1.));
#4758=DIRECTION('',(1.,0.,0.));
#4759=DIRECTION('',(0.,0.,1.));
#4760=DIRECTION('',(1.,0.,0.));
#4761=DIRECTION('',(1.,0.,0.));
#4762=DIRECTION('',(0.,0.,1.));
#4763=DIRECTION('',(1.,0.,0.));
#4764=DIRECTION('',(0.,-1.,0.));
#4765=DIRECTION('',(0.,0.,-1.));
#4766=DIRECTION('',(-1.,0.,0.));
#4767=DIRECTION('',(-1.,0.,0.));
#4768=DIRECTION('',(0.,0.,1.));
#4769=DIRECTION('',(1.,0.,0.));
#4770=DIRECTION('',(0.,1.,0.));
#4771=DIRECTION('',(0.,0.,1.));
#4772=DIRECTION('',(1.,0.,0.));
#4773=DIRECTION('',(0.,0.,1.));
#4774=DIRECTION('',(1.,0.,0.));
#4775=DIRECTION('',(0.,0.,-1.));
#4776=DIRECTION('',(-1.,0.,0.));
#4777=DIRECTION('',(0.,0.,1.));
#4778=DIRECTION('',(1.,0.,0.));
#4779=DIRECTION('',(0.,0.,1.));
#4780=DIRECTION('',(1.,0.,0.));
#4781=DIRECTION('',(0.,0.,1.));
#4782=DIRECTION('',(1.,0.,0.));
#4783=DIRECTION('',(0.,-1.,0.));
#4784=DIRECTION('',(0.,0.,1.));
#4785=DIRECTION('',(1.,0.,0.));
#4786=DIRECTION('',(1.,0.,0.));
#4787=DIRECTION('',(0.,0.,1.));
#4788=DIRECTION('',(1.,0.,0.));
#4789=DIRECTION('',(0.,-1.,0.));
#4790=DIRECTION('',(1.,0.,0.));
#4791=DIRECTION('',(0.,-1.,0.));
#4792=DIRECTION('',(1.,0.,0.));
#4793=DIRECTION('',(0.,1.,0.));
#4794=DIRECTION('',(1.,0.,0.));
#4795=DIRECTION('',(-1.,0.,0.));
#4796=DIRECTION('',(0.,0.,1.));
#4797=DIRECTION('',(0.,0.,-1.));
#4798=DIRECTION('',(0.,1.,0.));
#4799=DIRECTION('',(0.,0.,-1.));
#4800=DIRECTION('',(0.,1.,0.));
#4801=DIRECTION('',(0.,0.,-1.));
#4802=DIRECTION('',(0.,0.,-1.));
#4803=DIRECTION('',(0.,1.,0.));
#4804=DIRECTION('',(0.,1.,0.));
#4805=DIRECTION('',(0.,0.,1.));
#4806=DIRECTION('',(1.,0.,0.));
#4807=DIRECTION('',(0.,0.,-1.));
#4808=DIRECTION('',(1.,0.,0.));
#4809=DIRECTION('',(1.,0.,0.));
#4810=DIRECTION('',(0.,0.,-1.));
#4811=DIRECTION('',(0.,-1.,0.));
#4812=DIRECTION('',(0.,0.,-1.));
#4813=DIRECTION('',(0.,-1.,0.));
#4814=DIRECTION('',(0.,0.,-1.));
#4815=DIRECTION('',(0.,0.,-1.));
#4816=DIRECTION('',(0.,-1.,0.));
#4817=DIRECTION('',(0.,1.,0.));
#4818=DIRECTION('',(0.,0.,1.));
#4819=DIRECTION('',(0.,0.,-1.));
#4820=DIRECTION('',(1.,0.,0.));
#4821=DIRECTION('',(1.,0.,0.));
#4822=DIRECTION('',(0.,0.,-1.));
#4823=DIRECTION('',(0.,0.,-1.));
#4824=DIRECTION('',(0.,-1.,0.));
#4825=DIRECTION('',(0.,1.,0.));
#4826=DIRECTION('',(0.,0.,1.));
#4827=DIRECTION('',(0.,0.,-1.));
#4828=DIRECTION('',(1.,0.,0.));
#4829=DIRECTION('',(0.,0.,-1.));
#4830=DIRECTION('',(1.,0.,0.));
#4831=DIRECTION('',(0.,0.,-1.));
#4832=DIRECTION('',(0.,-1.,0.));
#4833=DIRECTION('',(0.,0.,-1.));
#4834=DIRECTION('',(0.,0.,-1.));
#4835=DIRECTION('',(0.,1.,0.));
#4836=DIRECTION('',(0.,0.,1.));
#4837=DIRECTION('',(1.,0.,0.));
#4838=DIRECTION('',(0.,0.,1.));
#4839=DIRECTION('',(1.,0.,0.));
#4840=DIRECTION('',(0.,0.,1.));
#4841=DIRECTION('',(1.,0.,0.));
#4842=DIRECTION('',(0.,0.,1.));
#4843=DIRECTION('',(1.,0.,0.));
#4844=DIRECTION('',(0.,1.,0.));
#4845=DIRECTION('',(0.,0.,1.));
#4846=DIRECTION('',(1.,0.,0.));
#4847=DIRECTION('',(1.,0.,0.));
#4848=DIRECTION('',(0.,0.,1.));
#4849=DIRECTION('',(1.,0.,0.));
#4850=DIRECTION('',(0.,1.,0.));
#4851=DIRECTION('',(0.,0.,1.));
#4852=DIRECTION('',(1.,0.,0.));
#4853=DIRECTION('',(0.,0.,1.));
#4854=DIRECTION('',(1.,0.,0.));
#4855=DIRECTION('',(0.,0.,1.));
#4856=DIRECTION('',(1.,0.,0.));
#4857=DIRECTION('',(0.,0.,-1.));
#4858=DIRECTION('',(-1.,0.,0.));
#4859=DIRECTION('',(0.,0.,1.));
#4860=DIRECTION('',(1.,0.,0.));
#4861=DIRECTION('',(0.,0.,1.));
#4862=DIRECTION('',(1.,0.,0.));
#4863=DIRECTION('',(0.,-1.,0.));
#4864=DIRECTION('',(0.,0.,1.));
#4865=DIRECTION('',(1.,0.,0.));
#4866=DIRECTION('',(1.,0.,0.));
#4867=DIRECTION('',(0.,0.,1.));
#4868=DIRECTION('',(1.,0.,0.));
#4869=DIRECTION('',(0.,-1.,0.));
#4870=DIRECTION('',(1.,0.,0.));
#4871=DIRECTION('',(0.,1.,0.));
#4872=DIRECTION('',(1.,0.,0.));
#4873=DIRECTION('',(0.,1.,0.));
#4874=DIRECTION('',(1.,0.,0.));
#4875=DIRECTION('',(-1.,0.,0.));
#4876=DIRECTION('',(0.,0.,1.));
#4877=DIRECTION('',(0.,0.,-1.));
#4878=DIRECTION('',(0.,1.,0.));
#4879=DIRECTION('',(0.,0.,-1.));
#4880=DIRECTION('',(0.,1.,0.));
#4881=DIRECTION('',(0.,0.,-1.));
#4882=DIRECTION('',(0.,0.,-1.));
#4883=DIRECTION('',(0.,1.,0.));
#4884=DIRECTION('',(0.,1.,0.));
#4885=DIRECTION('',(0.,0.,1.));
#4886=DIRECTION('',(1.,0.,0.));
#4887=DIRECTION('',(0.,0.,-1.));
#4888=DIRECTION('',(1.,0.,0.));
#4889=DIRECTION('',(-1.,0.,0.));
#4890=DIRECTION('',(0.,0.,1.));
#4891=DIRECTION('',(0.,1.,0.));
#4892=DIRECTION('',(0.,0.,-1.));
#4893=DIRECTION('',(0.,1.,0.));
#4894=DIRECTION('',(0.,0.,-1.));
#4895=DIRECTION('',(0.,0.,-1.));
#4896=DIRECTION('',(0.,1.,0.));
#4897=DIRECTION('',(0.,1.,0.));
#4898=DIRECTION('',(0.,0.,1.));
#4899=DIRECTION('',(0.,0.,-1.));
#4900=DIRECTION('',(1.,0.,0.));
#4901=DIRECTION('',(1.,0.,0.));
#4902=DIRECTION('',(0.,0.,-1.));
#4903=DIRECTION('',(0.,0.,-1.));
#4904=DIRECTION('',(0.,-1.,0.));
#4905=DIRECTION('',(0.,1.,0.));
#4906=DIRECTION('',(0.,0.,1.));
#4907=DIRECTION('',(0.,0.,-1.));
#4908=DIRECTION('',(1.,0.,0.));
#4909=DIRECTION('',(0.,0.,-1.));
#4910=DIRECTION('',(1.,0.,0.));
#4911=DIRECTION('',(0.,0.,-1.));
#4912=DIRECTION('',(0.,-1.,0.));
#4913=DIRECTION('',(0.,0.,-1.));
#4914=DIRECTION('',(0.,0.,-1.));
#4915=DIRECTION('',(0.,1.,0.));
#4916=DIRECTION('',(0.,0.,1.));
#4917=DIRECTION('',(1.,0.,0.));
#4918=DIRECTION('',(0.,0.,1.));
#4919=DIRECTION('',(1.,0.,0.));
#4920=DIRECTION('',(0.,0.,1.));
#4921=DIRECTION('',(1.,0.,0.));
#4922=DIRECTION('',(0.,0.,1.));
#4923=DIRECTION('',(1.,0.,0.));
#4924=DIRECTION('',(0.,-1.,0.));
#4925=DIRECTION('',(0.,0.,-1.));
#4926=DIRECTION('',(-1.,0.,0.));
#4927=DIRECTION('',(-1.,0.,0.));
#4928=DIRECTION('',(0.,0.,1.));
#4929=DIRECTION('',(1.,0.,0.));
#4930=DIRECTION('',(0.,1.,0.));
#4931=DIRECTION('',(0.,0.,1.));
#4932=DIRECTION('',(1.,0.,0.));
#4933=DIRECTION('',(0.,0.,1.));
#4934=DIRECTION('',(1.,0.,0.));
#4935=DIRECTION('',(0.,0.,1.));
#4936=DIRECTION('',(1.,0.,0.));
#4937=DIRECTION('',(0.,0.,-1.));
#4938=DIRECTION('',(-1.,0.,0.));
#4939=DIRECTION('',(0.,0.,1.));
#4940=DIRECTION('',(1.,0.,0.));
#4941=DIRECTION('',(0.,0.,1.));
#4942=DIRECTION('',(1.,0.,0.));
#4943=DIRECTION('',(0.,-1.,0.));
#4944=DIRECTION('',(0.,0.,1.));
#4945=DIRECTION('',(1.,0.,0.));
#4946=DIRECTION('',(1.,0.,0.));
#4947=DIRECTION('',(0.,0.,1.));
#4948=DIRECTION('',(1.,0.,0.));
#4949=DIRECTION('',(0.,-1.,0.));
#4950=DIRECTION('',(1.,0.,0.));
#4951=DIRECTION('',(0.,-1.,0.));
#4952=DIRECTION('',(1.,0.,0.));
#4953=DIRECTION('',(0.,1.,0.));
#4954=DIRECTION('',(1.,0.,0.));
#4955=DIRECTION('',(-1.,0.,0.));
#4956=DIRECTION('',(0.,0.,1.));
#4957=DIRECTION('',(0.,0.,-1.));
#4958=DIRECTION('',(0.,1.,0.));
#4959=DIRECTION('',(0.,0.,-1.));
#4960=DIRECTION('',(0.,1.,0.));
#4961=DIRECTION('',(0.,0.,-1.));
#4962=DIRECTION('',(0.,0.,-1.));
#4963=DIRECTION('',(0.,1.,0.));
#4964=DIRECTION('',(0.,1.,0.));
#4965=DIRECTION('',(0.,0.,1.));
#4966=DIRECTION('',(1.,0.,0.));
#4967=DIRECTION('',(0.,0.,-1.));
#4968=DIRECTION('',(1.,0.,0.));
#4969=DIRECTION('',(1.,0.,0.));
#4970=DIRECTION('',(0.,0.,-1.));
#4971=DIRECTION('',(0.,-1.,0.));
#4972=DIRECTION('',(0.,0.,-1.));
#4973=DIRECTION('',(0.,-1.,0.));
#4974=DIRECTION('',(0.,0.,-1.));
#4975=DIRECTION('',(0.,0.,-1.));
#4976=DIRECTION('',(0.,-1.,0.));
#4977=DIRECTION('',(0.,1.,0.));
#4978=DIRECTION('',(0.,0.,1.));
#4979=DIRECTION('',(0.,0.,-1.));
#4980=DIRECTION('',(1.,0.,0.));
#4981=DIRECTION('',(1.,0.,0.));
#4982=DIRECTION('',(0.,0.,-1.));
#4983=DIRECTION('',(0.,0.,-1.));
#4984=DIRECTION('',(0.,-1.,0.));
#4985=DIRECTION('',(0.,1.,0.));
#4986=DIRECTION('',(0.,0.,1.));
#4987=DIRECTION('',(0.,0.,-1.));
#4988=DIRECTION('',(1.,0.,0.));
#4989=DIRECTION('',(0.,0.,-1.));
#4990=DIRECTION('',(1.,0.,0.));
#4991=DIRECTION('',(0.,0.,-1.));
#4992=DIRECTION('',(0.,-1.,0.));
#4993=DIRECTION('',(0.,0.,-1.));
#4994=DIRECTION('',(0.,0.,-1.));
#4995=DIRECTION('',(0.,1.,0.));
#4996=DIRECTION('',(0.,0.,1.));
#4997=DIRECTION('',(1.,0.,0.));
#4998=DIRECTION('',(0.,0.,1.));
#4999=DIRECTION('',(1.,0.,0.));
#5000=DIRECTION('',(0.,0.,1.));
#5001=DIRECTION('',(1.,0.,0.));
#5002=DIRECTION('',(0.,0.,1.));
#5003=DIRECTION('',(1.,0.,0.));
#5004=DIRECTION('',(0.,1.,0.));
#5005=DIRECTION('',(0.,0.,1.));
#5006=DIRECTION('',(1.,0.,0.));
#5007=DIRECTION('',(1.,0.,0.));
#5008=DIRECTION('',(0.,0.,1.));
#5009=DIRECTION('',(1.,0.,0.));
#5010=DIRECTION('',(0.,1.,0.));
#5011=DIRECTION('',(0.,0.,1.));
#5012=DIRECTION('',(1.,0.,0.));
#5013=DIRECTION('',(0.,0.,1.));
#5014=DIRECTION('',(1.,0.,0.));
#5015=DIRECTION('',(0.,0.,1.));
#5016=DIRECTION('',(1.,0.,0.));
#5017=DIRECTION('',(0.,0.,-1.));
#5018=DIRECTION('',(-1.,0.,0.));
#5019=DIRECTION('',(0.,0.,1.));
#5020=DIRECTION('',(1.,0.,0.));
#5021=DIRECTION('',(0.,0.,1.));
#5022=DIRECTION('',(1.,0.,0.));
#5023=DIRECTION('',(1.,0.,0.));
#5024=DIRECTION('',(0.,0.,1.));
#5025=DIRECTION('',(1.,0.,0.));
#5026=DIRECTION('',(0.,-1.,0.));
#5027=DIRECTION('',(1.,0.,0.));
#5028=DIRECTION('',(0.,-1.,0.));
#5029=DIRECTION('',(1.,0.,0.));
#5030=DIRECTION('',(0.,1.,0.));
#5031=DIRECTION('',(1.,0.,0.));
#5032=DIRECTION('',(0.,-1.,0.));
#5033=DIRECTION('',(0.,0.,1.));
#5034=DIRECTION('',(1.,0.,0.));
#5035=DIRECTION('',(-1.,0.,0.));
#5036=DIRECTION('',(0.,0.,1.));
#5037=DIRECTION('',(0.,0.,-1.));
#5038=DIRECTION('',(0.,1.,0.));
#5039=DIRECTION('',(0.,0.,-1.));
#5040=DIRECTION('',(0.,1.,0.));
#5041=DIRECTION('',(0.,0.,-1.));
#5042=DIRECTION('',(0.,0.,-1.));
#5043=DIRECTION('',(0.,1.,0.));
#5044=DIRECTION('',(0.,1.,0.));
#5045=DIRECTION('',(0.,0.,1.));
#5046=DIRECTION('',(1.,0.,0.));
#5047=DIRECTION('',(0.,0.,-1.));
#5048=DIRECTION('',(1.,0.,0.));
#5049=DIRECTION('',(1.,0.,0.));
#5050=DIRECTION('',(0.,0.,-1.));
#5051=DIRECTION('',(0.,-1.,0.));
#5052=DIRECTION('',(0.,0.,-1.));
#5053=DIRECTION('',(0.,-1.,0.));
#5054=DIRECTION('',(0.,0.,-1.));
#5055=DIRECTION('',(0.,0.,-1.));
#5056=DIRECTION('',(0.,-1.,0.));
#5057=DIRECTION('',(0.,1.,0.));
#5058=DIRECTION('',(0.,0.,1.));
#5059=DIRECTION('',(0.,0.,-1.));
#5060=DIRECTION('',(1.,0.,0.));
#5061=DIRECTION('',(1.,0.,0.));
#5062=DIRECTION('',(0.,0.,-1.));
#5063=DIRECTION('',(0.,0.,-1.));
#5064=DIRECTION('',(0.,-1.,0.));
#5065=DIRECTION('',(0.,1.,0.));
#5066=DIRECTION('',(0.,0.,1.));
#5067=DIRECTION('',(1.,0.,0.));
#5068=DIRECTION('',(0.,0.,-1.));
#5069=DIRECTION('',(0.,0.,-1.));
#5070=DIRECTION('',(1.,0.,0.));
#5071=DIRECTION('',(0.,0.,-1.));
#5072=DIRECTION('',(0.,-1.,0.));
#5073=DIRECTION('',(0.,0.,-1.));
#5074=DIRECTION('',(0.,0.,-1.));
#5075=DIRECTION('',(0.,1.,0.));
#5076=DIRECTION('',(0.,0.,1.));
#5077=DIRECTION('',(1.,0.,0.));
#5078=DIRECTION('',(0.,0.,1.));
#5079=DIRECTION('',(1.,0.,0.));
#5080=DIRECTION('',(0.,0.,1.));
#5081=DIRECTION('',(1.,0.,0.));
#5082=DIRECTION('',(0.,0.,1.));
#5083=DIRECTION('',(1.,0.,0.));
#5084=DIRECTION('',(0.,1.,0.));
#5085=DIRECTION('',(0.,0.,1.));
#5086=DIRECTION('',(1.,0.,0.));
#5087=DIRECTION('',(1.,0.,0.));
#5088=DIRECTION('',(0.,0.,1.));
#5089=DIRECTION('',(1.,0.,0.));
#5090=DIRECTION('',(0.,1.,0.));
#5091=DIRECTION('',(0.,0.,1.));
#5092=DIRECTION('',(1.,0.,0.));
#5093=DIRECTION('',(0.,0.,1.));
#5094=DIRECTION('',(1.,0.,0.));
#5095=DIRECTION('',(0.,0.,-1.));
#5096=DIRECTION('',(-1.,0.,0.));
#5097=DIRECTION('',(0.,0.,1.));
#5098=DIRECTION('',(1.,0.,0.));
#5099=DIRECTION('',(0.,0.,1.));
#5100=DIRECTION('',(1.,0.,0.));
#5101=DIRECTION('',(0.,0.,1.));
#5102=DIRECTION('',(1.,0.,0.));
#5103=DIRECTION('',(1.,0.,0.));
#5104=DIRECTION('',(0.,0.,1.));
#5105=DIRECTION('',(1.,0.,0.));
#5106=DIRECTION('',(0.,-1.,0.));
#5107=DIRECTION('',(1.,0.,0.));
#5108=DIRECTION('',(0.,-1.,0.));
#5109=DIRECTION('',(1.,0.,0.));
#5110=DIRECTION('',(0.,1.,0.));
#5111=DIRECTION('',(1.,0.,0.));
#5112=DIRECTION('',(0.,-1.,0.));
#5113=DIRECTION('',(0.,0.,1.));
#5114=DIRECTION('',(1.,0.,0.));
#5115=DIRECTION('',(-1.,0.,0.));
#5116=DIRECTION('',(0.,0.,1.));
#5117=DIRECTION('',(0.,0.,-1.));
#5118=DIRECTION('',(0.,1.,0.));
#5119=DIRECTION('',(0.,0.,-1.));
#5120=DIRECTION('',(0.,1.,0.));
#5121=DIRECTION('',(0.,0.,-1.));
#5122=DIRECTION('',(0.,0.,-1.));
#5123=DIRECTION('',(0.,1.,0.));
#5124=DIRECTION('',(0.,1.,0.));
#5125=DIRECTION('',(0.,0.,1.));
#5126=DIRECTION('',(1.,0.,0.));
#5127=DIRECTION('',(0.,0.,-1.));
#5128=DIRECTION('',(1.,0.,0.));
#5129=DIRECTION('',(1.,0.,0.));
#5130=DIRECTION('',(0.,0.,-1.));
#5131=DIRECTION('',(0.,-1.,0.));
#5132=DIRECTION('',(0.,0.,-1.));
#5133=DIRECTION('',(0.,-1.,0.));
#5134=DIRECTION('',(0.,0.,-1.));
#5135=DIRECTION('',(0.,0.,-1.));
#5136=DIRECTION('',(0.,-1.,0.));
#5137=DIRECTION('',(0.,1.,0.));
#5138=DIRECTION('',(0.,0.,1.));
#5139=DIRECTION('',(0.,0.,-1.));
#5140=DIRECTION('',(1.,0.,0.));
#5141=DIRECTION('',(1.,0.,0.));
#5142=DIRECTION('',(0.,0.,-1.));
#5143=DIRECTION('',(0.,0.,-1.));
#5144=DIRECTION('',(0.,-1.,0.));
#5145=DIRECTION('',(0.,1.,0.));
#5146=DIRECTION('',(0.,0.,1.));
#5147=DIRECTION('',(1.,0.,0.));
#5148=DIRECTION('',(0.,0.,-1.));
#5149=DIRECTION('',(0.,0.,-1.));
#5150=DIRECTION('',(1.,0.,0.));
#5151=DIRECTION('',(0.,0.,-1.));
#5152=DIRECTION('',(0.,-1.,0.));
#5153=DIRECTION('',(0.,0.,-1.));
#5154=DIRECTION('',(0.,0.,-1.));
#5155=DIRECTION('',(0.,1.,0.));
#5156=DIRECTION('',(0.,0.,1.));
#5157=DIRECTION('',(1.,0.,0.));
#5158=DIRECTION('',(0.,0.,1.));
#5159=DIRECTION('',(1.,0.,0.));
#5160=DIRECTION('',(0.,0.,1.));
#5161=DIRECTION('',(1.,0.,0.));
#5162=DIRECTION('',(0.,0.,1.));
#5163=DIRECTION('',(1.,0.,0.));
#5164=DIRECTION('',(0.,1.,0.));
#5165=DIRECTION('',(0.,0.,1.));
#5166=DIRECTION('',(1.,0.,0.));
#5167=DIRECTION('',(1.,0.,0.));
#5168=DIRECTION('',(0.,0.,1.));
#5169=DIRECTION('',(1.,0.,0.));
#5170=DIRECTION('',(0.,1.,0.));
#5171=DIRECTION('',(0.,0.,1.));
#5172=DIRECTION('',(1.,0.,0.));
#5173=DIRECTION('',(0.,0.,1.));
#5174=DIRECTION('',(1.,0.,0.));
#5175=DIRECTION('',(0.,0.,-1.));
#5176=DIRECTION('',(-1.,0.,0.));
#5177=DIRECTION('',(0.,0.,1.));
#5178=DIRECTION('',(1.,0.,0.));
#5179=DIRECTION('',(0.,0.,1.));
#5180=DIRECTION('',(1.,0.,0.));
#5181=DIRECTION('',(-1.,-3.33600668457079E-16,0.));
#5182=DIRECTION('',(3.33600668457079E-16,-1.,0.));
#5183=DIRECTION('',(0.,0.,-1.));
#5184=DIRECTION('',(-3.33600668457079E-16,1.,0.));
#5185=DIRECTION('',(0.,0.,-1.));
#5186=DIRECTION('',(-3.33600668457079E-16,1.,0.));
#5187=DIRECTION('',(0.,0.,-1.));
#5188=DIRECTION('',(-3.33600668457079E-16,1.,0.));
#5189=DIRECTION('',(0.,0.,-1.));
#5190=DIRECTION('',(-3.33600668457079E-16,1.,0.));
#5191=DIRECTION('',(0.,1.,0.));
#5192=DIRECTION('',(0.,0.,1.));
#5193=DIRECTION('',(1.,0.,0.));
#5194=DIRECTION('',(0.,0.,-1.));
#5195=DIRECTION('',(1.,0.,0.));
#5196=DIRECTION('',(1.,0.,0.));
#5197=DIRECTION('',(0.,0.,-1.));
#5198=DIRECTION('',(0.,-1.,0.));
#5199=DIRECTION('',(0.,0.,-1.));
#5200=DIRECTION('',(0.,-1.,0.));
#5201=DIRECTION('',(0.,0.,-1.));
#5202=DIRECTION('',(0.,-1.,0.));
#5203=DIRECTION('',(0.,0.,-1.));
#5204=DIRECTION('',(0.,-1.,0.));
#5205=DIRECTION('',(0.,1.,0.));
#5206=DIRECTION('',(0.,0.,1.));
#5207=DIRECTION('',(1.,0.,0.));
#5208=DIRECTION('',(0.,0.,-1.));
#5209=DIRECTION('',(1.,0.,0.));
#5210=DIRECTION('',(1.,0.,0.));
#5211=DIRECTION('',(0.,0.,-1.));
#5212=DIRECTION('',(0.,-1.,0.));
#5213=DIRECTION('',(0.,0.,-1.));
#5214=DIRECTION('',(0.,-1.,0.));
#5215=DIRECTION('',(0.,1.,0.));
#5216=DIRECTION('',(0.,0.,1.));
#5217=DIRECTION('',(1.,0.,0.));
#5218=DIRECTION('',(0.,0.,-1.));
#5219=DIRECTION('',(1.,0.,0.));
#5220=DIRECTION('',(0.,0.,-1.));
#5221=DIRECTION('',(1.,0.,0.));
#5222=DIRECTION('',(0.,0.,-1.));
#5223=DIRECTION('',(0.,-1.,0.));
#5224=DIRECTION('',(0.,0.,-1.));
#5225=DIRECTION('',(0.,-1.,0.));
#5226=DIRECTION('',(0.,0.,-1.));
#5227=DIRECTION('',(0.,1.,0.));
#5228=DIRECTION('',(0.,0.,1.));
#5229=DIRECTION('',(1.,0.,0.));
#5230=DIRECTION('',(1.,0.,0.));
#5231=DIRECTION('',(0.,0.,1.));
#5232=DIRECTION('',(1.,0.,0.));
#5233=DIRECTION('',(0.,0.,1.));
#5234=DIRECTION('',(1.,0.,0.));
#5235=DIRECTION('',(0.,0.,1.));
#5236=DIRECTION('',(1.,0.,0.));
#5237=DIRECTION('',(0.,0.,1.));
#5238=DIRECTION('',(1.,0.,0.));
#5239=DIRECTION('',(0.,0.,1.));
#5240=DIRECTION('',(1.,0.,0.));
#5241=DIRECTION('',(0.,0.,1.));
#5242=DIRECTION('',(1.,0.,0.));
#5243=DIRECTION('',(1.,0.,0.));
#5244=DIRECTION('',(0.,-1.,0.));
#5245=DIRECTION('',(0.,0.,-1.));
#5246=DIRECTION('',(-1.,0.,0.));
#5247=DIRECTION('',(-1.,0.,0.));
#5248=DIRECTION('',(0.,0.,1.));
#5249=DIRECTION('',(1.,0.,0.));
#5250=DIRECTION('',(0.,1.,0.));
#5251=DIRECTION('',(0.,0.,1.));
#5252=DIRECTION('',(1.,0.,0.));
#5253=DIRECTION('',(0.,0.,1.));
#5254=DIRECTION('',(1.,0.,0.));
#5255=DIRECTION('',(0.,0.,1.));
#5256=DIRECTION('',(1.,0.,0.));
#5257=DIRECTION('',(0.,0.,-1.));
#5258=DIRECTION('',(-1.,0.,0.));
#5259=DIRECTION('',(0.,0.,1.));
#5260=DIRECTION('',(1.,0.,0.));
#5261=DIRECTION('',(-1.,-3.33600668457079E-16,0.));
#5262=DIRECTION('',(3.33600668457079E-16,-1.,0.));
#5263=DIRECTION('',(0.,0.,-1.));
#5264=DIRECTION('',(-3.33600668457079E-16,1.,0.));
#5265=DIRECTION('',(0.,0.,-1.));
#5266=DIRECTION('',(-3.33600668457079E-16,1.,0.));
#5267=DIRECTION('',(0.,0.,-1.));
#5268=DIRECTION('',(-3.33600668457079E-16,1.,0.));
#5269=DIRECTION('',(0.,0.,-1.));
#5270=DIRECTION('',(-3.33600668457079E-16,1.,0.));
#5271=DIRECTION('',(0.,1.,0.));
#5272=DIRECTION('',(0.,0.,1.));
#5273=DIRECTION('',(1.,0.,0.));
#5274=DIRECTION('',(0.,0.,-1.));
#5275=DIRECTION('',(1.,0.,0.));
#5276=DIRECTION('',(1.,0.,0.));
#5277=DIRECTION('',(0.,0.,-1.));
#5278=DIRECTION('',(0.,-1.,0.));
#5279=DIRECTION('',(0.,0.,-1.));
#5280=DIRECTION('',(0.,-1.,0.));
#5281=DIRECTION('',(0.,0.,-1.));
#5282=DIRECTION('',(0.,-1.,0.));
#5283=DIRECTION('',(0.,0.,-1.));
#5284=DIRECTION('',(0.,-1.,0.));
#5285=DIRECTION('',(0.,1.,0.));
#5286=DIRECTION('',(0.,0.,1.));
#5287=DIRECTION('',(1.,0.,0.));
#5288=DIRECTION('',(0.,0.,-1.));
#5289=DIRECTION('',(1.,0.,0.));
#5290=DIRECTION('',(1.,0.,0.));
#5291=DIRECTION('',(0.,0.,-1.));
#5292=DIRECTION('',(0.,-1.,0.));
#5293=DIRECTION('',(0.,0.,-1.));
#5294=DIRECTION('',(0.,-1.,0.));
#5295=DIRECTION('',(0.,1.,0.));
#5296=DIRECTION('',(0.,0.,1.));
#5297=DIRECTION('',(1.,0.,0.));
#5298=DIRECTION('',(0.,0.,-1.));
#5299=DIRECTION('',(1.,0.,0.));
#5300=DIRECTION('',(0.,0.,-1.));
#5301=DIRECTION('',(1.,0.,0.));
#5302=DIRECTION('',(0.,0.,-1.));
#5303=DIRECTION('',(0.,-1.,0.));
#5304=DIRECTION('',(0.,0.,-1.));
#5305=DIRECTION('',(0.,-1.,0.));
#5306=DIRECTION('',(0.,0.,-1.));
#5307=DIRECTION('',(0.,1.,0.));
#5308=DIRECTION('',(0.,0.,1.));
#5309=DIRECTION('',(1.,0.,0.));
#5310=DIRECTION('',(1.,0.,0.));
#5311=DIRECTION('',(0.,0.,1.));
#5312=DIRECTION('',(1.,0.,0.));
#5313=DIRECTION('',(0.,0.,1.));
#5314=DIRECTION('',(1.,0.,0.));
#5315=DIRECTION('',(0.,0.,1.));
#5316=DIRECTION('',(1.,0.,0.));
#5317=DIRECTION('',(0.,0.,1.));
#5318=DIRECTION('',(1.,0.,0.));
#5319=DIRECTION('',(0.,0.,1.));
#5320=DIRECTION('',(1.,0.,0.));
#5321=DIRECTION('',(0.,0.,1.));
#5322=DIRECTION('',(1.,0.,0.));
#5323=DIRECTION('',(1.,0.,0.));
#5324=DIRECTION('',(0.,-1.,0.));
#5325=DIRECTION('',(0.,0.,-1.));
#5326=DIRECTION('',(-1.,0.,0.));
#5327=DIRECTION('',(-1.,0.,0.));
#5328=DIRECTION('',(0.,0.,1.));
#5329=DIRECTION('',(1.,0.,0.));
#5330=DIRECTION('',(0.,1.,0.));
#5331=DIRECTION('',(0.,0.,1.));
#5332=DIRECTION('',(1.,0.,0.));
#5333=DIRECTION('',(0.,0.,1.));
#5334=DIRECTION('',(1.,0.,0.));
#5335=DIRECTION('',(0.,0.,1.));
#5336=DIRECTION('',(1.,0.,0.));
#5337=DIRECTION('',(0.,0.,-1.));
#5338=DIRECTION('',(-1.,0.,0.));
#5339=DIRECTION('',(0.,0.,1.));
#5340=DIRECTION('',(1.,0.,0.));
#5341=DIRECTION('',(0.,0.,1.));
#5342=DIRECTION('',(1.,0.,0.));
#5343=DIRECTION('',(0.,-1.,0.));
#5344=DIRECTION('',(0.,0.,1.));
#5345=DIRECTION('',(1.,0.,0.));
#5346=DIRECTION('',(1.,0.,0.));
#5347=DIRECTION('',(0.,0.,1.));
#5348=DIRECTION('',(1.,0.,0.));
#5349=DIRECTION('',(0.,-1.,0.));
#5350=DIRECTION('',(1.,0.,0.));
#5351=DIRECTION('',(0.,-1.,0.));
#5352=DIRECTION('',(1.,0.,0.));
#5353=DIRECTION('',(0.,1.,0.));
#5354=DIRECTION('',(1.,0.,0.));
#5355=DIRECTION('',(-1.,0.,0.));
#5356=DIRECTION('',(0.,0.,1.));
#5357=DIRECTION('',(0.,0.,-1.));
#5358=DIRECTION('',(0.,1.,0.));
#5359=DIRECTION('',(0.,0.,-1.));
#5360=DIRECTION('',(0.,1.,0.));
#5361=DIRECTION('',(0.,0.,-1.));
#5362=DIRECTION('',(0.,0.,-1.));
#5363=DIRECTION('',(0.,1.,0.));
#5364=DIRECTION('',(0.,1.,0.));
#5365=DIRECTION('',(0.,0.,1.));
#5366=DIRECTION('',(1.,0.,0.));
#5367=DIRECTION('',(0.,0.,-1.));
#5368=DIRECTION('',(1.,0.,0.));
#5369=DIRECTION('',(1.,0.,0.));
#5370=DIRECTION('',(0.,0.,-1.));
#5371=DIRECTION('',(0.,-1.,0.));
#5372=DIRECTION('',(0.,0.,-1.));
#5373=DIRECTION('',(0.,-1.,0.));
#5374=DIRECTION('',(0.,0.,-1.));
#5375=DIRECTION('',(0.,0.,-1.));
#5376=DIRECTION('',(0.,-1.,0.));
#5377=DIRECTION('',(0.,1.,0.));
#5378=DIRECTION('',(0.,0.,1.));
#5379=DIRECTION('',(0.,0.,-1.));
#5380=DIRECTION('',(1.,0.,0.));
#5381=DIRECTION('',(1.,0.,0.));
#5382=DIRECTION('',(0.,0.,-1.));
#5383=DIRECTION('',(0.,0.,-1.));
#5384=DIRECTION('',(0.,-1.,0.));
#5385=DIRECTION('',(0.,1.,0.));
#5386=DIRECTION('',(0.,0.,1.));
#5387=DIRECTION('',(0.,0.,-1.));
#5388=DIRECTION('',(1.,0.,0.));
#5389=DIRECTION('',(0.,0.,-1.));
#5390=DIRECTION('',(1.,0.,0.));
#5391=DIRECTION('',(0.,0.,-1.));
#5392=DIRECTION('',(0.,-1.,0.));
#5393=DIRECTION('',(0.,0.,-1.));
#5394=DIRECTION('',(0.,0.,-1.));
#5395=DIRECTION('',(0.,1.,0.));
#5396=DIRECTION('',(0.,0.,1.));
#5397=DIRECTION('',(1.,0.,0.));
#5398=DIRECTION('',(0.,0.,1.));
#5399=DIRECTION('',(1.,0.,0.));
#5400=DIRECTION('',(0.,0.,1.));
#5401=DIRECTION('',(1.,0.,0.));
#5402=DIRECTION('',(0.,0.,1.));
#5403=DIRECTION('',(1.,0.,0.));
#5404=DIRECTION('',(0.,1.,0.));
#5405=DIRECTION('',(0.,0.,1.));
#5406=DIRECTION('',(1.,0.,0.));
#5407=DIRECTION('',(1.,0.,0.));
#5408=DIRECTION('',(0.,0.,1.));
#5409=DIRECTION('',(1.,0.,0.));
#5410=DIRECTION('',(0.,1.,0.));
#5411=DIRECTION('',(0.,0.,1.));
#5412=DIRECTION('',(1.,0.,0.));
#5413=DIRECTION('',(0.,0.,1.));
#5414=DIRECTION('',(1.,0.,0.));
#5415=DIRECTION('',(0.,0.,1.));
#5416=DIRECTION('',(1.,0.,0.));
#5417=DIRECTION('',(0.,0.,-1.));
#5418=DIRECTION('',(-1.,0.,0.));
#5419=DIRECTION('',(0.,0.,1.));
#5420=DIRECTION('',(1.,0.,0.));
#5421=DIRECTION('',(1.,0.,0.));
#5422=DIRECTION('',(0.,0.,-1.));
#5423=DIRECTION('',(0.,-1.,0.));
#5424=DIRECTION('',(0.,0.,-1.));
#5425=DIRECTION('',(0.,-1.,0.));
#5426=DIRECTION('',(0.,0.,-1.));
#5427=DIRECTION('',(0.,1.,0.));
#5428=DIRECTION('',(0.,0.,1.));
#5429=DIRECTION('',(1.,0.,0.));
#5430=DIRECTION('',(0.,0.,-1.));
#5431=DIRECTION('',(1.,0.,0.));
#5432=DIRECTION('',(1.,0.,0.));
#5433=DIRECTION('',(0.,0.,-1.));
#5434=DIRECTION('',(0.,0.,-1.));
#5435=DIRECTION('',(0.,-1.,0.));
#5436=DIRECTION('',(0.,0.,-1.));
#5437=DIRECTION('',(0.,-1.,0.));
#5438=DIRECTION('',(0.,-1.,0.));
#5439=DIRECTION('',(0.,0.,-1.));
#5440=DIRECTION('',(0.,-1.,0.));
#5441=DIRECTION('',(0.,1.,0.));
#5442=DIRECTION('',(0.,0.,1.));
#5443=DIRECTION('',(1.,0.,0.));
#5444=DIRECTION('',(0.,0.,-1.));
#5445=DIRECTION('',(1.,0.,0.));
#5446=DIRECTION('',(-1.,0.,0.));
#5447=DIRECTION('',(0.,0.,1.));
#5448=DIRECTION('',(0.,1.,0.));
#5449=DIRECTION('',(0.,0.,-1.));
#5450=DIRECTION('',(0.,1.,0.));
#5451=DIRECTION('',(0.,0.,-1.));
#5452=DIRECTION('',(0.,1.,0.));
#5453=DIRECTION('',(0.,0.,-1.));
#5454=DIRECTION('',(0.,1.,0.));
#5455=DIRECTION('',(0.,1.,0.));
#5456=DIRECTION('',(0.,0.,1.));
#5457=DIRECTION('',(1.,0.,0.));
#5458=DIRECTION('',(0.,0.,-1.));
#5459=DIRECTION('',(1.,0.,0.));
#5460=DIRECTION('',(1.,0.,0.));
#5461=DIRECTION('',(0.,0.,-1.));
#5462=DIRECTION('',(0.,-1.,0.));
#5463=DIRECTION('',(0.,0.,-1.));
#5464=DIRECTION('',(0.,-1.,0.));
#5465=DIRECTION('',(0.,1.,0.));
#5466=DIRECTION('',(0.,0.,1.));
#5467=DIRECTION('',(1.,0.,0.));
#5468=DIRECTION('',(1.,0.,0.));
#5469=DIRECTION('',(0.,0.,1.));
#5470=DIRECTION('',(1.,0.,0.));
#5471=DIRECTION('',(0.,0.,1.));
#5472=DIRECTION('',(1.,0.,0.));
#5473=DIRECTION('',(1.,0.,0.));
#5474=DIRECTION('',(0.,-1.,0.));
#5475=DIRECTION('',(0.,0.,-1.));
#5476=DIRECTION('',(-1.,0.,0.));
#5477=DIRECTION('',(-1.,0.,0.));
#5478=DIRECTION('',(0.,0.,1.));
#5479=DIRECTION('',(1.,0.,0.));
#5480=DIRECTION('',(0.,1.,0.));
#5481=DIRECTION('',(0.,0.,1.));
#5482=DIRECTION('',(1.,0.,0.));
#5483=DIRECTION('',(0.,0.,1.));
#5484=DIRECTION('',(1.,0.,0.));
#5485=DIRECTION('',(0.,0.,1.));
#5486=DIRECTION('',(1.,0.,0.));
#5487=DIRECTION('',(-1.,-3.33600668457079E-16,0.));
#5488=DIRECTION('',(3.33600668457079E-16,-1.,0.));
#5489=DIRECTION('',(0.,0.,-1.));
#5490=DIRECTION('',(-3.33600668457079E-16,1.,0.));
#5491=DIRECTION('',(0.,0.,-1.));
#5492=DIRECTION('',(-3.33600668457079E-16,1.,0.));
#5493=DIRECTION('',(0.,0.,-1.));
#5494=DIRECTION('',(-3.33600668457079E-16,1.,0.));
#5495=DIRECTION('',(0.,0.,-1.));
#5496=DIRECTION('',(-3.33600668457079E-16,1.,0.));
#5497=DIRECTION('',(0.,1.,0.));
#5498=DIRECTION('',(0.,0.,1.));
#5499=DIRECTION('',(1.,0.,0.));
#5500=DIRECTION('',(0.,0.,-1.));
#5501=DIRECTION('',(1.,0.,0.));
#5502=DIRECTION('',(1.,0.,0.));
#5503=DIRECTION('',(0.,0.,-1.));
#5504=DIRECTION('',(0.,-1.,0.));
#5505=DIRECTION('',(0.,0.,-1.));
#5506=DIRECTION('',(0.,-1.,0.));
#5507=DIRECTION('',(0.,0.,-1.));
#5508=DIRECTION('',(0.,-1.,0.));
#5509=DIRECTION('',(0.,0.,-1.));
#5510=DIRECTION('',(0.,-1.,0.));
#5511=DIRECTION('',(0.,1.,0.));
#5512=DIRECTION('',(0.,0.,1.));
#5513=DIRECTION('',(1.,0.,0.));
#5514=DIRECTION('',(0.,0.,-1.));
#5515=DIRECTION('',(1.,0.,0.));
#5516=DIRECTION('',(1.,0.,0.));
#5517=DIRECTION('',(0.,0.,-1.));
#5518=DIRECTION('',(0.,-1.,0.));
#5519=DIRECTION('',(0.,0.,-1.));
#5520=DIRECTION('',(0.,-1.,0.));
#5521=DIRECTION('',(0.,1.,0.));
#5522=DIRECTION('',(0.,0.,1.));
#5523=DIRECTION('',(1.,0.,0.));
#5524=DIRECTION('',(0.,0.,-1.));
#5525=DIRECTION('',(1.,0.,0.));
#5526=DIRECTION('',(0.,0.,-1.));
#5527=DIRECTION('',(1.,0.,0.));
#5528=DIRECTION('',(0.,0.,-1.));
#5529=DIRECTION('',(0.,-1.,0.));
#5530=DIRECTION('',(0.,0.,-1.));
#5531=DIRECTION('',(0.,-1.,0.));
#5532=DIRECTION('',(0.,0.,-1.));
#5533=DIRECTION('',(0.,1.,0.));
#5534=DIRECTION('',(0.,0.,1.));
#5535=DIRECTION('',(1.,0.,0.));
#5536=DIRECTION('',(1.,0.,0.));
#5537=DIRECTION('',(0.,0.,1.));
#5538=DIRECTION('',(1.,0.,0.));
#5539=DIRECTION('',(0.,0.,1.));
#5540=DIRECTION('',(1.,0.,0.));
#5541=DIRECTION('',(0.,0.,1.));
#5542=DIRECTION('',(1.,0.,0.));
#5543=DIRECTION('',(0.,0.,1.));
#5544=DIRECTION('',(1.,0.,0.));
#5545=DIRECTION('',(0.,0.,1.));
#5546=DIRECTION('',(1.,0.,0.));
#5547=DIRECTION('',(0.,0.,1.));
#5548=DIRECTION('',(1.,0.,0.));
#5549=DIRECTION('',(1.,0.,0.));
#5550=DIRECTION('',(0.,-1.,0.));
#5551=DIRECTION('',(0.,0.,-1.));
#5552=DIRECTION('',(-1.,0.,0.));
#5553=DIRECTION('',(-1.,0.,0.));
#5554=DIRECTION('',(0.,0.,1.));
#5555=DIRECTION('',(1.,0.,0.));
#5556=DIRECTION('',(0.,1.,0.));
#5557=DIRECTION('',(0.,0.,1.));
#5558=DIRECTION('',(1.,0.,0.));
#5559=DIRECTION('',(0.,0.,1.));
#5560=DIRECTION('',(1.,0.,0.));
#5561=DIRECTION('',(0.,0.,1.));
#5562=DIRECTION('',(1.,0.,0.));
#5563=DIRECTION('',(0.,0.,-1.));
#5564=DIRECTION('',(-1.,0.,0.));
#5565=DIRECTION('',(0.,0.,1.));
#5566=DIRECTION('',(1.,0.,0.));
#5567=DIRECTION('',(0.,0.,1.));
#5568=DIRECTION('',(1.,0.,0.));
#5569=DIRECTION('',(0.,-1.,0.));
#5570=DIRECTION('',(0.,0.,1.));
#5571=DIRECTION('',(1.,0.,0.));
#5572=DIRECTION('',(1.,0.,0.));
#5573=DIRECTION('',(0.,0.,1.));
#5574=DIRECTION('',(1.,0.,0.));
#5575=DIRECTION('',(0.,-1.,0.));
#5576=DIRECTION('',(1.,0.,0.));
#5577=DIRECTION('',(0.,-1.,0.));
#5578=DIRECTION('',(1.,0.,0.));
#5579=DIRECTION('',(0.,1.,0.));
#5580=DIRECTION('',(1.,0.,0.));
#5581=DIRECTION('',(-1.,0.,0.));
#5582=DIRECTION('',(0.,0.,1.));
#5583=DIRECTION('',(0.,0.,-1.));
#5584=DIRECTION('',(0.,1.,0.));
#5585=DIRECTION('',(0.,0.,-1.));
#5586=DIRECTION('',(0.,1.,0.));
#5587=DIRECTION('',(0.,0.,-1.));
#5588=DIRECTION('',(0.,0.,-1.));
#5589=DIRECTION('',(0.,1.,0.));
#5590=DIRECTION('',(0.,1.,0.));
#5591=DIRECTION('',(0.,0.,1.));
#5592=DIRECTION('',(1.,0.,0.));
#5593=DIRECTION('',(0.,0.,-1.));
#5594=DIRECTION('',(1.,0.,0.));
#5595=DIRECTION('',(1.,0.,0.));
#5596=DIRECTION('',(0.,0.,-1.));
#5597=DIRECTION('',(0.,-1.,0.));
#5598=DIRECTION('',(0.,0.,-1.));
#5599=DIRECTION('',(0.,-1.,0.));
#5600=DIRECTION('',(0.,0.,-1.));
#5601=DIRECTION('',(0.,0.,-1.));
#5602=DIRECTION('',(0.,-1.,0.));
#5603=DIRECTION('',(0.,1.,0.));
#5604=DIRECTION('',(0.,0.,1.));
#5605=DIRECTION('',(0.,0.,-1.));
#5606=DIRECTION('',(1.,0.,0.));
#5607=DIRECTION('',(1.,0.,0.));
#5608=DIRECTION('',(0.,0.,-1.));
#5609=DIRECTION('',(0.,0.,-1.));
#5610=DIRECTION('',(0.,-1.,0.));
#5611=DIRECTION('',(0.,1.,0.));
#5612=DIRECTION('',(0.,0.,1.));
#5613=DIRECTION('',(0.,0.,-1.));
#5614=DIRECTION('',(1.,0.,0.));
#5615=DIRECTION('',(0.,0.,-1.));
#5616=DIRECTION('',(1.,0.,0.));
#5617=DIRECTION('',(0.,0.,-1.));
#5618=DIRECTION('',(0.,-1.,0.));
#5619=DIRECTION('',(0.,0.,-1.));
#5620=DIRECTION('',(0.,0.,-1.));
#5621=DIRECTION('',(0.,1.,0.));
#5622=DIRECTION('',(0.,0.,1.));
#5623=DIRECTION('',(1.,0.,0.));
#5624=DIRECTION('',(0.,0.,1.));
#5625=DIRECTION('',(1.,0.,0.));
#5626=DIRECTION('',(0.,0.,1.));
#5627=DIRECTION('',(1.,0.,0.));
#5628=DIRECTION('',(0.,0.,1.));
#5629=DIRECTION('',(1.,0.,0.));
#5630=DIRECTION('',(0.,1.,0.));
#5631=DIRECTION('',(0.,0.,1.));
#5632=DIRECTION('',(1.,0.,0.));
#5633=DIRECTION('',(1.,0.,0.));
#5634=DIRECTION('',(0.,0.,1.));
#5635=DIRECTION('',(1.,0.,0.));
#5636=DIRECTION('',(0.,1.,0.));
#5637=DIRECTION('',(0.,0.,1.));
#5638=DIRECTION('',(1.,0.,0.));
#5639=DIRECTION('',(0.,0.,1.));
#5640=DIRECTION('',(1.,0.,0.));
#5641=DIRECTION('',(0.,0.,1.));
#5642=DIRECTION('',(1.,0.,0.));
#5643=DIRECTION('',(0.,0.,-1.));
#5644=DIRECTION('',(-1.,0.,0.));
#5645=DIRECTION('',(0.,0.,1.));
#5646=DIRECTION('',(1.,0.,0.));
#5647=DIRECTION('',(1.,0.,0.));
#5648=DIRECTION('',(0.,0.,-1.));
#5649=DIRECTION('',(0.,-1.,0.));
#5650=DIRECTION('',(0.,0.,-1.));
#5651=DIRECTION('',(0.,-1.,0.));
#5652=DIRECTION('',(0.,0.,-1.));
#5653=DIRECTION('',(0.,1.,0.));
#5654=DIRECTION('',(0.,0.,1.));
#5655=DIRECTION('',(1.,0.,0.));
#5656=DIRECTION('',(0.,0.,-1.));
#5657=DIRECTION('',(1.,0.,0.));
#5658=DIRECTION('',(1.,0.,0.));
#5659=DIRECTION('',(0.,0.,-1.));
#5660=DIRECTION('',(0.,0.,-1.));
#5661=DIRECTION('',(0.,-1.,0.));
#5662=DIRECTION('',(0.,0.,-1.));
#5663=DIRECTION('',(0.,-1.,0.));
#5664=DIRECTION('',(0.,-1.,0.));
#5665=DIRECTION('',(0.,0.,-1.));
#5666=DIRECTION('',(0.,-1.,0.));
#5667=DIRECTION('',(0.,1.,0.));
#5668=DIRECTION('',(0.,0.,1.));
#5669=DIRECTION('',(1.,0.,0.));
#5670=DIRECTION('',(0.,0.,-1.));
#5671=DIRECTION('',(1.,0.,0.));
#5672=DIRECTION('',(-1.,0.,0.));
#5673=DIRECTION('',(0.,0.,1.));
#5674=DIRECTION('',(0.,1.,0.));
#5675=DIRECTION('',(0.,0.,-1.));
#5676=DIRECTION('',(0.,1.,0.));
#5677=DIRECTION('',(0.,0.,-1.));
#5678=DIRECTION('',(0.,1.,0.));
#5679=DIRECTION('',(0.,0.,-1.));
#5680=DIRECTION('',(0.,1.,0.));
#5681=DIRECTION('',(0.,1.,0.));
#5682=DIRECTION('',(0.,0.,1.));
#5683=DIRECTION('',(1.,0.,0.));
#5684=DIRECTION('',(0.,0.,-1.));
#5685=DIRECTION('',(1.,0.,0.));
#5686=DIRECTION('',(1.,0.,0.));
#5687=DIRECTION('',(0.,0.,-1.));
#5688=DIRECTION('',(0.,-1.,0.));
#5689=DIRECTION('',(0.,0.,-1.));
#5690=DIRECTION('',(0.,-1.,0.));
#5691=DIRECTION('',(0.,1.,0.));
#5692=DIRECTION('',(0.,0.,1.));
#5693=DIRECTION('',(1.,0.,0.));
#5694=DIRECTION('',(0.,0.,-1.));
#5695=DIRECTION('',(1.,0.,0.));
#5696=DIRECTION('',(0.,0.,-1.));
#5697=DIRECTION('',(0.,0.,1.));
#5698=DIRECTION('',(1.,0.,0.));
#5699=DIRECTION('',(0.,0.,1.));
#5700=DIRECTION('',(1.,0.,0.));
#5701=DIRECTION('',(0.,0.,1.));
#5702=DIRECTION('',(1.,0.,0.));
#5703=DIRECTION('',(0.,0.,1.));
#5704=DIRECTION('',(1.,0.,0.));
#5705=DIRECTION('',(0.,0.,1.));
#5706=DIRECTION('',(1.,0.,0.));
#5707=DIRECTION('',(1.,0.,0.));
#5708=DIRECTION('',(0.,0.,1.));
#5709=DIRECTION('',(1.,0.,0.));
#5710=DIRECTION('',(0.,-1.,0.));
#5711=DIRECTION('',(0.,0.,-1.));
#5712=DIRECTION('',(-1.,0.,0.));
#5713=DIRECTION('',(-1.,0.,0.));
#5714=DIRECTION('',(0.,0.,1.));
#5715=DIRECTION('',(1.,0.,0.));
#5716=DIRECTION('',(0.,1.,0.));
#5717=DIRECTION('',(0.,0.,1.));
#5718=DIRECTION('',(1.,0.,0.));
#5719=DIRECTION('',(0.,0.,1.));
#5720=DIRECTION('',(1.,0.,0.));
#5721=DIRECTION('',(0.,0.,-1.));
#5722=DIRECTION('',(-1.,0.,0.));
#5723=DIRECTION('',(0.,0.,1.));
#5724=DIRECTION('',(1.,0.,0.));
#5725=CARTESIAN_POINT('',(0.,0.,0.));
#5726=CARTESIAN_POINT('',(-0.0287844989954233,0.0483568249115348,0.));
#5727=CARTESIAN_POINT('',(-0.0277174989954233,0.0483568249115348,0.));
#5728=CARTESIAN_POINT('',(-0.0277174989954233,0.0539343249115348,0.));
#5729=CARTESIAN_POINT('',(-0.0277174989954233,0.0430703249115348,0.));
#5730=CARTESIAN_POINT('',(-0.0280084989954233,0.0430703249115348,0.));
#5731=CARTESIAN_POINT('',(-0.0280084989954233,0.0427793249115348,0.));
#5732=CARTESIAN_POINT('',(-0.0287844989954233,0.0427793249115348,0.));
#5733=CARTESIAN_POINT('',(-0.0295604989954233,0.0427793249115348,0.));
#5734=CARTESIAN_POINT('',(-0.0295604989954233,0.0430703249115348,0.));
#5735=CARTESIAN_POINT('',(-0.0298514989954233,0.0430703249115348,0.));
#5736=CARTESIAN_POINT('',(-0.0298514989954233,0.0483568249115348,0.));
#5737=CARTESIAN_POINT('',(-0.0298514989954233,0.0539343249115348,0.));
#5738=CARTESIAN_POINT('',(-0.0296574989954233,0.0539343249115348,0.));
#5739=CARTESIAN_POINT('',(-0.0294634989954233,0.0539343249115348,0.));
#5740=CARTESIAN_POINT('',(-0.0294634989954233,0.0483568249115348,0.));
#5741=CARTESIAN_POINT('',(-0.0294634989954233,0.0431673249115348,0.));
#5742=CARTESIAN_POINT('',(-0.0287844989954233,0.0431673249115348,0.));
#5743=CARTESIAN_POINT('',(-0.0281054989954233,0.0431673249115348,0.));
#5744=CARTESIAN_POINT('',(-0.0281054989954233,0.0483568249115348,0.));
#5745=CARTESIAN_POINT('',(-0.0281054989954233,0.0539343249115348,0.));
#5746=CARTESIAN_POINT('',(-0.0279114989954233,0.0539343249115348,0.));
#5747=CARTESIAN_POINT('',(-0.0281054989954233,0.0483568249115348,0.01552));
#5748=CARTESIAN_POINT('',(-0.0281054989954233,0.0535463249115348,0.015035));
#5749=CARTESIAN_POINT('',(-0.0281054989954233,0.0535463249115348,0.015035));
#5750=CARTESIAN_POINT('',(-0.0281054989954233,0.0535463249115348,0.000485));
#5751=CARTESIAN_POINT('',(-0.0281054989954233,0.0483568249115348,0.015035));
#5752=CARTESIAN_POINT('',(-0.0281054989954233,0.0431673249115348,0.015035));
#5753=CARTESIAN_POINT('',(-0.0281054989954233,0.0431673249115348,0.01552));
#5754=CARTESIAN_POINT('',(-0.0281054989954233,0.0431673249115348,0.01552));
#5755=CARTESIAN_POINT('',(-0.0281054989954233,0.0483568249115348,0.01552));
#5756=CARTESIAN_POINT('',(-0.0281054989954233,0.0539343249115348,0.01552));
#5757=CARTESIAN_POINT('',(-0.0281054989954233,0.0539343249115348,0.01552));
#5758=CARTESIAN_POINT('',(-0.0281054989954233,0.0431673249115348,0.000485));
#5759=CARTESIAN_POINT('',(-0.0281054989954233,0.0431673249115348,0.000485));
#5760=CARTESIAN_POINT('',(-0.0281054989954233,0.0483568249115348,0.000485));
#5761=CARTESIAN_POINT('',(-0.0287844989954233,0.0431673249115348,0.01552));
#5762=CARTESIAN_POINT('',(-0.0287844989954233,0.0431673249115348,0.015035));
#5763=CARTESIAN_POINT('',(-0.0294634989954233,0.0431673249115348,0.015035));
#5764=CARTESIAN_POINT('',(-0.0294634989954233,0.0431673249115348,0.01552));
#5765=CARTESIAN_POINT('',(-0.0294634989954233,0.0431673249115348,0.01552));
#5766=CARTESIAN_POINT('',(-0.0287844989954233,0.0431673249115348,0.01552));
#5767=CARTESIAN_POINT('',(-0.0294634989954233,0.0483568249115348,0.01552));
#5768=CARTESIAN_POINT('',(-0.0294634989954233,0.0483568249115348,0.015035));
#5769=CARTESIAN_POINT('',(-0.0294634989954233,0.0535463249115348,0.015035));
#5770=CARTESIAN_POINT('',(-0.0294634989954233,0.0535463249115348,0.015035));
#5771=CARTESIAN_POINT('',(-0.0294634989954233,0.0535463249115348,0.000485));
#5772=CARTESIAN_POINT('',(-0.0294634989954233,0.0483568249115348,0.000485));
#5773=CARTESIAN_POINT('',(-0.0294634989954233,0.0431673249115348,0.000485));
#5774=CARTESIAN_POINT('',(-0.0294634989954233,0.0431673249115348,0.000485));
#5775=CARTESIAN_POINT('',(-0.0294634989954233,0.0539343249115348,0.01552));
#5776=CARTESIAN_POINT('',(-0.0294634989954233,0.0539343249115348,0.01552));
#5777=CARTESIAN_POINT('',(-0.0294634989954233,0.0483568249115348,0.01552));
#5778=CARTESIAN_POINT('',(-0.0296574989954233,0.0539343249115348,0.01552));
#5779=CARTESIAN_POINT('',(-0.0298514989954233,0.0539343249115348,0.01552));
#5780=CARTESIAN_POINT('',(-0.0298514989954233,0.0539343249115348,0.01552));
#5781=CARTESIAN_POINT('',(-0.0296574989954233,0.0539343249115348,0.01552));
#5782=CARTESIAN_POINT('',(-0.0298514989954233,0.0483568249115348,0.01552));
#5783=CARTESIAN_POINT('',(-0.0298514989954233,0.0430703249115348,0.01552));
#5784=CARTESIAN_POINT('',(-0.0298514989954233,0.0430703249115348,0.01552));
#5785=CARTESIAN_POINT('',(-0.0298514989954233,0.0483568249115348,0.01552));
#5786=CARTESIAN_POINT('',(-0.0287844989954233,0.0427793249115348,0.01552));
#5787=CARTESIAN_POINT('',(-0.0280084989954233,0.0427793249115348,0.01552));
#5788=CARTESIAN_POINT('',(-0.0280084989954233,0.0427793249115348,0.01552));
#5789=CARTESIAN_POINT('',(-0.0287844989954233,0.0427793249115348,0.01552));
#5790=CARTESIAN_POINT('',(-0.0295604989954233,0.0427793249115348,0.01552));
#5791=CARTESIAN_POINT('',(-0.0295604989954233,0.0427793249115348,0.01552));
#5792=CARTESIAN_POINT('',(-0.0277174989954233,0.0483568249115348,0.01552));
#5793=CARTESIAN_POINT('',(-0.0277174989954233,0.0483568249115348,0.01552));
#5794=CARTESIAN_POINT('',(-0.0277174989954233,0.0539343249115348,0.01552));
#5795=CARTESIAN_POINT('',(-0.0277174989954233,0.0430703249115348,0.01552));
#5796=CARTESIAN_POINT('',(-0.0277174989954233,0.0430703249115348,0.));
#5797=CARTESIAN_POINT('',(-0.0277174989954233,0.0539343249115348,0.01552));
#5798=CARTESIAN_POINT('',(-0.0279114989954233,0.0539343249115348,0.01552));
#5799=CARTESIAN_POINT('',(-0.0279114989954233,0.0539343249115348,0.01552));
#5800=CARTESIAN_POINT('',(-0.0287844989954233,0.0483568249115348,0.01552));
#5801=CARTESIAN_POINT('',(-0.0280084989954233,0.0430703249115348,0.01552));
#5802=CARTESIAN_POINT('',(-0.0295604989954233,0.0430703249115348,0.01552));
#5803=CARTESIAN_POINT('',(-0.0287844989954233,0.0535463249115348,0.015035));
#5804=CARTESIAN_POINT('',(-0.0287844989954233,0.0535463249115348,0.000485));
#5805=CARTESIAN_POINT('',(-0.0287844989954233,0.0535463249115348,0.015035));
#5806=CARTESIAN_POINT('',(-0.0287844989954233,0.0483568249115348,0.015035));
#5807=CARTESIAN_POINT('',(-0.0287844989954233,0.0431673249115348,0.000485));
#5808=CARTESIAN_POINT('',(-0.0287844989954233,0.0431673249115348,0.000485));
#5809=CARTESIAN_POINT('',(-0.0287844989954233,0.0483568249115348,0.000485));
#5810=CARTESIAN_POINT('',(-0.0280084989954233,0.0430703249115348,0.01552));
#5811=CARTESIAN_POINT('',(-0.0295604989954233,0.0430703249115348,0.01552));
#5812=CARTESIAN_POINT('',(0.,0.,0.));
#5813=CARTESIAN_POINT('',(-0.0377402685002685,0.0139107138164639,0.01358));
#5814=CARTESIAN_POINT('',(-0.0377402685002685,0.0139107138164639,0.01358));
#5815=CARTESIAN_POINT('',(-0.0377402685002685,0.0191972138164639,0.01358));
#5816=CARTESIAN_POINT('',(-0.0377402685002685,0.00843021381646395,0.01358));
#5817=CARTESIAN_POINT('',(-0.0377402685002685,0.0191972138164639,0.));
#5818=CARTESIAN_POINT('',(-0.0377402685002685,0.0191972138164639,0.));
#5819=CARTESIAN_POINT('',(-0.0377402685002685,0.0139107138164639,0.));
#5820=CARTESIAN_POINT('',(-0.0377402685002685,0.00843021381646395,0.));
#5821=CARTESIAN_POINT('',(-0.0377402685002685,0.00843021381646395,0.01358));
#5822=CARTESIAN_POINT('',(-0.0375947685002685,0.00843021381646395,0.01358));
#5823=CARTESIAN_POINT('',(-0.0375947685002685,0.00843021381646395,0.));
#5824=CARTESIAN_POINT('',(-0.0374492685002685,0.00843021381646395,0.));
#5825=CARTESIAN_POINT('',(-0.0374492685002685,0.00843021381646395,0.01358));
#5826=CARTESIAN_POINT('',(-0.0374492685002685,0.00843021381646395,0.01358));
#5827=CARTESIAN_POINT('',(-0.0375947685002685,0.00843021381646395,0.01358));
#5828=CARTESIAN_POINT('',(-0.0374492685002685,0.00857571381646395,0.01358));
#5829=CARTESIAN_POINT('',(-0.0374492685002685,0.00872121381646395,0.013095));
#5830=CARTESIAN_POINT('',(-0.0374492685002685,0.00872121381646395,0.013095));
#5831=CARTESIAN_POINT('',(-0.0374492685002685,0.00872121381646395,0.000485));
#5832=CARTESIAN_POINT('',(-0.0374492685002685,0.0139107138164639,0.013095));
#5833=CARTESIAN_POINT('',(-0.0374492685002685,0.0191002138164639,0.013095));
#5834=CARTESIAN_POINT('',(-0.0374492685002685,0.0191002138164639,0.01358));
#5835=CARTESIAN_POINT('',(-0.0374492685002685,0.0191002138164639,0.01358));
#5836=CARTESIAN_POINT('',(-0.0374492685002685,0.00857571381646395,0.01358));
#5837=CARTESIAN_POINT('',(-0.0374492685002685,0.00857571381646395,0.));
#5838=CARTESIAN_POINT('',(-0.0374492685002685,0.0191002138164639,0.));
#5839=CARTESIAN_POINT('',(-0.0374492685002685,0.0191002138164639,0.000485));
#5840=CARTESIAN_POINT('',(-0.0374492685002685,0.0191002138164639,0.000485));
#5841=CARTESIAN_POINT('',(-0.0374492685002685,0.0139107138164639,0.000485));
#5842=CARTESIAN_POINT('',(-0.0367702685002685,0.0191002138164639,0.01358));
#5843=CARTESIAN_POINT('',(-0.0367702685002685,0.0191002138164639,0.013095));
#5844=CARTESIAN_POINT('',(-0.0360912685002685,0.0191002138164639,0.013095));
#5845=CARTESIAN_POINT('',(-0.0360912685002685,0.0191002138164639,0.01358));
#5846=CARTESIAN_POINT('',(-0.0360912685002685,0.0191002138164639,0.01358));
#5847=CARTESIAN_POINT('',(-0.0367702685002685,0.0191002138164639,0.01358));
#5848=CARTESIAN_POINT('',(-0.0360912685002685,0.0139107138164639,0.01358));
#5849=CARTESIAN_POINT('',(-0.0360912685002685,0.0139107138164639,0.013095));
#5850=CARTESIAN_POINT('',(-0.0360912685002685,0.00872121381646395,0.013095));
#5851=CARTESIAN_POINT('',(-0.0360912685002685,0.00872121381646395,0.013095));
#5852=CARTESIAN_POINT('',(-0.0360912685002685,0.00872121381646395,0.000485));
#5853=CARTESIAN_POINT('',(-0.0360912685002685,0.0139107138164639,0.000485));
#5854=CARTESIAN_POINT('',(-0.0360912685002685,0.0191002138164639,0.000485));
#5855=CARTESIAN_POINT('',(-0.0360912685002685,0.0191002138164639,0.000485));
#5856=CARTESIAN_POINT('',(-0.0360912685002685,0.0191002138164639,0.));
#5857=CARTESIAN_POINT('',(-0.0360912685002685,0.0139107138164639,0.));
#5858=CARTESIAN_POINT('',(-0.0360912685002685,0.00843021381646395,0.));
#5859=CARTESIAN_POINT('',(-0.0360912685002685,0.00843021381646395,0.01358));
#5860=CARTESIAN_POINT('',(-0.0360912685002685,0.00843021381646395,0.01358));
#5861=CARTESIAN_POINT('',(-0.0360912685002685,0.0139107138164639,0.01358));
#5862=CARTESIAN_POINT('',(-0.0359457685002685,0.00843021381646395,0.01358));
#5863=CARTESIAN_POINT('',(-0.0359457685002685,0.00843021381646395,0.));
#5864=CARTESIAN_POINT('',(-0.0358002685002685,0.00843021381646395,0.));
#5865=CARTESIAN_POINT('',(-0.0358002685002685,0.00843021381646395,0.01358));
#5866=CARTESIAN_POINT('',(-0.0358002685002685,0.00843021381646395,0.01358));
#5867=CARTESIAN_POINT('',(-0.0359457685002685,0.00843021381646395,0.01358));
#5868=CARTESIAN_POINT('',(-0.0358002685002685,0.0139107138164639,0.01358));
#5869=CARTESIAN_POINT('',(-0.0358002685002685,0.0139107138164639,0.));
#5870=CARTESIAN_POINT('',(-0.0358002685002685,0.0191972138164639,0.));
#5871=CARTESIAN_POINT('',(-0.0358002685002685,0.0191972138164639,0.01358));
#5872=CARTESIAN_POINT('',(-0.0358002685002685,0.0191972138164639,0.01358));
#5873=CARTESIAN_POINT('',(-0.0358002685002685,0.0139107138164639,0.01358));
#5874=CARTESIAN_POINT('',(-0.0367702685002685,0.0193912138164639,0.01358));
#5875=CARTESIAN_POINT('',(-0.0367702685002685,0.0193912138164639,0.01358));
#5876=CARTESIAN_POINT('',(-0.0375462685002685,0.0193912138164639,0.01358));
#5877=CARTESIAN_POINT('',(-0.0359942685002685,0.0193912138164639,0.01358));
#5878=CARTESIAN_POINT('',(-0.0359942685002685,0.0193912138164639,0.01358));
#5879=CARTESIAN_POINT('',(-0.0359942685002685,0.0193912138164639,0.));
#5880=CARTESIAN_POINT('',(-0.0367702685002685,0.0193912138164639,0.));
#5881=CARTESIAN_POINT('',(-0.0375462685002685,0.0193912138164639,0.));
#5882=CARTESIAN_POINT('',(-0.0375462685002685,0.0193912138164639,0.01358));
#5883=CARTESIAN_POINT('',(-0.0367702685002685,0.0139107138164639,0.01358));
#5884=CARTESIAN_POINT('',(-0.0359942685002685,0.0191972138164639,0.01358));
#5885=CARTESIAN_POINT('',(-0.0375462685002685,0.0191972138164639,0.01358));
#5886=CARTESIAN_POINT('',(-0.0367702685002685,0.0139107138164639,0.));
#5887=CARTESIAN_POINT('',(-0.0359942685002685,0.0191972138164639,0.));
#5888=CARTESIAN_POINT('',(-0.0367702685002685,0.0191002138164639,0.));
#5889=CARTESIAN_POINT('',(-0.0375462685002685,0.0191972138164639,0.));
#5890=CARTESIAN_POINT('',(-0.0367702685002685,0.00872121381646395,0.013095));
#5891=CARTESIAN_POINT('',(-0.0367702685002685,0.00872121381646395,0.000485));
#5892=CARTESIAN_POINT('',(-0.0367702685002685,0.00872121381646395,0.013095));
#5893=CARTESIAN_POINT('',(-0.0367702685002685,0.0139107138164639,0.013095));
#5894=CARTESIAN_POINT('',(-0.0367702685002685,0.0191002138164639,0.000485));
#5895=CARTESIAN_POINT('',(-0.0367702685002685,0.0191002138164639,0.000485));
#5896=CARTESIAN_POINT('',(-0.0367702685002685,0.0139107138164639,0.000485));
#5897=CARTESIAN_POINT('',(-0.0359942685002685,0.0191972138164639,0.01358));
#5898=CARTESIAN_POINT('',(-0.0375462685002685,0.0191972138164639,0.01358));
#5899=CARTESIAN_POINT('',(0.,0.,0.));
#5900=CARTESIAN_POINT('',(0.0275130331556797,0.0116874903734922,0.));
#5901=CARTESIAN_POINT('',(0.0258155331556797,0.0116874903734922,0.));
#5902=CARTESIAN_POINT('',(0.0258155331556797,0.0168527403734923,0.));
#5903=CARTESIAN_POINT('',(0.0258155331556797,0.00613424037349224,0.));
#5904=CARTESIAN_POINT('',(0.0262035331556797,0.0168527403734923,0.));
#5905=CARTESIAN_POINT('',(0.0262035331556797,0.0172407403734923,0.));
#5906=CARTESIAN_POINT('',(0.0275130331556797,0.0172407403734923,0.));
#5907=CARTESIAN_POINT('',(0.0288225331556797,0.0172407403734923,0.));
#5908=CARTESIAN_POINT('',(0.0288225331556797,0.0168527403734923,0.));
#5909=CARTESIAN_POINT('',(0.0292105331556797,0.0168527403734923,0.));
#5910=CARTESIAN_POINT('',(0.0292105331556797,0.0116874903734922,0.));
#5911=CARTESIAN_POINT('',(0.0292105331556797,0.00613424037349224,0.));
#5912=CARTESIAN_POINT('',(0.0289680331556797,0.00613424037349224,0.));
#5913=CARTESIAN_POINT('',(0.0287255331556797,0.00613424037349224,0.));
#5914=CARTESIAN_POINT('',(0.0287255331556797,0.0116874903734922,0.));
#5915=CARTESIAN_POINT('',(0.0287255331556797,0.0167557403734923,0.));
#5916=CARTESIAN_POINT('',(0.0275130331556797,0.0167557403734923,0.));
#5917=CARTESIAN_POINT('',(0.0263005331556797,0.0167557403734923,0.));
#5918=CARTESIAN_POINT('',(0.0263005331556797,0.00637674037349224,0.));
#5919=CARTESIAN_POINT('',(0.0263005331556797,0.00613424037349224,0.));
#5920=CARTESIAN_POINT('',(0.0260580331556797,0.00613424037349224,0.));
#5921=CARTESIAN_POINT('',(0.0263005331556797,0.00637674037349224,0.015035));
#5922=CARTESIAN_POINT('',(0.0263005331556797,0.00661924037349224,0.01455));
#5923=CARTESIAN_POINT('',(0.0263005331556797,0.00661924037349224,0.01455));
#5924=CARTESIAN_POINT('',(0.0263005331556797,0.00661924037349224,0.000485));
#5925=CARTESIAN_POINT('',(0.0263005331556797,0.0116874903734922,0.01455));
#5926=CARTESIAN_POINT('',(0.0263005331556797,0.0167557403734923,0.01455));
#5927=CARTESIAN_POINT('',(0.0263005331556797,0.0167557403734923,0.015035));
#5928=CARTESIAN_POINT('',(0.0263005331556797,0.0167557403734923,0.015035));
#5929=CARTESIAN_POINT('',(0.0263005331556797,0.00637674037349224,0.015035));
#5930=CARTESIAN_POINT('',(0.0263005331556797,0.00613424037349224,0.015035));
#5931=CARTESIAN_POINT('',(0.0263005331556797,0.00613424037349224,0.015035));
#5932=CARTESIAN_POINT('',(0.0263005331556797,0.0167557403734923,0.000485));
#5933=CARTESIAN_POINT('',(0.0263005331556797,0.0167557403734923,0.000485));
#5934=CARTESIAN_POINT('',(0.0263005331556797,0.0116874903734922,0.000485));
#5935=CARTESIAN_POINT('',(0.0275130331556797,0.0167557403734923,0.015035));
#5936=CARTESIAN_POINT('',(0.0275130331556797,0.0167557403734923,0.01455));
#5937=CARTESIAN_POINT('',(0.0287255331556797,0.0167557403734923,0.01455));
#5938=CARTESIAN_POINT('',(0.0287255331556797,0.0167557403734923,0.015035));
#5939=CARTESIAN_POINT('',(0.0287255331556797,0.0167557403734923,0.015035));
#5940=CARTESIAN_POINT('',(0.0275130331556797,0.0167557403734923,0.015035));
#5941=CARTESIAN_POINT('',(0.0287255331556797,0.0116874903734922,0.015035));
#5942=CARTESIAN_POINT('',(0.0287255331556797,0.0116874903734922,0.01455));
#5943=CARTESIAN_POINT('',(0.0287255331556797,0.00661924037349224,0.01455));
#5944=CARTESIAN_POINT('',(0.0287255331556797,0.00661924037349224,0.01455));
#5945=CARTESIAN_POINT('',(0.0287255331556797,0.00661924037349224,0.000485));
#5946=CARTESIAN_POINT('',(0.0287255331556797,0.0116874903734922,0.000485));
#5947=CARTESIAN_POINT('',(0.0287255331556797,0.0167557403734923,0.000485));
#5948=CARTESIAN_POINT('',(0.0287255331556797,0.0167557403734923,0.000485));
#5949=CARTESIAN_POINT('',(0.0287255331556797,0.00613424037349224,0.015035));
#5950=CARTESIAN_POINT('',(0.0287255331556797,0.00613424037349224,0.015035));
#5951=CARTESIAN_POINT('',(0.0287255331556797,0.0116874903734922,0.015035));
#5952=CARTESIAN_POINT('',(0.0289680331556797,0.00613424037349224,0.015035));
#5953=CARTESIAN_POINT('',(0.0292105331556797,0.00613424037349224,0.015035));
#5954=CARTESIAN_POINT('',(0.0292105331556797,0.00613424037349224,0.015035));
#5955=CARTESIAN_POINT('',(0.0289680331556797,0.00613424037349224,0.015035));
#5956=CARTESIAN_POINT('',(0.0292105331556797,0.0116874903734922,0.015035));
#5957=CARTESIAN_POINT('',(0.0292105331556797,0.0168527403734923,0.015035));
#5958=CARTESIAN_POINT('',(0.0292105331556797,0.0168527403734923,0.015035));
#5959=CARTESIAN_POINT('',(0.0292105331556797,0.0116874903734922,0.015035));
#5960=CARTESIAN_POINT('',(0.0275130331556797,0.0172407403734923,0.015035));
#5961=CARTESIAN_POINT('',(0.0262035331556797,0.0172407403734923,0.015035));
#5962=CARTESIAN_POINT('',(0.0262035331556797,0.0172407403734923,0.015035));
#5963=CARTESIAN_POINT('',(0.0275130331556797,0.0172407403734923,0.015035));
#5964=CARTESIAN_POINT('',(0.0288225331556797,0.0172407403734923,0.015035));
#5965=CARTESIAN_POINT('',(0.0288225331556797,0.0172407403734923,0.015035));
#5966=CARTESIAN_POINT('',(0.0258155331556797,0.0116874903734922,0.015035));
#5967=CARTESIAN_POINT('',(0.0258155331556797,0.0116874903734922,0.015035));
#5968=CARTESIAN_POINT('',(0.0258155331556797,0.0168527403734923,0.015035));
#5969=CARTESIAN_POINT('',(0.0258155331556797,0.00613424037349224,0.015035));
#5970=CARTESIAN_POINT('',(0.0258155331556797,0.0168527403734923,0.));
#5971=CARTESIAN_POINT('',(0.0258155331556797,0.00613424037349224,0.015035));
#5972=CARTESIAN_POINT('',(0.0260580331556797,0.00613424037349224,0.015035));
#5973=CARTESIAN_POINT('',(0.0260580331556797,0.00613424037349224,0.015035));
#5974=CARTESIAN_POINT('',(0.0275130331556797,0.0116874903734922,0.015035));
#5975=CARTESIAN_POINT('',(0.0262035331556797,0.0168527403734923,0.015035));
#5976=CARTESIAN_POINT('',(0.0288225331556797,0.0168527403734923,0.015035));
#5977=CARTESIAN_POINT('',(0.0275130331556797,0.00661924037349224,0.01455));
#5978=CARTESIAN_POINT('',(0.0275130331556797,0.00661924037349224,0.000485));
#5979=CARTESIAN_POINT('',(0.0275130331556797,0.00661924037349224,0.01455));
#5980=CARTESIAN_POINT('',(0.0275130331556797,0.0116874903734922,0.01455));
#5981=CARTESIAN_POINT('',(0.0275130331556797,0.0167557403734923,0.000485));
#5982=CARTESIAN_POINT('',(0.0275130331556797,0.0167557403734923,0.000485));
#5983=CARTESIAN_POINT('',(0.0275130331556797,0.0116874903734922,0.000485));
#5984=CARTESIAN_POINT('',(0.0262035331556797,0.0168527403734923,0.015035));
#5985=CARTESIAN_POINT('',(0.0288225331556797,0.0168527403734923,0.015035));
#5986=CARTESIAN_POINT('',(0.,0.,0.));
#5987=CARTESIAN_POINT('',(-0.0517734989954233,0.0483568249115348,0.));
#5988=CARTESIAN_POINT('',(-0.0507064989954233,0.0483568249115348,0.));
#5989=CARTESIAN_POINT('',(-0.0507064989954233,0.0539343249115348,0.));
#5990=CARTESIAN_POINT('',(-0.0507064989954233,0.0430703249115348,0.));
#5991=CARTESIAN_POINT('',(-0.0509974989954233,0.0430703249115348,0.));
#5992=CARTESIAN_POINT('',(-0.0509974989954233,0.0427793249115348,0.));
#5993=CARTESIAN_POINT('',(-0.0517734989954233,0.0427793249115348,0.));
#5994=CARTESIAN_POINT('',(-0.0525494989954233,0.0427793249115348,0.));
#5995=CARTESIAN_POINT('',(-0.0525494989954233,0.0430703249115348,0.));
#5996=CARTESIAN_POINT('',(-0.0528404989954233,0.0430703249115348,0.));
#5997=CARTESIAN_POINT('',(-0.0528404989954233,0.0483568249115348,0.));
#5998=CARTESIAN_POINT('',(-0.0528404989954233,0.0539343249115348,0.));
#5999=CARTESIAN_POINT('',(-0.0526464989954233,0.0539343249115348,0.));
#6000=CARTESIAN_POINT('',(-0.0524524989954233,0.0539343249115348,0.));
#6001=CARTESIAN_POINT('',(-0.0524524989954233,0.0483568249115348,0.));
#6002=CARTESIAN_POINT('',(-0.0524524989954233,0.0431673249115348,0.));
#6003=CARTESIAN_POINT('',(-0.0517734989954233,0.0431673249115348,0.));
#6004=CARTESIAN_POINT('',(-0.0510944989954233,0.0431673249115348,0.));
#6005=CARTESIAN_POINT('',(-0.0510944989954233,0.0483568249115348,0.));
#6006=CARTESIAN_POINT('',(-0.0510944989954233,0.0539343249115348,0.));
#6007=CARTESIAN_POINT('',(-0.0509004989954233,0.0539343249115348,0.));
#6008=CARTESIAN_POINT('',(-0.0510944989954233,0.0483568249115348,0.01552));
#6009=CARTESIAN_POINT('',(-0.0510944989954233,0.0535463249115348,0.015035));
#6010=CARTESIAN_POINT('',(-0.0510944989954233,0.0535463249115348,0.015035));
#6011=CARTESIAN_POINT('',(-0.0510944989954233,0.0535463249115348,0.000485));
#6012=CARTESIAN_POINT('',(-0.0510944989954233,0.0483568249115348,0.015035));
#6013=CARTESIAN_POINT('',(-0.0510944989954233,0.0431673249115348,0.015035));
#6014=CARTESIAN_POINT('',(-0.0510944989954233,0.0431673249115348,0.01552));
#6015=CARTESIAN_POINT('',(-0.0510944989954233,0.0431673249115348,0.01552));
#6016=CARTESIAN_POINT('',(-0.0510944989954233,0.0483568249115348,0.01552));
#6017=CARTESIAN_POINT('',(-0.0510944989954233,0.0539343249115348,0.01552));
#6018=CARTESIAN_POINT('',(-0.0510944989954233,0.0539343249115348,0.01552));
#6019=CARTESIAN_POINT('',(-0.0510944989954233,0.0431673249115348,0.000485));
#6020=CARTESIAN_POINT('',(-0.0510944989954233,0.0431673249115348,0.000485));
#6021=CARTESIAN_POINT('',(-0.0510944989954233,0.0483568249115348,0.000485));
#6022=CARTESIAN_POINT('',(-0.0517734989954233,0.0431673249115348,0.01552));
#6023=CARTESIAN_POINT('',(-0.0517734989954233,0.0431673249115348,0.015035));
#6024=CARTESIAN_POINT('',(-0.0524524989954233,0.0431673249115348,0.015035));
#6025=CARTESIAN_POINT('',(-0.0524524989954233,0.0431673249115348,0.01552));
#6026=CARTESIAN_POINT('',(-0.0524524989954233,0.0431673249115348,0.01552));
#6027=CARTESIAN_POINT('',(-0.0517734989954233,0.0431673249115348,0.01552));
#6028=CARTESIAN_POINT('',(-0.0524524989954233,0.0483568249115348,0.01552));
#6029=CARTESIAN_POINT('',(-0.0524524989954233,0.0483568249115348,0.015035));
#6030=CARTESIAN_POINT('',(-0.0524524989954233,0.0535463249115348,0.015035));
#6031=CARTESIAN_POINT('',(-0.0524524989954233,0.0535463249115348,0.015035));
#6032=CARTESIAN_POINT('',(-0.0524524989954233,0.0535463249115348,0.000485));
#6033=CARTESIAN_POINT('',(-0.0524524989954233,0.0483568249115348,0.000485));
#6034=CARTESIAN_POINT('',(-0.0524524989954233,0.0431673249115348,0.000485));
#6035=CARTESIAN_POINT('',(-0.0524524989954233,0.0431673249115348,0.000485));
#6036=CARTESIAN_POINT('',(-0.0524524989954233,0.0539343249115348,0.01552));
#6037=CARTESIAN_POINT('',(-0.0524524989954233,0.0539343249115348,0.01552));
#6038=CARTESIAN_POINT('',(-0.0524524989954233,0.0483568249115348,0.01552));
#6039=CARTESIAN_POINT('',(-0.0526464989954233,0.0539343249115348,0.01552));
#6040=CARTESIAN_POINT('',(-0.0528404989954233,0.0539343249115348,0.01552));
#6041=CARTESIAN_POINT('',(-0.0528404989954233,0.0539343249115348,0.01552));
#6042=CARTESIAN_POINT('',(-0.0526464989954233,0.0539343249115348,0.01552));
#6043=CARTESIAN_POINT('',(-0.0528404989954233,0.0483568249115348,0.01552));
#6044=CARTESIAN_POINT('',(-0.0528404989954233,0.0430703249115348,0.01552));
#6045=CARTESIAN_POINT('',(-0.0528404989954233,0.0430703249115348,0.01552));
#6046=CARTESIAN_POINT('',(-0.0528404989954233,0.0483568249115348,0.01552));
#6047=CARTESIAN_POINT('',(-0.0517734989954233,0.0427793249115348,0.01552));
#6048=CARTESIAN_POINT('',(-0.0509974989954233,0.0427793249115348,0.01552));
#6049=CARTESIAN_POINT('',(-0.0509974989954233,0.0427793249115348,0.01552));
#6050=CARTESIAN_POINT('',(-0.0517734989954233,0.0427793249115348,0.01552));
#6051=CARTESIAN_POINT('',(-0.0525494989954233,0.0427793249115348,0.01552));
#6052=CARTESIAN_POINT('',(-0.0525494989954233,0.0427793249115348,0.01552));
#6053=CARTESIAN_POINT('',(-0.0507064989954233,0.0483568249115348,0.01552));
#6054=CARTESIAN_POINT('',(-0.0507064989954233,0.0483568249115348,0.01552));
#6055=CARTESIAN_POINT('',(-0.0507064989954233,0.0539343249115348,0.01552));
#6056=CARTESIAN_POINT('',(-0.0507064989954233,0.0430703249115348,0.01552));
#6057=CARTESIAN_POINT('',(-0.0507064989954233,0.0430703249115348,0.));
#6058=CARTESIAN_POINT('',(-0.0507064989954233,0.0539343249115348,0.01552));
#6059=CARTESIAN_POINT('',(-0.0509004989954233,0.0539343249115348,0.01552));
#6060=CARTESIAN_POINT('',(-0.0509004989954233,0.0539343249115348,0.01552));
#6061=CARTESIAN_POINT('',(-0.0517734989954233,0.0483568249115348,0.01552));
#6062=CARTESIAN_POINT('',(-0.0509974989954233,0.0430703249115348,0.01552));
#6063=CARTESIAN_POINT('',(-0.0525494989954233,0.0430703249115348,0.01552));
#6064=CARTESIAN_POINT('',(-0.0517734989954233,0.0535463249115348,0.015035));
#6065=CARTESIAN_POINT('',(-0.0517734989954233,0.0535463249115348,0.000485));
#6066=CARTESIAN_POINT('',(-0.0517734989954233,0.0535463249115348,0.015035));
#6067=CARTESIAN_POINT('',(-0.0517734989954233,0.0483568249115348,0.015035));
#6068=CARTESIAN_POINT('',(-0.0517734989954233,0.0431673249115348,0.000485));
#6069=CARTESIAN_POINT('',(-0.0517734989954233,0.0431673249115348,0.000485));
#6070=CARTESIAN_POINT('',(-0.0517734989954233,0.0483568249115348,0.000485));
#6071=CARTESIAN_POINT('',(-0.0509974989954233,0.0430703249115348,0.01552));
#6072=CARTESIAN_POINT('',(-0.0525494989954233,0.0430703249115348,0.01552));
#6073=CARTESIAN_POINT('',(0.,0.,0.));
#6074=CARTESIAN_POINT('',(0.0305200331556797,0.0460254903734922,0.));
#6075=CARTESIAN_POINT('',(0.0288225331556797,0.0460254903734922,0.));
#6076=CARTESIAN_POINT('',(0.0288225331556797,0.0511907403734922,0.));
#6077=CARTESIAN_POINT('',(0.0288225331556797,0.0404722403734922,0.));
#6078=CARTESIAN_POINT('',(0.0292105331556797,0.0511907403734922,0.));
#6079=CARTESIAN_POINT('',(0.0292105331556797,0.0515787403734922,0.));
#6080=CARTESIAN_POINT('',(0.0305200331556797,0.0515787403734922,0.));
#6081=CARTESIAN_POINT('',(0.0318295331556797,0.0515787403734922,0.));
#6082=CARTESIAN_POINT('',(0.0318295331556797,0.0511907403734922,0.));
#6083=CARTESIAN_POINT('',(0.0322175331556797,0.0511907403734922,0.));
#6084=CARTESIAN_POINT('',(0.0322175331556797,0.0460254903734922,0.));
#6085=CARTESIAN_POINT('',(0.0322175331556797,0.0404722403734922,0.));
#6086=CARTESIAN_POINT('',(0.0319750331556797,0.0404722403734922,0.));
#6087=CARTESIAN_POINT('',(0.0317325331556797,0.0404722403734922,0.));
#6088=CARTESIAN_POINT('',(0.0317325331556797,0.0460254903734922,0.));
#6089=CARTESIAN_POINT('',(0.0317325331556797,0.0510937403734922,0.));
#6090=CARTESIAN_POINT('',(0.0305200331556797,0.0510937403734922,0.));
#6091=CARTESIAN_POINT('',(0.0293075331556797,0.0510937403734922,0.));
#6092=CARTESIAN_POINT('',(0.0293075331556797,0.0407147403734923,0.));
#6093=CARTESIAN_POINT('',(0.0293075331556797,0.0404722403734922,0.));
#6094=CARTESIAN_POINT('',(0.0290650331556797,0.0404722403734922,0.));
#6095=CARTESIAN_POINT('',(0.0293075331556797,0.0407147403734923,0.015035));
#6096=CARTESIAN_POINT('',(0.0293075331556797,0.0409572403734922,0.01455));
#6097=CARTESIAN_POINT('',(0.0293075331556797,0.0409572403734922,0.01455));
#6098=CARTESIAN_POINT('',(0.0293075331556797,0.0409572403734922,0.000485));
#6099=CARTESIAN_POINT('',(0.0293075331556797,0.0460254903734922,0.01455));
#6100=CARTESIAN_POINT('',(0.0293075331556797,0.0510937403734922,0.01455));
#6101=CARTESIAN_POINT('',(0.0293075331556797,0.0510937403734922,0.015035));
#6102=CARTESIAN_POINT('',(0.0293075331556797,0.0510937403734922,0.015035));
#6103=CARTESIAN_POINT('',(0.0293075331556797,0.0407147403734923,0.015035));
#6104=CARTESIAN_POINT('',(0.0293075331556797,0.0404722403734922,0.015035));
#6105=CARTESIAN_POINT('',(0.0293075331556797,0.0404722403734922,0.015035));
#6106=CARTESIAN_POINT('',(0.0293075331556797,0.0510937403734922,0.000485));
#6107=CARTESIAN_POINT('',(0.0293075331556797,0.0510937403734922,0.000485));
#6108=CARTESIAN_POINT('',(0.0293075331556797,0.0460254903734922,0.000485));
#6109=CARTESIAN_POINT('',(0.0305200331556797,0.0510937403734922,0.015035));
#6110=CARTESIAN_POINT('',(0.0305200331556797,0.0510937403734922,0.01455));
#6111=CARTESIAN_POINT('',(0.0317325331556797,0.0510937403734922,0.01455));
#6112=CARTESIAN_POINT('',(0.0317325331556797,0.0510937403734922,0.015035));
#6113=CARTESIAN_POINT('',(0.0317325331556797,0.0510937403734922,0.015035));
#6114=CARTESIAN_POINT('',(0.0305200331556797,0.0510937403734922,0.015035));
#6115=CARTESIAN_POINT('',(0.0317325331556797,0.0460254903734922,0.015035));
#6116=CARTESIAN_POINT('',(0.0317325331556797,0.0460254903734922,0.01455));
#6117=CARTESIAN_POINT('',(0.0317325331556797,0.0409572403734922,0.01455));
#6118=CARTESIAN_POINT('',(0.0317325331556797,0.0409572403734922,0.01455));
#6119=CARTESIAN_POINT('',(0.0317325331556797,0.0409572403734922,0.000485));
#6120=CARTESIAN_POINT('',(0.0317325331556797,0.0460254903734922,0.000485));
#6121=CARTESIAN_POINT('',(0.0317325331556797,0.0510937403734922,0.000485));
#6122=CARTESIAN_POINT('',(0.0317325331556797,0.0510937403734922,0.000485));
#6123=CARTESIAN_POINT('',(0.0317325331556797,0.0404722403734922,0.015035));
#6124=CARTESIAN_POINT('',(0.0317325331556797,0.0404722403734922,0.015035));
#6125=CARTESIAN_POINT('',(0.0317325331556797,0.0460254903734922,0.015035));
#6126=CARTESIAN_POINT('',(0.0319750331556797,0.0404722403734922,0.015035));
#6127=CARTESIAN_POINT('',(0.0322175331556797,0.0404722403734922,0.015035));
#6128=CARTESIAN_POINT('',(0.0322175331556797,0.0404722403734922,0.015035));
#6129=CARTESIAN_POINT('',(0.0319750331556797,0.0404722403734922,0.015035));
#6130=CARTESIAN_POINT('',(0.0322175331556797,0.0460254903734922,0.015035));
#6131=CARTESIAN_POINT('',(0.0322175331556797,0.0511907403734922,0.015035));
#6132=CARTESIAN_POINT('',(0.0322175331556797,0.0511907403734922,0.015035));
#6133=CARTESIAN_POINT('',(0.0322175331556797,0.0460254903734922,0.015035));
#6134=CARTESIAN_POINT('',(0.0305200331556797,0.0515787403734922,0.015035));
#6135=CARTESIAN_POINT('',(0.0292105331556797,0.0515787403734922,0.015035));
#6136=CARTESIAN_POINT('',(0.0292105331556797,0.0515787403734922,0.015035));
#6137=CARTESIAN_POINT('',(0.0305200331556797,0.0515787403734922,0.015035));
#6138=CARTESIAN_POINT('',(0.0318295331556797,0.0515787403734922,0.015035));
#6139=CARTESIAN_POINT('',(0.0318295331556797,0.0515787403734922,0.015035));
#6140=CARTESIAN_POINT('',(0.0288225331556797,0.0460254903734922,0.015035));
#6141=CARTESIAN_POINT('',(0.0288225331556797,0.0460254903734922,0.015035));
#6142=CARTESIAN_POINT('',(0.0288225331556797,0.0511907403734922,0.015035));
#6143=CARTESIAN_POINT('',(0.0288225331556797,0.0404722403734922,0.015035));
#6144=CARTESIAN_POINT('',(0.0288225331556797,0.0511907403734922,0.));
#6145=CARTESIAN_POINT('',(0.0288225331556797,0.0404722403734922,0.015035));
#6146=CARTESIAN_POINT('',(0.0290650331556797,0.0404722403734922,0.015035));
#6147=CARTESIAN_POINT('',(0.0290650331556797,0.0404722403734922,0.015035));
#6148=CARTESIAN_POINT('',(0.0305200331556797,0.0460254903734922,0.015035));
#6149=CARTESIAN_POINT('',(0.0292105331556797,0.0511907403734922,0.015035));
#6150=CARTESIAN_POINT('',(0.0318295331556797,0.0511907403734922,0.015035));
#6151=CARTESIAN_POINT('',(0.0305200331556797,0.0409572403734922,0.01455));
#6152=CARTESIAN_POINT('',(0.0305200331556797,0.0409572403734922,0.000485));
#6153=CARTESIAN_POINT('',(0.0305200331556797,0.0409572403734922,0.01455));
#6154=CARTESIAN_POINT('',(0.0305200331556797,0.0460254903734922,0.01455));
#6155=CARTESIAN_POINT('',(0.0305200331556797,0.0510937403734922,0.000485));
#6156=CARTESIAN_POINT('',(0.0305200331556797,0.0510937403734922,0.000485));
#6157=CARTESIAN_POINT('',(0.0305200331556797,0.0460254903734922,0.000485));
#6158=CARTESIAN_POINT('',(0.0292105331556797,0.0511907403734922,0.015035));
#6159=CARTESIAN_POINT('',(0.0318295331556797,0.0511907403734922,0.015035));
#6160=CARTESIAN_POINT('',(0.,0.,0.));
#6161=CARTESIAN_POINT('',(0.0537030331556797,0.0460254903734922,0.));
#6162=CARTESIAN_POINT('',(0.0537030331556797,0.0515787403734922,0.));
#6163=CARTESIAN_POINT('',(0.0523935331556797,0.0515787403734922,0.));
#6164=CARTESIAN_POINT('',(0.0550125331556797,0.0515787403734922,0.));
#6165=CARTESIAN_POINT('',(0.0550125331556797,0.0511907403734922,0.));
#6166=CARTESIAN_POINT('',(0.0554005331556797,0.0511907403734922,0.));
#6167=CARTESIAN_POINT('',(0.0554005331556797,0.0460254903734922,0.));
#6168=CARTESIAN_POINT('',(0.0554005331556797,0.0404722403734922,0.));
#6169=CARTESIAN_POINT('',(0.0551580331556797,0.0404722403734922,0.));
#6170=CARTESIAN_POINT('',(0.0549155331556797,0.0404722403734922,0.));
#6171=CARTESIAN_POINT('',(0.0549155331556797,0.0460254903734922,0.));
#6172=CARTESIAN_POINT('',(0.0549155331556797,0.0510937403734922,0.));
#6173=CARTESIAN_POINT('',(0.0537030331556797,0.0510937403734922,0.));
#6174=CARTESIAN_POINT('',(0.0524905331556797,0.0510937403734922,0.));
#6175=CARTESIAN_POINT('',(0.0524905331556797,0.0407147403734923,0.));
#6176=CARTESIAN_POINT('',(0.0524905331556797,0.0404722403734922,0.));
#6177=CARTESIAN_POINT('',(0.0522480331556797,0.0404722403734922,0.));
#6178=CARTESIAN_POINT('',(0.0520055331556797,0.0404722403734922,0.));
#6179=CARTESIAN_POINT('',(0.0520055331556797,0.0460254903734922,0.));
#6180=CARTESIAN_POINT('',(0.0520055331556797,0.0511907403734922,0.));
#6181=CARTESIAN_POINT('',(0.0523935331556797,0.0511907403734922,0.));
#6182=CARTESIAN_POINT('',(0.0524905331556797,0.0407147403734923,0.015035));
#6183=CARTESIAN_POINT('',(0.0524905331556797,0.0409572403734922,0.01455));
#6184=CARTESIAN_POINT('',(0.0524905331556797,0.0409572403734922,0.01455));
#6185=CARTESIAN_POINT('',(0.0524905331556797,0.0409572403734922,0.000485));
#6186=CARTESIAN_POINT('',(0.0524905331556797,0.0460254903734922,0.01455));
#6187=CARTESIAN_POINT('',(0.0524905331556797,0.0510937403734922,0.01455));
#6188=CARTESIAN_POINT('',(0.0524905331556797,0.0510937403734922,0.015035));
#6189=CARTESIAN_POINT('',(0.0524905331556797,0.0510937403734922,0.015035));
#6190=CARTESIAN_POINT('',(0.0524905331556797,0.0407147403734923,0.015035));
#6191=CARTESIAN_POINT('',(0.0524905331556797,0.0404722403734922,0.015035));
#6192=CARTESIAN_POINT('',(0.0524905331556797,0.0404722403734922,0.015035));
#6193=CARTESIAN_POINT('',(0.0524905331556797,0.0510937403734922,0.000485));
#6194=CARTESIAN_POINT('',(0.0524905331556797,0.0510937403734922,0.000485));
#6195=CARTESIAN_POINT('',(0.0524905331556797,0.0460254903734922,0.000485));
#6196=CARTESIAN_POINT('',(0.0537030331556797,0.0510937403734922,0.015035));
#6197=CARTESIAN_POINT('',(0.0537030331556797,0.0510937403734922,0.01455));
#6198=CARTESIAN_POINT('',(0.0549155331556797,0.0510937403734922,0.01455));
#6199=CARTESIAN_POINT('',(0.0549155331556797,0.0510937403734922,0.015035));
#6200=CARTESIAN_POINT('',(0.0549155331556797,0.0510937403734922,0.015035));
#6201=CARTESIAN_POINT('',(0.0537030331556797,0.0510937403734922,0.015035));
#6202=CARTESIAN_POINT('',(0.0549155331556797,0.0460254903734922,0.015035));
#6203=CARTESIAN_POINT('',(0.0549155331556797,0.0460254903734922,0.01455));
#6204=CARTESIAN_POINT('',(0.0549155331556797,0.0409572403734922,0.01455));
#6205=CARTESIAN_POINT('',(0.0549155331556797,0.0409572403734922,0.01455));
#6206=CARTESIAN_POINT('',(0.0549155331556797,0.0409572403734922,0.000485));
#6207=CARTESIAN_POINT('',(0.0549155331556797,0.0460254903734922,0.000485));
#6208=CARTESIAN_POINT('',(0.0549155331556797,0.0510937403734922,0.000485));
#6209=CARTESIAN_POINT('',(0.0549155331556797,0.0510937403734922,0.000485));
#6210=CARTESIAN_POINT('',(0.0549155331556797,0.0404722403734922,0.015035));
#6211=CARTESIAN_POINT('',(0.0549155331556797,0.0404722403734922,0.015035));
#6212=CARTESIAN_POINT('',(0.0549155331556797,0.0460254903734922,0.015035));
#6213=CARTESIAN_POINT('',(0.0551580331556797,0.0404722403734922,0.015035));
#6214=CARTESIAN_POINT('',(0.0554005331556797,0.0404722403734922,0.015035));
#6215=CARTESIAN_POINT('',(0.0554005331556797,0.0404722403734922,0.015035));
#6216=CARTESIAN_POINT('',(0.0551580331556797,0.0404722403734922,0.015035));
#6217=CARTESIAN_POINT('',(0.0554005331556797,0.0460254903734922,0.015035));
#6218=CARTESIAN_POINT('',(0.0554005331556797,0.0511907403734922,0.015035));
#6219=CARTESIAN_POINT('',(0.0554005331556797,0.0511907403734922,0.015035));
#6220=CARTESIAN_POINT('',(0.0554005331556797,0.0460254903734922,0.015035));
#6221=CARTESIAN_POINT('',(0.0537030331556797,0.0515787403734922,0.015035));
#6222=CARTESIAN_POINT('',(0.0537030331556797,0.0515787403734922,0.015035));
#6223=CARTESIAN_POINT('',(0.0523935331556797,0.0515787403734922,0.015035));
#6224=CARTESIAN_POINT('',(0.0550125331556797,0.0515787403734922,0.015035));
#6225=CARTESIAN_POINT('',(0.0550125331556797,0.0515787403734922,0.015035));
#6226=CARTESIAN_POINT('',(0.0523935331556797,0.0515787403734922,0.015035));
#6227=CARTESIAN_POINT('',(0.0520055331556797,0.0460254903734922,0.015035));
#6228=CARTESIAN_POINT('',(0.0520055331556797,0.0460254903734922,0.015035));
#6229=CARTESIAN_POINT('',(0.0520055331556797,0.0511907403734922,0.015035));
#6230=CARTESIAN_POINT('',(0.0520055331556797,0.0404722403734922,0.015035));
#6231=CARTESIAN_POINT('',(0.0520055331556797,0.0511907403734922,0.));
#6232=CARTESIAN_POINT('',(0.0520055331556797,0.0404722403734922,0.015035));
#6233=CARTESIAN_POINT('',(0.0522480331556797,0.0404722403734922,0.015035));
#6234=CARTESIAN_POINT('',(0.0522480331556797,0.0404722403734922,0.015035));
#6235=CARTESIAN_POINT('',(0.0537030331556797,0.0460254903734922,0.015035));
#6236=CARTESIAN_POINT('',(0.0550125331556797,0.0511907403734922,0.015035));
#6237=CARTESIAN_POINT('',(0.0523935331556797,0.0511907403734922,0.015035));
#6238=CARTESIAN_POINT('',(0.0537030331556797,0.0409572403734922,0.01455));
#6239=CARTESIAN_POINT('',(0.0537030331556797,0.0409572403734922,0.000485));
#6240=CARTESIAN_POINT('',(0.0537030331556797,0.0409572403734922,0.01455));
#6241=CARTESIAN_POINT('',(0.0537030331556797,0.0460254903734922,0.01455));
#6242=CARTESIAN_POINT('',(0.0537030331556797,0.0510937403734922,0.000485));
#6243=CARTESIAN_POINT('',(0.0537030331556797,0.0510937403734922,0.000485));
#6244=CARTESIAN_POINT('',(0.0537030331556797,0.0460254903734922,0.000485));
#6245=CARTESIAN_POINT('',(0.0550125331556797,0.0511907403734922,0.015035));
#6246=CARTESIAN_POINT('',(0.0523935331556797,0.0511907403734922,0.015035));
#6247=CARTESIAN_POINT('',(0.,0.,0.));
#6248=CARTESIAN_POINT('',(0.0534992767418027,0.0110987599085644,0.));
#6249=CARTESIAN_POINT('',(0.0534992767418027,0.0166762599085644,0.));
#6250=CARTESIAN_POINT('',(0.0526262767418027,0.0166762599085644,0.));
#6251=CARTESIAN_POINT('',(0.0543722767418027,0.0166762599085644,0.));
#6252=CARTESIAN_POINT('',(0.0543722767418027,0.0160942599085644,0.));
#6253=CARTESIAN_POINT('',(0.0549542767418027,0.0160942599085644,0.));
#6254=CARTESIAN_POINT('',(0.0549542767418027,0.0110987599085644,0.));
#6255=CARTESIAN_POINT('',(0.0549542767418027,0.00552125990856439,0.));
#6256=CARTESIAN_POINT('',(0.0547117767418027,0.00552125990856439,0.));
#6257=CARTESIAN_POINT('',(0.0544692767418027,0.00552125990856439,0.));
#6258=CARTESIAN_POINT('',(0.0544692767418027,0.0110987599085644,0.));
#6259=CARTESIAN_POINT('',(0.0544692767418027,0.0161912599085644,0.));
#6260=CARTESIAN_POINT('',(0.0534992767418027,0.0161912599085644,0.));
#6261=CARTESIAN_POINT('',(0.0525292767418027,0.0161912599085644,0.));
#6262=CARTESIAN_POINT('',(0.0525292767418027,0.00576375990856439,0.));
#6263=CARTESIAN_POINT('',(0.0525292767418027,0.00552125990856439,0.));
#6264=CARTESIAN_POINT('',(0.0522867767418027,0.00552125990856439,0.));
#6265=CARTESIAN_POINT('',(0.0520442767418027,0.00552125990856439,0.));
#6266=CARTESIAN_POINT('',(0.0520442767418027,0.0110987599085644,0.));
#6267=CARTESIAN_POINT('',(0.0520442767418027,0.0160942599085644,0.));
#6268=CARTESIAN_POINT('',(0.0526262767418027,0.0160942599085644,0.));
#6269=CARTESIAN_POINT('',(0.0525292767418027,0.00576375990856439,0.01455));
#6270=CARTESIAN_POINT('',(0.0525292767418027,0.00600625990856439,0.014065));
#6271=CARTESIAN_POINT('',(0.0525292767418027,0.00600625990856439,0.014065));
#6272=CARTESIAN_POINT('',(0.0525292767418027,0.00600625990856439,0.000485));
#6273=CARTESIAN_POINT('',(0.0525292767418027,0.0110987599085644,0.014065));
#6274=CARTESIAN_POINT('',(0.0525292767418027,0.0161912599085644,0.014065));
#6275=CARTESIAN_POINT('',(0.0525292767418027,0.0161912599085644,0.01455));
#6276=CARTESIAN_POINT('',(0.0525292767418027,0.0161912599085644,0.01455));
#6277=CARTESIAN_POINT('',(0.0525292767418027,0.00576375990856439,0.01455));
#6278=CARTESIAN_POINT('',(0.0525292767418027,0.00552125990856439,0.01455));
#6279=CARTESIAN_POINT('',(0.0525292767418027,0.00552125990856439,0.01455));
#6280=CARTESIAN_POINT('',(0.0525292767418027,0.0161912599085644,0.000485));
#6281=CARTESIAN_POINT('',(0.0525292767418027,0.0161912599085644,0.000485));
#6282=CARTESIAN_POINT('',(0.0525292767418027,0.0110987599085644,0.000485));
#6283=CARTESIAN_POINT('',(0.0534992767418027,0.0161912599085644,0.01455));
#6284=CARTESIAN_POINT('',(0.0534992767418027,0.0161912599085644,0.014065));
#6285=CARTESIAN_POINT('',(0.0544692767418027,0.0161912599085644,0.014065));
#6286=CARTESIAN_POINT('',(0.0544692767418027,0.0161912599085644,0.01455));
#6287=CARTESIAN_POINT('',(0.0544692767418027,0.0161912599085644,0.01455));
#6288=CARTESIAN_POINT('',(0.0534992767418027,0.0161912599085644,0.01455));
#6289=CARTESIAN_POINT('',(0.0544692767418027,0.0110987599085644,0.01455));
#6290=CARTESIAN_POINT('',(0.0544692767418027,0.0110987599085644,0.014065));
#6291=CARTESIAN_POINT('',(0.0544692767418027,0.00600625990856439,0.014065));
#6292=CARTESIAN_POINT('',(0.0544692767418027,0.00600625990856439,0.014065));
#6293=CARTESIAN_POINT('',(0.0544692767418027,0.00600625990856439,0.000485));
#6294=CARTESIAN_POINT('',(0.0544692767418027,0.0110987599085644,0.000485));
#6295=CARTESIAN_POINT('',(0.0544692767418027,0.0161912599085644,0.000485));
#6296=CARTESIAN_POINT('',(0.0544692767418027,0.0161912599085644,0.000485));
#6297=CARTESIAN_POINT('',(0.0544692767418027,0.00552125990856439,0.01455));
#6298=CARTESIAN_POINT('',(0.0544692767418027,0.00552125990856439,0.01455));
#6299=CARTESIAN_POINT('',(0.0544692767418027,0.0110987599085644,0.01455));
#6300=CARTESIAN_POINT('',(0.0547117767418027,0.00552125990856439,0.01455));
#6301=CARTESIAN_POINT('',(0.0549542767418027,0.00552125990856439,0.01455));
#6302=CARTESIAN_POINT('',(0.0549542767418027,0.00552125990856439,0.01455));
#6303=CARTESIAN_POINT('',(0.0547117767418027,0.00552125990856439,0.01455));
#6304=CARTESIAN_POINT('',(0.0549542767418027,0.0110987599085644,0.01455));
#6305=CARTESIAN_POINT('',(0.0549542767418027,0.0160942599085644,0.01455));
#6306=CARTESIAN_POINT('',(0.0549542767418027,0.0160942599085644,0.01455));
#6307=CARTESIAN_POINT('',(0.0549542767418027,0.0110987599085644,0.01455));
#6308=CARTESIAN_POINT('',(0.0534992767418027,0.0166762599085644,0.01455));
#6309=CARTESIAN_POINT('',(0.0534992767418027,0.0166762599085644,0.01455));
#6310=CARTESIAN_POINT('',(0.0526262767418027,0.0166762599085644,0.01455));
#6311=CARTESIAN_POINT('',(0.0543722767418027,0.0166762599085644,0.01455));
#6312=CARTESIAN_POINT('',(0.0543722767418027,0.0166762599085644,0.01455));
#6313=CARTESIAN_POINT('',(0.0526262767418027,0.0166762599085644,0.01455));
#6314=CARTESIAN_POINT('',(0.0520442767418027,0.0110987599085644,0.01455));
#6315=CARTESIAN_POINT('',(0.0520442767418027,0.0110987599085644,0.01455));
#6316=CARTESIAN_POINT('',(0.0520442767418027,0.0160942599085644,0.01455));
#6317=CARTESIAN_POINT('',(0.0520442767418027,0.00552125990856439,0.01455));
#6318=CARTESIAN_POINT('',(0.0520442767418027,0.0160942599085644,0.));
#6319=CARTESIAN_POINT('',(0.0520442767418027,0.00552125990856439,0.01455));
#6320=CARTESIAN_POINT('',(0.0522867767418027,0.00552125990856439,0.01455));
#6321=CARTESIAN_POINT('',(0.0522867767418027,0.00552125990856439,0.01455));
#6322=CARTESIAN_POINT('',(0.0534992767418027,0.0110987599085644,0.01455));
#6323=CARTESIAN_POINT('',(0.0543722767418027,0.0160942599085644,0.01455));
#6324=CARTESIAN_POINT('',(0.0526262767418027,0.0160942599085644,0.01455));
#6325=CARTESIAN_POINT('',(0.0534992767418027,0.00600625990856439,0.014065));
#6326=CARTESIAN_POINT('',(0.0534992767418027,0.00600625990856439,0.000485));
#6327=CARTESIAN_POINT('',(0.0534992767418027,0.00600625990856439,0.014065));
#6328=CARTESIAN_POINT('',(0.0534992767418027,0.0110987599085644,0.014065));
#6329=CARTESIAN_POINT('',(0.0534992767418027,0.0161912599085644,0.000485));
#6330=CARTESIAN_POINT('',(0.0534992767418027,0.0161912599085644,0.000485));
#6331=CARTESIAN_POINT('',(0.0534992767418027,0.0110987599085644,0.000485));
#6332=CARTESIAN_POINT('',(0.0543722767418027,0.0160942599085644,0.01455));
#6333=CARTESIAN_POINT('',(0.0526262767418027,0.0160942599085644,0.01455));
#6334=CARTESIAN_POINT('',(0.,0.,0.));
#6335=CARTESIAN_POINT('',(0.00164553930056095,0.0464198643946052,0.01455));
#6336=CARTESIAN_POINT('',(0.00164553930056095,0.0514638643946052,0.014065));
#6337=CARTESIAN_POINT('',(0.00164553930056095,0.0514638643946052,0.014065));
#6338=CARTESIAN_POINT('',(0.00164553930056095,0.0514638643946052,0.000485));
#6339=CARTESIAN_POINT('',(0.00164553930056095,0.0464198643946052,0.014065));
#6340=CARTESIAN_POINT('',(0.00164553930056095,0.0413758643946052,0.014065));
#6341=CARTESIAN_POINT('',(0.00164553930056095,0.0413758643946052,0.01455));
#6342=CARTESIAN_POINT('',(0.00164553930056095,0.0413758643946052,0.01455));
#6343=CARTESIAN_POINT('',(0.00164553930056095,0.0464198643946052,0.01455));
#6344=CARTESIAN_POINT('',(0.00164553930056095,0.0519488643946052,0.01455));
#6345=CARTESIAN_POINT('',(0.00164553930056095,0.0519488643946052,0.01455));
#6346=CARTESIAN_POINT('',(0.00164553930056095,0.0519488643946052,0.));
#6347=CARTESIAN_POINT('',(0.00164553930056095,0.0464198643946052,0.));
#6348=CARTESIAN_POINT('',(0.00164553930056095,0.0413758643946052,0.));
#6349=CARTESIAN_POINT('',(0.00164553930056095,0.0413758643946052,0.000485));
#6350=CARTESIAN_POINT('',(0.00164553930056095,0.0413758643946052,0.000485));
#6351=CARTESIAN_POINT('',(0.00164553930056095,0.0464198643946052,0.000485));
#6352=CARTESIAN_POINT('',(0.000190539300560952,0.0413758643946052,0.01455));
#6353=CARTESIAN_POINT('',(0.000190539300560952,0.0413758643946052,0.014065));
#6354=CARTESIAN_POINT('',(-0.00126446069943905,0.0413758643946052,0.014065));
#6355=CARTESIAN_POINT('',(-0.00126446069943905,0.0413758643946052,0.01455));
#6356=CARTESIAN_POINT('',(-0.00126446069943905,0.0413758643946052,0.01455));
#6357=CARTESIAN_POINT('',(0.000190539300560952,0.0413758643946052,0.01455));
#6358=CARTESIAN_POINT('',(-0.00126446069943905,0.0464198643946052,0.01455));
#6359=CARTESIAN_POINT('',(-0.00126446069943905,0.0464198643946052,0.014065));
#6360=CARTESIAN_POINT('',(-0.00126446069943905,0.0514638643946052,0.014065));
#6361=CARTESIAN_POINT('',(-0.00126446069943905,0.0514638643946052,0.014065));
#6362=CARTESIAN_POINT('',(-0.00126446069943905,0.0514638643946052,0.000485));
#6363=CARTESIAN_POINT('',(-0.00126446069943905,0.0464198643946052,0.000485));
#6364=CARTESIAN_POINT('',(-0.00126446069943905,0.0413758643946052,0.000485));
#6365=CARTESIAN_POINT('',(-0.00126446069943905,0.0413758643946052,0.000485));
#6366=CARTESIAN_POINT('',(-0.00126446069943905,0.0413758643946052,0.));
#6367=CARTESIAN_POINT('',(-0.00126446069943905,0.0464198643946052,0.));
#6368=CARTESIAN_POINT('',(-0.00126446069943905,0.0519488643946052,0.));
#6369=CARTESIAN_POINT('',(-0.00126446069943905,0.0519488643946052,0.01455));
#6370=CARTESIAN_POINT('',(-0.00126446069943905,0.0519488643946052,0.01455));
#6371=CARTESIAN_POINT('',(-0.00126446069943905,0.0464198643946052,0.01455));
#6372=CARTESIAN_POINT('',(-0.00150696069943905,0.0519488643946052,0.01455));
#6373=CARTESIAN_POINT('',(-0.00150696069943905,0.0519488643946052,0.));
#6374=CARTESIAN_POINT('',(-0.00174946069943905,0.0519488643946052,0.));
#6375=CARTESIAN_POINT('',(-0.00174946069943905,0.0519488643946052,0.01455));
#6376=CARTESIAN_POINT('',(-0.00174946069943905,0.0519488643946052,0.01455));
#6377=CARTESIAN_POINT('',(-0.00150696069943905,0.0519488643946052,0.01455));
#6378=CARTESIAN_POINT('',(-0.00174946069943905,0.0464198643946052,0.01455));
#6379=CARTESIAN_POINT('',(-0.00174946069943905,0.0464198643946052,0.));
#6380=CARTESIAN_POINT('',(-0.00174946069943905,0.0413758643946052,0.));
#6381=CARTESIAN_POINT('',(-0.00174946069943905,0.0413758643946052,0.01455));
#6382=CARTESIAN_POINT('',(-0.00174946069943905,0.0413758643946052,0.01455));
#6383=CARTESIAN_POINT('',(-0.00174946069943905,0.0464198643946052,0.01455));
#6384=CARTESIAN_POINT('',(0.00019053930056095,0.0408908643946052,0.01455));
#6385=CARTESIAN_POINT('',(0.00019053930056095,0.0408908643946052,0.));
#6386=CARTESIAN_POINT('',(-0.00126446069943905,0.0408908643946052,0.));
#6387=CARTESIAN_POINT('',(0.00164553930056095,0.0408908643946052,0.));
#6388=CARTESIAN_POINT('',(0.00164553930056095,0.0408908643946052,0.01455));
#6389=CARTESIAN_POINT('',(0.00164553930056095,0.0408908643946052,0.01455));
#6390=CARTESIAN_POINT('',(0.00019053930056095,0.0408908643946052,0.01455));
#6391=CARTESIAN_POINT('',(-0.00126446069943905,0.0408908643946052,0.01455));
#6392=CARTESIAN_POINT('',(-0.00126446069943905,0.0408908643946052,0.01455));
#6393=CARTESIAN_POINT('',(0.00213053930056095,0.0464198643946052,0.01455));
#6394=CARTESIAN_POINT('',(0.00213053930056095,0.0464198643946052,0.01455));
#6395=CARTESIAN_POINT('',(0.00213053930056095,0.0519488643946052,0.01455));
#6396=CARTESIAN_POINT('',(0.00213053930056095,0.0413758643946052,0.01455));
#6397=CARTESIAN_POINT('',(0.00213053930056095,0.0413758643946052,0.));
#6398=CARTESIAN_POINT('',(0.00213053930056095,0.0413758643946052,0.));
#6399=CARTESIAN_POINT('',(0.00213053930056095,0.0464198643946052,0.));
#6400=CARTESIAN_POINT('',(0.00213053930056095,0.0519488643946052,0.));
#6401=CARTESIAN_POINT('',(0.00213053930056095,0.0519488643946052,0.01455));
#6402=CARTESIAN_POINT('',(0.00188803930056095,0.0519488643946052,0.01455));
#6403=CARTESIAN_POINT('',(0.00188803930056095,0.0519488643946052,0.));
#6404=CARTESIAN_POINT('',(0.00188803930056095,0.0519488643946052,0.01455));
#6405=CARTESIAN_POINT('',(0.00019053930056095,0.0464198643946052,0.01455));
#6406=CARTESIAN_POINT('',(0.00164553930056095,0.0413758643946052,0.01455));
#6407=CARTESIAN_POINT('',(-0.00126446069943905,0.0413758643946052,0.01455));
#6408=CARTESIAN_POINT('',(0.00019053930056095,0.0464198643946052,0.));
#6409=CARTESIAN_POINT('',(0.00164553930056095,0.0413758643946052,0.));
#6410=CARTESIAN_POINT('',(-0.00126446069943905,0.0413758643946052,0.));
#6411=CARTESIAN_POINT('',(0.000190539300560952,0.0413758643946052,0.));
#6412=CARTESIAN_POINT('',(0.00019053930056095,0.0514638643946052,0.014065));
#6413=CARTESIAN_POINT('',(0.00019053930056095,0.0514638643946052,0.000485));
#6414=CARTESIAN_POINT('',(0.00019053930056095,0.0514638643946052,0.014065));
#6415=CARTESIAN_POINT('',(0.00019053930056095,0.0464198643946052,0.014065));
#6416=CARTESIAN_POINT('',(0.000190539300560952,0.0413758643946052,0.000485));
#6417=CARTESIAN_POINT('',(0.000190539300560952,0.0413758643946052,0.000485));
#6418=CARTESIAN_POINT('',(0.00019053930056095,0.0464198643946052,0.000485));
#6419=CARTESIAN_POINT('',(0.00164553930056095,0.0413758643946052,0.01455));
#6420=CARTESIAN_POINT('',(-0.00126446069943905,0.0413758643946052,0.01455));
#6421=CARTESIAN_POINT('',(0.,0.,0.));
#6422=CARTESIAN_POINT('',(-0.011061460699439,0.0464198643946052,0.01455));
#6423=CARTESIAN_POINT('',(-0.011061460699439,0.0514638643946052,0.014065));
#6424=CARTESIAN_POINT('',(-0.011061460699439,0.0514638643946052,0.014065));
#6425=CARTESIAN_POINT('',(-0.011061460699439,0.0514638643946052,0.000485));
#6426=CARTESIAN_POINT('',(-0.011061460699439,0.0464198643946052,0.014065));
#6427=CARTESIAN_POINT('',(-0.011061460699439,0.0413758643946052,0.014065));
#6428=CARTESIAN_POINT('',(-0.011061460699439,0.0413758643946052,0.01455));
#6429=CARTESIAN_POINT('',(-0.011061460699439,0.0413758643946052,0.01455));
#6430=CARTESIAN_POINT('',(-0.011061460699439,0.0464198643946052,0.01455));
#6431=CARTESIAN_POINT('',(-0.011061460699439,0.0519488643946052,0.01455));
#6432=CARTESIAN_POINT('',(-0.011061460699439,0.0519488643946052,0.01455));
#6433=CARTESIAN_POINT('',(-0.011061460699439,0.0519488643946052,0.));
#6434=CARTESIAN_POINT('',(-0.011061460699439,0.0464198643946052,0.));
#6435=CARTESIAN_POINT('',(-0.011061460699439,0.0413758643946052,0.));
#6436=CARTESIAN_POINT('',(-0.011061460699439,0.0413758643946052,0.000485));
#6437=CARTESIAN_POINT('',(-0.011061460699439,0.0413758643946052,0.000485));
#6438=CARTESIAN_POINT('',(-0.011061460699439,0.0464198643946052,0.000485));
#6439=CARTESIAN_POINT('',(-0.012516460699439,0.0413758643946052,0.01455));
#6440=CARTESIAN_POINT('',(-0.012516460699439,0.0413758643946052,0.014065));
#6441=CARTESIAN_POINT('',(-0.013971460699439,0.0413758643946052,0.014065));
#6442=CARTESIAN_POINT('',(-0.013971460699439,0.0413758643946052,0.01455));
#6443=CARTESIAN_POINT('',(-0.013971460699439,0.0413758643946052,0.01455));
#6444=CARTESIAN_POINT('',(-0.012516460699439,0.0413758643946052,0.01455));
#6445=CARTESIAN_POINT('',(-0.013971460699439,0.0464198643946052,0.01455));
#6446=CARTESIAN_POINT('',(-0.013971460699439,0.0464198643946052,0.014065));
#6447=CARTESIAN_POINT('',(-0.013971460699439,0.0514638643946052,0.014065));
#6448=CARTESIAN_POINT('',(-0.013971460699439,0.0514638643946052,0.014065));
#6449=CARTESIAN_POINT('',(-0.013971460699439,0.0514638643946052,0.000485));
#6450=CARTESIAN_POINT('',(-0.013971460699439,0.0464198643946052,0.000485));
#6451=CARTESIAN_POINT('',(-0.013971460699439,0.0413758643946052,0.000485));
#6452=CARTESIAN_POINT('',(-0.013971460699439,0.0413758643946052,0.000485));
#6453=CARTESIAN_POINT('',(-0.013971460699439,0.0413758643946052,0.));
#6454=CARTESIAN_POINT('',(-0.013971460699439,0.0464198643946052,0.));
#6455=CARTESIAN_POINT('',(-0.013971460699439,0.0519488643946052,0.));
#6456=CARTESIAN_POINT('',(-0.013971460699439,0.0519488643946052,0.01455));
#6457=CARTESIAN_POINT('',(-0.013971460699439,0.0519488643946052,0.01455));
#6458=CARTESIAN_POINT('',(-0.013971460699439,0.0464198643946052,0.01455));
#6459=CARTESIAN_POINT('',(-0.014213960699439,0.0519488643946052,0.01455));
#6460=CARTESIAN_POINT('',(-0.014213960699439,0.0519488643946052,0.));
#6461=CARTESIAN_POINT('',(-0.014456460699439,0.0519488643946052,0.));
#6462=CARTESIAN_POINT('',(-0.014456460699439,0.0519488643946052,0.01455));
#6463=CARTESIAN_POINT('',(-0.014456460699439,0.0519488643946052,0.01455));
#6464=CARTESIAN_POINT('',(-0.014213960699439,0.0519488643946052,0.01455));
#6465=CARTESIAN_POINT('',(-0.014456460699439,0.0464198643946052,0.01455));
#6466=CARTESIAN_POINT('',(-0.014456460699439,0.0464198643946052,0.));
#6467=CARTESIAN_POINT('',(-0.014456460699439,0.0413758643946052,0.));
#6468=CARTESIAN_POINT('',(-0.014456460699439,0.0413758643946052,0.01455));
#6469=CARTESIAN_POINT('',(-0.014456460699439,0.0413758643946052,0.01455));
#6470=CARTESIAN_POINT('',(-0.014456460699439,0.0464198643946052,0.01455));
#6471=CARTESIAN_POINT('',(-0.012516460699439,0.0408908643946052,0.01455));
#6472=CARTESIAN_POINT('',(-0.012516460699439,0.0408908643946052,0.));
#6473=CARTESIAN_POINT('',(-0.013971460699439,0.0408908643946052,0.));
#6474=CARTESIAN_POINT('',(-0.011061460699439,0.0408908643946052,0.));
#6475=CARTESIAN_POINT('',(-0.011061460699439,0.0408908643946052,0.01455));
#6476=CARTESIAN_POINT('',(-0.011061460699439,0.0408908643946052,0.01455));
#6477=CARTESIAN_POINT('',(-0.012516460699439,0.0408908643946052,0.01455));
#6478=CARTESIAN_POINT('',(-0.013971460699439,0.0408908643946052,0.01455));
#6479=CARTESIAN_POINT('',(-0.013971460699439,0.0408908643946052,0.01455));
#6480=CARTESIAN_POINT('',(-0.010576460699439,0.0464198643946052,0.01455));
#6481=CARTESIAN_POINT('',(-0.010576460699439,0.0464198643946052,0.01455));
#6482=CARTESIAN_POINT('',(-0.010576460699439,0.0519488643946052,0.01455));
#6483=CARTESIAN_POINT('',(-0.010576460699439,0.0413758643946052,0.01455));
#6484=CARTESIAN_POINT('',(-0.010576460699439,0.0413758643946052,0.));
#6485=CARTESIAN_POINT('',(-0.010576460699439,0.0413758643946052,0.));
#6486=CARTESIAN_POINT('',(-0.010576460699439,0.0464198643946052,0.));
#6487=CARTESIAN_POINT('',(-0.010576460699439,0.0519488643946052,0.));
#6488=CARTESIAN_POINT('',(-0.010576460699439,0.0519488643946052,0.01455));
#6489=CARTESIAN_POINT('',(-0.010818960699439,0.0519488643946052,0.01455));
#6490=CARTESIAN_POINT('',(-0.010818960699439,0.0519488643946052,0.));
#6491=CARTESIAN_POINT('',(-0.010818960699439,0.0519488643946052,0.01455));
#6492=CARTESIAN_POINT('',(-0.012516460699439,0.0464198643946052,0.01455));
#6493=CARTESIAN_POINT('',(-0.011061460699439,0.0413758643946052,0.01455));
#6494=CARTESIAN_POINT('',(-0.013971460699439,0.0413758643946052,0.01455));
#6495=CARTESIAN_POINT('',(-0.012516460699439,0.0464198643946052,0.));
#6496=CARTESIAN_POINT('',(-0.011061460699439,0.0413758643946052,0.));
#6497=CARTESIAN_POINT('',(-0.013971460699439,0.0413758643946052,0.));
#6498=CARTESIAN_POINT('',(-0.012516460699439,0.0413758643946052,0.));
#6499=CARTESIAN_POINT('',(-0.012516460699439,0.0514638643946052,0.014065));
#6500=CARTESIAN_POINT('',(-0.012516460699439,0.0514638643946052,0.000485));
#6501=CARTESIAN_POINT('',(-0.012516460699439,0.0514638643946052,0.014065));
#6502=CARTESIAN_POINT('',(-0.012516460699439,0.0464198643946052,0.014065));
#6503=CARTESIAN_POINT('',(-0.012516460699439,0.0413758643946052,0.000485));
#6504=CARTESIAN_POINT('',(-0.012516460699439,0.0413758643946052,0.000485));
#6505=CARTESIAN_POINT('',(-0.012516460699439,0.0464198643946052,0.000485));
#6506=CARTESIAN_POINT('',(-0.011061460699439,0.0413758643946052,0.01455));
#6507=CARTESIAN_POINT('',(-0.013971460699439,0.0413758643946052,0.01455));
#6508=CARTESIAN_POINT('',(0.,0.,0.));
#6509=CARTESIAN_POINT('',(0.00208927674180269,0.0110987599085644,0.));
#6510=CARTESIAN_POINT('',(0.000634276741802692,0.0110987599085644,0.));
#6511=CARTESIAN_POINT('',(0.000634276741802692,0.0160942599085644,0.));
#6512=CARTESIAN_POINT('',(0.000634276741802692,0.00552125990856439,0.));
#6513=CARTESIAN_POINT('',(0.00121627674180269,0.0160942599085644,0.));
#6514=CARTESIAN_POINT('',(0.00121627674180269,0.0166762599085644,0.));
#6515=CARTESIAN_POINT('',(0.00208927674180269,0.0166762599085644,0.));
#6516=CARTESIAN_POINT('',(0.00296227674180269,0.0166762599085644,0.));
#6517=CARTESIAN_POINT('',(0.00296227674180269,0.0160942599085644,0.));
#6518=CARTESIAN_POINT('',(0.00354427674180269,0.0160942599085644,0.));
#6519=CARTESIAN_POINT('',(0.00354427674180269,0.0110987599085644,0.));
#6520=CARTESIAN_POINT('',(0.00354427674180269,0.00552125990856439,0.));
#6521=CARTESIAN_POINT('',(0.00330177674180269,0.00552125990856439,0.));
#6522=CARTESIAN_POINT('',(0.00305927674180269,0.00552125990856439,0.));
#6523=CARTESIAN_POINT('',(0.00305927674180269,0.0110987599085644,0.));
#6524=CARTESIAN_POINT('',(0.00305927674180269,0.0161912599085644,0.));
#6525=CARTESIAN_POINT('',(0.00208927674180269,0.0161912599085644,0.));
#6526=CARTESIAN_POINT('',(0.00111927674180269,0.0161912599085644,0.));
#6527=CARTESIAN_POINT('',(0.00111927674180269,0.00576375990856439,0.));
#6528=CARTESIAN_POINT('',(0.00111927674180269,0.00552125990856439,0.));
#6529=CARTESIAN_POINT('',(0.000876776741802692,0.00552125990856439,0.));
#6530=CARTESIAN_POINT('',(0.00111927674180269,0.00576375990856439,0.01455));
#6531=CARTESIAN_POINT('',(0.00111927674180269,0.00600625990856439,0.014065));
#6532=CARTESIAN_POINT('',(0.00111927674180269,0.00600625990856439,0.014065));
#6533=CARTESIAN_POINT('',(0.00111927674180269,0.00600625990856439,0.000485));
#6534=CARTESIAN_POINT('',(0.00111927674180269,0.0110987599085644,0.014065));
#6535=CARTESIAN_POINT('',(0.00111927674180269,0.0161912599085644,0.014065));
#6536=CARTESIAN_POINT('',(0.00111927674180269,0.0161912599085644,0.01455));
#6537=CARTESIAN_POINT('',(0.00111927674180269,0.0161912599085644,0.01455));
#6538=CARTESIAN_POINT('',(0.00111927674180269,0.00576375990856439,0.01455));
#6539=CARTESIAN_POINT('',(0.00111927674180269,0.00552125990856439,0.01455));
#6540=CARTESIAN_POINT('',(0.00111927674180269,0.00552125990856439,0.01455));
#6541=CARTESIAN_POINT('',(0.00111927674180269,0.0161912599085644,0.000485));
#6542=CARTESIAN_POINT('',(0.00111927674180269,0.0161912599085644,0.000485));
#6543=CARTESIAN_POINT('',(0.00111927674180269,0.0110987599085644,0.000485));
#6544=CARTESIAN_POINT('',(0.00208927674180269,0.0161912599085644,0.01455));
#6545=CARTESIAN_POINT('',(0.00208927674180269,0.0161912599085644,0.014065));
#6546=CARTESIAN_POINT('',(0.00305927674180269,0.0161912599085644,0.014065));
#6547=CARTESIAN_POINT('',(0.00305927674180269,0.0161912599085644,0.01455));
#6548=CARTESIAN_POINT('',(0.00305927674180269,0.0161912599085644,0.01455));
#6549=CARTESIAN_POINT('',(0.00208927674180269,0.0161912599085644,0.01455));
#6550=CARTESIAN_POINT('',(0.00305927674180269,0.0110987599085644,0.01455));
#6551=CARTESIAN_POINT('',(0.00305927674180269,0.0110987599085644,0.014065));
#6552=CARTESIAN_POINT('',(0.00305927674180269,0.00600625990856439,0.014065));
#6553=CARTESIAN_POINT('',(0.00305927674180269,0.00600625990856439,0.014065));
#6554=CARTESIAN_POINT('',(0.00305927674180269,0.00600625990856439,0.000485));
#6555=CARTESIAN_POINT('',(0.00305927674180269,0.0110987599085644,0.000485));
#6556=CARTESIAN_POINT('',(0.00305927674180269,0.0161912599085644,0.000485));
#6557=CARTESIAN_POINT('',(0.00305927674180269,0.0161912599085644,0.000485));
#6558=CARTESIAN_POINT('',(0.00305927674180269,0.00552125990856439,0.01455));
#6559=CARTESIAN_POINT('',(0.00305927674180269,0.00552125990856439,0.01455));
#6560=CARTESIAN_POINT('',(0.00305927674180269,0.0110987599085644,0.01455));
#6561=CARTESIAN_POINT('',(0.00330177674180269,0.00552125990856439,0.01455));
#6562=CARTESIAN_POINT('',(0.00354427674180269,0.00552125990856439,0.01455));
#6563=CARTESIAN_POINT('',(0.00354427674180269,0.00552125990856439,0.01455));
#6564=CARTESIAN_POINT('',(0.00330177674180269,0.00552125990856439,0.01455));
#6565=CARTESIAN_POINT('',(0.00354427674180269,0.0110987599085644,0.01455));
#6566=CARTESIAN_POINT('',(0.00354427674180269,0.0160942599085644,0.01455));
#6567=CARTESIAN_POINT('',(0.00354427674180269,0.0160942599085644,0.01455));
#6568=CARTESIAN_POINT('',(0.00354427674180269,0.0110987599085644,0.01455));
#6569=CARTESIAN_POINT('',(0.00208927674180269,0.0166762599085644,0.01455));
#6570=CARTESIAN_POINT('',(0.00121627674180269,0.0166762599085644,0.01455));
#6571=CARTESIAN_POINT('',(0.00121627674180269,0.0166762599085644,0.01455));
#6572=CARTESIAN_POINT('',(0.00208927674180269,0.0166762599085644,0.01455));
#6573=CARTESIAN_POINT('',(0.00296227674180269,0.0166762599085644,0.01455));
#6574=CARTESIAN_POINT('',(0.00296227674180269,0.0166762599085644,0.01455));
#6575=CARTESIAN_POINT('',(0.000634276741802692,0.0110987599085644,0.01455));
#6576=CARTESIAN_POINT('',(0.000634276741802692,0.0110987599085644,0.01455));
#6577=CARTESIAN_POINT('',(0.000634276741802692,0.0160942599085644,0.01455));
#6578=CARTESIAN_POINT('',(0.000634276741802692,0.00552125990856439,0.01455));
#6579=CARTESIAN_POINT('',(0.000634276741802692,0.0160942599085644,0.));
#6580=CARTESIAN_POINT('',(0.000634276741802692,0.00552125990856439,0.01455));
#6581=CARTESIAN_POINT('',(0.000876776741802692,0.00552125990856439,0.01455));
#6582=CARTESIAN_POINT('',(0.000876776741802692,0.00552125990856439,0.01455));
#6583=CARTESIAN_POINT('',(0.00208927674180269,0.0110987599085644,0.01455));
#6584=CARTESIAN_POINT('',(0.00121627674180269,0.0160942599085644,0.01455));
#6585=CARTESIAN_POINT('',(0.00296227674180269,0.0160942599085644,0.01455));
#6586=CARTESIAN_POINT('',(0.00208927674180269,0.00600625990856439,0.014065));
#6587=CARTESIAN_POINT('',(0.00208927674180269,0.00600625990856439,0.000485));
#6588=CARTESIAN_POINT('',(0.00208927674180269,0.00600625990856439,0.014065));
#6589=CARTESIAN_POINT('',(0.00208927674180269,0.0110987599085644,0.014065));
#6590=CARTESIAN_POINT('',(0.00208927674180269,0.0161912599085644,0.000485));
#6591=CARTESIAN_POINT('',(0.00208927674180269,0.0161912599085644,0.000485));
#6592=CARTESIAN_POINT('',(0.00208927674180269,0.0110987599085644,0.000485));
#6593=CARTESIAN_POINT('',(0.00121627674180269,0.0160942599085644,0.01455));
#6594=CARTESIAN_POINT('',(0.00296227674180269,0.0160942599085644,0.01455));
#6595=CARTESIAN_POINT('',(0.,0.,0.));
#6596=CARTESIAN_POINT('',(-0.0377402685002685,0.0139107138164639,0.01358));
#6597=CARTESIAN_POINT('',(-0.0377402685002685,0.0139107138164639,0.));
#6598=CARTESIAN_POINT('',(-0.0377402685002685,0.0193912138164639,0.));
#6599=CARTESIAN_POINT('',(-0.0377402685002685,0.00843021381646395,0.));
#6600=CARTESIAN_POINT('',(-0.0377402685002685,0.00843021381646395,0.01358));
#6601=CARTESIAN_POINT('',(-0.0377402685002685,0.00843021381646395,0.01358));
#6602=CARTESIAN_POINT('',(-0.0377402685002685,0.0139107138164639,0.01358));
#6603=CARTESIAN_POINT('',(-0.0377402685002685,0.0193912138164639,0.01358));
#6604=CARTESIAN_POINT('',(-0.0377402685002685,0.0193912138164639,0.01358));
#6605=CARTESIAN_POINT('',(-0.0375947685002685,0.00843021381646395,0.01358));
#6606=CARTESIAN_POINT('',(-0.0375947685002685,0.00843021381646395,0.));
#6607=CARTESIAN_POINT('',(-0.0374492685002685,0.00843021381646395,0.));
#6608=CARTESIAN_POINT('',(-0.0374492685002685,0.00843021381646395,0.01358));
#6609=CARTESIAN_POINT('',(-0.0374492685002685,0.00843021381646395,0.01358));
#6610=CARTESIAN_POINT('',(-0.0375947685002685,0.00843021381646395,0.01358));
#6611=CARTESIAN_POINT('',(-0.0374492685002685,0.00857571381646395,0.01358));
#6612=CARTESIAN_POINT('',(-0.0374492685002685,0.00872121381646395,0.013095));
#6613=CARTESIAN_POINT('',(-0.0374492685002685,0.00872121381646395,0.013095));
#6614=CARTESIAN_POINT('',(-0.0374492685002685,0.00872121381646395,0.000485));
#6615=CARTESIAN_POINT('',(-0.0374492685002685,0.0139107138164639,0.013095));
#6616=CARTESIAN_POINT('',(-0.0374492685002685,0.0191002138164639,0.013095));
#6617=CARTESIAN_POINT('',(-0.0374492685002685,0.0191002138164639,0.01358));
#6618=CARTESIAN_POINT('',(-0.0374492685002685,0.0191002138164639,0.01358));
#6619=CARTESIAN_POINT('',(-0.0374492685002685,0.00857571381646395,0.01358));
#6620=CARTESIAN_POINT('',(-0.0374492685002685,0.00857571381646395,0.));
#6621=CARTESIAN_POINT('',(-0.0374492685002685,0.0191002138164639,0.));
#6622=CARTESIAN_POINT('',(-0.0374492685002685,0.0191002138164639,0.000485));
#6623=CARTESIAN_POINT('',(-0.0374492685002685,0.0191002138164639,0.000485));
#6624=CARTESIAN_POINT('',(-0.0374492685002685,0.0139107138164639,0.000485));
#6625=CARTESIAN_POINT('',(-0.0367702685002685,0.0191002138164639,0.01358));
#6626=CARTESIAN_POINT('',(-0.0367702685002685,0.0191002138164639,0.013095));
#6627=CARTESIAN_POINT('',(-0.0360912685002685,0.0191002138164639,0.013095));
#6628=CARTESIAN_POINT('',(-0.0360912685002685,0.0191002138164639,0.01358));
#6629=CARTESIAN_POINT('',(-0.0360912685002685,0.0191002138164639,0.01358));
#6630=CARTESIAN_POINT('',(-0.0367702685002685,0.0191002138164639,0.01358));
#6631=CARTESIAN_POINT('',(-0.0360912685002685,0.0139107138164639,0.01358));
#6632=CARTESIAN_POINT('',(-0.0360912685002685,0.0139107138164639,0.013095));
#6633=CARTESIAN_POINT('',(-0.0360912685002685,0.00872121381646395,0.013095));
#6634=CARTESIAN_POINT('',(-0.0360912685002685,0.00872121381646395,0.013095));
#6635=CARTESIAN_POINT('',(-0.0360912685002685,0.00872121381646395,0.000485));
#6636=CARTESIAN_POINT('',(-0.0360912685002685,0.0139107138164639,0.000485));
#6637=CARTESIAN_POINT('',(-0.0360912685002685,0.0191002138164639,0.000485));
#6638=CARTESIAN_POINT('',(-0.0360912685002685,0.0191002138164639,0.000485));
#6639=CARTESIAN_POINT('',(-0.0360912685002685,0.0191002138164639,0.));
#6640=CARTESIAN_POINT('',(-0.0360912685002685,0.0139107138164639,0.));
#6641=CARTESIAN_POINT('',(-0.0360912685002685,0.00843021381646395,0.));
#6642=CARTESIAN_POINT('',(-0.0360912685002685,0.00843021381646395,0.01358));
#6643=CARTESIAN_POINT('',(-0.0360912685002685,0.00843021381646395,0.01358));
#6644=CARTESIAN_POINT('',(-0.0360912685002685,0.0139107138164639,0.01358));
#6645=CARTESIAN_POINT('',(-0.0359457685002685,0.00843021381646395,0.01358));
#6646=CARTESIAN_POINT('',(-0.0359457685002685,0.00843021381646395,0.));
#6647=CARTESIAN_POINT('',(-0.0358002685002685,0.00843021381646395,0.));
#6648=CARTESIAN_POINT('',(-0.0358002685002685,0.00843021381646395,0.01358));
#6649=CARTESIAN_POINT('',(-0.0358002685002685,0.00843021381646395,0.01358));
#6650=CARTESIAN_POINT('',(-0.0359457685002685,0.00843021381646395,0.01358));
#6651=CARTESIAN_POINT('',(-0.0358002685002685,0.0139107138164639,0.01358));
#6652=CARTESIAN_POINT('',(-0.0358002685002685,0.0139107138164639,0.));
#6653=CARTESIAN_POINT('',(-0.0358002685002685,0.0193912138164639,0.));
#6654=CARTESIAN_POINT('',(-0.0358002685002685,0.0193912138164639,0.01358));
#6655=CARTESIAN_POINT('',(-0.0358002685002685,0.0193912138164639,0.01358));
#6656=CARTESIAN_POINT('',(-0.0358002685002685,0.0139107138164639,0.01358));
#6657=CARTESIAN_POINT('',(-0.0367702685002685,0.0193912138164639,0.01358));
#6658=CARTESIAN_POINT('',(-0.0367702685002685,0.0193912138164639,0.));
#6659=CARTESIAN_POINT('',(-0.0367702685002685,0.0193912138164639,0.01358));
#6660=CARTESIAN_POINT('',(-0.0367702685002685,0.0139107138164639,0.01358));
#6661=CARTESIAN_POINT('',(-0.0367702685002685,0.0139107138164639,0.));
#6662=CARTESIAN_POINT('',(-0.0367702685002685,0.0191002138164639,0.));
#6663=CARTESIAN_POINT('',(-0.0367702685002685,0.00872121381646395,0.013095));
#6664=CARTESIAN_POINT('',(-0.0367702685002685,0.00872121381646395,0.000485));
#6665=CARTESIAN_POINT('',(-0.0367702685002685,0.00872121381646395,0.013095));
#6666=CARTESIAN_POINT('',(-0.0367702685002685,0.0139107138164639,0.013095));
#6667=CARTESIAN_POINT('',(-0.0367702685002685,0.0191002138164639,0.000485));
#6668=CARTESIAN_POINT('',(-0.0367702685002685,0.0191002138164639,0.000485));
#6669=CARTESIAN_POINT('',(-0.0367702685002685,0.0139107138164639,0.000485));
#6670=CARTESIAN_POINT('',(0.,0.,0.));
#6671=CARTESIAN_POINT('',(0.017359539300561,0.0464198643946052,0.01455));
#6672=CARTESIAN_POINT('',(0.017359539300561,0.0514638643946052,0.014065));
#6673=CARTESIAN_POINT('',(0.017359539300561,0.0514638643946052,0.014065));
#6674=CARTESIAN_POINT('',(0.017359539300561,0.0514638643946052,0.000485));
#6675=CARTESIAN_POINT('',(0.017359539300561,0.0464198643946052,0.014065));
#6676=CARTESIAN_POINT('',(0.017359539300561,0.0413758643946052,0.014065));
#6677=CARTESIAN_POINT('',(0.017359539300561,0.0413758643946052,0.01455));
#6678=CARTESIAN_POINT('',(0.017359539300561,0.0413758643946052,0.01455));
#6679=CARTESIAN_POINT('',(0.017359539300561,0.0464198643946052,0.01455));
#6680=CARTESIAN_POINT('',(0.017359539300561,0.0519488643946052,0.01455));
#6681=CARTESIAN_POINT('',(0.017359539300561,0.0519488643946052,0.01455));
#6682=CARTESIAN_POINT('',(0.017359539300561,0.0519488643946052,0.));
#6683=CARTESIAN_POINT('',(0.017359539300561,0.0464198643946052,0.));
#6684=CARTESIAN_POINT('',(0.017359539300561,0.0413758643946052,0.));
#6685=CARTESIAN_POINT('',(0.017359539300561,0.0413758643946052,0.000485));
#6686=CARTESIAN_POINT('',(0.017359539300561,0.0413758643946052,0.000485));
#6687=CARTESIAN_POINT('',(0.017359539300561,0.0464198643946052,0.000485));
#6688=CARTESIAN_POINT('',(0.0159045393005609,0.0413758643946052,0.01455));
#6689=CARTESIAN_POINT('',(0.0159045393005609,0.0413758643946052,0.014065));
#6690=CARTESIAN_POINT('',(0.0144495393005609,0.0413758643946052,0.014065));
#6691=CARTESIAN_POINT('',(0.0144495393005609,0.0413758643946052,0.01455));
#6692=CARTESIAN_POINT('',(0.0144495393005609,0.0413758643946052,0.01455));
#6693=CARTESIAN_POINT('',(0.0159045393005609,0.0413758643946052,0.01455));
#6694=CARTESIAN_POINT('',(0.0144495393005609,0.0464198643946052,0.01455));
#6695=CARTESIAN_POINT('',(0.0144495393005609,0.0464198643946052,0.014065));
#6696=CARTESIAN_POINT('',(0.0144495393005609,0.0514638643946052,0.014065));
#6697=CARTESIAN_POINT('',(0.0144495393005609,0.0514638643946052,0.014065));
#6698=CARTESIAN_POINT('',(0.0144495393005609,0.0514638643946052,0.000485));
#6699=CARTESIAN_POINT('',(0.0144495393005609,0.0464198643946052,0.000485));
#6700=CARTESIAN_POINT('',(0.0144495393005609,0.0413758643946052,0.000485));
#6701=CARTESIAN_POINT('',(0.0144495393005609,0.0413758643946052,0.000485));
#6702=CARTESIAN_POINT('',(0.0144495393005609,0.0413758643946052,0.));
#6703=CARTESIAN_POINT('',(0.0144495393005609,0.0464198643946052,0.));
#6704=CARTESIAN_POINT('',(0.0144495393005609,0.0519488643946052,0.));
#6705=CARTESIAN_POINT('',(0.0144495393005609,0.0519488643946052,0.01455));
#6706=CARTESIAN_POINT('',(0.0144495393005609,0.0519488643946052,0.01455));
#6707=CARTESIAN_POINT('',(0.0144495393005609,0.0464198643946052,0.01455));
#6708=CARTESIAN_POINT('',(0.0142070393005609,0.0519488643946052,0.01455));
#6709=CARTESIAN_POINT('',(0.0142070393005609,0.0519488643946052,0.));
#6710=CARTESIAN_POINT('',(0.0139645393005609,0.0519488643946052,0.));
#6711=CARTESIAN_POINT('',(0.0139645393005609,0.0519488643946052,0.01455));
#6712=CARTESIAN_POINT('',(0.0139645393005609,0.0519488643946052,0.01455));
#6713=CARTESIAN_POINT('',(0.0142070393005609,0.0519488643946052,0.01455));
#6714=CARTESIAN_POINT('',(0.0139645393005609,0.0464198643946052,0.01455));
#6715=CARTESIAN_POINT('',(0.0139645393005609,0.0464198643946052,0.));
#6716=CARTESIAN_POINT('',(0.0139645393005609,0.0413758643946052,0.));
#6717=CARTESIAN_POINT('',(0.0139645393005609,0.0413758643946052,0.01455));
#6718=CARTESIAN_POINT('',(0.0139645393005609,0.0413758643946052,0.01455));
#6719=CARTESIAN_POINT('',(0.0139645393005609,0.0464198643946052,0.01455));
#6720=CARTESIAN_POINT('',(0.0159045393005609,0.0408908643946052,0.01455));
#6721=CARTESIAN_POINT('',(0.0159045393005609,0.0408908643946052,0.));
#6722=CARTESIAN_POINT('',(0.0144495393005609,0.0408908643946052,0.));
#6723=CARTESIAN_POINT('',(0.017359539300561,0.0408908643946052,0.));
#6724=CARTESIAN_POINT('',(0.017359539300561,0.0408908643946052,0.01455));
#6725=CARTESIAN_POINT('',(0.017359539300561,0.0408908643946052,0.01455));
#6726=CARTESIAN_POINT('',(0.0159045393005609,0.0408908643946052,0.01455));
#6727=CARTESIAN_POINT('',(0.0144495393005609,0.0408908643946052,0.01455));
#6728=CARTESIAN_POINT('',(0.0144495393005609,0.0408908643946052,0.01455));
#6729=CARTESIAN_POINT('',(0.017844539300561,0.0464198643946052,0.01455));
#6730=CARTESIAN_POINT('',(0.017844539300561,0.0464198643946052,0.01455));
#6731=CARTESIAN_POINT('',(0.017844539300561,0.0519488643946052,0.01455));
#6732=CARTESIAN_POINT('',(0.017844539300561,0.0413758643946052,0.01455));
#6733=CARTESIAN_POINT('',(0.017844539300561,0.0413758643946052,0.));
#6734=CARTESIAN_POINT('',(0.017844539300561,0.0413758643946052,0.));
#6735=CARTESIAN_POINT('',(0.017844539300561,0.0464198643946052,0.));
#6736=CARTESIAN_POINT('',(0.017844539300561,0.0519488643946052,0.));
#6737=CARTESIAN_POINT('',(0.017844539300561,0.0519488643946052,0.01455));
#6738=CARTESIAN_POINT('',(0.017602039300561,0.0519488643946052,0.01455));
#6739=CARTESIAN_POINT('',(0.017602039300561,0.0519488643946052,0.));
#6740=CARTESIAN_POINT('',(0.017602039300561,0.0519488643946052,0.01455));
#6741=CARTESIAN_POINT('',(0.0159045393005609,0.0464198643946052,0.01455));
#6742=CARTESIAN_POINT('',(0.017359539300561,0.0413758643946052,0.01455));
#6743=CARTESIAN_POINT('',(0.0144495393005609,0.0413758643946052,0.01455));
#6744=CARTESIAN_POINT('',(0.0159045393005609,0.0464198643946052,0.));
#6745=CARTESIAN_POINT('',(0.017359539300561,0.0413758643946052,0.));
#6746=CARTESIAN_POINT('',(0.0144495393005609,0.0413758643946052,0.));
#6747=CARTESIAN_POINT('',(0.0159045393005609,0.0413758643946052,0.));
#6748=CARTESIAN_POINT('',(0.0159045393005609,0.0514638643946052,0.014065));
#6749=CARTESIAN_POINT('',(0.0159045393005609,0.0514638643946052,0.000485));
#6750=CARTESIAN_POINT('',(0.0159045393005609,0.0514638643946052,0.014065));
#6751=CARTESIAN_POINT('',(0.0159045393005609,0.0464198643946052,0.014065));
#6752=CARTESIAN_POINT('',(0.0159045393005609,0.0413758643946052,0.000485));
#6753=CARTESIAN_POINT('',(0.0159045393005609,0.0413758643946052,0.000485));
#6754=CARTESIAN_POINT('',(0.0159045393005609,0.0464198643946052,0.000485));
#6755=CARTESIAN_POINT('',(0.017359539300561,0.0413758643946052,0.01455));
#6756=CARTESIAN_POINT('',(0.0144495393005609,0.0413758643946052,0.01455));
#6757=CARTESIAN_POINT('',(0.,0.,0.));
#6758=CARTESIAN_POINT('',(-0.0214817232581973,0.0110987599085644,0.));
#6759=CARTESIAN_POINT('',(-0.0229367232581973,0.0110987599085644,0.));
#6760=CARTESIAN_POINT('',(-0.0229367232581973,0.0160942599085644,0.));
#6761=CARTESIAN_POINT('',(-0.0229367232581973,0.00552125990856439,0.));
#6762=CARTESIAN_POINT('',(-0.0223547232581973,0.0160942599085644,0.));
#6763=CARTESIAN_POINT('',(-0.0223547232581973,0.0166762599085644,0.));
#6764=CARTESIAN_POINT('',(-0.0214817232581973,0.0166762599085644,0.));
#6765=CARTESIAN_POINT('',(-0.0206087232581973,0.0166762599085644,0.));
#6766=CARTESIAN_POINT('',(-0.0206087232581973,0.0160942599085644,0.));
#6767=CARTESIAN_POINT('',(-0.0200267232581973,0.0160942599085644,0.));
#6768=CARTESIAN_POINT('',(-0.0200267232581973,0.0110987599085644,0.));
#6769=CARTESIAN_POINT('',(-0.0200267232581973,0.00552125990856439,0.));
#6770=CARTESIAN_POINT('',(-0.0202692232581973,0.00552125990856439,0.));
#6771=CARTESIAN_POINT('',(-0.0205117232581973,0.00552125990856439,0.));
#6772=CARTESIAN_POINT('',(-0.0205117232581973,0.0110987599085644,0.));
#6773=CARTESIAN_POINT('',(-0.0205117232581973,0.0161912599085644,0.));
#6774=CARTESIAN_POINT('',(-0.0214817232581973,0.0161912599085644,0.));
#6775=CARTESIAN_POINT('',(-0.0224517232581973,0.0161912599085644,0.));
#6776=CARTESIAN_POINT('',(-0.0224517232581973,0.00576375990856439,0.));
#6777=CARTESIAN_POINT('',(-0.0224517232581973,0.00552125990856439,0.));
#6778=CARTESIAN_POINT('',(-0.0226942232581973,0.00552125990856439,0.));
#6779=CARTESIAN_POINT('',(-0.0224517232581973,0.00576375990856439,0.01455));
#6780=CARTESIAN_POINT('',(-0.0224517232581973,0.00600625990856439,0.014065));
#6781=CARTESIAN_POINT('',(-0.0224517232581973,0.00600625990856439,0.014065));
#6782=CARTESIAN_POINT('',(-0.0224517232581973,0.00600625990856439,0.000485));
#6783=CARTESIAN_POINT('',(-0.0224517232581973,0.0110987599085644,0.014065));
#6784=CARTESIAN_POINT('',(-0.0224517232581973,0.0161912599085644,0.014065));
#6785=CARTESIAN_POINT('',(-0.0224517232581973,0.0161912599085644,0.01455));
#6786=CARTESIAN_POINT('',(-0.0224517232581973,0.0161912599085644,0.01455));
#6787=CARTESIAN_POINT('',(-0.0224517232581973,0.00576375990856439,0.01455));
#6788=CARTESIAN_POINT('',(-0.0224517232581973,0.00552125990856439,0.01455));
#6789=CARTESIAN_POINT('',(-0.0224517232581973,0.00552125990856439,0.01455));
#6790=CARTESIAN_POINT('',(-0.0224517232581973,0.0161912599085644,0.000485));
#6791=CARTESIAN_POINT('',(-0.0224517232581973,0.0161912599085644,0.000485));
#6792=CARTESIAN_POINT('',(-0.0224517232581973,0.0110987599085644,0.000485));
#6793=CARTESIAN_POINT('',(-0.0214817232581973,0.0161912599085644,0.01455));
#6794=CARTESIAN_POINT('',(-0.0214817232581973,0.0161912599085644,0.014065));
#6795=CARTESIAN_POINT('',(-0.0205117232581973,0.0161912599085644,0.014065));
#6796=CARTESIAN_POINT('',(-0.0205117232581973,0.0161912599085644,0.01455));
#6797=CARTESIAN_POINT('',(-0.0205117232581973,0.0161912599085644,0.01455));
#6798=CARTESIAN_POINT('',(-0.0214817232581973,0.0161912599085644,0.01455));
#6799=CARTESIAN_POINT('',(-0.0205117232581973,0.0110987599085644,0.01455));
#6800=CARTESIAN_POINT('',(-0.0205117232581973,0.0110987599085644,0.014065));
#6801=CARTESIAN_POINT('',(-0.0205117232581973,0.00600625990856439,0.014065));
#6802=CARTESIAN_POINT('',(-0.0205117232581973,0.00600625990856439,0.014065));
#6803=CARTESIAN_POINT('',(-0.0205117232581973,0.00600625990856439,0.000485));
#6804=CARTESIAN_POINT('',(-0.0205117232581973,0.0110987599085644,0.000485));
#6805=CARTESIAN_POINT('',(-0.0205117232581973,0.0161912599085644,0.000485));
#6806=CARTESIAN_POINT('',(-0.0205117232581973,0.0161912599085644,0.000485));
#6807=CARTESIAN_POINT('',(-0.0205117232581973,0.00552125990856439,0.01455));
#6808=CARTESIAN_POINT('',(-0.0205117232581973,0.00552125990856439,0.01455));
#6809=CARTESIAN_POINT('',(-0.0205117232581973,0.0110987599085644,0.01455));
#6810=CARTESIAN_POINT('',(-0.0202692232581973,0.00552125990856439,0.01455));
#6811=CARTESIAN_POINT('',(-0.0200267232581973,0.00552125990856439,0.01455));
#6812=CARTESIAN_POINT('',(-0.0200267232581973,0.00552125990856439,0.01455));
#6813=CARTESIAN_POINT('',(-0.0202692232581973,0.00552125990856439,0.01455));
#6814=CARTESIAN_POINT('',(-0.0200267232581973,0.0110987599085644,0.01455));
#6815=CARTESIAN_POINT('',(-0.0200267232581973,0.0160942599085644,0.01455));
#6816=CARTESIAN_POINT('',(-0.0200267232581973,0.0160942599085644,0.01455));
#6817=CARTESIAN_POINT('',(-0.0200267232581973,0.0110987599085644,0.01455));
#6818=CARTESIAN_POINT('',(-0.0214817232581973,0.0166762599085644,0.01455));
#6819=CARTESIAN_POINT('',(-0.0223547232581973,0.0166762599085644,0.01455));
#6820=CARTESIAN_POINT('',(-0.0223547232581973,0.0166762599085644,0.01455));
#6821=CARTESIAN_POINT('',(-0.0214817232581973,0.0166762599085644,0.01455));
#6822=CARTESIAN_POINT('',(-0.0206087232581973,0.0166762599085644,0.01455));
#6823=CARTESIAN_POINT('',(-0.0206087232581973,0.0166762599085644,0.01455));
#6824=CARTESIAN_POINT('',(-0.0229367232581973,0.0110987599085644,0.01455));
#6825=CARTESIAN_POINT('',(-0.0229367232581973,0.0110987599085644,0.01455));
#6826=CARTESIAN_POINT('',(-0.0229367232581973,0.0160942599085644,0.01455));
#6827=CARTESIAN_POINT('',(-0.0229367232581973,0.00552125990856439,0.01455));
#6828=CARTESIAN_POINT('',(-0.0229367232581973,0.0160942599085644,0.));
#6829=CARTESIAN_POINT('',(-0.0229367232581973,0.00552125990856439,0.01455));
#6830=CARTESIAN_POINT('',(-0.0226942232581973,0.00552125990856439,0.01455));
#6831=CARTESIAN_POINT('',(-0.0226942232581973,0.00552125990856439,0.01455));
#6832=CARTESIAN_POINT('',(-0.0214817232581973,0.0110987599085644,0.01455));
#6833=CARTESIAN_POINT('',(-0.0223547232581973,0.0160942599085644,0.01455));
#6834=CARTESIAN_POINT('',(-0.0206087232581973,0.0160942599085644,0.01455));
#6835=CARTESIAN_POINT('',(-0.0214817232581973,0.00600625990856439,0.014065));
#6836=CARTESIAN_POINT('',(-0.0214817232581973,0.00600625990856439,0.000485));
#6837=CARTESIAN_POINT('',(-0.0214817232581973,0.00600625990856439,0.014065));
#6838=CARTESIAN_POINT('',(-0.0214817232581973,0.0110987599085644,0.014065));
#6839=CARTESIAN_POINT('',(-0.0214817232581973,0.0161912599085644,0.000485));
#6840=CARTESIAN_POINT('',(-0.0214817232581973,0.0161912599085644,0.000485));
#6841=CARTESIAN_POINT('',(-0.0214817232581973,0.0110987599085644,0.000485));
#6842=CARTESIAN_POINT('',(-0.0223547232581973,0.0160942599085644,0.01455));
#6843=CARTESIAN_POINT('',(-0.0206087232581973,0.0160942599085644,0.01455));
#6844=CARTESIAN_POINT('',(0.,0.,0.));
#6845=CARTESIAN_POINT('',(-0.0541332685002685,0.0139107138164639,0.01358));
#6846=CARTESIAN_POINT('',(-0.0541332685002685,0.0139107138164639,0.01358));
#6847=CARTESIAN_POINT('',(-0.0541332685002685,0.0191972138164639,0.01358));
#6848=CARTESIAN_POINT('',(-0.0541332685002685,0.00843021381646395,0.01358));
#6849=CARTESIAN_POINT('',(-0.0541332685002685,0.0191972138164639,0.));
#6850=CARTESIAN_POINT('',(-0.0541332685002685,0.0191972138164639,0.));
#6851=CARTESIAN_POINT('',(-0.0541332685002685,0.0139107138164639,0.));
#6852=CARTESIAN_POINT('',(-0.0541332685002685,0.00843021381646395,0.));
#6853=CARTESIAN_POINT('',(-0.0541332685002685,0.00843021381646395,0.01358));
#6854=CARTESIAN_POINT('',(-0.0539877685002685,0.00843021381646395,0.01358));
#6855=CARTESIAN_POINT('',(-0.0539877685002685,0.00843021381646395,0.));
#6856=CARTESIAN_POINT('',(-0.0538422685002685,0.00843021381646395,0.));
#6857=CARTESIAN_POINT('',(-0.0538422685002685,0.00843021381646395,0.01358));
#6858=CARTESIAN_POINT('',(-0.0538422685002685,0.00843021381646395,0.01358));
#6859=CARTESIAN_POINT('',(-0.0539877685002685,0.00843021381646395,0.01358));
#6860=CARTESIAN_POINT('',(-0.0538422685002685,0.00857571381646395,0.01358));
#6861=CARTESIAN_POINT('',(-0.0538422685002685,0.00872121381646395,0.013095));
#6862=CARTESIAN_POINT('',(-0.0538422685002685,0.00872121381646395,0.013095));
#6863=CARTESIAN_POINT('',(-0.0538422685002685,0.00872121381646395,0.000485));
#6864=CARTESIAN_POINT('',(-0.0538422685002685,0.0139107138164639,0.013095));
#6865=CARTESIAN_POINT('',(-0.0538422685002685,0.0191002138164639,0.013095));
#6866=CARTESIAN_POINT('',(-0.0538422685002685,0.0191002138164639,0.01358));
#6867=CARTESIAN_POINT('',(-0.0538422685002685,0.0191002138164639,0.01358));
#6868=CARTESIAN_POINT('',(-0.0538422685002685,0.00857571381646395,0.01358));
#6869=CARTESIAN_POINT('',(-0.0538422685002685,0.00857571381646395,0.));
#6870=CARTESIAN_POINT('',(-0.0538422685002685,0.0191002138164639,0.));
#6871=CARTESIAN_POINT('',(-0.0538422685002685,0.0191002138164639,0.000485));
#6872=CARTESIAN_POINT('',(-0.0538422685002685,0.0191002138164639,0.000485));
#6873=CARTESIAN_POINT('',(-0.0538422685002685,0.0139107138164639,0.000485));
#6874=CARTESIAN_POINT('',(-0.0531632685002685,0.0191002138164639,0.01358));
#6875=CARTESIAN_POINT('',(-0.0531632685002685,0.0191002138164639,0.013095));
#6876=CARTESIAN_POINT('',(-0.0524842685002685,0.0191002138164639,0.013095));
#6877=CARTESIAN_POINT('',(-0.0524842685002685,0.0191002138164639,0.01358));
#6878=CARTESIAN_POINT('',(-0.0524842685002685,0.0191002138164639,0.01358));
#6879=CARTESIAN_POINT('',(-0.0531632685002685,0.0191002138164639,0.01358));
#6880=CARTESIAN_POINT('',(-0.0524842685002685,0.0139107138164639,0.01358));
#6881=CARTESIAN_POINT('',(-0.0524842685002685,0.0139107138164639,0.013095));
#6882=CARTESIAN_POINT('',(-0.0524842685002685,0.00872121381646395,0.013095));
#6883=CARTESIAN_POINT('',(-0.0524842685002685,0.00872121381646395,0.013095));
#6884=CARTESIAN_POINT('',(-0.0524842685002685,0.00872121381646395,0.000485));
#6885=CARTESIAN_POINT('',(-0.0524842685002685,0.0139107138164639,0.000485));
#6886=CARTESIAN_POINT('',(-0.0524842685002685,0.0191002138164639,0.000485));
#6887=CARTESIAN_POINT('',(-0.0524842685002685,0.0191002138164639,0.000485));
#6888=CARTESIAN_POINT('',(-0.0524842685002685,0.0191002138164639,0.));
#6889=CARTESIAN_POINT('',(-0.0524842685002685,0.0139107138164639,0.));
#6890=CARTESIAN_POINT('',(-0.0524842685002685,0.00843021381646395,0.));
#6891=CARTESIAN_POINT('',(-0.0524842685002685,0.00843021381646395,0.01358));
#6892=CARTESIAN_POINT('',(-0.0524842685002685,0.00843021381646395,0.01358));
#6893=CARTESIAN_POINT('',(-0.0524842685002685,0.0139107138164639,0.01358));
#6894=CARTESIAN_POINT('',(-0.0523387685002685,0.00843021381646395,0.01358));
#6895=CARTESIAN_POINT('',(-0.0523387685002685,0.00843021381646395,0.));
#6896=CARTESIAN_POINT('',(-0.0521932685002685,0.00843021381646395,0.));
#6897=CARTESIAN_POINT('',(-0.0521932685002685,0.00843021381646395,0.01358));
#6898=CARTESIAN_POINT('',(-0.0521932685002685,0.00843021381646395,0.01358));
#6899=CARTESIAN_POINT('',(-0.0523387685002685,0.00843021381646395,0.01358));
#6900=CARTESIAN_POINT('',(-0.0521932685002685,0.0139107138164639,0.01358));
#6901=CARTESIAN_POINT('',(-0.0521932685002685,0.0139107138164639,0.));
#6902=CARTESIAN_POINT('',(-0.0521932685002685,0.0191972138164639,0.));
#6903=CARTESIAN_POINT('',(-0.0521932685002685,0.0191972138164639,0.01358));
#6904=CARTESIAN_POINT('',(-0.0521932685002685,0.0191972138164639,0.01358));
#6905=CARTESIAN_POINT('',(-0.0521932685002685,0.0139107138164639,0.01358));
#6906=CARTESIAN_POINT('',(-0.0531632685002685,0.0193912138164639,0.01358));
#6907=CARTESIAN_POINT('',(-0.0531632685002685,0.0193912138164639,0.01358));
#6908=CARTESIAN_POINT('',(-0.0539392685002685,0.0193912138164639,0.01358));
#6909=CARTESIAN_POINT('',(-0.0523872685002685,0.0193912138164639,0.01358));
#6910=CARTESIAN_POINT('',(-0.0523872685002685,0.0193912138164639,0.01358));
#6911=CARTESIAN_POINT('',(-0.0523872685002685,0.0193912138164639,0.));
#6912=CARTESIAN_POINT('',(-0.0531632685002685,0.0193912138164639,0.));
#6913=CARTESIAN_POINT('',(-0.0539392685002685,0.0193912138164639,0.));
#6914=CARTESIAN_POINT('',(-0.0539392685002685,0.0193912138164639,0.01358));
#6915=CARTESIAN_POINT('',(-0.0531632685002685,0.0139107138164639,0.01358));
#6916=CARTESIAN_POINT('',(-0.0523872685002685,0.0191972138164639,0.01358));
#6917=CARTESIAN_POINT('',(-0.0539392685002685,0.0191972138164639,0.01358));
#6918=CARTESIAN_POINT('',(-0.0531632685002685,0.0139107138164639,0.));
#6919=CARTESIAN_POINT('',(-0.0523872685002685,0.0191972138164639,0.));
#6920=CARTESIAN_POINT('',(-0.0531632685002685,0.0191002138164639,0.));
#6921=CARTESIAN_POINT('',(-0.0539392685002685,0.0191972138164639,0.));
#6922=CARTESIAN_POINT('',(-0.0531632685002685,0.00872121381646395,0.013095));
#6923=CARTESIAN_POINT('',(-0.0531632685002685,0.00872121381646395,0.000485));
#6924=CARTESIAN_POINT('',(-0.0531632685002685,0.00872121381646395,0.013095));
#6925=CARTESIAN_POINT('',(-0.0531632685002685,0.0139107138164639,0.013095));
#6926=CARTESIAN_POINT('',(-0.0531632685002685,0.0191002138164639,0.000485));
#6927=CARTESIAN_POINT('',(-0.0531632685002685,0.0191002138164639,0.000485));
#6928=CARTESIAN_POINT('',(-0.0531632685002685,0.0139107138164639,0.000485));
#6929=CARTESIAN_POINT('',(-0.0523872685002685,0.0191972138164639,0.01358));
#6930=CARTESIAN_POINT('',(-0.0539392685002685,0.0191972138164639,0.01358));
#6931=MECHANICAL_DESIGN_GEOMETRIC_PRESENTATION_REPRESENTATION('',(#4186),
#6945);
#6932=MECHANICAL_DESIGN_GEOMETRIC_PRESENTATION_REPRESENTATION('',(#4187),
#6946);
#6933=MECHANICAL_DESIGN_GEOMETRIC_PRESENTATION_REPRESENTATION('',(#4188),
#6947);
#6934=MECHANICAL_DESIGN_GEOMETRIC_PRESENTATION_REPRESENTATION('',(#4189),
#6948);
#6935=MECHANICAL_DESIGN_GEOMETRIC_PRESENTATION_REPRESENTATION('',(#4190),
#6949);
#6936=MECHANICAL_DESIGN_GEOMETRIC_PRESENTATION_REPRESENTATION('',(#4191),
#6950);
#6937=MECHANICAL_DESIGN_GEOMETRIC_PRESENTATION_REPRESENTATION('',(#4192),
#6951);
#6938=MECHANICAL_DESIGN_GEOMETRIC_PRESENTATION_REPRESENTATION('',(#4193),
#6952);
#6939=MECHANICAL_DESIGN_GEOMETRIC_PRESENTATION_REPRESENTATION('',(#4194),
#6953);
#6940=MECHANICAL_DESIGN_GEOMETRIC_PRESENTATION_REPRESENTATION('',(#4195),
#6954);
#6941=MECHANICAL_DESIGN_GEOMETRIC_PRESENTATION_REPRESENTATION('',(#4196),
#6955);
#6942=MECHANICAL_DESIGN_GEOMETRIC_PRESENTATION_REPRESENTATION('',(#4197),
#6956);
#6943=MECHANICAL_DESIGN_GEOMETRIC_PRESENTATION_REPRESENTATION('',(#4198),
#6957);
#6944=MECHANICAL_DESIGN_GEOMETRIC_PRESENTATION_REPRESENTATION('',(#4199),
#6958);
#6945=(
GEOMETRIC_REPRESENTATION_CONTEXT(3)
GLOBAL_UNCERTAINTY_ASSIGNED_CONTEXT((#6959))
GLOBAL_UNIT_ASSIGNED_CONTEXT((#7001,#6987,#6973))
REPRESENTATION_CONTEXT('Part 2','TOP_LEVEL_ASSEMBLY_PART')
);
#6946=(
GEOMETRIC_REPRESENTATION_CONTEXT(3)
GLOBAL_UNCERTAINTY_ASSIGNED_CONTEXT((#6960))
GLOBAL_UNIT_ASSIGNED_CONTEXT((#7002,#6988,#6974))
REPRESENTATION_CONTEXT('Part 9','TOP_LEVEL_ASSEMBLY_PART')
);
#6947=(
GEOMETRIC_REPRESENTATION_CONTEXT(3)
GLOBAL_UNCERTAINTY_ASSIGNED_CONTEXT((#6961))
GLOBAL_UNIT_ASSIGNED_CONTEXT((#7003,#6989,#6975))
REPRESENTATION_CONTEXT('Part 7','TOP_LEVEL_ASSEMBLY_PART')
);
#6948=(
GEOMETRIC_REPRESENTATION_CONTEXT(3)
GLOBAL_UNCERTAINTY_ASSIGNED_CONTEXT((#6962))
GLOBAL_UNIT_ASSIGNED_CONTEXT((#7004,#6990,#6976))
REPRESENTATION_CONTEXT('Part 1','TOP_LEVEL_ASSEMBLY_PART')
);
#6949=(
GEOMETRIC_REPRESENTATION_CONTEXT(3)
GLOBAL_UNCERTAINTY_ASSIGNED_CONTEXT((#6963))
GLOBAL_UNIT_ASSIGNED_CONTEXT((#7005,#6991,#6977))
REPRESENTATION_CONTEXT('Part 8','TOP_LEVEL_ASSEMBLY_PART')
);
#6950=(
GEOMETRIC_REPRESENTATION_CONTEXT(3)
GLOBAL_UNCERTAINTY_ASSIGNED_CONTEXT((#6964))
GLOBAL_UNIT_ASSIGNED_CONTEXT((#7006,#6992,#6978))
REPRESENTATION_CONTEXT('Part 6','TOP_LEVEL_ASSEMBLY_PART')
);
#6951=(
GEOMETRIC_REPRESENTATION_CONTEXT(3)
GLOBAL_UNCERTAINTY_ASSIGNED_CONTEXT((#6965))
GLOBAL_UNIT_ASSIGNED_CONTEXT((#7007,#6993,#6979))
REPRESENTATION_CONTEXT('Part 12','TOP_LEVEL_ASSEMBLY_PART')
);
#6952=(
GEOMETRIC_REPRESENTATION_CONTEXT(3)
GLOBAL_UNCERTAINTY_ASSIGNED_CONTEXT((#6966))
GLOBAL_UNIT_ASSIGNED_CONTEXT((#7008,#6994,#6980))
REPRESENTATION_CONTEXT('Part 5','TOP_LEVEL_ASSEMBLY_PART')
);
#6953=(
GEOMETRIC_REPRESENTATION_CONTEXT(3)
GLOBAL_UNCERTAINTY_ASSIGNED_CONTEXT((#6967))
GLOBAL_UNIT_ASSIGNED_CONTEXT((#7009,#6995,#6981))
REPRESENTATION_CONTEXT('Part 4','TOP_LEVEL_ASSEMBLY_PART')
);
#6954=(
GEOMETRIC_REPRESENTATION_CONTEXT(3)
GLOBAL_UNCERTAINTY_ASSIGNED_CONTEXT((#6968))
GLOBAL_UNIT_ASSIGNED_CONTEXT((#7010,#6996,#6982))
REPRESENTATION_CONTEXT('Part 14','TOP_LEVEL_ASSEMBLY_PART')
);
#6955=(
GEOMETRIC_REPRESENTATION_CONTEXT(3)
GLOBAL_UNCERTAINTY_ASSIGNED_CONTEXT((#6969))
GLOBAL_UNIT_ASSIGNED_CONTEXT((#7011,#6997,#6983))
REPRESENTATION_CONTEXT('Part 11','TOP_LEVEL_ASSEMBLY_PART')
);
#6956=(
GEOMETRIC_REPRESENTATION_CONTEXT(3)
GLOBAL_UNCERTAINTY_ASSIGNED_CONTEXT((#6970))
GLOBAL_UNIT_ASSIGNED_CONTEXT((#7012,#6998,#6984))
REPRESENTATION_CONTEXT('Part 3','TOP_LEVEL_ASSEMBLY_PART')
);
#6957=(
GEOMETRIC_REPRESENTATION_CONTEXT(3)
GLOBAL_UNCERTAINTY_ASSIGNED_CONTEXT((#6971))
GLOBAL_UNIT_ASSIGNED_CONTEXT((#7013,#6999,#6985))
REPRESENTATION_CONTEXT('Part 13','TOP_LEVEL_ASSEMBLY_PART')
);
#6958=(
GEOMETRIC_REPRESENTATION_CONTEXT(3)
GLOBAL_UNCERTAINTY_ASSIGNED_CONTEXT((#6972))
GLOBAL_UNIT_ASSIGNED_CONTEXT((#7014,#7000,#6986))
REPRESENTATION_CONTEXT('Part 10','TOP_LEVEL_ASSEMBLY_PART')
);
#6959=UNCERTAINTY_MEASURE_WITH_UNIT(LENGTH_MEASURE(1.E-8),#7001,
'DISTANCE_ACCURACY_VALUE','Maximum Tolerance applied to model');
#6960=UNCERTAINTY_MEASURE_WITH_UNIT(LENGTH_MEASURE(1.E-8),#7002,
'DISTANCE_ACCURACY_VALUE','Maximum Tolerance applied to model');
#6961=UNCERTAINTY_MEASURE_WITH_UNIT(LENGTH_MEASURE(1.E-8),#7003,
'DISTANCE_ACCURACY_VALUE','Maximum Tolerance applied to model');
#6962=UNCERTAINTY_MEASURE_WITH_UNIT(LENGTH_MEASURE(1.E-8),#7004,
'DISTANCE_ACCURACY_VALUE','Maximum Tolerance applied to model');
#6963=UNCERTAINTY_MEASURE_WITH_UNIT(LENGTH_MEASURE(1.E-8),#7005,
'DISTANCE_ACCURACY_VALUE','Maximum Tolerance applied to model');
#6964=UNCERTAINTY_MEASURE_WITH_UNIT(LENGTH_MEASURE(1.E-8),#7006,
'DISTANCE_ACCURACY_VALUE','Maximum Tolerance applied to model');
#6965=UNCERTAINTY_MEASURE_WITH_UNIT(LENGTH_MEASURE(1.E-8),#7007,
'DISTANCE_ACCURACY_VALUE','Maximum Tolerance applied to model');
#6966=UNCERTAINTY_MEASURE_WITH_UNIT(LENGTH_MEASURE(1.E-8),#7008,
'DISTANCE_ACCURACY_VALUE','Maximum Tolerance applied to model');
#6967=UNCERTAINTY_MEASURE_WITH_UNIT(LENGTH_MEASURE(1.E-8),#7009,
'DISTANCE_ACCURACY_VALUE','Maximum Tolerance applied to model');
#6968=UNCERTAINTY_MEASURE_WITH_UNIT(LENGTH_MEASURE(1.E-8),#7010,
'DISTANCE_ACCURACY_VALUE','Maximum Tolerance applied to model');
#6969=UNCERTAINTY_MEASURE_WITH_UNIT(LENGTH_MEASURE(1.E-8),#7011,
'DISTANCE_ACCURACY_VALUE','Maximum Tolerance applied to model');
#6970=UNCERTAINTY_MEASURE_WITH_UNIT(LENGTH_MEASURE(1.E-8),#7012,
'DISTANCE_ACCURACY_VALUE','Maximum Tolerance applied to model');
#6971=UNCERTAINTY_MEASURE_WITH_UNIT(LENGTH_MEASURE(1.E-8),#7013,
'DISTANCE_ACCURACY_VALUE','Maximum Tolerance applied to model');
#6972=UNCERTAINTY_MEASURE_WITH_UNIT(LENGTH_MEASURE(1.E-8),#7014,
'DISTANCE_ACCURACY_VALUE','Maximum Tolerance applied to model');
#6973=(
NAMED_UNIT(*)
SI_UNIT($,.STERADIAN.)
SOLID_ANGLE_UNIT()
);
#6974=(
NAMED_UNIT(*)
SI_UNIT($,.STERADIAN.)
SOLID_ANGLE_UNIT()
);
#6975=(
NAMED_UNIT(*)
SI_UNIT($,.STERADIAN.)
SOLID_ANGLE_UNIT()
);
#6976=(
NAMED_UNIT(*)
SI_UNIT($,.STERADIAN.)
SOLID_ANGLE_UNIT()
);
#6977=(
NAMED_UNIT(*)
SI_UNIT($,.STERADIAN.)
SOLID_ANGLE_UNIT()
);
#6978=(
NAMED_UNIT(*)
SI_UNIT($,.STERADIAN.)
SOLID_ANGLE_UNIT()
);
#6979=(
NAMED_UNIT(*)
SI_UNIT($,.STERADIAN.)
SOLID_ANGLE_UNIT()
);
#6980=(
NAMED_UNIT(*)
SI_UNIT($,.STERADIAN.)
SOLID_ANGLE_UNIT()
);
#6981=(
NAMED_UNIT(*)
SI_UNIT($,.STERADIAN.)
SOLID_ANGLE_UNIT()
);
#6982=(
NAMED_UNIT(*)
SI_UNIT($,.STERADIAN.)
SOLID_ANGLE_UNIT()
);
#6983=(
NAMED_UNIT(*)
SI_UNIT($,.STERADIAN.)
SOLID_ANGLE_UNIT()
);
#6984=(
NAMED_UNIT(*)
SI_UNIT($,.STERADIAN.)
SOLID_ANGLE_UNIT()
);
#6985=(
NAMED_UNIT(*)
SI_UNIT($,.STERADIAN.)
SOLID_ANGLE_UNIT()
);
#6986=(
NAMED_UNIT(*)
SI_UNIT($,.STERADIAN.)
SOLID_ANGLE_UNIT()
);
#6987=(
NAMED_UNIT(*)
PLANE_ANGLE_UNIT()
SI_UNIT($,.RADIAN.)
);
#6988=(
NAMED_UNIT(*)
PLANE_ANGLE_UNIT()
SI_UNIT($,.RADIAN.)
);
#6989=(
NAMED_UNIT(*)
PLANE_ANGLE_UNIT()
SI_UNIT($,.RADIAN.)
);
#6990=(
NAMED_UNIT(*)
PLANE_ANGLE_UNIT()
SI_UNIT($,.RADIAN.)
);
#6991=(
NAMED_UNIT(*)
PLANE_ANGLE_UNIT()
SI_UNIT($,.RADIAN.)
);
#6992=(
NAMED_UNIT(*)
PLANE_ANGLE_UNIT()
SI_UNIT($,.RADIAN.)
);
#6993=(
NAMED_UNIT(*)
PLANE_ANGLE_UNIT()
SI_UNIT($,.RADIAN.)
);
#6994=(
NAMED_UNIT(*)
PLANE_ANGLE_UNIT()
SI_UNIT($,.RADIAN.)
);
#6995=(
NAMED_UNIT(*)
PLANE_ANGLE_UNIT()
SI_UNIT($,.RADIAN.)
);
#6996=(
NAMED_UNIT(*)
PLANE_ANGLE_UNIT()
SI_UNIT($,.RADIAN.)
);
#6997=(
NAMED_UNIT(*)
PLANE_ANGLE_UNIT()
SI_UNIT($,.RADIAN.)
);
#6998=(
NAMED_UNIT(*)
PLANE_ANGLE_UNIT()
SI_UNIT($,.RADIAN.)
);
#6999=(
NAMED_UNIT(*)
PLANE_ANGLE_UNIT()
SI_UNIT($,.RADIAN.)
);
#7000=(
NAMED_UNIT(*)
PLANE_ANGLE_UNIT()
SI_UNIT($,.RADIAN.)
);
#7001=(
LENGTH_UNIT()
NAMED_UNIT(*)
SI_UNIT($,.METRE.)
);
#7002=(
LENGTH_UNIT()
NAMED_UNIT(*)
SI_UNIT($,.METRE.)
);
#7003=(
LENGTH_UNIT()
NAMED_UNIT(*)
SI_UNIT($,.METRE.)
);
#7004=(
LENGTH_UNIT()
NAMED_UNIT(*)
SI_UNIT($,.METRE.)
);
#7005=(
LENGTH_UNIT()
NAMED_UNIT(*)
SI_UNIT($,.METRE.)
);
#7006=(
LENGTH_UNIT()
NAMED_UNIT(*)
SI_UNIT($,.METRE.)
);
#7007=(
LENGTH_UNIT()
NAMED_UNIT(*)
SI_UNIT($,.METRE.)
);
#7008=(
LENGTH_UNIT()
NAMED_UNIT(*)
SI_UNIT($,.METRE.)
);
#7009=(
LENGTH_UNIT()
NAMED_UNIT(*)
SI_UNIT($,.METRE.)
);
#7010=(
LENGTH_UNIT()
NAMED_UNIT(*)
SI_UNIT($,.METRE.)
);
#7011=(
LENGTH_UNIT()
NAMED_UNIT(*)
SI_UNIT($,.METRE.)
);
#7012=(
LENGTH_UNIT()
NAMED_UNIT(*)
SI_UNIT($,.METRE.)
);
#7013=(
LENGTH_UNIT()
NAMED_UNIT(*)
SI_UNIT($,.METRE.)
);
#7014=(
LENGTH_UNIT()
NAMED_UNIT(*)
SI_UNIT($,.METRE.)
);
#7015=PRODUCT_DEFINITION_SHAPE('','',#7029);
#7016=PRODUCT_DEFINITION_SHAPE('','',#7030);
#7017=PRODUCT_DEFINITION_SHAPE('','',#7031);
#7018=PRODUCT_DEFINITION_SHAPE('','',#7032);
#7019=PRODUCT_DEFINITION_SHAPE('','',#7033);
#7020=PRODUCT_DEFINITION_SHAPE('','',#7034);
#7021=PRODUCT_DEFINITION_SHAPE('','',#7035);
#7022=PRODUCT_DEFINITION_SHAPE('','',#7036);
#7023=PRODUCT_DEFINITION_SHAPE('','',#7037);
#7024=PRODUCT_DEFINITION_SHAPE('','',#7038);
#7025=PRODUCT_DEFINITION_SHAPE('','',#7039);
#7026=PRODUCT_DEFINITION_SHAPE('','',#7040);
#7027=PRODUCT_DEFINITION_SHAPE('','',#7041);
#7028=PRODUCT_DEFINITION_SHAPE('','',#7042);
#7029=PRODUCT_DEFINITION('','',#7057,#7043);
#7030=PRODUCT_DEFINITION('','',#7058,#7044);
#7031=PRODUCT_DEFINITION('','',#7059,#7045);
#7032=PRODUCT_DEFINITION('','',#7060,#7046);
#7033=PRODUCT_DEFINITION('','',#7061,#7047);
#7034=PRODUCT_DEFINITION('','',#7062,#7048);
#7035=PRODUCT_DEFINITION('','',#7063,#7049);
#7036=PRODUCT_DEFINITION('','',#7064,#7050);
#7037=PRODUCT_DEFINITION('','',#7065,#7051);
#7038=PRODUCT_DEFINITION('','',#7066,#7052);
#7039=PRODUCT_DEFINITION('','',#7067,#7053);
#7040=PRODUCT_DEFINITION('','',#7068,#7054);
#7041=PRODUCT_DEFINITION('','',#7069,#7055);
#7042=PRODUCT_DEFINITION('','',#7070,#7056);
#7043=PRODUCT_DEFINITION_CONTEXT('',#7141,'design');
#7044=PRODUCT_DEFINITION_CONTEXT('',#7142,'design');
#7045=PRODUCT_DEFINITION_CONTEXT('',#7143,'design');
#7046=PRODUCT_DEFINITION_CONTEXT('',#7144,'design');
#7047=PRODUCT_DEFINITION_CONTEXT('',#7145,'design');
#7048=PRODUCT_DEFINITION_CONTEXT('',#7146,'design');
#7049=PRODUCT_DEFINITION_CONTEXT('',#7147,'design');
#7050=PRODUCT_DEFINITION_CONTEXT('',#7148,'design');
#7051=PRODUCT_DEFINITION_CONTEXT('',#7149,'design');
#7052=PRODUCT_DEFINITION_CONTEXT('',#7150,'design');
#7053=PRODUCT_DEFINITION_CONTEXT('',#7151,'design');
#7054=PRODUCT_DEFINITION_CONTEXT('',#7152,'design');
#7055=PRODUCT_DEFINITION_CONTEXT('',#7153,'design');
#7056=PRODUCT_DEFINITION_CONTEXT('',#7154,'design');
#7057=PRODUCT_DEFINITION_FORMATION_WITH_SPECIFIED_SOURCE('','',#7085,
 .NOT_KNOWN.);
#7058=PRODUCT_DEFINITION_FORMATION_WITH_SPECIFIED_SOURCE('','',#7086,
 .NOT_KNOWN.);
#7059=PRODUCT_DEFINITION_FORMATION_WITH_SPECIFIED_SOURCE('','',#7087,
 .NOT_KNOWN.);
#7060=PRODUCT_DEFINITION_FORMATION_WITH_SPECIFIED_SOURCE('','',#7088,
 .NOT_KNOWN.);
#7061=PRODUCT_DEFINITION_FORMATION_WITH_SPECIFIED_SOURCE('','',#7089,
 .NOT_KNOWN.);
#7062=PRODUCT_DEFINITION_FORMATION_WITH_SPECIFIED_SOURCE('','',#7090,
 .NOT_KNOWN.);
#7063=PRODUCT_DEFINITION_FORMATION_WITH_SPECIFIED_SOURCE('','',#7091,
 .NOT_KNOWN.);
#7064=PRODUCT_DEFINITION_FORMATION_WITH_SPECIFIED_SOURCE('','',#7092,
 .NOT_KNOWN.);
#7065=PRODUCT_DEFINITION_FORMATION_WITH_SPECIFIED_SOURCE('','',#7093,
 .NOT_KNOWN.);
#7066=PRODUCT_DEFINITION_FORMATION_WITH_SPECIFIED_SOURCE('','',#7094,
 .NOT_KNOWN.);
#7067=PRODUCT_DEFINITION_FORMATION_WITH_SPECIFIED_SOURCE('','',#7095,
 .NOT_KNOWN.);
#7068=PRODUCT_DEFINITION_FORMATION_WITH_SPECIFIED_SOURCE('','',#7096,
 .NOT_KNOWN.);
#7069=PRODUCT_DEFINITION_FORMATION_WITH_SPECIFIED_SOURCE('','',#7097,
 .NOT_KNOWN.);
#7070=PRODUCT_DEFINITION_FORMATION_WITH_SPECIFIED_SOURCE('','',#7098,
 .NOT_KNOWN.);
#7071=PRODUCT_RELATED_PRODUCT_CATEGORY('','',(#7085));
#7072=PRODUCT_RELATED_PRODUCT_CATEGORY('','',(#7086));
#7073=PRODUCT_RELATED_PRODUCT_CATEGORY('','',(#7087));
#7074=PRODUCT_RELATED_PRODUCT_CATEGORY('','',(#7088));
#7075=PRODUCT_RELATED_PRODUCT_CATEGORY('','',(#7089));
#7076=PRODUCT_RELATED_PRODUCT_CATEGORY('','',(#7090));
#7077=PRODUCT_RELATED_PRODUCT_CATEGORY('','',(#7091));
#7078=PRODUCT_RELATED_PRODUCT_CATEGORY('','',(#7092));
#7079=PRODUCT_RELATED_PRODUCT_CATEGORY('','',(#7093));
#7080=PRODUCT_RELATED_PRODUCT_CATEGORY('','',(#7094));
#7081=PRODUCT_RELATED_PRODUCT_CATEGORY('','',(#7095));
#7082=PRODUCT_RELATED_PRODUCT_CATEGORY('','',(#7096));
#7083=PRODUCT_RELATED_PRODUCT_CATEGORY('','',(#7097));
#7084=PRODUCT_RELATED_PRODUCT_CATEGORY('','',(#7098));
#7085=PRODUCT('Part 2','Part 2','Part 2',(#7113));
#7086=PRODUCT('Part 9','Part 9','Part 9',(#7114));
#7087=PRODUCT('Part 7','Part 7','Part 7',(#7115));
#7088=PRODUCT('Part 1','Part 1','Part 1',(#7116));
#7089=PRODUCT('Part 8','Part 8','Part 8',(#7117));
#7090=PRODUCT('Part 6','Part 6','Part 6',(#7118));
#7091=PRODUCT('Part 12','Part 12','Part 12',(#7119));
#7092=PRODUCT('Part 5','Part 5','Part 5',(#7120));
#7093=PRODUCT('Part 4','Part 4','Part 4',(#7121));
#7094=PRODUCT('Part 14','Part 14','Part 14',(#7122));
#7095=PRODUCT('Part 11','Part 11','Part 11',(#7123));
#7096=PRODUCT('Part 3','Part 3','Part 3',(#7124));
#7097=PRODUCT('Part 13','Part 13','Part 13',(#7125));
#7098=PRODUCT('Part 10','Part 10','Part 10',(#7126));
#7099=PRODUCT_CATEGORY('','');
#7100=PRODUCT_CATEGORY('','');
#7101=PRODUCT_CATEGORY('','');
#7102=PRODUCT_CATEGORY('','');
#7103=PRODUCT_CATEGORY('','');
#7104=PRODUCT_CATEGORY('','');
#7105=PRODUCT_CATEGORY('','');
#7106=PRODUCT_CATEGORY('','');
#7107=PRODUCT_CATEGORY('','');
#7108=PRODUCT_CATEGORY('','');
#7109=PRODUCT_CATEGORY('','');
#7110=PRODUCT_CATEGORY('','');
#7111=PRODUCT_CATEGORY('','');
#7112=PRODUCT_CATEGORY('','');
#7113=PRODUCT_CONTEXT('',#7141,'mechanical');
#7114=PRODUCT_CONTEXT('',#7142,'mechanical');
#7115=PRODUCT_CONTEXT('',#7143,'mechanical');
#7116=PRODUCT_CONTEXT('',#7144,'mechanical');
#7117=PRODUCT_CONTEXT('',#7145,'mechanical');
#7118=PRODUCT_CONTEXT('',#7146,'mechanical');
#7119=PRODUCT_CONTEXT('',#7147,'mechanical');
#7120=PRODUCT_CONTEXT('',#7148,'mechanical');
#7121=PRODUCT_CONTEXT('',#7149,'mechanical');
#7122=PRODUCT_CONTEXT('',#7150,'mechanical');
#7123=PRODUCT_CONTEXT('',#7151,'mechanical');
#7124=PRODUCT_CONTEXT('',#7152,'mechanical');
#7125=PRODUCT_CONTEXT('',#7153,'mechanical');
#7126=PRODUCT_CONTEXT('',#7154,'mechanical');
#7127=APPLICATION_PROTOCOL_DEFINITION('international standard',
'ap242_managed_model_based_3d_engineering',2020,#7141);
#7128=APPLICATION_PROTOCOL_DEFINITION('international standard',
'ap242_managed_model_based_3d_engineering',2020,#7142);
#7129=APPLICATION_PROTOCOL_DEFINITION('international standard',
'ap242_managed_model_based_3d_engineering',2020,#7143);
#7130=APPLICATION_PROTOCOL_DEFINITION('international standard',
'ap242_managed_model_based_3d_engineering',2020,#7144);
#7131=APPLICATION_PROTOCOL_DEFINITION('international standard',
'ap242_managed_model_based_3d_engineering',2020,#7145);
#7132=APPLICATION_PROTOCOL_DEFINITION('international standard',
'ap242_managed_model_based_3d_engineering',2020,#7146);
#7133=APPLICATION_PROTOCOL_DEFINITION('international standard',
'ap242_managed_model_based_3d_engineering',2020,#7147);
#7134=APPLICATION_PROTOCOL_DEFINITION('international standard',
'ap242_managed_model_based_3d_engineering',2020,#7148);
#7135=APPLICATION_PROTOCOL_DEFINITION('international standard',
'ap242_managed_model_based_3d_engineering',2020,#7149);
#7136=APPLICATION_PROTOCOL_DEFINITION('international standard',
'ap242_managed_model_based_3d_engineering',2020,#7150);
#7137=APPLICATION_PROTOCOL_DEFINITION('international standard',
'ap242_managed_model_based_3d_engineering',2020,#7151);
#7138=APPLICATION_PROTOCOL_DEFINITION('international standard',
'ap242_managed_model_based_3d_engineering',2020,#7152);
#7139=APPLICATION_PROTOCOL_DEFINITION('international standard',
'ap242_managed_model_based_3d_engineering',2020,#7153);
#7140=APPLICATION_PROTOCOL_DEFINITION('international standard',
'ap242_managed_model_based_3d_engineering',2020,#7154);
#7141=APPLICATION_CONTEXT('managed model based 3d engineering');
#7142=APPLICATION_CONTEXT('managed model based 3d engineering');
#7143=APPLICATION_CONTEXT('managed model based 3d engineering');
#7144=APPLICATION_CONTEXT('managed model based 3d engineering');
#7145=APPLICATION_CONTEXT('managed model based 3d engineering');
#7146=APPLICATION_CONTEXT('managed model based 3d engineering');
#7147=APPLICATION_CONTEXT('managed model based 3d engineering');
#7148=APPLICATION_CONTEXT('managed model based 3d engineering');
#7149=APPLICATION_CONTEXT('managed model based 3d engineering');
#7150=APPLICATION_CONTEXT('managed model based 3d engineering');
#7151=APPLICATION_CONTEXT('managed model based 3d engineering');
#7152=APPLICATION_CONTEXT('managed model based 3d engineering');
#7153=APPLICATION_CONTEXT('managed model based 3d engineering');
#7154=APPLICATION_CONTEXT('managed model based 3d engineering');
ENDSEC;
END-ISO-10303-21;
