ISO-10303-21;
HEADER;
/* Generated by software containing ST-Developer
 * from STEP Tools, Inc. (www.steptools.com) 
 */
/* OPTION: using custom renumber hook */

FILE_DESCRIPTION(
/* description */ ('STEP AP242 Edition 2',
'CAx-IF Rec.Pracs.---Representation and Presentation of Product Manufa
cturing Information (PMI)---4.0---2014-10-13',
'CAx-IF Rec.Pracs.---3D Tessellated Geometry---0.4---2014-09-14','2;1',
'CAx-IF Rec.Pracs.---User Defined Attributes---1.5---2016-08-15'),
/* implementation_level */ '2;1');

FILE_NAME(
/* name */ 'Rubiks Cube',
/* time_stamp */ '2026-09-04T22:02:21Z',
/* author */ (''),
/* organization */ (''),
/* preprocessor_version */ 'ST-DEVELOPER v20',
/* originating_system */ 'ONSHAPE BY PTC INC, 1.220',
/* authorisation */ '  ');

FILE_SCHEMA (('AP242_MANAGED_MODEL_BASED_3D_ENGINEERING_MIM_LF { 1 0 10303 442 3 1 4 }'));
ENDSEC;

DATA;
#10=SHAPE_REPRESENTATION_RELATIONSHIP('','',#3602,#11);
#11=ADVANCED_BREP_SHAPE_REPRESENTATION('',(#3600),#5416);
#12=ORIENTED_EDGE('',*,*,#900,.F.);
#13=ORIENTED_EDGE('',*,*,#901,.T.);
#14=ORIENTED_EDGE('',*,*,#902,.T.);
#15=ORIENTED_EDGE('',*,*,#903,.F.);
#16=ORIENTED_EDGE('',*,*,#904,.F.);
#17=ORIENTED_EDGE('',*,*,#905,.T.);
#18=ORIENTED_EDGE('',*,*,#906,.T.);
#19=ORIENTED_EDGE('',*,*,#907,.T.);
#20=ORIENTED_EDGE('',*,*,#908,.F.);
#21=ORIENTED_EDGE('',*,*,#909,.T.);
#22=ORIENTED_EDGE('',*,*,#910,.T.);
#23=ORIENTED_EDGE('',*,*,#911,.T.);
#24=ORIENTED_EDGE('',*,*,#912,.T.);
#25=ORIENTED_EDGE('',*,*,#913,.F.);
#26=ORIENTED_EDGE('',*,*,#914,.T.);
#27=ORIENTED_EDGE('',*,*,#915,.T.);
#28=ORIENTED_EDGE('',*,*,#916,.T.);
#29=ORIENTED_EDGE('',*,*,#917,.F.);
#30=ORIENTED_EDGE('',*,*,#918,.T.);
#31=ORIENTED_EDGE('',*,*,#919,.T.);
#32=ORIENTED_EDGE('',*,*,#920,.F.);
#33=ORIENTED_EDGE('',*,*,#921,.F.);
#34=ORIENTED_EDGE('',*,*,#922,.T.);
#35=ORIENTED_EDGE('',*,*,#923,.T.);
#36=ORIENTED_EDGE('',*,*,#924,.F.);
#37=ORIENTED_EDGE('',*,*,#925,.F.);
#38=ORIENTED_EDGE('',*,*,#926,.T.);
#39=ORIENTED_EDGE('',*,*,#927,.T.);
#40=ORIENTED_EDGE('',*,*,#928,.F.);
#41=ORIENTED_EDGE('',*,*,#929,.F.);
#42=ORIENTED_EDGE('',*,*,#930,.T.);
#43=ORIENTED_EDGE('',*,*,#931,.T.);
#44=ORIENTED_EDGE('',*,*,#932,.F.);
#45=ORIENTED_EDGE('',*,*,#933,.F.);
#46=ORIENTED_EDGE('',*,*,#934,.T.);
#47=ORIENTED_EDGE('',*,*,#935,.F.);
#48=ORIENTED_EDGE('',*,*,#936,.T.);
#49=ORIENTED_EDGE('',*,*,#937,.T.);
#50=ORIENTED_EDGE('',*,*,#938,.F.);
#51=ORIENTED_EDGE('',*,*,#939,.F.);
#52=ORIENTED_EDGE('',*,*,#940,.F.);
#53=ORIENTED_EDGE('',*,*,#941,.T.);
#54=ORIENTED_EDGE('',*,*,#942,.T.);
#55=ORIENTED_EDGE('',*,*,#943,.F.);
#56=ORIENTED_EDGE('',*,*,#944,.F.);
#57=ORIENTED_EDGE('',*,*,#945,.T.);
#58=ORIENTED_EDGE('',*,*,#946,.T.);
#59=ORIENTED_EDGE('',*,*,#947,.F.);
#60=ORIENTED_EDGE('',*,*,#948,.F.);
#61=ORIENTED_EDGE('',*,*,#949,.T.);
#62=ORIENTED_EDGE('',*,*,#950,.T.);
#63=ORIENTED_EDGE('',*,*,#951,.T.);
#64=ORIENTED_EDGE('',*,*,#952,.F.);
#65=ORIENTED_EDGE('',*,*,#953,.T.);
#66=ORIENTED_EDGE('',*,*,#954,.F.);
#67=ORIENTED_EDGE('',*,*,#955,.T.);
#68=ORIENTED_EDGE('',*,*,#956,.T.);
#69=ORIENTED_EDGE('',*,*,#957,.T.);
#70=ORIENTED_EDGE('',*,*,#958,.T.);
#71=ORIENTED_EDGE('',*,*,#959,.F.);
#72=ORIENTED_EDGE('',*,*,#960,.T.);
#73=ORIENTED_EDGE('',*,*,#961,.T.);
#74=ORIENTED_EDGE('',*,*,#962,.T.);
#75=ORIENTED_EDGE('',*,*,#963,.F.);
#76=ORIENTED_EDGE('',*,*,#964,.F.);
#77=ORIENTED_EDGE('',*,*,#965,.T.);
#78=ORIENTED_EDGE('',*,*,#966,.T.);
#79=ORIENTED_EDGE('',*,*,#967,.F.);
#80=ORIENTED_EDGE('',*,*,#968,.F.);
#81=ORIENTED_EDGE('',*,*,#969,.T.);
#82=ORIENTED_EDGE('',*,*,#970,.T.);
#83=ORIENTED_EDGE('',*,*,#971,.F.);
#84=ORIENTED_EDGE('',*,*,#972,.F.);
#85=ORIENTED_EDGE('',*,*,#973,.T.);
#86=ORIENTED_EDGE('',*,*,#974,.T.);
#87=ORIENTED_EDGE('',*,*,#975,.F.);
#88=ORIENTED_EDGE('',*,*,#930,.F.);
#89=ORIENTED_EDGE('',*,*,#976,.T.);
#90=ORIENTED_EDGE('',*,*,#977,.T.);
#91=ORIENTED_EDGE('',*,*,#978,.F.);
#92=ORIENTED_EDGE('',*,*,#926,.F.);
#93=ORIENTED_EDGE('',*,*,#979,.T.);
#94=ORIENTED_EDGE('',*,*,#980,.T.);
#95=ORIENTED_EDGE('',*,*,#981,.T.);
#96=ORIENTED_EDGE('',*,*,#982,.F.);
#97=ORIENTED_EDGE('',*,*,#983,.T.);
#98=ORIENTED_EDGE('',*,*,#984,.T.);
#99=ORIENTED_EDGE('',*,*,#985,.T.);
#100=ORIENTED_EDGE('',*,*,#986,.F.);
#101=ORIENTED_EDGE('',*,*,#987,.T.);
#102=ORIENTED_EDGE('',*,*,#948,.T.);
#103=ORIENTED_EDGE('',*,*,#988,.F.);
#104=ORIENTED_EDGE('',*,*,#989,.F.);
#105=ORIENTED_EDGE('',*,*,#990,.T.);
#106=ORIENTED_EDGE('',*,*,#944,.T.);
#107=ORIENTED_EDGE('',*,*,#991,.F.);
#108=ORIENTED_EDGE('',*,*,#992,.T.);
#109=ORIENTED_EDGE('',*,*,#993,.T.);
#110=ORIENTED_EDGE('',*,*,#994,.F.);
#111=ORIENTED_EDGE('',*,*,#995,.F.);
#112=ORIENTED_EDGE('',*,*,#996,.F.);
#113=ORIENTED_EDGE('',*,*,#997,.T.);
#114=ORIENTED_EDGE('',*,*,#998,.T.);
#115=ORIENTED_EDGE('',*,*,#999,.T.);
#116=ORIENTED_EDGE('',*,*,#1000,.F.);
#117=ORIENTED_EDGE('',*,*,#1001,.T.);
#118=ORIENTED_EDGE('',*,*,#1002,.T.);
#119=ORIENTED_EDGE('',*,*,#1003,.T.);
#120=ORIENTED_EDGE('',*,*,#962,.F.);
#121=ORIENTED_EDGE('',*,*,#1004,.F.);
#122=ORIENTED_EDGE('',*,*,#1005,.T.);
#123=ORIENTED_EDGE('',*,*,#1006,.T.);
#124=ORIENTED_EDGE('',*,*,#958,.F.);
#125=ORIENTED_EDGE('',*,*,#1007,.F.);
#126=ORIENTED_EDGE('',*,*,#1008,.T.);
#127=ORIENTED_EDGE('',*,*,#1009,.T.);
#128=ORIENTED_EDGE('',*,*,#1010,.F.);
#129=ORIENTED_EDGE('',*,*,#1011,.F.);
#130=ORIENTED_EDGE('',*,*,#1012,.T.);
#131=ORIENTED_EDGE('',*,*,#1013,.T.);
#132=ORIENTED_EDGE('',*,*,#1014,.F.);
#133=ORIENTED_EDGE('',*,*,#1015,.F.);
#134=ORIENTED_EDGE('',*,*,#916,.F.);
#135=ORIENTED_EDGE('',*,*,#1016,.T.);
#136=ORIENTED_EDGE('',*,*,#1017,.F.);
#137=ORIENTED_EDGE('',*,*,#1018,.F.);
#138=ORIENTED_EDGE('',*,*,#912,.F.);
#139=ORIENTED_EDGE('',*,*,#1019,.T.);
#140=ORIENTED_EDGE('',*,*,#1020,.F.);
#141=ORIENTED_EDGE('',*,*,#1021,.T.);
#142=ORIENTED_EDGE('',*,*,#1022,.F.);
#143=ORIENTED_EDGE('',*,*,#1023,.F.);
#144=ORIENTED_EDGE('',*,*,#1024,.F.);
#145=ORIENTED_EDGE('',*,*,#1025,.T.);
#146=ORIENTED_EDGE('',*,*,#1026,.F.);
#147=ORIENTED_EDGE('',*,*,#1027,.F.);
#148=ORIENTED_EDGE('',*,*,#1028,.F.);
#149=ORIENTED_EDGE('',*,*,#1029,.T.);
#150=ORIENTED_EDGE('',*,*,#1030,.T.);
#151=ORIENTED_EDGE('',*,*,#1031,.F.);
#152=ORIENTED_EDGE('',*,*,#1032,.F.);
#153=ORIENTED_EDGE('',*,*,#1033,.T.);
#154=ORIENTED_EDGE('',*,*,#1034,.F.);
#155=ORIENTED_EDGE('',*,*,#1035,.T.);
#156=ORIENTED_EDGE('',*,*,#1036,.F.);
#157=ORIENTED_EDGE('',*,*,#1037,.T.);
#158=ORIENTED_EDGE('',*,*,#1038,.T.);
#159=ORIENTED_EDGE('',*,*,#1039,.F.);
#160=ORIENTED_EDGE('',*,*,#1040,.F.);
#161=ORIENTED_EDGE('',*,*,#1041,.T.);
#162=ORIENTED_EDGE('',*,*,#1042,.T.);
#163=ORIENTED_EDGE('',*,*,#1043,.F.);
#164=ORIENTED_EDGE('',*,*,#1044,.T.);
#165=ORIENTED_EDGE('',*,*,#1045,.T.);
#166=ORIENTED_EDGE('',*,*,#1046,.F.);
#167=ORIENTED_EDGE('',*,*,#1047,.F.);
#168=ORIENTED_EDGE('',*,*,#1048,.F.);
#169=ORIENTED_EDGE('',*,*,#1049,.T.);
#170=ORIENTED_EDGE('',*,*,#1050,.F.);
#171=ORIENTED_EDGE('',*,*,#1051,.F.);
#172=ORIENTED_EDGE('',*,*,#1052,.F.);
#173=ORIENTED_EDGE('',*,*,#1053,.T.);
#174=ORIENTED_EDGE('',*,*,#1054,.F.);
#175=ORIENTED_EDGE('',*,*,#1055,.T.);
#176=ORIENTED_EDGE('',*,*,#1056,.F.);
#177=ORIENTED_EDGE('',*,*,#1057,.T.);
#178=ORIENTED_EDGE('',*,*,#1058,.F.);
#179=ORIENTED_EDGE('',*,*,#1059,.F.);
#180=ORIENTED_EDGE('',*,*,#1060,.F.);
#181=ORIENTED_EDGE('',*,*,#1061,.T.);
#182=ORIENTED_EDGE('',*,*,#1062,.T.);
#183=ORIENTED_EDGE('',*,*,#1063,.T.);
#184=ORIENTED_EDGE('',*,*,#1064,.F.);
#185=ORIENTED_EDGE('',*,*,#1065,.T.);
#186=ORIENTED_EDGE('',*,*,#1066,.T.);
#187=ORIENTED_EDGE('',*,*,#1067,.F.);
#188=ORIENTED_EDGE('',*,*,#1068,.F.);
#189=ORIENTED_EDGE('',*,*,#1069,.T.);
#190=ORIENTED_EDGE('',*,*,#1070,.T.);
#191=ORIENTED_EDGE('',*,*,#1071,.F.);
#192=ORIENTED_EDGE('',*,*,#1072,.F.);
#193=ORIENTED_EDGE('',*,*,#1073,.T.);
#194=ORIENTED_EDGE('',*,*,#1074,.T.);
#195=ORIENTED_EDGE('',*,*,#1075,.F.);
#196=ORIENTED_EDGE('',*,*,#1076,.F.);
#197=ORIENTED_EDGE('',*,*,#1077,.T.);
#198=ORIENTED_EDGE('',*,*,#1078,.T.);
#199=ORIENTED_EDGE('',*,*,#1079,.T.);
#200=ORIENTED_EDGE('',*,*,#1080,.T.);
#201=ORIENTED_EDGE('',*,*,#1081,.T.);
#202=ORIENTED_EDGE('',*,*,#1082,.F.);
#203=ORIENTED_EDGE('',*,*,#1078,.F.);
#204=ORIENTED_EDGE('',*,*,#1083,.F.);
#205=ORIENTED_EDGE('',*,*,#1030,.F.);
#206=ORIENTED_EDGE('',*,*,#1084,.T.);
#207=ORIENTED_EDGE('',*,*,#1085,.F.);
#208=ORIENTED_EDGE('',*,*,#1086,.F.);
#209=ORIENTED_EDGE('',*,*,#1035,.F.);
#210=ORIENTED_EDGE('',*,*,#1087,.T.);
#211=ORIENTED_EDGE('',*,*,#1088,.F.);
#212=ORIENTED_EDGE('',*,*,#1089,.F.);
#213=ORIENTED_EDGE('',*,*,#1090,.T.);
#214=ORIENTED_EDGE('',*,*,#1091,.T.);
#215=ORIENTED_EDGE('',*,*,#1092,.F.);
#216=ORIENTED_EDGE('',*,*,#1093,.F.);
#217=ORIENTED_EDGE('',*,*,#1094,.T.);
#218=ORIENTED_EDGE('',*,*,#1095,.T.);
#219=ORIENTED_EDGE('',*,*,#1054,.T.);
#220=ORIENTED_EDGE('',*,*,#1096,.T.);
#221=ORIENTED_EDGE('',*,*,#1097,.T.);
#222=ORIENTED_EDGE('',*,*,#1058,.T.);
#223=ORIENTED_EDGE('',*,*,#1098,.F.);
#224=ORIENTED_EDGE('',*,*,#1099,.T.);
#225=ORIENTED_EDGE('',*,*,#1100,.T.);
#226=ORIENTED_EDGE('',*,*,#1101,.F.);
#227=ORIENTED_EDGE('',*,*,#1102,.F.);
#228=ORIENTED_EDGE('',*,*,#1103,.F.);
#229=ORIENTED_EDGE('',*,*,#1104,.T.);
#230=ORIENTED_EDGE('',*,*,#1051,.T.);
#231=ORIENTED_EDGE('',*,*,#1105,.F.);
#232=ORIENTED_EDGE('',*,*,#1106,.F.);
#233=ORIENTED_EDGE('',*,*,#1107,.T.);
#234=ORIENTED_EDGE('',*,*,#1108,.T.);
#235=ORIENTED_EDGE('',*,*,#1109,.F.);
#236=ORIENTED_EDGE('',*,*,#1110,.F.);
#237=ORIENTED_EDGE('',*,*,#1111,.T.);
#238=ORIENTED_EDGE('',*,*,#1066,.F.);
#239=ORIENTED_EDGE('',*,*,#1112,.T.);
#240=ORIENTED_EDGE('',*,*,#1113,.F.);
#241=ORIENTED_EDGE('',*,*,#1114,.T.);
#242=ORIENTED_EDGE('',*,*,#1115,.T.);
#243=ORIENTED_EDGE('',*,*,#1062,.F.);
#244=ORIENTED_EDGE('',*,*,#1116,.F.);
#245=ORIENTED_EDGE('',*,*,#1117,.T.);
#246=ORIENTED_EDGE('',*,*,#1091,.F.);
#247=ORIENTED_EDGE('',*,*,#1118,.F.);
#248=ORIENTED_EDGE('',*,*,#1119,.F.);
#249=ORIENTED_EDGE('',*,*,#1120,.T.);
#250=ORIENTED_EDGE('',*,*,#1087,.F.);
#251=ORIENTED_EDGE('',*,*,#1034,.T.);
#252=ORIENTED_EDGE('',*,*,#1121,.T.);
#253=ORIENTED_EDGE('',*,*,#1122,.T.);
#254=ORIENTED_EDGE('',*,*,#1026,.T.);
#255=ORIENTED_EDGE('',*,*,#1123,.T.);
#256=ORIENTED_EDGE('',*,*,#1124,.F.);
#257=ORIENTED_EDGE('',*,*,#1125,.F.);
#258=ORIENTED_EDGE('',*,*,#1023,.T.);
#259=ORIENTED_EDGE('',*,*,#1126,.T.);
#260=ORIENTED_EDGE('',*,*,#1127,.F.);
#261=ORIENTED_EDGE('',*,*,#1043,.T.);
#262=ORIENTED_EDGE('',*,*,#1128,.T.);
#263=ORIENTED_EDGE('',*,*,#1129,.F.);
#264=ORIENTED_EDGE('',*,*,#1130,.F.);
#265=ORIENTED_EDGE('',*,*,#1131,.T.);
#266=ORIENTED_EDGE('',*,*,#1132,.T.);
#267=ORIENTED_EDGE('',*,*,#1133,.F.);
#268=ORIENTED_EDGE('',*,*,#1134,.F.);
#269=ORIENTED_EDGE('',*,*,#1135,.T.);
#270=ORIENTED_EDGE('',*,*,#1074,.F.);
#271=ORIENTED_EDGE('',*,*,#1136,.F.);
#272=ORIENTED_EDGE('',*,*,#1137,.F.);
#273=ORIENTED_EDGE('',*,*,#1138,.T.);
#274=ORIENTED_EDGE('',*,*,#1063,.F.);
#275=ORIENTED_EDGE('',*,*,#1115,.F.);
#276=ORIENTED_EDGE('',*,*,#1139,.T.);
#277=ORIENTED_EDGE('',*,*,#1140,.T.);
#278=ORIENTED_EDGE('',*,*,#1108,.F.);
#279=ORIENTED_EDGE('',*,*,#1141,.F.);
#280=ORIENTED_EDGE('',*,*,#1142,.T.);
#281=ORIENTED_EDGE('',*,*,#1143,.T.);
#282=ORIENTED_EDGE('',*,*,#1126,.F.);
#283=ORIENTED_EDGE('',*,*,#1022,.T.);
#284=ORIENTED_EDGE('',*,*,#1144,.F.);
#285=ORIENTED_EDGE('',*,*,#1145,.T.);
#286=ORIENTED_EDGE('',*,*,#1146,.T.);
#287=ORIENTED_EDGE('',*,*,#1070,.F.);
#288=ORIENTED_EDGE('',*,*,#1147,.F.);
#289=ORIENTED_EDGE('',*,*,#1055,.F.);
#290=ORIENTED_EDGE('',*,*,#1095,.F.);
#291=ORIENTED_EDGE('',*,*,#1148,.F.);
#292=ORIENTED_EDGE('',*,*,#1149,.F.);
#293=ORIENTED_EDGE('',*,*,#1128,.F.);
#294=ORIENTED_EDGE('',*,*,#1042,.F.);
#295=ORIENTED_EDGE('',*,*,#1150,.T.);
#296=ORIENTED_EDGE('',*,*,#1151,.F.);
#297=ORIENTED_EDGE('',*,*,#1038,.F.);
#298=ORIENTED_EDGE('',*,*,#1152,.T.);
#299=ORIENTED_EDGE('',*,*,#1153,.F.);
#300=ORIENTED_EDGE('',*,*,#1154,.F.);
#301=ORIENTED_EDGE('',*,*,#1079,.F.);
#302=ORIENTED_EDGE('',*,*,#1082,.T.);
#303=ORIENTED_EDGE('',*,*,#1155,.F.);
#304=ORIENTED_EDGE('',*,*,#1156,.F.);
#305=ORIENTED_EDGE('',*,*,#1157,.T.);
#306=ORIENTED_EDGE('',*,*,#1101,.T.);
#307=ORIENTED_EDGE('',*,*,#1158,.F.);
#308=ORIENTED_EDGE('',*,*,#1159,.F.);
#309=ORIENTED_EDGE('',*,*,#1160,.T.);
#310=ORIENTED_EDGE('',*,*,#1105,.T.);
#311=ORIENTED_EDGE('',*,*,#1050,.T.);
#312=ORIENTED_EDGE('',*,*,#1161,.T.);
#313=ORIENTED_EDGE('',*,*,#1162,.T.);
#314=ORIENTED_EDGE('',*,*,#1163,.T.);
#315=ORIENTED_EDGE('',*,*,#1164,.F.);
#316=ORIENTED_EDGE('',*,*,#1165,.F.);
#317=ORIENTED_EDGE('',*,*,#1132,.F.);
#318=ORIENTED_EDGE('',*,*,#1166,.T.);
#319=ORIENTED_EDGE('',*,*,#1167,.T.);
#320=ORIENTED_EDGE('',*,*,#1168,.F.);
#321=ORIENTED_EDGE('',*,*,#1046,.T.);
#322=ORIENTED_EDGE('',*,*,#1169,.T.);
#323=ORIENTED_EDGE('',*,*,#1170,.T.);
#324=ORIENTED_EDGE('',*,*,#1171,.T.);
#325=ORIENTED_EDGE('',*,*,#1172,.T.);
#326=ORIENTED_EDGE('',*,*,#1071,.T.);
#327=ORIENTED_EDGE('',*,*,#1146,.F.);
#328=ORIENTED_EDGE('',*,*,#1173,.F.);
#329=ORIENTED_EDGE('',*,*,#1174,.T.);
#330=ORIENTED_EDGE('',*,*,#1163,.F.);
#331=ORIENTED_EDGE('',*,*,#1175,.F.);
#332=ORIENTED_EDGE('',*,*,#1149,.T.);
#333=ORIENTED_EDGE('',*,*,#1176,.F.);
#334=ORIENTED_EDGE('',*,*,#931,.F.);
#335=ORIENTED_EDGE('',*,*,#975,.T.);
#336=ORIENTED_EDGE('',*,*,#1177,.T.);
#337=ORIENTED_EDGE('',*,*,#1129,.T.);
#338=ORIENTED_EDGE('',*,*,#1041,.F.);
#339=ORIENTED_EDGE('',*,*,#1178,.F.);
#340=ORIENTED_EDGE('',*,*,#1179,.T.);
#341=ORIENTED_EDGE('',*,*,#904,.T.);
#342=ORIENTED_EDGE('',*,*,#1176,.T.);
#343=ORIENTED_EDGE('',*,*,#1150,.F.);
#344=ORIENTED_EDGE('',*,*,#1151,.T.);
#345=ORIENTED_EDGE('',*,*,#1180,.F.);
#346=ORIENTED_EDGE('',*,*,#906,.F.);
#347=ORIENTED_EDGE('',*,*,#1181,.F.);
#348=ORIENTED_EDGE('',*,*,#1182,.T.);
#349=ORIENTED_EDGE('',*,*,#1039,.T.);
#350=ORIENTED_EDGE('',*,*,#1153,.T.);
#351=ORIENTED_EDGE('',*,*,#1183,.F.);
#352=ORIENTED_EDGE('',*,*,#907,.F.);
#353=ORIENTED_EDGE('',*,*,#1180,.T.);
#354=ORIENTED_EDGE('',*,*,#1037,.F.);
#355=ORIENTED_EDGE('',*,*,#1184,.F.);
#356=ORIENTED_EDGE('',*,*,#1185,.T.);
#357=ORIENTED_EDGE('',*,*,#908,.T.);
#358=ORIENTED_EDGE('',*,*,#1183,.T.);
#359=ORIENTED_EDGE('',*,*,#1152,.F.);
#360=ORIENTED_EDGE('',*,*,#1154,.T.);
#361=ORIENTED_EDGE('',*,*,#1186,.F.);
#362=ORIENTED_EDGE('',*,*,#910,.F.);
#363=ORIENTED_EDGE('',*,*,#1187,.F.);
#364=ORIENTED_EDGE('',*,*,#1188,.T.);
#365=ORIENTED_EDGE('',*,*,#1076,.T.);
#366=ORIENTED_EDGE('',*,*,#1081,.F.);
#367=ORIENTED_EDGE('',*,*,#1189,.F.);
#368=ORIENTED_EDGE('',*,*,#1019,.F.);
#369=ORIENTED_EDGE('',*,*,#911,.F.);
#370=ORIENTED_EDGE('',*,*,#1186,.T.);
#371=ORIENTED_EDGE('',*,*,#1155,.T.);
#372=ORIENTED_EDGE('',*,*,#1102,.T.);
#373=ORIENTED_EDGE('',*,*,#1157,.F.);
#374=ORIENTED_EDGE('',*,*,#1190,.F.);
#375=ORIENTED_EDGE('',*,*,#913,.T.);
#376=ORIENTED_EDGE('',*,*,#1018,.T.);
#377=ORIENTED_EDGE('',*,*,#1191,.T.);
#378=ORIENTED_EDGE('',*,*,#1156,.T.);
#379=ORIENTED_EDGE('',*,*,#1192,.F.);
#380=ORIENTED_EDGE('',*,*,#914,.F.);
#381=ORIENTED_EDGE('',*,*,#1190,.T.);
#382=ORIENTED_EDGE('',*,*,#1100,.F.);
#383=ORIENTED_EDGE('',*,*,#1193,.F.);
#384=ORIENTED_EDGE('',*,*,#1016,.F.);
#385=ORIENTED_EDGE('',*,*,#915,.F.);
#386=ORIENTED_EDGE('',*,*,#1192,.T.);
#387=ORIENTED_EDGE('',*,*,#1158,.T.);
#388=ORIENTED_EDGE('',*,*,#1103,.T.);
#389=ORIENTED_EDGE('',*,*,#1160,.F.);
#390=ORIENTED_EDGE('',*,*,#1194,.F.);
#391=ORIENTED_EDGE('',*,*,#917,.T.);
#392=ORIENTED_EDGE('',*,*,#1015,.T.);
#393=ORIENTED_EDGE('',*,*,#1195,.T.);
#394=ORIENTED_EDGE('',*,*,#1049,.F.);
#395=ORIENTED_EDGE('',*,*,#1196,.F.);
#396=ORIENTED_EDGE('',*,*,#1197,.F.);
#397=ORIENTED_EDGE('',*,*,#918,.F.);
#398=ORIENTED_EDGE('',*,*,#1194,.T.);
#399=ORIENTED_EDGE('',*,*,#1159,.T.);
#400=ORIENTED_EDGE('',*,*,#1175,.T.);
#401=ORIENTED_EDGE('',*,*,#1162,.F.);
#402=ORIENTED_EDGE('',*,*,#1198,.F.);
#403=ORIENTED_EDGE('',*,*,#920,.T.);
#404=ORIENTED_EDGE('',*,*,#1199,.T.);
#405=ORIENTED_EDGE('',*,*,#1200,.T.);
#406=ORIENTED_EDGE('',*,*,#1161,.F.);
#407=ORIENTED_EDGE('',*,*,#1201,.F.);
#408=ORIENTED_EDGE('',*,*,#921,.T.);
#409=ORIENTED_EDGE('',*,*,#1198,.T.);
#410=ORIENTED_EDGE('',*,*,#1174,.F.);
#411=ORIENTED_EDGE('',*,*,#1202,.F.);
#412=ORIENTED_EDGE('',*,*,#1203,.T.);
#413=ORIENTED_EDGE('',*,*,#922,.F.);
#414=ORIENTED_EDGE('',*,*,#1201,.T.);
#415=ORIENTED_EDGE('',*,*,#1164,.T.);
#416=ORIENTED_EDGE('',*,*,#1068,.T.);
#417=ORIENTED_EDGE('',*,*,#1172,.F.);
#418=ORIENTED_EDGE('',*,*,#1204,.F.);
#419=ORIENTED_EDGE('',*,*,#924,.T.);
#420=ORIENTED_EDGE('',*,*,#1205,.F.);
#421=ORIENTED_EDGE('',*,*,#1206,.T.);
#422=ORIENTED_EDGE('',*,*,#979,.F.);
#423=ORIENTED_EDGE('',*,*,#925,.T.);
#424=ORIENTED_EDGE('',*,*,#1204,.T.);
#425=ORIENTED_EDGE('',*,*,#1171,.F.);
#426=ORIENTED_EDGE('',*,*,#1145,.F.);
#427=ORIENTED_EDGE('',*,*,#1207,.F.);
#428=ORIENTED_EDGE('',*,*,#1165,.T.);
#429=ORIENTED_EDGE('',*,*,#1208,.F.);
#430=ORIENTED_EDGE('',*,*,#927,.F.);
#431=ORIENTED_EDGE('',*,*,#978,.T.);
#432=ORIENTED_EDGE('',*,*,#1209,.T.);
#433=ORIENTED_EDGE('',*,*,#1133,.T.);
#434=ORIENTED_EDGE('',*,*,#1167,.F.);
#435=ORIENTED_EDGE('',*,*,#1210,.F.);
#436=ORIENTED_EDGE('',*,*,#928,.T.);
#437=ORIENTED_EDGE('',*,*,#1208,.T.);
#438=ORIENTED_EDGE('',*,*,#1211,.F.);
#439=ORIENTED_EDGE('',*,*,#1212,.F.);
#440=ORIENTED_EDGE('',*,*,#900,.T.);
#441=ORIENTED_EDGE('',*,*,#1213,.T.);
#442=ORIENTED_EDGE('',*,*,#1214,.T.);
#443=ORIENTED_EDGE('',*,*,#1215,.F.);
#444=ORIENTED_EDGE('',*,*,#901,.F.);
#445=ORIENTED_EDGE('',*,*,#1212,.T.);
#446=ORIENTED_EDGE('',*,*,#1216,.T.);
#447=ORIENTED_EDGE('',*,*,#1217,.F.);
#448=ORIENTED_EDGE('',*,*,#902,.F.);
#449=ORIENTED_EDGE('',*,*,#1215,.T.);
#450=ORIENTED_EDGE('',*,*,#1218,.F.);
#451=ORIENTED_EDGE('',*,*,#1213,.F.);
#452=ORIENTED_EDGE('',*,*,#903,.T.);
#453=ORIENTED_EDGE('',*,*,#1217,.T.);
#454=ORIENTED_EDGE('',*,*,#976,.F.);
#455=ORIENTED_EDGE('',*,*,#929,.T.);
#456=ORIENTED_EDGE('',*,*,#1210,.T.);
#457=ORIENTED_EDGE('',*,*,#1166,.F.);
#458=ORIENTED_EDGE('',*,*,#1131,.F.);
#459=ORIENTED_EDGE('',*,*,#1219,.F.);
#460=ORIENTED_EDGE('',*,*,#1211,.T.);
#461=ORIENTED_EDGE('',*,*,#1218,.T.);
#462=ORIENTED_EDGE('',*,*,#1216,.F.);
#463=ORIENTED_EDGE('',*,*,#1214,.F.);
#464=ORIENTED_EDGE('',*,*,#1127,.T.);
#465=ORIENTED_EDGE('',*,*,#1177,.F.);
#466=ORIENTED_EDGE('',*,*,#974,.F.);
#467=ORIENTED_EDGE('',*,*,#1220,.F.);
#468=ORIENTED_EDGE('',*,*,#1178,.T.);
#469=ORIENTED_EDGE('',*,*,#1040,.T.);
#470=ORIENTED_EDGE('',*,*,#1130,.T.);
#471=ORIENTED_EDGE('',*,*,#1209,.F.);
#472=ORIENTED_EDGE('',*,*,#977,.F.);
#473=ORIENTED_EDGE('',*,*,#1219,.T.);
#474=ORIENTED_EDGE('',*,*,#1069,.F.);
#475=ORIENTED_EDGE('',*,*,#1206,.F.);
#476=ORIENTED_EDGE('',*,*,#1221,.F.);
#477=ORIENTED_EDGE('',*,*,#980,.F.);
#478=ORIENTED_EDGE('',*,*,#1207,.T.);
#479=ORIENTED_EDGE('',*,*,#1144,.T.);
#480=ORIENTED_EDGE('',*,*,#1075,.T.);
#481=ORIENTED_EDGE('',*,*,#1135,.F.);
#482=ORIENTED_EDGE('',*,*,#1222,.F.);
#483=ORIENTED_EDGE('',*,*,#982,.T.);
#484=ORIENTED_EDGE('',*,*,#1223,.T.);
#485=ORIENTED_EDGE('',*,*,#1224,.T.);
#486=ORIENTED_EDGE('',*,*,#1134,.T.);
#487=ORIENTED_EDGE('',*,*,#1225,.F.);
#488=ORIENTED_EDGE('',*,*,#983,.F.);
#489=ORIENTED_EDGE('',*,*,#1222,.T.);
#490=ORIENTED_EDGE('',*,*,#1073,.F.);
#491=ORIENTED_EDGE('',*,*,#1226,.F.);
#492=ORIENTED_EDGE('',*,*,#1227,.T.);
#493=ORIENTED_EDGE('',*,*,#984,.F.);
#494=ORIENTED_EDGE('',*,*,#1225,.T.);
#495=ORIENTED_EDGE('',*,*,#1136,.T.);
#496=ORIENTED_EDGE('',*,*,#1060,.T.);
#497=ORIENTED_EDGE('',*,*,#1138,.F.);
#498=ORIENTED_EDGE('',*,*,#1228,.F.);
#499=ORIENTED_EDGE('',*,*,#986,.T.);
#500=ORIENTED_EDGE('',*,*,#1229,.F.);
#501=ORIENTED_EDGE('',*,*,#1230,.T.);
#502=ORIENTED_EDGE('',*,*,#1114,.F.);
#503=ORIENTED_EDGE('',*,*,#1231,.F.);
#504=ORIENTED_EDGE('',*,*,#949,.F.);
#505=ORIENTED_EDGE('',*,*,#987,.F.);
#506=ORIENTED_EDGE('',*,*,#1228,.T.);
#507=ORIENTED_EDGE('',*,*,#1137,.T.);
#508=ORIENTED_EDGE('',*,*,#1109,.T.);
#509=ORIENTED_EDGE('',*,*,#1140,.F.);
#510=ORIENTED_EDGE('',*,*,#1232,.F.);
#511=ORIENTED_EDGE('',*,*,#988,.T.);
#512=ORIENTED_EDGE('',*,*,#947,.T.);
#513=ORIENTED_EDGE('',*,*,#1233,.T.);
#514=ORIENTED_EDGE('',*,*,#1139,.F.);
#515=ORIENTED_EDGE('',*,*,#1234,.F.);
#516=ORIENTED_EDGE('',*,*,#989,.T.);
#517=ORIENTED_EDGE('',*,*,#1232,.T.);
#518=ORIENTED_EDGE('',*,*,#1107,.F.);
#519=ORIENTED_EDGE('',*,*,#1235,.F.);
#520=ORIENTED_EDGE('',*,*,#945,.F.);
#521=ORIENTED_EDGE('',*,*,#990,.F.);
#522=ORIENTED_EDGE('',*,*,#1234,.T.);
#523=ORIENTED_EDGE('',*,*,#1141,.T.);
#524=ORIENTED_EDGE('',*,*,#1124,.T.);
#525=ORIENTED_EDGE('',*,*,#1143,.F.);
#526=ORIENTED_EDGE('',*,*,#1236,.F.);
#527=ORIENTED_EDGE('',*,*,#991,.T.);
#528=ORIENTED_EDGE('',*,*,#943,.T.);
#529=ORIENTED_EDGE('',*,*,#1237,.T.);
#530=ORIENTED_EDGE('',*,*,#1021,.F.);
#531=ORIENTED_EDGE('',*,*,#1238,.F.);
#532=ORIENTED_EDGE('',*,*,#1239,.F.);
#533=ORIENTED_EDGE('',*,*,#968,.T.);
#534=ORIENTED_EDGE('',*,*,#1236,.T.);
#535=ORIENTED_EDGE('',*,*,#1142,.F.);
#536=ORIENTED_EDGE('',*,*,#1168,.T.);
#537=ORIENTED_EDGE('',*,*,#1240,.F.);
#538=ORIENTED_EDGE('',*,*,#970,.F.);
#539=ORIENTED_EDGE('',*,*,#1241,.T.);
#540=ORIENTED_EDGE('',*,*,#1242,.T.);
#541=ORIENTED_EDGE('',*,*,#1047,.T.);
#542=ORIENTED_EDGE('',*,*,#1170,.F.);
#543=ORIENTED_EDGE('',*,*,#1243,.F.);
#544=ORIENTED_EDGE('',*,*,#971,.T.);
#545=ORIENTED_EDGE('',*,*,#1240,.T.);
#546=ORIENTED_EDGE('',*,*,#1244,.F.);
#547=ORIENTED_EDGE('',*,*,#1245,.F.);
#548=ORIENTED_EDGE('',*,*,#964,.T.);
#549=ORIENTED_EDGE('',*,*,#1246,.T.);
#550=ORIENTED_EDGE('',*,*,#1247,.T.);
#551=ORIENTED_EDGE('',*,*,#1248,.F.);
#552=ORIENTED_EDGE('',*,*,#965,.F.);
#553=ORIENTED_EDGE('',*,*,#1245,.T.);
#554=ORIENTED_EDGE('',*,*,#1249,.T.);
#555=ORIENTED_EDGE('',*,*,#1250,.F.);
#556=ORIENTED_EDGE('',*,*,#966,.F.);
#557=ORIENTED_EDGE('',*,*,#1248,.T.);
#558=ORIENTED_EDGE('',*,*,#1251,.F.);
#559=ORIENTED_EDGE('',*,*,#1246,.F.);
#560=ORIENTED_EDGE('',*,*,#967,.T.);
#561=ORIENTED_EDGE('',*,*,#1250,.T.);
#562=ORIENTED_EDGE('',*,*,#1045,.F.);
#563=ORIENTED_EDGE('',*,*,#1252,.F.);
#564=ORIENTED_EDGE('',*,*,#1253,.T.);
#565=ORIENTED_EDGE('',*,*,#972,.T.);
#566=ORIENTED_EDGE('',*,*,#1243,.T.);
#567=ORIENTED_EDGE('',*,*,#1169,.F.);
#568=ORIENTED_EDGE('',*,*,#1247,.F.);
#569=ORIENTED_EDGE('',*,*,#1244,.T.);
#570=ORIENTED_EDGE('',*,*,#1251,.T.);
#571=ORIENTED_EDGE('',*,*,#1249,.F.);
#572=ORIENTED_EDGE('',*,*,#1254,.F.);
#573=ORIENTED_EDGE('',*,*,#1255,.F.);
#574=ORIENTED_EDGE('',*,*,#932,.T.);
#575=ORIENTED_EDGE('',*,*,#1256,.T.);
#576=ORIENTED_EDGE('',*,*,#1257,.F.);
#577=ORIENTED_EDGE('',*,*,#1258,.F.);
#578=ORIENTED_EDGE('',*,*,#933,.T.);
#579=ORIENTED_EDGE('',*,*,#1255,.T.);
#580=ORIENTED_EDGE('',*,*,#1259,.T.);
#581=ORIENTED_EDGE('',*,*,#1260,.F.);
#582=ORIENTED_EDGE('',*,*,#934,.F.);
#583=ORIENTED_EDGE('',*,*,#1258,.T.);
#584=ORIENTED_EDGE('',*,*,#1106,.T.);
#585=ORIENTED_EDGE('',*,*,#1233,.F.);
#586=ORIENTED_EDGE('',*,*,#946,.F.);
#587=ORIENTED_EDGE('',*,*,#1235,.T.);
#588=ORIENTED_EDGE('',*,*,#1061,.F.);
#589=ORIENTED_EDGE('',*,*,#1230,.F.);
#590=ORIENTED_EDGE('',*,*,#1261,.F.);
#591=ORIENTED_EDGE('',*,*,#950,.F.);
#592=ORIENTED_EDGE('',*,*,#1231,.T.);
#593=ORIENTED_EDGE('',*,*,#1113,.T.);
#594=ORIENTED_EDGE('',*,*,#1067,.T.);
#595=ORIENTED_EDGE('',*,*,#1111,.F.);
#596=ORIENTED_EDGE('',*,*,#1262,.F.);
#597=ORIENTED_EDGE('',*,*,#952,.T.);
#598=ORIENTED_EDGE('',*,*,#1263,.T.);
#599=ORIENTED_EDGE('',*,*,#1264,.T.);
#600=ORIENTED_EDGE('',*,*,#1110,.T.);
#601=ORIENTED_EDGE('',*,*,#1265,.F.);
#602=ORIENTED_EDGE('',*,*,#953,.F.);
#603=ORIENTED_EDGE('',*,*,#1262,.T.);
#604=ORIENTED_EDGE('',*,*,#1065,.F.);
#605=ORIENTED_EDGE('',*,*,#1266,.F.);
#606=ORIENTED_EDGE('',*,*,#1267,.T.);
#607=ORIENTED_EDGE('',*,*,#954,.T.);
#608=ORIENTED_EDGE('',*,*,#1265,.T.);
#609=ORIENTED_EDGE('',*,*,#1112,.F.);
#610=ORIENTED_EDGE('',*,*,#1147,.T.);
#611=ORIENTED_EDGE('',*,*,#1268,.F.);
#612=ORIENTED_EDGE('',*,*,#956,.F.);
#613=ORIENTED_EDGE('',*,*,#1269,.F.);
#614=ORIENTED_EDGE('',*,*,#1270,.T.);
#615=ORIENTED_EDGE('',*,*,#1052,.T.);
#616=ORIENTED_EDGE('',*,*,#1094,.F.);
#617=ORIENTED_EDGE('',*,*,#1271,.F.);
#618=ORIENTED_EDGE('',*,*,#1007,.T.);
#619=ORIENTED_EDGE('',*,*,#957,.F.);
#620=ORIENTED_EDGE('',*,*,#1268,.T.);
#621=ORIENTED_EDGE('',*,*,#1148,.T.);
#622=ORIENTED_EDGE('',*,*,#1092,.T.);
#623=ORIENTED_EDGE('',*,*,#1117,.F.);
#624=ORIENTED_EDGE('',*,*,#1272,.F.);
#625=ORIENTED_EDGE('',*,*,#959,.T.);
#626=ORIENTED_EDGE('',*,*,#1006,.F.);
#627=ORIENTED_EDGE('',*,*,#1273,.T.);
#628=ORIENTED_EDGE('',*,*,#1116,.T.);
#629=ORIENTED_EDGE('',*,*,#1274,.F.);
#630=ORIENTED_EDGE('',*,*,#960,.F.);
#631=ORIENTED_EDGE('',*,*,#1272,.T.);
#632=ORIENTED_EDGE('',*,*,#1090,.F.);
#633=ORIENTED_EDGE('',*,*,#1275,.F.);
#634=ORIENTED_EDGE('',*,*,#1004,.T.);
#635=ORIENTED_EDGE('',*,*,#961,.F.);
#636=ORIENTED_EDGE('',*,*,#1274,.T.);
#637=ORIENTED_EDGE('',*,*,#1118,.T.);
#638=ORIENTED_EDGE('',*,*,#1088,.T.);
#639=ORIENTED_EDGE('',*,*,#1120,.F.);
#640=ORIENTED_EDGE('',*,*,#1276,.F.);
#641=ORIENTED_EDGE('',*,*,#963,.T.);
#642=ORIENTED_EDGE('',*,*,#1003,.F.);
#643=ORIENTED_EDGE('',*,*,#1277,.T.);
#644=ORIENTED_EDGE('',*,*,#1033,.F.);
#645=ORIENTED_EDGE('',*,*,#1278,.F.);
#646=ORIENTED_EDGE('',*,*,#1279,.F.);
#647=ORIENTED_EDGE('',*,*,#936,.F.);
#648=ORIENTED_EDGE('',*,*,#1276,.T.);
#649=ORIENTED_EDGE('',*,*,#1119,.T.);
#650=ORIENTED_EDGE('',*,*,#1027,.T.);
#651=ORIENTED_EDGE('',*,*,#1122,.F.);
#652=ORIENTED_EDGE('',*,*,#1280,.F.);
#653=ORIENTED_EDGE('',*,*,#938,.T.);
#654=ORIENTED_EDGE('',*,*,#1281,.T.);
#655=ORIENTED_EDGE('',*,*,#1282,.T.);
#656=ORIENTED_EDGE('',*,*,#1121,.F.);
#657=ORIENTED_EDGE('',*,*,#1283,.F.);
#658=ORIENTED_EDGE('',*,*,#939,.T.);
#659=ORIENTED_EDGE('',*,*,#1280,.T.);
#660=ORIENTED_EDGE('',*,*,#1025,.F.);
#661=ORIENTED_EDGE('',*,*,#1284,.F.);
#662=ORIENTED_EDGE('',*,*,#1285,.F.);
#663=ORIENTED_EDGE('',*,*,#940,.T.);
#664=ORIENTED_EDGE('',*,*,#1283,.T.);
#665=ORIENTED_EDGE('',*,*,#1123,.F.);
#666=ORIENTED_EDGE('',*,*,#1125,.T.);
#667=ORIENTED_EDGE('',*,*,#1237,.F.);
#668=ORIENTED_EDGE('',*,*,#942,.F.);
#669=ORIENTED_EDGE('',*,*,#1286,.T.);
#670=ORIENTED_EDGE('',*,*,#1238,.T.);
#671=ORIENTED_EDGE('',*,*,#1020,.T.);
#672=ORIENTED_EDGE('',*,*,#1287,.F.);
#673=ORIENTED_EDGE('',*,*,#1256,.F.);
#674=ORIENTED_EDGE('',*,*,#935,.T.);
#675=ORIENTED_EDGE('',*,*,#1260,.T.);
#676=ORIENTED_EDGE('',*,*,#1257,.T.);
#677=ORIENTED_EDGE('',*,*,#1254,.T.);
#678=ORIENTED_EDGE('',*,*,#1287,.T.);
#679=ORIENTED_EDGE('',*,*,#1259,.F.);
#680=ORIENTED_EDGE('',*,*,#1077,.F.);
#681=ORIENTED_EDGE('',*,*,#1188,.F.);
#682=ORIENTED_EDGE('',*,*,#1288,.F.);
#683=ORIENTED_EDGE('',*,*,#996,.T.);
#684=ORIENTED_EDGE('',*,*,#1189,.T.);
#685=ORIENTED_EDGE('',*,*,#1080,.F.);
#686=ORIENTED_EDGE('',*,*,#1083,.T.);
#687=ORIENTED_EDGE('',*,*,#1289,.F.);
#688=ORIENTED_EDGE('',*,*,#998,.F.);
#689=ORIENTED_EDGE('',*,*,#1290,.T.);
#690=ORIENTED_EDGE('',*,*,#1291,.T.);
#691=ORIENTED_EDGE('',*,*,#1031,.T.);
#692=ORIENTED_EDGE('',*,*,#1085,.T.);
#693=ORIENTED_EDGE('',*,*,#1292,.F.);
#694=ORIENTED_EDGE('',*,*,#999,.F.);
#695=ORIENTED_EDGE('',*,*,#1289,.T.);
#696=ORIENTED_EDGE('',*,*,#1029,.F.);
#697=ORIENTED_EDGE('',*,*,#1293,.F.);
#698=ORIENTED_EDGE('',*,*,#1294,.T.);
#699=ORIENTED_EDGE('',*,*,#1000,.T.);
#700=ORIENTED_EDGE('',*,*,#1292,.T.);
#701=ORIENTED_EDGE('',*,*,#1084,.F.);
#702=ORIENTED_EDGE('',*,*,#1086,.T.);
#703=ORIENTED_EDGE('',*,*,#1277,.F.);
#704=ORIENTED_EDGE('',*,*,#1002,.F.);
#705=ORIENTED_EDGE('',*,*,#1295,.F.);
#706=ORIENTED_EDGE('',*,*,#1278,.T.);
#707=ORIENTED_EDGE('',*,*,#1032,.T.);
#708=ORIENTED_EDGE('',*,*,#1089,.T.);
#709=ORIENTED_EDGE('',*,*,#1273,.F.);
#710=ORIENTED_EDGE('',*,*,#1005,.F.);
#711=ORIENTED_EDGE('',*,*,#1275,.T.);
#712=ORIENTED_EDGE('',*,*,#1053,.F.);
#713=ORIENTED_EDGE('',*,*,#1270,.F.);
#714=ORIENTED_EDGE('',*,*,#1296,.F.);
#715=ORIENTED_EDGE('',*,*,#1008,.F.);
#716=ORIENTED_EDGE('',*,*,#1271,.T.);
#717=ORIENTED_EDGE('',*,*,#1093,.T.);
#718=ORIENTED_EDGE('',*,*,#1059,.T.);
#719=ORIENTED_EDGE('',*,*,#1097,.F.);
#720=ORIENTED_EDGE('',*,*,#1297,.F.);
#721=ORIENTED_EDGE('',*,*,#1010,.T.);
#722=ORIENTED_EDGE('',*,*,#1298,.T.);
#723=ORIENTED_EDGE('',*,*,#1299,.T.);
#724=ORIENTED_EDGE('',*,*,#1096,.F.);
#725=ORIENTED_EDGE('',*,*,#1300,.F.);
#726=ORIENTED_EDGE('',*,*,#1011,.T.);
#727=ORIENTED_EDGE('',*,*,#1297,.T.);
#728=ORIENTED_EDGE('',*,*,#1057,.F.);
#729=ORIENTED_EDGE('',*,*,#1301,.F.);
#730=ORIENTED_EDGE('',*,*,#1302,.T.);
#731=ORIENTED_EDGE('',*,*,#1012,.F.);
#732=ORIENTED_EDGE('',*,*,#1300,.T.);
#733=ORIENTED_EDGE('',*,*,#1098,.T.);
#734=ORIENTED_EDGE('',*,*,#1048,.T.);
#735=ORIENTED_EDGE('',*,*,#1104,.F.);
#736=ORIENTED_EDGE('',*,*,#1195,.F.);
#737=ORIENTED_EDGE('',*,*,#1014,.T.);
#738=ORIENTED_EDGE('',*,*,#1303,.F.);
#739=ORIENTED_EDGE('',*,*,#1196,.T.);
#740=ORIENTED_EDGE('',*,*,#1099,.F.);
#741=ORIENTED_EDGE('',*,*,#1191,.F.);
#742=ORIENTED_EDGE('',*,*,#1017,.T.);
#743=ORIENTED_EDGE('',*,*,#1193,.T.);
#744=ORIENTED_EDGE('',*,*,#1304,.T.);
#745=ORIENTED_EDGE('',*,*,#1305,.F.);
#746=ORIENTED_EDGE('',*,*,#992,.F.);
#747=ORIENTED_EDGE('',*,*,#1306,.T.);
#748=ORIENTED_EDGE('',*,*,#1307,.T.);
#749=ORIENTED_EDGE('',*,*,#1308,.F.);
#750=ORIENTED_EDGE('',*,*,#993,.F.);
#751=ORIENTED_EDGE('',*,*,#1305,.T.);
#752=ORIENTED_EDGE('',*,*,#1309,.F.);
#753=ORIENTED_EDGE('',*,*,#1310,.F.);
#754=ORIENTED_EDGE('',*,*,#994,.T.);
#755=ORIENTED_EDGE('',*,*,#1308,.T.);
#756=ORIENTED_EDGE('',*,*,#1311,.F.);
#757=ORIENTED_EDGE('',*,*,#1306,.F.);
#758=ORIENTED_EDGE('',*,*,#995,.T.);
#759=ORIENTED_EDGE('',*,*,#1310,.T.);
#760=ORIENTED_EDGE('',*,*,#1307,.F.);
#761=ORIENTED_EDGE('',*,*,#1304,.F.);
#762=ORIENTED_EDGE('',*,*,#1311,.T.);
#763=ORIENTED_EDGE('',*,*,#1309,.T.);
#764=ORIENTED_EDGE('',*,*,#1056,.T.);
#765=ORIENTED_EDGE('',*,*,#1299,.F.);
#766=ORIENTED_EDGE('',*,*,#1312,.F.);
#767=ORIENTED_EDGE('',*,*,#1301,.T.);
#768=ORIENTED_EDGE('',*,*,#1064,.T.);
#769=ORIENTED_EDGE('',*,*,#1264,.F.);
#770=ORIENTED_EDGE('',*,*,#1313,.F.);
#771=ORIENTED_EDGE('',*,*,#1266,.T.);
#772=ORIENTED_EDGE('',*,*,#1072,.T.);
#773=ORIENTED_EDGE('',*,*,#1224,.F.);
#774=ORIENTED_EDGE('',*,*,#1314,.F.);
#775=ORIENTED_EDGE('',*,*,#1226,.T.);
#776=ORIENTED_EDGE('',*,*,#1173,.T.);
#777=ORIENTED_EDGE('',*,*,#1200,.F.);
#778=ORIENTED_EDGE('',*,*,#1315,.F.);
#779=ORIENTED_EDGE('',*,*,#1202,.T.);
#780=ORIENTED_EDGE('',*,*,#1316,.F.);
#781=ORIENTED_EDGE('',*,*,#1317,.F.);
#782=ORIENTED_EDGE('',*,*,#1318,.T.);
#783=ORIENTED_EDGE('',*,*,#1319,.T.);
#784=ORIENTED_EDGE('',*,*,#1320,.F.);
#785=ORIENTED_EDGE('',*,*,#1321,.F.);
#786=ORIENTED_EDGE('',*,*,#1322,.T.);
#787=ORIENTED_EDGE('',*,*,#1317,.T.);
#788=ORIENTED_EDGE('',*,*,#1323,.F.);
#789=ORIENTED_EDGE('',*,*,#1324,.F.);
#790=ORIENTED_EDGE('',*,*,#1325,.T.);
#791=ORIENTED_EDGE('',*,*,#1321,.T.);
#792=ORIENTED_EDGE('',*,*,#1326,.F.);
#793=ORIENTED_EDGE('',*,*,#1319,.F.);
#794=ORIENTED_EDGE('',*,*,#1327,.T.);
#795=ORIENTED_EDGE('',*,*,#1324,.T.);
#796=ORIENTED_EDGE('',*,*,#1318,.F.);
#797=ORIENTED_EDGE('',*,*,#1322,.F.);
#798=ORIENTED_EDGE('',*,*,#1325,.F.);
#799=ORIENTED_EDGE('',*,*,#1327,.F.);
#800=ORIENTED_EDGE('',*,*,#1197,.T.);
#801=ORIENTED_EDGE('',*,*,#1303,.T.);
#802=ORIENTED_EDGE('',*,*,#1013,.F.);
#803=ORIENTED_EDGE('',*,*,#1302,.F.);
#804=ORIENTED_EDGE('',*,*,#1312,.T.);
#805=ORIENTED_EDGE('',*,*,#1298,.F.);
#806=ORIENTED_EDGE('',*,*,#1009,.F.);
#807=ORIENTED_EDGE('',*,*,#1296,.T.);
#808=ORIENTED_EDGE('',*,*,#1269,.T.);
#809=ORIENTED_EDGE('',*,*,#955,.F.);
#810=ORIENTED_EDGE('',*,*,#1267,.F.);
#811=ORIENTED_EDGE('',*,*,#1313,.T.);
#812=ORIENTED_EDGE('',*,*,#1263,.F.);
#813=ORIENTED_EDGE('',*,*,#951,.F.);
#814=ORIENTED_EDGE('',*,*,#1261,.T.);
#815=ORIENTED_EDGE('',*,*,#1229,.T.);
#816=ORIENTED_EDGE('',*,*,#985,.F.);
#817=ORIENTED_EDGE('',*,*,#1227,.F.);
#818=ORIENTED_EDGE('',*,*,#1314,.T.);
#819=ORIENTED_EDGE('',*,*,#1223,.F.);
#820=ORIENTED_EDGE('',*,*,#981,.F.);
#821=ORIENTED_EDGE('',*,*,#1221,.T.);
#822=ORIENTED_EDGE('',*,*,#1205,.T.);
#823=ORIENTED_EDGE('',*,*,#923,.F.);
#824=ORIENTED_EDGE('',*,*,#1203,.F.);
#825=ORIENTED_EDGE('',*,*,#1315,.T.);
#826=ORIENTED_EDGE('',*,*,#1199,.F.);
#827=ORIENTED_EDGE('',*,*,#919,.F.);
#828=ORIENTED_EDGE('',*,*,#1316,.T.);
#829=ORIENTED_EDGE('',*,*,#1326,.T.);
#830=ORIENTED_EDGE('',*,*,#1323,.T.);
#831=ORIENTED_EDGE('',*,*,#1320,.T.);
#832=ORIENTED_EDGE('',*,*,#1024,.T.);
#833=ORIENTED_EDGE('',*,*,#1282,.F.);
#834=ORIENTED_EDGE('',*,*,#1328,.F.);
#835=ORIENTED_EDGE('',*,*,#1284,.T.);
#836=ORIENTED_EDGE('',*,*,#1028,.T.);
#837=ORIENTED_EDGE('',*,*,#1291,.F.);
#838=ORIENTED_EDGE('',*,*,#1329,.F.);
#839=ORIENTED_EDGE('',*,*,#1293,.T.);
#840=ORIENTED_EDGE('',*,*,#1036,.T.);
#841=ORIENTED_EDGE('',*,*,#1182,.F.);
#842=ORIENTED_EDGE('',*,*,#1330,.F.);
#843=ORIENTED_EDGE('',*,*,#1184,.T.);
#844=ORIENTED_EDGE('',*,*,#1044,.F.);
#845=ORIENTED_EDGE('',*,*,#1242,.F.);
#846=ORIENTED_EDGE('',*,*,#1331,.T.);
#847=ORIENTED_EDGE('',*,*,#1252,.T.);
#848=ORIENTED_EDGE('',*,*,#1332,.F.);
#849=ORIENTED_EDGE('',*,*,#1333,.F.);
#850=ORIENTED_EDGE('',*,*,#1334,.T.);
#851=ORIENTED_EDGE('',*,*,#1335,.T.);
#852=ORIENTED_EDGE('',*,*,#1336,.F.);
#853=ORIENTED_EDGE('',*,*,#1337,.F.);
#854=ORIENTED_EDGE('',*,*,#1338,.T.);
#855=ORIENTED_EDGE('',*,*,#1333,.T.);
#856=ORIENTED_EDGE('',*,*,#1339,.F.);
#857=ORIENTED_EDGE('',*,*,#1340,.F.);
#858=ORIENTED_EDGE('',*,*,#1341,.T.);
#859=ORIENTED_EDGE('',*,*,#1337,.T.);
#860=ORIENTED_EDGE('',*,*,#1342,.T.);
#861=ORIENTED_EDGE('',*,*,#1335,.F.);
#862=ORIENTED_EDGE('',*,*,#1343,.F.);
#863=ORIENTED_EDGE('',*,*,#1340,.T.);
#864=ORIENTED_EDGE('',*,*,#1334,.F.);
#865=ORIENTED_EDGE('',*,*,#1338,.F.);
#866=ORIENTED_EDGE('',*,*,#1341,.F.);
#867=ORIENTED_EDGE('',*,*,#1343,.T.);
#868=ORIENTED_EDGE('',*,*,#1179,.F.);
#869=ORIENTED_EDGE('',*,*,#1220,.T.);
#870=ORIENTED_EDGE('',*,*,#973,.F.);
#871=ORIENTED_EDGE('',*,*,#1253,.F.);
#872=ORIENTED_EDGE('',*,*,#1331,.F.);
#873=ORIENTED_EDGE('',*,*,#1241,.F.);
#874=ORIENTED_EDGE('',*,*,#969,.F.);
#875=ORIENTED_EDGE('',*,*,#1239,.T.);
#876=ORIENTED_EDGE('',*,*,#1286,.F.);
#877=ORIENTED_EDGE('',*,*,#941,.F.);
#878=ORIENTED_EDGE('',*,*,#1285,.T.);
#879=ORIENTED_EDGE('',*,*,#1328,.T.);
#880=ORIENTED_EDGE('',*,*,#1281,.F.);
#881=ORIENTED_EDGE('',*,*,#937,.F.);
#882=ORIENTED_EDGE('',*,*,#1279,.T.);
#883=ORIENTED_EDGE('',*,*,#1295,.T.);
#884=ORIENTED_EDGE('',*,*,#1001,.F.);
#885=ORIENTED_EDGE('',*,*,#1294,.F.);
#886=ORIENTED_EDGE('',*,*,#1329,.T.);
#887=ORIENTED_EDGE('',*,*,#1290,.F.);
#888=ORIENTED_EDGE('',*,*,#997,.F.);
#889=ORIENTED_EDGE('',*,*,#1288,.T.);
#890=ORIENTED_EDGE('',*,*,#1187,.T.);
#891=ORIENTED_EDGE('',*,*,#909,.F.);
#892=ORIENTED_EDGE('',*,*,#1185,.F.);
#893=ORIENTED_EDGE('',*,*,#1330,.T.);
#894=ORIENTED_EDGE('',*,*,#1181,.T.);
#895=ORIENTED_EDGE('',*,*,#905,.F.);
#896=ORIENTED_EDGE('',*,*,#1336,.T.);
#897=ORIENTED_EDGE('',*,*,#1332,.T.);
#898=ORIENTED_EDGE('',*,*,#1342,.F.);
#899=ORIENTED_EDGE('',*,*,#1339,.T.);
#900=EDGE_CURVE('',#1344,#1345,#1640,.T.);
#901=EDGE_CURVE('',#1344,#1346,#1641,.T.);
#902=EDGE_CURVE('',#1346,#1347,#1642,.T.);
#903=EDGE_CURVE('',#1345,#1347,#1643,.T.);
#904=EDGE_CURVE('',#1348,#1349,#1644,.T.);
#905=EDGE_CURVE('',#1348,#1350,#1645,.T.);
#906=EDGE_CURVE('',#1350,#1351,#1646,.T.);
#907=EDGE_CURVE('',#1351,#1352,#1647,.T.);
#908=EDGE_CURVE('',#1353,#1352,#1648,.T.);
#909=EDGE_CURVE('',#1353,#1354,#1649,.T.);
#910=EDGE_CURVE('',#1354,#1355,#1650,.T.);
#911=EDGE_CURVE('',#1355,#1356,#1651,.T.);
#912=EDGE_CURVE('',#1356,#1357,#1652,.T.);
#913=EDGE_CURVE('',#1358,#1357,#1653,.T.);
#914=EDGE_CURVE('',#1358,#1359,#1654,.T.);
#915=EDGE_CURVE('',#1359,#1360,#1655,.T.);
#916=EDGE_CURVE('',#1360,#1361,#1656,.T.);
#917=EDGE_CURVE('',#1362,#1361,#1657,.T.);
#918=EDGE_CURVE('',#1362,#1363,#1658,.T.);
#919=EDGE_CURVE('',#1363,#1364,#1659,.T.);
#920=EDGE_CURVE('',#1365,#1364,#1660,.T.);
#921=EDGE_CURVE('',#1366,#1365,#1661,.T.);
#922=EDGE_CURVE('',#1366,#1367,#1662,.T.);
#923=EDGE_CURVE('',#1367,#1368,#1663,.T.);
#924=EDGE_CURVE('',#1369,#1368,#1664,.T.);
#925=EDGE_CURVE('',#1370,#1369,#1665,.T.);
#926=EDGE_CURVE('',#1370,#1371,#1666,.T.);
#927=EDGE_CURVE('',#1371,#1372,#1667,.T.);
#928=EDGE_CURVE('',#1373,#1372,#1668,.T.);
#929=EDGE_CURVE('',#1374,#1373,#1669,.T.);
#930=EDGE_CURVE('',#1374,#1375,#1670,.T.);
#931=EDGE_CURVE('',#1375,#1349,#1671,.T.);
#932=EDGE_CURVE('',#1376,#1377,#1672,.T.);
#933=EDGE_CURVE('',#1378,#1376,#1673,.T.);
#934=EDGE_CURVE('',#1378,#1379,#1674,.T.);
#935=EDGE_CURVE('',#1377,#1379,#1675,.T.);
#936=EDGE_CURVE('',#1380,#1381,#1676,.T.);
#937=EDGE_CURVE('',#1381,#1382,#1677,.T.);
#938=EDGE_CURVE('',#1383,#1382,#1678,.T.);
#939=EDGE_CURVE('',#1384,#1383,#1679,.T.);
#940=EDGE_CURVE('',#1385,#1384,#1680,.T.);
#941=EDGE_CURVE('',#1385,#1386,#1681,.T.);
#942=EDGE_CURVE('',#1386,#1387,#1682,.T.);
#943=EDGE_CURVE('',#1388,#1387,#1683,.T.);
#944=EDGE_CURVE('',#1389,#1388,#1684,.T.);
#945=EDGE_CURVE('',#1389,#1390,#1685,.T.);
#946=EDGE_CURVE('',#1390,#1391,#1686,.T.);
#947=EDGE_CURVE('',#1392,#1391,#1687,.T.);
#948=EDGE_CURVE('',#1393,#1392,#1688,.T.);
#949=EDGE_CURVE('',#1393,#1394,#1689,.T.);
#950=EDGE_CURVE('',#1394,#1395,#1690,.T.);
#951=EDGE_CURVE('',#1395,#1396,#1691,.T.);
#952=EDGE_CURVE('',#1397,#1396,#1692,.T.);
#953=EDGE_CURVE('',#1397,#1398,#1693,.T.);
#954=EDGE_CURVE('',#1399,#1398,#1694,.T.);
#955=EDGE_CURVE('',#1399,#1400,#1695,.T.);
#956=EDGE_CURVE('',#1400,#1401,#1696,.T.);
#957=EDGE_CURVE('',#1401,#1402,#1697,.T.);
#958=EDGE_CURVE('',#1402,#1403,#1698,.T.);
#959=EDGE_CURVE('',#1404,#1403,#1699,.T.);
#960=EDGE_CURVE('',#1404,#1405,#1700,.T.);
#961=EDGE_CURVE('',#1405,#1406,#1701,.T.);
#962=EDGE_CURVE('',#1406,#1407,#1702,.T.);
#963=EDGE_CURVE('',#1380,#1407,#1703,.T.);
#964=EDGE_CURVE('',#1408,#1409,#1704,.T.);
#965=EDGE_CURVE('',#1408,#1410,#1705,.T.);
#966=EDGE_CURVE('',#1410,#1411,#1706,.T.);
#967=EDGE_CURVE('',#1409,#1411,#1707,.T.);
#968=EDGE_CURVE('',#1412,#1413,#1708,.T.);
#969=EDGE_CURVE('',#1412,#1414,#1709,.T.);
#970=EDGE_CURVE('',#1414,#1415,#1710,.T.);
#971=EDGE_CURVE('',#1416,#1415,#1711,.T.);
#972=EDGE_CURVE('',#1417,#1416,#1712,.T.);
#973=EDGE_CURVE('',#1417,#1418,#1713,.T.);
#974=EDGE_CURVE('',#1418,#1419,#1714,.T.);
#975=EDGE_CURVE('',#1375,#1419,#1715,.T.);
#976=EDGE_CURVE('',#1374,#1420,#1716,.T.);
#977=EDGE_CURVE('',#1420,#1421,#1717,.T.);
#978=EDGE_CURVE('',#1371,#1421,#1718,.T.);
#979=EDGE_CURVE('',#1370,#1422,#1719,.T.);
#980=EDGE_CURVE('',#1422,#1423,#1720,.T.);
#981=EDGE_CURVE('',#1423,#1424,#1721,.T.);
#982=EDGE_CURVE('',#1425,#1424,#1722,.T.);
#983=EDGE_CURVE('',#1425,#1426,#1723,.T.);
#984=EDGE_CURVE('',#1426,#1427,#1724,.T.);
#985=EDGE_CURVE('',#1427,#1428,#1725,.T.);
#986=EDGE_CURVE('',#1429,#1428,#1726,.T.);
#987=EDGE_CURVE('',#1429,#1393,#1727,.T.);
#988=EDGE_CURVE('',#1430,#1392,#1728,.T.);
#989=EDGE_CURVE('',#1431,#1430,#1729,.T.);
#990=EDGE_CURVE('',#1431,#1389,#1730,.T.);
#991=EDGE_CURVE('',#1413,#1388,#1731,.T.);
#992=EDGE_CURVE('',#1432,#1433,#1732,.T.);
#993=EDGE_CURVE('',#1433,#1434,#1733,.T.);
#994=EDGE_CURVE('',#1435,#1434,#1734,.T.);
#995=EDGE_CURVE('',#1432,#1435,#1735,.T.);
#996=EDGE_CURVE('',#1436,#1437,#1736,.T.);
#997=EDGE_CURVE('',#1436,#1438,#1737,.T.);
#998=EDGE_CURVE('',#1438,#1439,#1738,.T.);
#999=EDGE_CURVE('',#1439,#1440,#1739,.T.);
#1000=EDGE_CURVE('',#1441,#1440,#1740,.T.);
#1001=EDGE_CURVE('',#1441,#1442,#1741,.T.);
#1002=EDGE_CURVE('',#1442,#1443,#1742,.T.);
#1003=EDGE_CURVE('',#1443,#1407,#1743,.T.);
#1004=EDGE_CURVE('',#1444,#1406,#1744,.T.);
#1005=EDGE_CURVE('',#1444,#1445,#1745,.T.);
#1006=EDGE_CURVE('',#1445,#1403,#1746,.T.);
#1007=EDGE_CURVE('',#1446,#1402,#1747,.T.);
#1008=EDGE_CURVE('',#1446,#1447,#1748,.T.);
#1009=EDGE_CURVE('',#1447,#1448,#1749,.T.);
#1010=EDGE_CURVE('',#1449,#1448,#1750,.T.);
#1011=EDGE_CURVE('',#1450,#1449,#1751,.T.);
#1012=EDGE_CURVE('',#1450,#1451,#1752,.T.);
#1013=EDGE_CURVE('',#1451,#1452,#1753,.T.);
#1014=EDGE_CURVE('',#1453,#1452,#1754,.T.);
#1015=EDGE_CURVE('',#1361,#1453,#1755,.T.);
#1016=EDGE_CURVE('',#1360,#1454,#1756,.T.);
#1017=EDGE_CURVE('',#1455,#1454,#1757,.T.);
#1018=EDGE_CURVE('',#1357,#1455,#1758,.T.);
#1019=EDGE_CURVE('',#1356,#1437,#1759,.T.);
#1020=EDGE_CURVE('',#1456,#1457,#1760,.T.);
#1021=EDGE_CURVE('',#1456,#1458,#1761,.T.);
#1022=EDGE_CURVE('',#1459,#1458,#1762,.T.);
#1023=EDGE_CURVE('',#1457,#1459,#1763,.T.);
#1024=EDGE_CURVE('',#1460,#1461,#1764,.T.);
#1025=EDGE_CURVE('',#1460,#1462,#1765,.T.);
#1026=EDGE_CURVE('',#1463,#1462,#1766,.T.);
#1027=EDGE_CURVE('',#1461,#1463,#1767,.T.);
#1028=EDGE_CURVE('',#1464,#1465,#1768,.T.);
#1029=EDGE_CURVE('',#1464,#1466,#1769,.T.);
#1030=EDGE_CURVE('',#1466,#1467,#1770,.T.);
#1031=EDGE_CURVE('',#1465,#1467,#1771,.T.);
#1032=EDGE_CURVE('',#1468,#1469,#1772,.T.);
#1033=EDGE_CURVE('',#1468,#1470,#1773,.T.);
#1034=EDGE_CURVE('',#1471,#1470,#1774,.T.);
#1035=EDGE_CURVE('',#1471,#1469,#1775,.T.);
#1036=EDGE_CURVE('',#1472,#1473,#1776,.T.);
#1037=EDGE_CURVE('',#1472,#1474,#1777,.T.);
#1038=EDGE_CURVE('',#1474,#1475,#1778,.T.);
#1039=EDGE_CURVE('',#1473,#1475,#1779,.T.);
#1040=EDGE_CURVE('',#1476,#1477,#1780,.T.);
#1041=EDGE_CURVE('',#1476,#1478,#1781,.T.);
#1042=EDGE_CURVE('',#1478,#1479,#1782,.T.);
#1043=EDGE_CURVE('',#1477,#1479,#1783,.T.);
#1044=EDGE_CURVE('',#1480,#1481,#1784,.T.);
#1045=EDGE_CURVE('',#1481,#1482,#1785,.T.);
#1046=EDGE_CURVE('',#1483,#1482,#1786,.T.);
#1047=EDGE_CURVE('',#1480,#1483,#1787,.T.);
#1048=EDGE_CURVE('',#1484,#1485,#1788,.T.);
#1049=EDGE_CURVE('',#1484,#1486,#1789,.T.);
#1050=EDGE_CURVE('',#1487,#1486,#1790,.T.);
#1051=EDGE_CURVE('',#1485,#1487,#1791,.T.);
#1052=EDGE_CURVE('',#1488,#1489,#1792,.T.);
#1053=EDGE_CURVE('',#1488,#1490,#1793,.T.);
#1054=EDGE_CURVE('',#1491,#1490,#1794,.T.);
#1055=EDGE_CURVE('',#1491,#1489,#1795,.T.);
#1056=EDGE_CURVE('',#1492,#1493,#1796,.T.);
#1057=EDGE_CURVE('',#1492,#1494,#1797,.T.);
#1058=EDGE_CURVE('',#1495,#1494,#1798,.T.);
#1059=EDGE_CURVE('',#1493,#1495,#1799,.T.);
#1060=EDGE_CURVE('',#1496,#1497,#1800,.T.);
#1061=EDGE_CURVE('',#1496,#1498,#1801,.T.);
#1062=EDGE_CURVE('',#1498,#1499,#1802,.T.);
#1063=EDGE_CURVE('',#1499,#1497,#1803,.T.);
#1064=EDGE_CURVE('',#1500,#1501,#1804,.T.);
#1065=EDGE_CURVE('',#1500,#1502,#1805,.T.);
#1066=EDGE_CURVE('',#1502,#1503,#1806,.T.);
#1067=EDGE_CURVE('',#1501,#1503,#1807,.T.);
#1068=EDGE_CURVE('',#1504,#1505,#1808,.T.);
#1069=EDGE_CURVE('',#1504,#1506,#1809,.T.);
#1070=EDGE_CURVE('',#1506,#1507,#1810,.T.);
#1071=EDGE_CURVE('',#1505,#1507,#1811,.T.);
#1072=EDGE_CURVE('',#1508,#1509,#1812,.T.);
#1073=EDGE_CURVE('',#1508,#1510,#1813,.T.);
#1074=EDGE_CURVE('',#1510,#1511,#1814,.T.);
#1075=EDGE_CURVE('',#1509,#1511,#1815,.T.);
#1076=EDGE_CURVE('',#1512,#1513,#1816,.T.);
#1077=EDGE_CURVE('',#1512,#1514,#1817,.T.);
#1078=EDGE_CURVE('',#1514,#1515,#1818,.T.);
#1079=EDGE_CURVE('',#1515,#1513,#1819,.T.);
#1080=EDGE_CURVE('',#1514,#1516,#1820,.T.);
#1081=EDGE_CURVE('',#1516,#1517,#1821,.T.);
#1082=EDGE_CURVE('',#1515,#1517,#1822,.T.);
#1083=EDGE_CURVE('',#1467,#1518,#1823,.T.);
#1084=EDGE_CURVE('',#1466,#1519,#1824,.T.);
#1085=EDGE_CURVE('',#1518,#1519,#1825,.T.);
#1086=EDGE_CURVE('',#1469,#1520,#1826,.T.);
#1087=EDGE_CURVE('',#1471,#1521,#1827,.T.);
#1088=EDGE_CURVE('',#1520,#1521,#1828,.T.);
#1089=EDGE_CURVE('',#1522,#1523,#1829,.T.);
#1090=EDGE_CURVE('',#1522,#1524,#1830,.T.);
#1091=EDGE_CURVE('',#1524,#1525,#1831,.T.);
#1092=EDGE_CURVE('',#1523,#1525,#1832,.T.);
#1093=EDGE_CURVE('',#1526,#1490,#1833,.T.);
#1094=EDGE_CURVE('',#1526,#1527,#1834,.T.);
#1095=EDGE_CURVE('',#1527,#1491,#1835,.T.);
#1096=EDGE_CURVE('',#1528,#1529,#1836,.T.);
#1097=EDGE_CURVE('',#1529,#1495,#1837,.T.);
#1098=EDGE_CURVE('',#1528,#1494,#1838,.T.);
#1099=EDGE_CURVE('',#1530,#1531,#1839,.T.);
#1100=EDGE_CURVE('',#1531,#1532,#1840,.T.);
#1101=EDGE_CURVE('',#1533,#1532,#1841,.T.);
#1102=EDGE_CURVE('',#1530,#1533,#1842,.T.);
#1103=EDGE_CURVE('',#1534,#1535,#1843,.T.);
#1104=EDGE_CURVE('',#1534,#1485,#1844,.T.);
#1105=EDGE_CURVE('',#1535,#1487,#1845,.T.);
#1106=EDGE_CURVE('',#1536,#1537,#1846,.T.);
#1107=EDGE_CURVE('',#1536,#1538,#1847,.T.);
#1108=EDGE_CURVE('',#1538,#1539,#1848,.T.);
#1109=EDGE_CURVE('',#1537,#1539,#1849,.T.);
#1110=EDGE_CURVE('',#1540,#1541,#1850,.T.);
#1111=EDGE_CURVE('',#1540,#1503,#1851,.T.);
#1112=EDGE_CURVE('',#1502,#1541,#1852,.T.);
#1113=EDGE_CURVE('',#1542,#1498,#1853,.T.);
#1114=EDGE_CURVE('',#1542,#1543,#1854,.T.);
#1115=EDGE_CURVE('',#1543,#1499,#1855,.T.);
#1116=EDGE_CURVE('',#1544,#1545,#1856,.T.);
#1117=EDGE_CURVE('',#1544,#1525,#1857,.T.);
#1118=EDGE_CURVE('',#1545,#1524,#1858,.T.);
#1119=EDGE_CURVE('',#1546,#1470,#1859,.T.);
#1120=EDGE_CURVE('',#1546,#1521,#1860,.T.);
#1121=EDGE_CURVE('',#1547,#1548,#1861,.T.);
#1122=EDGE_CURVE('',#1548,#1463,#1862,.T.);
#1123=EDGE_CURVE('',#1462,#1547,#1863,.T.);
#1124=EDGE_CURVE('',#1549,#1550,#1864,.T.);
#1125=EDGE_CURVE('',#1457,#1549,#1865,.T.);
#1126=EDGE_CURVE('',#1459,#1550,#1866,.T.);
#1127=EDGE_CURVE('',#1477,#1551,#1867,.T.);
#1128=EDGE_CURVE('',#1479,#1552,#1868,.T.);
#1129=EDGE_CURVE('',#1551,#1552,#1869,.T.);
#1130=EDGE_CURVE('',#1553,#1554,#1870,.T.);
#1131=EDGE_CURVE('',#1553,#1555,#1871,.T.);
#1132=EDGE_CURVE('',#1555,#1556,#1872,.T.);
#1133=EDGE_CURVE('',#1554,#1556,#1873,.T.);
#1134=EDGE_CURVE('',#1557,#1558,#1874,.T.);
#1135=EDGE_CURVE('',#1557,#1511,#1875,.T.);
#1136=EDGE_CURVE('',#1558,#1510,#1876,.T.);
#1137=EDGE_CURVE('',#1559,#1543,#1877,.T.);
#1138=EDGE_CURVE('',#1559,#1497,#1878,.T.);
#1139=EDGE_CURVE('',#1560,#1561,#1879,.T.);
#1140=EDGE_CURVE('',#1561,#1539,#1880,.T.);
#1141=EDGE_CURVE('',#1560,#1538,#1881,.T.);
#1142=EDGE_CURVE('',#1458,#1562,#1882,.T.);
#1143=EDGE_CURVE('',#1562,#1550,#1883,.T.);
#1144=EDGE_CURVE('',#1563,#1506,#1884,.T.);
#1145=EDGE_CURVE('',#1563,#1564,#1885,.T.);
#1146=EDGE_CURVE('',#1564,#1507,#1886,.T.);
#1147=EDGE_CURVE('',#1489,#1565,#1887,.T.);
#1148=EDGE_CURVE('',#1565,#1527,#1888,.T.);
#1149=EDGE_CURVE('',#1552,#1566,#1889,.T.);
#1150=EDGE_CURVE('',#1478,#1566,#1890,.T.);
#1151=EDGE_CURVE('',#1475,#1567,#1891,.T.);
#1152=EDGE_CURVE('',#1474,#1568,#1892,.T.);
#1153=EDGE_CURVE('',#1567,#1568,#1893,.T.);
#1154=EDGE_CURVE('',#1513,#1569,#1894,.T.);
#1155=EDGE_CURVE('',#1569,#1517,#1895,.T.);
#1156=EDGE_CURVE('',#1570,#1571,#1896,.T.);
#1157=EDGE_CURVE('',#1570,#1533,#1897,.T.);
#1158=EDGE_CURVE('',#1571,#1532,#1898,.T.);
#1159=EDGE_CURVE('',#1572,#1486,#1899,.T.);
#1160=EDGE_CURVE('',#1572,#1535,#1900,.T.);
#1161=EDGE_CURVE('',#1573,#1574,#1901,.T.);
#1162=EDGE_CURVE('',#1574,#1575,#1902,.T.);
#1163=EDGE_CURVE('',#1575,#1576,#1903,.T.);
#1164=EDGE_CURVE('',#1573,#1576,#1904,.T.);
#1165=EDGE_CURVE('',#1556,#1577,#1905,.T.);
#1166=EDGE_CURVE('',#1555,#1578,#1906,.T.);
#1167=EDGE_CURVE('',#1578,#1577,#1907,.T.);
#1168=EDGE_CURVE('',#1483,#1579,#1908,.T.);
#1169=EDGE_CURVE('',#1482,#1580,#1909,.T.);
#1170=EDGE_CURVE('',#1580,#1579,#1910,.T.);
#1171=EDGE_CURVE('',#1564,#1581,#1911,.T.);
#1172=EDGE_CURVE('',#1581,#1505,#1912,.T.);
#1173=EDGE_CURVE('',#1582,#1583,#1913,.T.);
#1174=EDGE_CURVE('',#1582,#1576,#1914,.T.);
#1175=EDGE_CURVE('',#1583,#1575,#1915,.T.);
#1176=EDGE_CURVE('',#1349,#1566,#1916,.T.);
#1177=EDGE_CURVE('',#1419,#1551,#1917,.T.);
#1178=EDGE_CURVE('',#1584,#1476,#1918,.T.);
#1179=EDGE_CURVE('',#1584,#1348,#1919,.T.);
#1180=EDGE_CURVE('',#1351,#1567,#1920,.T.);
#1181=EDGE_CURVE('',#1585,#1350,#1921,.T.);
#1182=EDGE_CURVE('',#1585,#1473,#1922,.T.);
#1183=EDGE_CURVE('',#1352,#1568,#1923,.T.);
#1184=EDGE_CURVE('',#1586,#1472,#1924,.T.);
#1185=EDGE_CURVE('',#1586,#1353,#1925,.T.);
#1186=EDGE_CURVE('',#1355,#1569,#1926,.T.);
#1187=EDGE_CURVE('',#1587,#1354,#1927,.T.);
#1188=EDGE_CURVE('',#1587,#1512,#1928,.T.);
#1189=EDGE_CURVE('',#1437,#1516,#1929,.T.);
#1190=EDGE_CURVE('',#1358,#1570,#1930,.T.);
#1191=EDGE_CURVE('',#1455,#1530,#1931,.T.);
#1192=EDGE_CURVE('',#1359,#1571,#1932,.T.);
#1193=EDGE_CURVE('',#1454,#1531,#1933,.T.);
#1194=EDGE_CURVE('',#1362,#1572,#1934,.T.);
#1195=EDGE_CURVE('',#1453,#1534,#1935,.T.);
#1196=EDGE_CURVE('',#1588,#1484,#1936,.T.);
#1197=EDGE_CURVE('',#1363,#1588,#1937,.T.);
#1198=EDGE_CURVE('',#1365,#1574,#1938,.T.);
#1199=EDGE_CURVE('',#1364,#1589,#1939,.T.);
#1200=EDGE_CURVE('',#1589,#1583,#1940,.T.);
#1201=EDGE_CURVE('',#1366,#1573,#1941,.T.);
#1202=EDGE_CURVE('',#1590,#1582,#1942,.T.);
#1203=EDGE_CURVE('',#1590,#1367,#1943,.T.);
#1204=EDGE_CURVE('',#1369,#1581,#1944,.T.);
#1205=EDGE_CURVE('',#1591,#1368,#1945,.T.);
#1206=EDGE_CURVE('',#1591,#1504,#1946,.T.);
#1207=EDGE_CURVE('',#1422,#1563,#1947,.T.);
#1208=EDGE_CURVE('',#1372,#1577,#1948,.T.);
#1209=EDGE_CURVE('',#1421,#1554,#1949,.T.);
#1210=EDGE_CURVE('',#1373,#1578,#1950,.T.);
#1211=EDGE_CURVE('',#1592,#1593,#1951,.T.);
#1212=EDGE_CURVE('',#1344,#1592,#1952,.T.);
#1213=EDGE_CURVE('',#1345,#1593,#1953,.T.);
#1214=EDGE_CURVE('',#1592,#1594,#1954,.T.);
#1215=EDGE_CURVE('',#1346,#1594,#1955,.T.);
#1216=EDGE_CURVE('',#1594,#1595,#1956,.T.);
#1217=EDGE_CURVE('',#1347,#1595,#1957,.T.);
#1218=EDGE_CURVE('',#1593,#1595,#1958,.T.);
#1219=EDGE_CURVE('',#1420,#1553,#1959,.T.);
#1220=EDGE_CURVE('',#1584,#1418,#1960,.T.);
#1221=EDGE_CURVE('',#1423,#1591,#1961,.T.);
#1222=EDGE_CURVE('',#1425,#1557,#1962,.T.);
#1223=EDGE_CURVE('',#1424,#1596,#1963,.T.);
#1224=EDGE_CURVE('',#1596,#1509,#1964,.T.);
#1225=EDGE_CURVE('',#1426,#1558,#1965,.T.);
#1226=EDGE_CURVE('',#1597,#1508,#1966,.T.);
#1227=EDGE_CURVE('',#1597,#1427,#1967,.T.);
#1228=EDGE_CURVE('',#1429,#1559,#1968,.T.);
#1229=EDGE_CURVE('',#1598,#1428,#1969,.T.);
#1230=EDGE_CURVE('',#1598,#1496,#1970,.T.);
#1231=EDGE_CURVE('',#1394,#1542,#1971,.T.);
#1232=EDGE_CURVE('',#1430,#1561,#1972,.T.);
#1233=EDGE_CURVE('',#1391,#1537,#1973,.T.);
#1234=EDGE_CURVE('',#1431,#1560,#1974,.T.);
#1235=EDGE_CURVE('',#1390,#1536,#1975,.T.);
#1236=EDGE_CURVE('',#1413,#1562,#1976,.T.);
#1237=EDGE_CURVE('',#1387,#1549,#1977,.T.);
#1238=EDGE_CURVE('',#1599,#1456,#1978,.T.);
#1239=EDGE_CURVE('',#1412,#1599,#1979,.T.);
#1240=EDGE_CURVE('',#1415,#1579,#1980,.T.);
#1241=EDGE_CURVE('',#1414,#1600,#1981,.T.);
#1242=EDGE_CURVE('',#1600,#1480,#1982,.T.);
#1243=EDGE_CURVE('',#1416,#1580,#1983,.T.);
#1244=EDGE_CURVE('',#1601,#1602,#1984,.T.);
#1245=EDGE_CURVE('',#1408,#1601,#1985,.T.);
#1246=EDGE_CURVE('',#1409,#1602,#1986,.T.);
#1247=EDGE_CURVE('',#1601,#1603,#1987,.T.);
#1248=EDGE_CURVE('',#1410,#1603,#1988,.T.);
#1249=EDGE_CURVE('',#1603,#1604,#1989,.T.);
#1250=EDGE_CURVE('',#1411,#1604,#1990,.T.);
#1251=EDGE_CURVE('',#1602,#1604,#1991,.T.);
#1252=EDGE_CURVE('',#1605,#1481,#1992,.T.);
#1253=EDGE_CURVE('',#1605,#1417,#1993,.T.);
#1254=EDGE_CURVE('',#1606,#1607,#1994,.T.);
#1255=EDGE_CURVE('',#1376,#1606,#1995,.T.);
#1256=EDGE_CURVE('',#1377,#1607,#1996,.T.);
#1257=EDGE_CURVE('',#1608,#1606,#1997,.T.);
#1258=EDGE_CURVE('',#1378,#1608,#1998,.T.);
#1259=EDGE_CURVE('',#1608,#1609,#1999,.T.);
#1260=EDGE_CURVE('',#1379,#1609,#2000,.T.);
#1261=EDGE_CURVE('',#1395,#1598,#2001,.T.);
#1262=EDGE_CURVE('',#1397,#1540,#2002,.T.);
#1263=EDGE_CURVE('',#1396,#1610,#2003,.T.);
#1264=EDGE_CURVE('',#1610,#1501,#2004,.T.);
#1265=EDGE_CURVE('',#1398,#1541,#2005,.T.);
#1266=EDGE_CURVE('',#1611,#1500,#2006,.T.);
#1267=EDGE_CURVE('',#1611,#1399,#2007,.T.);
#1268=EDGE_CURVE('',#1401,#1565,#2008,.T.);
#1269=EDGE_CURVE('',#1612,#1400,#2009,.T.);
#1270=EDGE_CURVE('',#1612,#1488,#2010,.T.);
#1271=EDGE_CURVE('',#1446,#1526,#2011,.T.);
#1272=EDGE_CURVE('',#1404,#1544,#2012,.T.);
#1273=EDGE_CURVE('',#1445,#1523,#2013,.T.);
#1274=EDGE_CURVE('',#1405,#1545,#2014,.T.);
#1275=EDGE_CURVE('',#1444,#1522,#2015,.T.);
#1276=EDGE_CURVE('',#1380,#1546,#2016,.T.);
#1277=EDGE_CURVE('',#1443,#1520,#2017,.T.);
#1278=EDGE_CURVE('',#1613,#1468,#2018,.T.);
#1279=EDGE_CURVE('',#1381,#1613,#2019,.T.);
#1280=EDGE_CURVE('',#1383,#1548,#2020,.T.);
#1281=EDGE_CURVE('',#1382,#1614,#2021,.T.);
#1282=EDGE_CURVE('',#1614,#1461,#2022,.T.);
#1283=EDGE_CURVE('',#1384,#1547,#2023,.T.);
#1284=EDGE_CURVE('',#1615,#1460,#2024,.T.);
#1285=EDGE_CURVE('',#1385,#1615,#2025,.T.);
#1286=EDGE_CURVE('',#1386,#1599,#2026,.T.);
#1287=EDGE_CURVE('',#1607,#1609,#2027,.T.);
#1288=EDGE_CURVE('',#1436,#1587,#2028,.T.);
#1289=EDGE_CURVE('',#1439,#1518,#2029,.T.);
#1290=EDGE_CURVE('',#1438,#1616,#2030,.T.);
#1291=EDGE_CURVE('',#1616,#1465,#2031,.T.);
#1292=EDGE_CURVE('',#1440,#1519,#2032,.T.);
#1293=EDGE_CURVE('',#1617,#1464,#2033,.T.);
#1294=EDGE_CURVE('',#1617,#1441,#2034,.T.);
#1295=EDGE_CURVE('',#1613,#1442,#2035,.T.);
#1296=EDGE_CURVE('',#1447,#1612,#2036,.T.);
#1297=EDGE_CURVE('',#1449,#1529,#2037,.T.);
#1298=EDGE_CURVE('',#1448,#1618,#2038,.T.);
#1299=EDGE_CURVE('',#1618,#1493,#2039,.T.);
#1300=EDGE_CURVE('',#1450,#1528,#2040,.T.);
#1301=EDGE_CURVE('',#1619,#1492,#2041,.T.);
#1302=EDGE_CURVE('',#1619,#1451,#2042,.T.);
#1303=EDGE_CURVE('',#1588,#1452,#2043,.T.);
#1304=EDGE_CURVE('',#1620,#1621,#2044,.T.);
#1305=EDGE_CURVE('',#1433,#1621,#2045,.T.);
#1306=EDGE_CURVE('',#1432,#1620,#2046,.T.);
#1307=EDGE_CURVE('',#1621,#1622,#2047,.T.);
#1308=EDGE_CURVE('',#1434,#1622,#2048,.T.);
#1309=EDGE_CURVE('',#1623,#1622,#2049,.T.);
#1310=EDGE_CURVE('',#1435,#1623,#2050,.T.);
#1311=EDGE_CURVE('',#1620,#1623,#2051,.T.);
#1312=EDGE_CURVE('',#1619,#1618,#2052,.T.);
#1313=EDGE_CURVE('',#1611,#1610,#2053,.T.);
#1314=EDGE_CURVE('',#1597,#1596,#2054,.T.);
#1315=EDGE_CURVE('',#1590,#1589,#2055,.T.);
#1316=EDGE_CURVE('',#1624,#1625,#2056,.T.);
#1317=EDGE_CURVE('',#1626,#1624,#2057,.T.);
#1318=EDGE_CURVE('',#1626,#1627,#2058,.T.);
#1319=EDGE_CURVE('',#1627,#1625,#2059,.T.);
#1320=EDGE_CURVE('',#1628,#1624,#2060,.T.);
#1321=EDGE_CURVE('',#1629,#1628,#2061,.T.);
#1322=EDGE_CURVE('',#1629,#1626,#2062,.T.);
#1323=EDGE_CURVE('',#1630,#1628,#2063,.T.);
#1324=EDGE_CURVE('',#1631,#1630,#2064,.T.);
#1325=EDGE_CURVE('',#1631,#1629,#2065,.T.);
#1326=EDGE_CURVE('',#1625,#1630,#2066,.T.);
#1327=EDGE_CURVE('',#1627,#1631,#2067,.T.);
#1328=EDGE_CURVE('',#1615,#1614,#2068,.T.);
#1329=EDGE_CURVE('',#1617,#1616,#2069,.T.);
#1330=EDGE_CURVE('',#1586,#1585,#2070,.T.);
#1331=EDGE_CURVE('',#1600,#1605,#2071,.T.);
#1332=EDGE_CURVE('',#1632,#1633,#2072,.T.);
#1333=EDGE_CURVE('',#1634,#1632,#2073,.T.);
#1334=EDGE_CURVE('',#1634,#1635,#2074,.T.);
#1335=EDGE_CURVE('',#1635,#1633,#2075,.T.);
#1336=EDGE_CURVE('',#1636,#1632,#2076,.T.);
#1337=EDGE_CURVE('',#1637,#1636,#2077,.T.);
#1338=EDGE_CURVE('',#1637,#1634,#2078,.T.);
#1339=EDGE_CURVE('',#1638,#1636,#2079,.T.);
#1340=EDGE_CURVE('',#1639,#1638,#2080,.T.);
#1341=EDGE_CURVE('',#1639,#1637,#2081,.T.);
#1342=EDGE_CURVE('',#1638,#1633,#2082,.T.);
#1343=EDGE_CURVE('',#1639,#1635,#2083,.T.);
#1344=VERTEX_POINT('',#4521);
#1345=VERTEX_POINT('',#4522);
#1346=VERTEX_POINT('',#4524);
#1347=VERTEX_POINT('',#4526);
#1348=VERTEX_POINT('',#4529);
#1349=VERTEX_POINT('',#4530);
#1350=VERTEX_POINT('',#4532);
#1351=VERTEX_POINT('',#4534);
#1352=VERTEX_POINT('',#4536);
#1353=VERTEX_POINT('',#4538);
#1354=VERTEX_POINT('',#4540);
#1355=VERTEX_POINT('',#4542);
#1356=VERTEX_POINT('',#4544);
#1357=VERTEX_POINT('',#4546);
#1358=VERTEX_POINT('',#4548);
#1359=VERTEX_POINT('',#4550);
#1360=VERTEX_POINT('',#4552);
#1361=VERTEX_POINT('',#4554);
#1362=VERTEX_POINT('',#4556);
#1363=VERTEX_POINT('',#4558);
#1364=VERTEX_POINT('',#4560);
#1365=VERTEX_POINT('',#4562);
#1366=VERTEX_POINT('',#4564);
#1367=VERTEX_POINT('',#4566);
#1368=VERTEX_POINT('',#4568);
#1369=VERTEX_POINT('',#4570);
#1370=VERTEX_POINT('',#4572);
#1371=VERTEX_POINT('',#4574);
#1372=VERTEX_POINT('',#4576);
#1373=VERTEX_POINT('',#4578);
#1374=VERTEX_POINT('',#4580);
#1375=VERTEX_POINT('',#4582);
#1376=VERTEX_POINT('',#4586);
#1377=VERTEX_POINT('',#4587);
#1378=VERTEX_POINT('',#4589);
#1379=VERTEX_POINT('',#4591);
#1380=VERTEX_POINT('',#4594);
#1381=VERTEX_POINT('',#4595);
#1382=VERTEX_POINT('',#4597);
#1383=VERTEX_POINT('',#4599);
#1384=VERTEX_POINT('',#4601);
#1385=VERTEX_POINT('',#4603);
#1386=VERTEX_POINT('',#4605);
#1387=VERTEX_POINT('',#4607);
#1388=VERTEX_POINT('',#4609);
#1389=VERTEX_POINT('',#4611);
#1390=VERTEX_POINT('',#4613);
#1391=VERTEX_POINT('',#4615);
#1392=VERTEX_POINT('',#4617);
#1393=VERTEX_POINT('',#4619);
#1394=VERTEX_POINT('',#4621);
#1395=VERTEX_POINT('',#4623);
#1396=VERTEX_POINT('',#4625);
#1397=VERTEX_POINT('',#4627);
#1398=VERTEX_POINT('',#4629);
#1399=VERTEX_POINT('',#4631);
#1400=VERTEX_POINT('',#4633);
#1401=VERTEX_POINT('',#4635);
#1402=VERTEX_POINT('',#4637);
#1403=VERTEX_POINT('',#4639);
#1404=VERTEX_POINT('',#4641);
#1405=VERTEX_POINT('',#4643);
#1406=VERTEX_POINT('',#4645);
#1407=VERTEX_POINT('',#4647);
#1408=VERTEX_POINT('',#4651);
#1409=VERTEX_POINT('',#4652);
#1410=VERTEX_POINT('',#4654);
#1411=VERTEX_POINT('',#4656);
#1412=VERTEX_POINT('',#4659);
#1413=VERTEX_POINT('',#4660);
#1414=VERTEX_POINT('',#4662);
#1415=VERTEX_POINT('',#4664);
#1416=VERTEX_POINT('',#4666);
#1417=VERTEX_POINT('',#4668);
#1418=VERTEX_POINT('',#4670);
#1419=VERTEX_POINT('',#4672);
#1420=VERTEX_POINT('',#4675);
#1421=VERTEX_POINT('',#4677);
#1422=VERTEX_POINT('',#4680);
#1423=VERTEX_POINT('',#4682);
#1424=VERTEX_POINT('',#4684);
#1425=VERTEX_POINT('',#4686);
#1426=VERTEX_POINT('',#4688);
#1427=VERTEX_POINT('',#4690);
#1428=VERTEX_POINT('',#4692);
#1429=VERTEX_POINT('',#4694);
#1430=VERTEX_POINT('',#4697);
#1431=VERTEX_POINT('',#4699);
#1432=VERTEX_POINT('',#4704);
#1433=VERTEX_POINT('',#4705);
#1434=VERTEX_POINT('',#4707);
#1435=VERTEX_POINT('',#4709);
#1436=VERTEX_POINT('',#4712);
#1437=VERTEX_POINT('',#4713);
#1438=VERTEX_POINT('',#4715);
#1439=VERTEX_POINT('',#4717);
#1440=VERTEX_POINT('',#4719);
#1441=VERTEX_POINT('',#4721);
#1442=VERTEX_POINT('',#4723);
#1443=VERTEX_POINT('',#4725);
#1444=VERTEX_POINT('',#4728);
#1445=VERTEX_POINT('',#4730);
#1446=VERTEX_POINT('',#4733);
#1447=VERTEX_POINT('',#4735);
#1448=VERTEX_POINT('',#4737);
#1449=VERTEX_POINT('',#4739);
#1450=VERTEX_POINT('',#4741);
#1451=VERTEX_POINT('',#4743);
#1452=VERTEX_POINT('',#4745);
#1453=VERTEX_POINT('',#4747);
#1454=VERTEX_POINT('',#4750);
#1455=VERTEX_POINT('',#4752);
#1456=VERTEX_POINT('',#4757);
#1457=VERTEX_POINT('',#4758);
#1458=VERTEX_POINT('',#4760);
#1459=VERTEX_POINT('',#4762);
#1460=VERTEX_POINT('',#4766);
#1461=VERTEX_POINT('',#4767);
#1462=VERTEX_POINT('',#4769);
#1463=VERTEX_POINT('',#4771);
#1464=VERTEX_POINT('',#4775);
#1465=VERTEX_POINT('',#4776);
#1466=VERTEX_POINT('',#4778);
#1467=VERTEX_POINT('',#4780);
#1468=VERTEX_POINT('',#4784);
#1469=VERTEX_POINT('',#4785);
#1470=VERTEX_POINT('',#4787);
#1471=VERTEX_POINT('',#4789);
#1472=VERTEX_POINT('',#4793);
#1473=VERTEX_POINT('',#4794);
#1474=VERTEX_POINT('',#4796);
#1475=VERTEX_POINT('',#4798);
#1476=VERTEX_POINT('',#4802);
#1477=VERTEX_POINT('',#4803);
#1478=VERTEX_POINT('',#4805);
#1479=VERTEX_POINT('',#4807);
#1480=VERTEX_POINT('',#4811);
#1481=VERTEX_POINT('',#4812);
#1482=VERTEX_POINT('',#4814);
#1483=VERTEX_POINT('',#4816);
#1484=VERTEX_POINT('',#4820);
#1485=VERTEX_POINT('',#4821);
#1486=VERTEX_POINT('',#4823);
#1487=VERTEX_POINT('',#4825);
#1488=VERTEX_POINT('',#4829);
#1489=VERTEX_POINT('',#4830);
#1490=VERTEX_POINT('',#4832);
#1491=VERTEX_POINT('',#4834);
#1492=VERTEX_POINT('',#4838);
#1493=VERTEX_POINT('',#4839);
#1494=VERTEX_POINT('',#4841);
#1495=VERTEX_POINT('',#4843);
#1496=VERTEX_POINT('',#4847);
#1497=VERTEX_POINT('',#4848);
#1498=VERTEX_POINT('',#4850);
#1499=VERTEX_POINT('',#4852);
#1500=VERTEX_POINT('',#4856);
#1501=VERTEX_POINT('',#4857);
#1502=VERTEX_POINT('',#4859);
#1503=VERTEX_POINT('',#4861);
#1504=VERTEX_POINT('',#4865);
#1505=VERTEX_POINT('',#4866);
#1506=VERTEX_POINT('',#4868);
#1507=VERTEX_POINT('',#4870);
#1508=VERTEX_POINT('',#4874);
#1509=VERTEX_POINT('',#4875);
#1510=VERTEX_POINT('',#4877);
#1511=VERTEX_POINT('',#4879);
#1512=VERTEX_POINT('',#4883);
#1513=VERTEX_POINT('',#4884);
#1514=VERTEX_POINT('',#4886);
#1515=VERTEX_POINT('',#4888);
#1516=VERTEX_POINT('',#4892);
#1517=VERTEX_POINT('',#4894);
#1518=VERTEX_POINT('',#4898);
#1519=VERTEX_POINT('',#4900);
#1520=VERTEX_POINT('',#4904);
#1521=VERTEX_POINT('',#4906);
#1522=VERTEX_POINT('',#4910);
#1523=VERTEX_POINT('',#4911);
#1524=VERTEX_POINT('',#4913);
#1525=VERTEX_POINT('',#4915);
#1526=VERTEX_POINT('',#4919);
#1527=VERTEX_POINT('',#4921);
#1528=VERTEX_POINT('',#4925);
#1529=VERTEX_POINT('',#4926);
#1530=VERTEX_POINT('',#4931);
#1531=VERTEX_POINT('',#4932);
#1532=VERTEX_POINT('',#4934);
#1533=VERTEX_POINT('',#4936);
#1534=VERTEX_POINT('',#4940);
#1535=VERTEX_POINT('',#4941);
#1536=VERTEX_POINT('',#4946);
#1537=VERTEX_POINT('',#4947);
#1538=VERTEX_POINT('',#4949);
#1539=VERTEX_POINT('',#4951);
#1540=VERTEX_POINT('',#4955);
#1541=VERTEX_POINT('',#4956);
#1542=VERTEX_POINT('',#4961);
#1543=VERTEX_POINT('',#4963);
#1544=VERTEX_POINT('',#4967);
#1545=VERTEX_POINT('',#4968);
#1546=VERTEX_POINT('',#4973);
#1547=VERTEX_POINT('',#4977);
#1548=VERTEX_POINT('',#4978);
#1549=VERTEX_POINT('',#4983);
#1550=VERTEX_POINT('',#4984);
#1551=VERTEX_POINT('',#4989);
#1552=VERTEX_POINT('',#4991);
#1553=VERTEX_POINT('',#4995);
#1554=VERTEX_POINT('',#4996);
#1555=VERTEX_POINT('',#4998);
#1556=VERTEX_POINT('',#5000);
#1557=VERTEX_POINT('',#5004);
#1558=VERTEX_POINT('',#5005);
#1559=VERTEX_POINT('',#5010);
#1560=VERTEX_POINT('',#5014);
#1561=VERTEX_POINT('',#5015);
#1562=VERTEX_POINT('',#5020);
#1563=VERTEX_POINT('',#5024);
#1564=VERTEX_POINT('',#5026);
#1565=VERTEX_POINT('',#5030);
#1566=VERTEX_POINT('',#5034);
#1567=VERTEX_POINT('',#5038);
#1568=VERTEX_POINT('',#5040);
#1569=VERTEX_POINT('',#5044);
#1570=VERTEX_POINT('',#5048);
#1571=VERTEX_POINT('',#5049);
#1572=VERTEX_POINT('',#5054);
#1573=VERTEX_POINT('',#5058);
#1574=VERTEX_POINT('',#5059);
#1575=VERTEX_POINT('',#5061);
#1576=VERTEX_POINT('',#5063);
#1577=VERTEX_POINT('',#5067);
#1578=VERTEX_POINT('',#5069);
#1579=VERTEX_POINT('',#5073);
#1580=VERTEX_POINT('',#5075);
#1581=VERTEX_POINT('',#5079);
#1582=VERTEX_POINT('',#5083);
#1583=VERTEX_POINT('',#5084);
#1584=VERTEX_POINT('',#5092);
#1585=VERTEX_POINT('',#5097);
#1586=VERTEX_POINT('',#5103);
#1587=VERTEX_POINT('',#5108);
#1588=VERTEX_POINT('',#5124);
#1589=VERTEX_POINT('',#5129);
#1590=VERTEX_POINT('',#5135);
#1591=VERTEX_POINT('',#5140);
#1592=VERTEX_POINT('',#5151);
#1593=VERTEX_POINT('',#5152);
#1594=VERTEX_POINT('',#5157);
#1595=VERTEX_POINT('',#5161);
#1596=VERTEX_POINT('',#5176);
#1597=VERTEX_POINT('',#5182);
#1598=VERTEX_POINT('',#5187);
#1599=VERTEX_POINT('',#5203);
#1600=VERTEX_POINT('',#5208);
#1601=VERTEX_POINT('',#5214);
#1602=VERTEX_POINT('',#5215);
#1603=VERTEX_POINT('',#5220);
#1604=VERTEX_POINT('',#5224);
#1605=VERTEX_POINT('',#5230);
#1606=VERTEX_POINT('',#5235);
#1607=VERTEX_POINT('',#5236);
#1608=VERTEX_POINT('',#5241);
#1609=VERTEX_POINT('',#5245);
#1610=VERTEX_POINT('',#5253);
#1611=VERTEX_POINT('',#5259);
#1612=VERTEX_POINT('',#5264);
#1613=VERTEX_POINT('',#5280);
#1614=VERTEX_POINT('',#5285);
#1615=VERTEX_POINT('',#5291);
#1616=VERTEX_POINT('',#5303);
#1617=VERTEX_POINT('',#5309);
#1618=VERTEX_POINT('',#5319);
#1619=VERTEX_POINT('',#5325);
#1620=VERTEX_POINT('',#5332);
#1621=VERTEX_POINT('',#5333);
#1622=VERTEX_POINT('',#5338);
#1623=VERTEX_POINT('',#5342);
#1624=VERTEX_POINT('',#5357);
#1625=VERTEX_POINT('',#5358);
#1626=VERTEX_POINT('',#5360);
#1627=VERTEX_POINT('',#5362);
#1628=VERTEX_POINT('',#5366);
#1629=VERTEX_POINT('',#5368);
#1630=VERTEX_POINT('',#5372);
#1631=VERTEX_POINT('',#5374);
#1632=VERTEX_POINT('',#5391);
#1633=VERTEX_POINT('',#5392);
#1634=VERTEX_POINT('',#5394);
#1635=VERTEX_POINT('',#5396);
#1636=VERTEX_POINT('',#5400);
#1637=VERTEX_POINT('',#5402);
#1638=VERTEX_POINT('',#5406);
#1639=VERTEX_POINT('',#5408);
#1640=LINE('',#4520,#2084);
#1641=LINE('',#4523,#2085);
#1642=LINE('',#4525,#2086);
#1643=LINE('',#4527,#2087);
#1644=LINE('',#4528,#2088);
#1645=LINE('',#4531,#2089);
#1646=LINE('',#4533,#2090);
#1647=LINE('',#4535,#2091);
#1648=LINE('',#4537,#2092);
#1649=LINE('',#4539,#2093);
#1650=LINE('',#4541,#2094);
#1651=LINE('',#4543,#2095);
#1652=LINE('',#4545,#2096);
#1653=LINE('',#4547,#2097);
#1654=LINE('',#4549,#2098);
#1655=LINE('',#4551,#2099);
#1656=LINE('',#4553,#2100);
#1657=LINE('',#4555,#2101);
#1658=LINE('',#4557,#2102);
#1659=LINE('',#4559,#2103);
#1660=LINE('',#4561,#2104);
#1661=LINE('',#4563,#2105);
#1662=LINE('',#4565,#2106);
#1663=LINE('',#4567,#2107);
#1664=LINE('',#4569,#2108);
#1665=LINE('',#4571,#2109);
#1666=LINE('',#4573,#2110);
#1667=LINE('',#4575,#2111);
#1668=LINE('',#4577,#2112);
#1669=LINE('',#4579,#2113);
#1670=LINE('',#4581,#2114);
#1671=LINE('',#4583,#2115);
#1672=LINE('',#4585,#2116);
#1673=LINE('',#4588,#2117);
#1674=LINE('',#4590,#2118);
#1675=LINE('',#4592,#2119);
#1676=LINE('',#4593,#2120);
#1677=LINE('',#4596,#2121);
#1678=LINE('',#4598,#2122);
#1679=LINE('',#4600,#2123);
#1680=LINE('',#4602,#2124);
#1681=LINE('',#4604,#2125);
#1682=LINE('',#4606,#2126);
#1683=LINE('',#4608,#2127);
#1684=LINE('',#4610,#2128);
#1685=LINE('',#4612,#2129);
#1686=LINE('',#4614,#2130);
#1687=LINE('',#4616,#2131);
#1688=LINE('',#4618,#2132);
#1689=LINE('',#4620,#2133);
#1690=LINE('',#4622,#2134);
#1691=LINE('',#4624,#2135);
#1692=LINE('',#4626,#2136);
#1693=LINE('',#4628,#2137);
#1694=LINE('',#4630,#2138);
#1695=LINE('',#4632,#2139);
#1696=LINE('',#4634,#2140);
#1697=LINE('',#4636,#2141);
#1698=LINE('',#4638,#2142);
#1699=LINE('',#4640,#2143);
#1700=LINE('',#4642,#2144);
#1701=LINE('',#4644,#2145);
#1702=LINE('',#4646,#2146);
#1703=LINE('',#4648,#2147);
#1704=LINE('',#4650,#2148);
#1705=LINE('',#4653,#2149);
#1706=LINE('',#4655,#2150);
#1707=LINE('',#4657,#2151);
#1708=LINE('',#4658,#2152);
#1709=LINE('',#4661,#2153);
#1710=LINE('',#4663,#2154);
#1711=LINE('',#4665,#2155);
#1712=LINE('',#4667,#2156);
#1713=LINE('',#4669,#2157);
#1714=LINE('',#4671,#2158);
#1715=LINE('',#4673,#2159);
#1716=LINE('',#4674,#2160);
#1717=LINE('',#4676,#2161);
#1718=LINE('',#4678,#2162);
#1719=LINE('',#4679,#2163);
#1720=LINE('',#4681,#2164);
#1721=LINE('',#4683,#2165);
#1722=LINE('',#4685,#2166);
#1723=LINE('',#4687,#2167);
#1724=LINE('',#4689,#2168);
#1725=LINE('',#4691,#2169);
#1726=LINE('',#4693,#2170);
#1727=LINE('',#4695,#2171);
#1728=LINE('',#4696,#2172);
#1729=LINE('',#4698,#2173);
#1730=LINE('',#4700,#2174);
#1731=LINE('',#4701,#2175);
#1732=LINE('',#4703,#2176);
#1733=LINE('',#4706,#2177);
#1734=LINE('',#4708,#2178);
#1735=LINE('',#4710,#2179);
#1736=LINE('',#4711,#2180);
#1737=LINE('',#4714,#2181);
#1738=LINE('',#4716,#2182);
#1739=LINE('',#4718,#2183);
#1740=LINE('',#4720,#2184);
#1741=LINE('',#4722,#2185);
#1742=LINE('',#4724,#2186);
#1743=LINE('',#4726,#2187);
#1744=LINE('',#4727,#2188);
#1745=LINE('',#4729,#2189);
#1746=LINE('',#4731,#2190);
#1747=LINE('',#4732,#2191);
#1748=LINE('',#4734,#2192);
#1749=LINE('',#4736,#2193);
#1750=LINE('',#4738,#2194);
#1751=LINE('',#4740,#2195);
#1752=LINE('',#4742,#2196);
#1753=LINE('',#4744,#2197);
#1754=LINE('',#4746,#2198);
#1755=LINE('',#4748,#2199);
#1756=LINE('',#4749,#2200);
#1757=LINE('',#4751,#2201);
#1758=LINE('',#4753,#2202);
#1759=LINE('',#4754,#2203);
#1760=LINE('',#4756,#2204);
#1761=LINE('',#4759,#2205);
#1762=LINE('',#4761,#2206);
#1763=LINE('',#4763,#2207);
#1764=LINE('',#4765,#2208);
#1765=LINE('',#4768,#2209);
#1766=LINE('',#4770,#2210);
#1767=LINE('',#4772,#2211);
#1768=LINE('',#4774,#2212);
#1769=LINE('',#4777,#2213);
#1770=LINE('',#4779,#2214);
#1771=LINE('',#4781,#2215);
#1772=LINE('',#4783,#2216);
#1773=LINE('',#4786,#2217);
#1774=LINE('',#4788,#2218);
#1775=LINE('',#4790,#2219);
#1776=LINE('',#4792,#2220);
#1777=LINE('',#4795,#2221);
#1778=LINE('',#4797,#2222);
#1779=LINE('',#4799,#2223);
#1780=LINE('',#4801,#2224);
#1781=LINE('',#4804,#2225);
#1782=LINE('',#4806,#2226);
#1783=LINE('',#4808,#2227);
#1784=LINE('',#4810,#2228);
#1785=LINE('',#4813,#2229);
#1786=LINE('',#4815,#2230);
#1787=LINE('',#4817,#2231);
#1788=LINE('',#4819,#2232);
#1789=LINE('',#4822,#2233);
#1790=LINE('',#4824,#2234);
#1791=LINE('',#4826,#2235);
#1792=LINE('',#4828,#2236);
#1793=LINE('',#4831,#2237);
#1794=LINE('',#4833,#2238);
#1795=LINE('',#4835,#2239);
#1796=LINE('',#4837,#2240);
#1797=LINE('',#4840,#2241);
#1798=LINE('',#4842,#2242);
#1799=LINE('',#4844,#2243);
#1800=LINE('',#4846,#2244);
#1801=LINE('',#4849,#2245);
#1802=LINE('',#4851,#2246);
#1803=LINE('',#4853,#2247);
#1804=LINE('',#4855,#2248);
#1805=LINE('',#4858,#2249);
#1806=LINE('',#4860,#2250);
#1807=LINE('',#4862,#2251);
#1808=LINE('',#4864,#2252);
#1809=LINE('',#4867,#2253);
#1810=LINE('',#4869,#2254);
#1811=LINE('',#4871,#2255);
#1812=LINE('',#4873,#2256);
#1813=LINE('',#4876,#2257);
#1814=LINE('',#4878,#2258);
#1815=LINE('',#4880,#2259);
#1816=LINE('',#4882,#2260);
#1817=LINE('',#4885,#2261);
#1818=LINE('',#4887,#2262);
#1819=LINE('',#4889,#2263);
#1820=LINE('',#4891,#2264);
#1821=LINE('',#4893,#2265);
#1822=LINE('',#4895,#2266);
#1823=LINE('',#4897,#2267);
#1824=LINE('',#4899,#2268);
#1825=LINE('',#4901,#2269);
#1826=LINE('',#4903,#2270);
#1827=LINE('',#4905,#2271);
#1828=LINE('',#4907,#2272);
#1829=LINE('',#4909,#2273);
#1830=LINE('',#4912,#2274);
#1831=LINE('',#4914,#2275);
#1832=LINE('',#4916,#2276);
#1833=LINE('',#4918,#2277);
#1834=LINE('',#4920,#2278);
#1835=LINE('',#4922,#2279);
#1836=LINE('',#4924,#2280);
#1837=LINE('',#4927,#2281);
#1838=LINE('',#4928,#2282);
#1839=LINE('',#4930,#2283);
#1840=LINE('',#4933,#2284);
#1841=LINE('',#4935,#2285);
#1842=LINE('',#4937,#2286);
#1843=LINE('',#4939,#2287);
#1844=LINE('',#4942,#2288);
#1845=LINE('',#4943,#2289);
#1846=LINE('',#4945,#2290);
#1847=LINE('',#4948,#2291);
#1848=LINE('',#4950,#2292);
#1849=LINE('',#4952,#2293);
#1850=LINE('',#4954,#2294);
#1851=LINE('',#4957,#2295);
#1852=LINE('',#4958,#2296);
#1853=LINE('',#4960,#2297);
#1854=LINE('',#4962,#2298);
#1855=LINE('',#4964,#2299);
#1856=LINE('',#4966,#2300);
#1857=LINE('',#4969,#2301);
#1858=LINE('',#4970,#2302);
#1859=LINE('',#4972,#2303);
#1860=LINE('',#4974,#2304);
#1861=LINE('',#4976,#2305);
#1862=LINE('',#4979,#2306);
#1863=LINE('',#4980,#2307);
#1864=LINE('',#4982,#2308);
#1865=LINE('',#4985,#2309);
#1866=LINE('',#4986,#2310);
#1867=LINE('',#4988,#2311);
#1868=LINE('',#4990,#2312);
#1869=LINE('',#4992,#2313);
#1870=LINE('',#4994,#2314);
#1871=LINE('',#4997,#2315);
#1872=LINE('',#4999,#2316);
#1873=LINE('',#5001,#2317);
#1874=LINE('',#5003,#2318);
#1875=LINE('',#5006,#2319);
#1876=LINE('',#5007,#2320);
#1877=LINE('',#5009,#2321);
#1878=LINE('',#5011,#2322);
#1879=LINE('',#5013,#2323);
#1880=LINE('',#5016,#2324);
#1881=LINE('',#5017,#2325);
#1882=LINE('',#5019,#2326);
#1883=LINE('',#5021,#2327);
#1884=LINE('',#5023,#2328);
#1885=LINE('',#5025,#2329);
#1886=LINE('',#5027,#2330);
#1887=LINE('',#5029,#2331);
#1888=LINE('',#5031,#2332);
#1889=LINE('',#5033,#2333);
#1890=LINE('',#5035,#2334);
#1891=LINE('',#5037,#2335);
#1892=LINE('',#5039,#2336);
#1893=LINE('',#5041,#2337);
#1894=LINE('',#5043,#2338);
#1895=LINE('',#5045,#2339);
#1896=LINE('',#5047,#2340);
#1897=LINE('',#5050,#2341);
#1898=LINE('',#5051,#2342);
#1899=LINE('',#5053,#2343);
#1900=LINE('',#5055,#2344);
#1901=LINE('',#5057,#2345);
#1902=LINE('',#5060,#2346);
#1903=LINE('',#5062,#2347);
#1904=LINE('',#5064,#2348);
#1905=LINE('',#5066,#2349);
#1906=LINE('',#5068,#2350);
#1907=LINE('',#5070,#2351);
#1908=LINE('',#5072,#2352);
#1909=LINE('',#5074,#2353);
#1910=LINE('',#5076,#2354);
#1911=LINE('',#5078,#2355);
#1912=LINE('',#5080,#2356);
#1913=LINE('',#5082,#2357);
#1914=LINE('',#5085,#2358);
#1915=LINE('',#5086,#2359);
#1916=LINE('',#5088,#2360);
#1917=LINE('',#5089,#2361);
#1918=LINE('',#5091,#2362);
#1919=LINE('',#5093,#2363);
#1920=LINE('',#5095,#2364);
#1921=LINE('',#5096,#2365);
#1922=LINE('',#5098,#2366);
#1923=LINE('',#5100,#2367);
#1924=LINE('',#5102,#2368);
#1925=LINE('',#5104,#2369);
#1926=LINE('',#5106,#2370);
#1927=LINE('',#5107,#2371);
#1928=LINE('',#5109,#2372);
#1929=LINE('',#5111,#2373);
#1930=LINE('',#5113,#2374);
#1931=LINE('',#5114,#2375);
#1932=LINE('',#5116,#2376);
#1933=LINE('',#5118,#2377);
#1934=LINE('',#5120,#2378);
#1935=LINE('',#5121,#2379);
#1936=LINE('',#5123,#2380);
#1937=LINE('',#5125,#2381);
#1938=LINE('',#5127,#2382);
#1939=LINE('',#5128,#2383);
#1940=LINE('',#5130,#2384);
#1941=LINE('',#5132,#2385);
#1942=LINE('',#5134,#2386);
#1943=LINE('',#5136,#2387);
#1944=LINE('',#5138,#2388);
#1945=LINE('',#5139,#2389);
#1946=LINE('',#5141,#2390);
#1947=LINE('',#5143,#2391);
#1948=LINE('',#5145,#2392);
#1949=LINE('',#5146,#2393);
#1950=LINE('',#5148,#2394);
#1951=LINE('',#5150,#2395);
#1952=LINE('',#5153,#2396);
#1953=LINE('',#5154,#2397);
#1954=LINE('',#5156,#2398);
#1955=LINE('',#5158,#2399);
#1956=LINE('',#5160,#2400);
#1957=LINE('',#5162,#2401);
#1958=LINE('',#5164,#2402);
#1959=LINE('',#5166,#2403);
#1960=LINE('',#5169,#2404);
#1961=LINE('',#5172,#2405);
#1962=LINE('',#5174,#2406);
#1963=LINE('',#5175,#2407);
#1964=LINE('',#5177,#2408);
#1965=LINE('',#5179,#2409);
#1966=LINE('',#5181,#2410);
#1967=LINE('',#5183,#2411);
#1968=LINE('',#5185,#2412);
#1969=LINE('',#5186,#2413);
#1970=LINE('',#5188,#2414);
#1971=LINE('',#5190,#2415);
#1972=LINE('',#5192,#2416);
#1973=LINE('',#5193,#2417);
#1974=LINE('',#5195,#2418);
#1975=LINE('',#5197,#2419);
#1976=LINE('',#5199,#2420);
#1977=LINE('',#5200,#2421);
#1978=LINE('',#5202,#2422);
#1979=LINE('',#5204,#2423);
#1980=LINE('',#5206,#2424);
#1981=LINE('',#5207,#2425);
#1982=LINE('',#5209,#2426);
#1983=LINE('',#5211,#2427);
#1984=LINE('',#5213,#2428);
#1985=LINE('',#5216,#2429);
#1986=LINE('',#5217,#2430);
#1987=LINE('',#5219,#2431);
#1988=LINE('',#5221,#2432);
#1989=LINE('',#5223,#2433);
#1990=LINE('',#5225,#2434);
#1991=LINE('',#5227,#2435);
#1992=LINE('',#5229,#2436);
#1993=LINE('',#5231,#2437);
#1994=LINE('',#5234,#2438);
#1995=LINE('',#5237,#2439);
#1996=LINE('',#5238,#2440);
#1997=LINE('',#5240,#2441);
#1998=LINE('',#5242,#2442);
#1999=LINE('',#5244,#2443);
#2000=LINE('',#5246,#2444);
#2001=LINE('',#5249,#2445);
#2002=LINE('',#5251,#2446);
#2003=LINE('',#5252,#2447);
#2004=LINE('',#5254,#2448);
#2005=LINE('',#5256,#2449);
#2006=LINE('',#5258,#2450);
#2007=LINE('',#5260,#2451);
#2008=LINE('',#5262,#2452);
#2009=LINE('',#5263,#2453);
#2010=LINE('',#5265,#2454);
#2011=LINE('',#5267,#2455);
#2012=LINE('',#5269,#2456);
#2013=LINE('',#5270,#2457);
#2014=LINE('',#5272,#2458);
#2015=LINE('',#5274,#2459);
#2016=LINE('',#5276,#2460);
#2017=LINE('',#5277,#2461);
#2018=LINE('',#5279,#2462);
#2019=LINE('',#5281,#2463);
#2020=LINE('',#5283,#2464);
#2021=LINE('',#5284,#2465);
#2022=LINE('',#5286,#2466);
#2023=LINE('',#5288,#2467);
#2024=LINE('',#5290,#2468);
#2025=LINE('',#5292,#2469);
#2026=LINE('',#5294,#2470);
#2027=LINE('',#5296,#2471);
#2028=LINE('',#5299,#2472);
#2029=LINE('',#5301,#2473);
#2030=LINE('',#5302,#2474);
#2031=LINE('',#5304,#2475);
#2032=LINE('',#5306,#2476);
#2033=LINE('',#5308,#2477);
#2034=LINE('',#5310,#2478);
#2035=LINE('',#5312,#2479);
#2036=LINE('',#5315,#2480);
#2037=LINE('',#5317,#2481);
#2038=LINE('',#5318,#2482);
#2039=LINE('',#5320,#2483);
#2040=LINE('',#5322,#2484);
#2041=LINE('',#5324,#2485);
#2042=LINE('',#5326,#2486);
#2043=LINE('',#5328,#2487);
#2044=LINE('',#5331,#2488);
#2045=LINE('',#5334,#2489);
#2046=LINE('',#5335,#2490);
#2047=LINE('',#5337,#2491);
#2048=LINE('',#5339,#2492);
#2049=LINE('',#5341,#2493);
#2050=LINE('',#5343,#2494);
#2051=LINE('',#5345,#2495);
#2052=LINE('',#5348,#2496);
#2053=LINE('',#5350,#2497);
#2054=LINE('',#5352,#2498);
#2055=LINE('',#5354,#2499);
#2056=LINE('',#5356,#2500);
#2057=LINE('',#5359,#2501);
#2058=LINE('',#5361,#2502);
#2059=LINE('',#5363,#2503);
#2060=LINE('',#5365,#2504);
#2061=LINE('',#5367,#2505);
#2062=LINE('',#5369,#2506);
#2063=LINE('',#5371,#2507);
#2064=LINE('',#5373,#2508);
#2065=LINE('',#5375,#2509);
#2066=LINE('',#5377,#2510);
#2067=LINE('',#5378,#2511);
#2068=LINE('',#5382,#2512);
#2069=LINE('',#5384,#2513);
#2070=LINE('',#5386,#2514);
#2071=LINE('',#5388,#2515);
#2072=LINE('',#5390,#2516);
#2073=LINE('',#5393,#2517);
#2074=LINE('',#5395,#2518);
#2075=LINE('',#5397,#2519);
#2076=LINE('',#5399,#2520);
#2077=LINE('',#5401,#2521);
#2078=LINE('',#5403,#2522);
#2079=LINE('',#5405,#2523);
#2080=LINE('',#5407,#2524);
#2081=LINE('',#5409,#2525);
#2082=LINE('',#5411,#2526);
#2083=LINE('',#5412,#2527);
#2084=VECTOR('',#3764,1.);
#2085=VECTOR('',#3765,1.);
#2086=VECTOR('',#3766,1.);
#2087=VECTOR('',#3767,1.);
#2088=VECTOR('',#3768,1.);
#2089=VECTOR('',#3769,1.);
#2090=VECTOR('',#3770,1.);
#2091=VECTOR('',#3771,1.);
#2092=VECTOR('',#3772,1.);
#2093=VECTOR('',#3773,1.);
#2094=VECTOR('',#3774,1.);
#2095=VECTOR('',#3775,1.);
#2096=VECTOR('',#3776,1.);
#2097=VECTOR('',#3777,1.);
#2098=VECTOR('',#3778,1.);
#2099=VECTOR('',#3779,1.);
#2100=VECTOR('',#3780,1.);
#2101=VECTOR('',#3781,1.);
#2102=VECTOR('',#3782,1.);
#2103=VECTOR('',#3783,1.);
#2104=VECTOR('',#3784,1.);
#2105=VECTOR('',#3785,1.);
#2106=VECTOR('',#3786,1.);
#2107=VECTOR('',#3787,1.);
#2108=VECTOR('',#3788,1.);
#2109=VECTOR('',#3789,1.);
#2110=VECTOR('',#3790,1.);
#2111=VECTOR('',#3791,1.);
#2112=VECTOR('',#3792,1.);
#2113=VECTOR('',#3793,1.);
#2114=VECTOR('',#3794,1.);
#2115=VECTOR('',#3795,1.);
#2116=VECTOR('',#3798,1.);
#2117=VECTOR('',#3799,1.);
#2118=VECTOR('',#3800,1.);
#2119=VECTOR('',#3801,1.);
#2120=VECTOR('',#3802,1.);
#2121=VECTOR('',#3803,1.);
#2122=VECTOR('',#3804,1.);
#2123=VECTOR('',#3805,1.);
#2124=VECTOR('',#3806,1.);
#2125=VECTOR('',#3807,1.);
#2126=VECTOR('',#3808,1.);
#2127=VECTOR('',#3809,1.);
#2128=VECTOR('',#3810,1.);
#2129=VECTOR('',#3811,1.);
#2130=VECTOR('',#3812,1.);
#2131=VECTOR('',#3813,1.);
#2132=VECTOR('',#3814,1.);
#2133=VECTOR('',#3815,1.);
#2134=VECTOR('',#3816,1.);
#2135=VECTOR('',#3817,1.);
#2136=VECTOR('',#3818,1.);
#2137=VECTOR('',#3819,1.);
#2138=VECTOR('',#3820,1.);
#2139=VECTOR('',#3821,1.);
#2140=VECTOR('',#3822,1.);
#2141=VECTOR('',#3823,1.);
#2142=VECTOR('',#3824,1.);
#2143=VECTOR('',#3825,1.);
#2144=VECTOR('',#3826,1.);
#2145=VECTOR('',#3827,1.);
#2146=VECTOR('',#3828,1.);
#2147=VECTOR('',#3829,1.);
#2148=VECTOR('',#3832,1.);
#2149=VECTOR('',#3833,1.);
#2150=VECTOR('',#3834,1.);
#2151=VECTOR('',#3835,1.);
#2152=VECTOR('',#3836,1.);
#2153=VECTOR('',#3837,1.);
#2154=VECTOR('',#3838,1.);
#2155=VECTOR('',#3839,1.);
#2156=VECTOR('',#3840,1.);
#2157=VECTOR('',#3841,1.);
#2158=VECTOR('',#3842,1.);
#2159=VECTOR('',#3843,1.);
#2160=VECTOR('',#3844,1.);
#2161=VECTOR('',#3845,1.);
#2162=VECTOR('',#3846,1.);
#2163=VECTOR('',#3847,1.);
#2164=VECTOR('',#3848,1.);
#2165=VECTOR('',#3849,1.);
#2166=VECTOR('',#3850,1.);
#2167=VECTOR('',#3851,1.);
#2168=VECTOR('',#3852,1.);
#2169=VECTOR('',#3853,1.);
#2170=VECTOR('',#3854,1.);
#2171=VECTOR('',#3855,1.);
#2172=VECTOR('',#3856,1.);
#2173=VECTOR('',#3857,1.);
#2174=VECTOR('',#3858,1.);
#2175=VECTOR('',#3859,1.);
#2176=VECTOR('',#3862,1.);
#2177=VECTOR('',#3863,1.);
#2178=VECTOR('',#3864,1.);
#2179=VECTOR('',#3865,1.);
#2180=VECTOR('',#3866,1.);
#2181=VECTOR('',#3867,1.);
#2182=VECTOR('',#3868,1.);
#2183=VECTOR('',#3869,1.);
#2184=VECTOR('',#3870,1.);
#2185=VECTOR('',#3871,1.);
#2186=VECTOR('',#3872,1.);
#2187=VECTOR('',#3873,1.);
#2188=VECTOR('',#3874,1.);
#2189=VECTOR('',#3875,1.);
#2190=VECTOR('',#3876,1.);
#2191=VECTOR('',#3877,1.);
#2192=VECTOR('',#3878,1.);
#2193=VECTOR('',#3879,1.);
#2194=VECTOR('',#3880,1.);
#2195=VECTOR('',#3881,1.);
#2196=VECTOR('',#3882,1.);
#2197=VECTOR('',#3883,1.);
#2198=VECTOR('',#3884,1.);
#2199=VECTOR('',#3885,1.);
#2200=VECTOR('',#3886,1.);
#2201=VECTOR('',#3887,1.);
#2202=VECTOR('',#3888,1.);
#2203=VECTOR('',#3889,1.);
#2204=VECTOR('',#3892,1.);
#2205=VECTOR('',#3893,1.);
#2206=VECTOR('',#3894,1.);
#2207=VECTOR('',#3895,1.);
#2208=VECTOR('',#3898,1.);
#2209=VECTOR('',#3899,1.);
#2210=VECTOR('',#3900,1.);
#2211=VECTOR('',#3901,1.);
#2212=VECTOR('',#3904,1.);
#2213=VECTOR('',#3905,1.);
#2214=VECTOR('',#3906,1.);
#2215=VECTOR('',#3907,1.);
#2216=VECTOR('',#3910,1.);
#2217=VECTOR('',#3911,1.);
#2218=VECTOR('',#3912,1.);
#2219=VECTOR('',#3913,1.);
#2220=VECTOR('',#3916,1.);
#2221=VECTOR('',#3917,1.);
#2222=VECTOR('',#3918,1.);
#2223=VECTOR('',#3919,1.);
#2224=VECTOR('',#3922,1.);
#2225=VECTOR('',#3923,1.);
#2226=VECTOR('',#3924,1.);
#2227=VECTOR('',#3925,1.);
#2228=VECTOR('',#3928,1.);
#2229=VECTOR('',#3929,1.);
#2230=VECTOR('',#3930,1.);
#2231=VECTOR('',#3931,1.);
#2232=VECTOR('',#3934,1.);
#2233=VECTOR('',#3935,1.);
#2234=VECTOR('',#3936,1.);
#2235=VECTOR('',#3937,1.);
#2236=VECTOR('',#3940,1.);
#2237=VECTOR('',#3941,1.);
#2238=VECTOR('',#3942,1.);
#2239=VECTOR('',#3943,1.);
#2240=VECTOR('',#3946,1.);
#2241=VECTOR('',#3947,1.);
#2242=VECTOR('',#3948,1.);
#2243=VECTOR('',#3949,1.);
#2244=VECTOR('',#3952,1.);
#2245=VECTOR('',#3953,1.);
#2246=VECTOR('',#3954,1.);
#2247=VECTOR('',#3955,1.);
#2248=VECTOR('',#3958,1.);
#2249=VECTOR('',#3959,1.);
#2250=VECTOR('',#3960,1.);
#2251=VECTOR('',#3961,1.);
#2252=VECTOR('',#3964,1.);
#2253=VECTOR('',#3965,1.);
#2254=VECTOR('',#3966,1.);
#2255=VECTOR('',#3967,1.);
#2256=VECTOR('',#3970,1.);
#2257=VECTOR('',#3971,1.);
#2258=VECTOR('',#3972,1.);
#2259=VECTOR('',#3973,1.);
#2260=VECTOR('',#3976,1.);
#2261=VECTOR('',#3977,1.);
#2262=VECTOR('',#3978,1.);
#2263=VECTOR('',#3979,1.);
#2264=VECTOR('',#3982,1.);
#2265=VECTOR('',#3983,1.);
#2266=VECTOR('',#3984,1.);
#2267=VECTOR('',#3987,1.);
#2268=VECTOR('',#3988,1.);
#2269=VECTOR('',#3989,1.);
#2270=VECTOR('',#3992,1.);
#2271=VECTOR('',#3993,1.);
#2272=VECTOR('',#3994,1.);
#2273=VECTOR('',#3997,1.);
#2274=VECTOR('',#3998,1.);
#2275=VECTOR('',#3999,1.);
#2276=VECTOR('',#4000,1.);
#2277=VECTOR('',#4003,1.);
#2278=VECTOR('',#4004,1.);
#2279=VECTOR('',#4005,1.);
#2280=VECTOR('',#4008,1.);
#2281=VECTOR('',#4009,1.);
#2282=VECTOR('',#4010,1.);
#2283=VECTOR('',#4013,1.);
#2284=VECTOR('',#4014,1.);
#2285=VECTOR('',#4015,1.);
#2286=VECTOR('',#4016,1.);
#2287=VECTOR('',#4019,1.);
#2288=VECTOR('',#4020,1.);
#2289=VECTOR('',#4021,1.);
#2290=VECTOR('',#4024,1.);
#2291=VECTOR('',#4025,1.);
#2292=VECTOR('',#4026,1.);
#2293=VECTOR('',#4027,1.);
#2294=VECTOR('',#4030,1.);
#2295=VECTOR('',#4031,1.);
#2296=VECTOR('',#4032,1.);
#2297=VECTOR('',#4035,1.);
#2298=VECTOR('',#4036,1.);
#2299=VECTOR('',#4037,1.);
#2300=VECTOR('',#4040,1.);
#2301=VECTOR('',#4041,1.);
#2302=VECTOR('',#4042,1.);
#2303=VECTOR('',#4045,1.);
#2304=VECTOR('',#4046,1.);
#2305=VECTOR('',#4049,1.);
#2306=VECTOR('',#4050,1.);
#2307=VECTOR('',#4051,1.);
#2308=VECTOR('',#4054,1.);
#2309=VECTOR('',#4055,1.);
#2310=VECTOR('',#4056,1.);
#2311=VECTOR('',#4059,1.);
#2312=VECTOR('',#4060,1.);
#2313=VECTOR('',#4061,1.);
#2314=VECTOR('',#4064,1.);
#2315=VECTOR('',#4065,1.);
#2316=VECTOR('',#4066,1.);
#2317=VECTOR('',#4067,1.);
#2318=VECTOR('',#4070,1.);
#2319=VECTOR('',#4071,1.);
#2320=VECTOR('',#4072,1.);
#2321=VECTOR('',#4075,1.);
#2322=VECTOR('',#4076,1.);
#2323=VECTOR('',#4079,1.);
#2324=VECTOR('',#4080,1.);
#2325=VECTOR('',#4081,1.);
#2326=VECTOR('',#4084,1.);
#2327=VECTOR('',#4085,1.);
#2328=VECTOR('',#4088,1.);
#2329=VECTOR('',#4089,1.);
#2330=VECTOR('',#4090,1.);
#2331=VECTOR('',#4093,1.);
#2332=VECTOR('',#4094,1.);
#2333=VECTOR('',#4097,1.);
#2334=VECTOR('',#4098,1.);
#2335=VECTOR('',#4101,1.);
#2336=VECTOR('',#4102,1.);
#2337=VECTOR('',#4103,1.);
#2338=VECTOR('',#4106,1.);
#2339=VECTOR('',#4107,1.);
#2340=VECTOR('',#4110,1.);
#2341=VECTOR('',#4111,1.);
#2342=VECTOR('',#4112,1.);
#2343=VECTOR('',#4115,1.);
#2344=VECTOR('',#4116,1.);
#2345=VECTOR('',#4119,1.);
#2346=VECTOR('',#4120,1.);
#2347=VECTOR('',#4121,1.);
#2348=VECTOR('',#4122,1.);
#2349=VECTOR('',#4125,1.);
#2350=VECTOR('',#4126,1.);
#2351=VECTOR('',#4127,1.);
#2352=VECTOR('',#4130,1.);
#2353=VECTOR('',#4131,1.);
#2354=VECTOR('',#4132,1.);
#2355=VECTOR('',#4135,1.);
#2356=VECTOR('',#4136,1.);
#2357=VECTOR('',#4139,1.);
#2358=VECTOR('',#4140,1.);
#2359=VECTOR('',#4141,1.);
#2360=VECTOR('',#4144,1.);
#2361=VECTOR('',#4145,1.);
#2362=VECTOR('',#4148,1.);
#2363=VECTOR('',#4149,1.);
#2364=VECTOR('',#4152,1.);
#2365=VECTOR('',#4153,1.);
#2366=VECTOR('',#4154,1.);
#2367=VECTOR('',#4157,1.);
#2368=VECTOR('',#4160,1.);
#2369=VECTOR('',#4161,1.);
#2370=VECTOR('',#4164,1.);
#2371=VECTOR('',#4165,1.);
#2372=VECTOR('',#4166,1.);
#2373=VECTOR('',#4169,1.);
#2374=VECTOR('',#4172,1.);
#2375=VECTOR('',#4173,1.);
#2376=VECTOR('',#4176,1.);
#2377=VECTOR('',#4179,1.);
#2378=VECTOR('',#4182,1.);
#2379=VECTOR('',#4183,1.);
#2380=VECTOR('',#4186,1.);
#2381=VECTOR('',#4187,1.);
#2382=VECTOR('',#4190,1.);
#2383=VECTOR('',#4191,1.);
#2384=VECTOR('',#4192,1.);
#2385=VECTOR('',#4195,1.);
#2386=VECTOR('',#4198,1.);
#2387=VECTOR('',#4199,1.);
#2388=VECTOR('',#4202,1.);
#2389=VECTOR('',#4203,1.);
#2390=VECTOR('',#4204,1.);
#2391=VECTOR('',#4207,1.);
#2392=VECTOR('',#4210,1.);
#2393=VECTOR('',#4211,1.);
#2394=VECTOR('',#4214,1.);
#2395=VECTOR('',#4217,1.);
#2396=VECTOR('',#4218,1.);
#2397=VECTOR('',#4219,1.);
#2398=VECTOR('',#4222,1.);
#2399=VECTOR('',#4223,1.);
#2400=VECTOR('',#4226,1.);
#2401=VECTOR('',#4227,1.);
#2402=VECTOR('',#4230,1.);
#2403=VECTOR('',#4233,1.);
#2404=VECTOR('',#4238,1.);
#2405=VECTOR('',#4243,1.);
#2406=VECTOR('',#4246,1.);
#2407=VECTOR('',#4247,1.);
#2408=VECTOR('',#4248,1.);
#2409=VECTOR('',#4251,1.);
#2410=VECTOR('',#4254,1.);
#2411=VECTOR('',#4255,1.);
#2412=VECTOR('',#4258,1.);
#2413=VECTOR('',#4259,1.);
#2414=VECTOR('',#4260,1.);
#2415=VECTOR('',#4263,1.);
#2416=VECTOR('',#4266,1.);
#2417=VECTOR('',#4267,1.);
#2418=VECTOR('',#4270,1.);
#2419=VECTOR('',#4273,1.);
#2420=VECTOR('',#4276,1.);
#2421=VECTOR('',#4277,1.);
#2422=VECTOR('',#4280,1.);
#2423=VECTOR('',#4281,1.);
#2424=VECTOR('',#4284,1.);
#2425=VECTOR('',#4285,1.);
#2426=VECTOR('',#4286,1.);
#2427=VECTOR('',#4289,1.);
#2428=VECTOR('',#4292,1.);
#2429=VECTOR('',#4293,1.);
#2430=VECTOR('',#4294,1.);
#2431=VECTOR('',#4297,1.);
#2432=VECTOR('',#4298,1.);
#2433=VECTOR('',#4301,1.);
#2434=VECTOR('',#4302,1.);
#2435=VECTOR('',#4305,1.);
#2436=VECTOR('',#4308,1.);
#2437=VECTOR('',#4309,1.);
#2438=VECTOR('',#4314,1.);
#2439=VECTOR('',#4315,1.);
#2440=VECTOR('',#4316,1.);
#2441=VECTOR('',#4319,1.);
#2442=VECTOR('',#4320,1.);
#2443=VECTOR('',#4323,1.);
#2444=VECTOR('',#4324,1.);
#2445=VECTOR('',#4329,1.);
#2446=VECTOR('',#4332,1.);
#2447=VECTOR('',#4333,1.);
#2448=VECTOR('',#4334,1.);
#2449=VECTOR('',#4337,1.);
#2450=VECTOR('',#4340,1.);
#2451=VECTOR('',#4341,1.);
#2452=VECTOR('',#4344,1.);
#2453=VECTOR('',#4345,1.);
#2454=VECTOR('',#4346,1.);
#2455=VECTOR('',#4349,1.);
#2456=VECTOR('',#4352,1.);
#2457=VECTOR('',#4353,1.);
#2458=VECTOR('',#4356,1.);
#2459=VECTOR('',#4359,1.);
#2460=VECTOR('',#4362,1.);
#2461=VECTOR('',#4363,1.);
#2462=VECTOR('',#4366,1.);
#2463=VECTOR('',#4367,1.);
#2464=VECTOR('',#4370,1.);
#2465=VECTOR('',#4371,1.);
#2466=VECTOR('',#4372,1.);
#2467=VECTOR('',#4375,1.);
#2468=VECTOR('',#4378,1.);
#2469=VECTOR('',#4379,1.);
#2470=VECTOR('',#4382,1.);
#2471=VECTOR('',#4385,1.);
#2472=VECTOR('',#4390,1.);
#2473=VECTOR('',#4393,1.);
#2474=VECTOR('',#4394,1.);
#2475=VECTOR('',#4395,1.);
#2476=VECTOR('',#4398,1.);
#2477=VECTOR('',#4401,1.);
#2478=VECTOR('',#4402,1.);
#2479=VECTOR('',#4405,1.);
#2480=VECTOR('',#4410,1.);
#2481=VECTOR('',#4413,1.);
#2482=VECTOR('',#4414,1.);
#2483=VECTOR('',#4415,1.);
#2484=VECTOR('',#4418,1.);
#2485=VECTOR('',#4421,1.);
#2486=VECTOR('',#4422,1.);
#2487=VECTOR('',#4425,1.);
#2488=VECTOR('',#4430,1.);
#2489=VECTOR('',#4431,1.);
#2490=VECTOR('',#4432,1.);
#2491=VECTOR('',#4435,1.);
#2492=VECTOR('',#4436,1.);
#2493=VECTOR('',#4439,1.);
#2494=VECTOR('',#4440,1.);
#2495=VECTOR('',#4443,1.);
#2496=VECTOR('',#4448,1.);
#2497=VECTOR('',#4451,1.);
#2498=VECTOR('',#4454,1.);
#2499=VECTOR('',#4457,1.);
#2500=VECTOR('',#4460,1.);
#2501=VECTOR('',#4461,1.);
#2502=VECTOR('',#4462,1.);
#2503=VECTOR('',#4463,1.);
#2504=VECTOR('',#4466,1.);
#2505=VECTOR('',#4467,1.);
#2506=VECTOR('',#4468,1.);
#2507=VECTOR('',#4471,1.);
#2508=VECTOR('',#4472,1.);
#2509=VECTOR('',#4473,1.);
#2510=VECTOR('',#4476,1.);
#2511=VECTOR('',#4477,1.);
#2512=VECTOR('',#4484,1.);
#2513=VECTOR('',#4487,1.);
#2514=VECTOR('',#4490,1.);
#2515=VECTOR('',#4493,1.);
#2516=VECTOR('',#4496,1.);
#2517=VECTOR('',#4497,1.);
#2518=VECTOR('',#4498,1.);
#2519=VECTOR('',#4499,1.);
#2520=VECTOR('',#4502,1.);
#2521=VECTOR('',#4503,1.);
#2522=VECTOR('',#4504,1.);
#2523=VECTOR('',#4507,1.);
#2524=VECTOR('',#4508,1.);
#2525=VECTOR('',#4509,1.);
#2526=VECTOR('',#4512,1.);
#2527=VECTOR('',#4513,1.);
#2528=EDGE_LOOP('',(#12,#13,#14,#15));
#2529=EDGE_LOOP('',(#16,#17,#18,#19,#20,#21,#22,#23,#24,#25,#26,#27,#28,
#29,#30,#31,#32,#33,#34,#35,#36,#37,#38,#39,#40,#41,#42,#43));
#2530=EDGE_LOOP('',(#44,#45,#46,#47));
#2531=EDGE_LOOP('',(#48,#49,#50,#51,#52,#53,#54,#55,#56,#57,#58,#59,#60,
#61,#62,#63,#64,#65,#66,#67,#68,#69,#70,#71,#72,#73,#74,#75));
#2532=EDGE_LOOP('',(#76,#77,#78,#79));
#2533=EDGE_LOOP('',(#80,#81,#82,#83,#84,#85,#86,#87,#88,#89,#90,#91,#92,
#93,#94,#95,#96,#97,#98,#99,#100,#101,#102,#103,#104,#105,#106,#107));
#2534=EDGE_LOOP('',(#108,#109,#110,#111));
#2535=EDGE_LOOP('',(#112,#113,#114,#115,#116,#117,#118,#119,#120,#121,#122,
#123,#124,#125,#126,#127,#128,#129,#130,#131,#132,#133,#134,#135,#136,#137,
#138,#139));
#2536=EDGE_LOOP('',(#140,#141,#142,#143));
#2537=EDGE_LOOP('',(#144,#145,#146,#147));
#2538=EDGE_LOOP('',(#148,#149,#150,#151));
#2539=EDGE_LOOP('',(#152,#153,#154,#155));
#2540=EDGE_LOOP('',(#156,#157,#158,#159));
#2541=EDGE_LOOP('',(#160,#161,#162,#163));
#2542=EDGE_LOOP('',(#164,#165,#166,#167));
#2543=EDGE_LOOP('',(#168,#169,#170,#171));
#2544=EDGE_LOOP('',(#172,#173,#174,#175));
#2545=EDGE_LOOP('',(#176,#177,#178,#179));
#2546=EDGE_LOOP('',(#180,#181,#182,#183));
#2547=EDGE_LOOP('',(#184,#185,#186,#187));
#2548=EDGE_LOOP('',(#188,#189,#190,#191));
#2549=EDGE_LOOP('',(#192,#193,#194,#195));
#2550=EDGE_LOOP('',(#196,#197,#198,#199));
#2551=EDGE_LOOP('',(#200,#201,#202,#203));
#2552=EDGE_LOOP('',(#204,#205,#206,#207));
#2553=EDGE_LOOP('',(#208,#209,#210,#211));
#2554=EDGE_LOOP('',(#212,#213,#214,#215));
#2555=EDGE_LOOP('',(#216,#217,#218,#219));
#2556=EDGE_LOOP('',(#220,#221,#222,#223));
#2557=EDGE_LOOP('',(#224,#225,#226,#227));
#2558=EDGE_LOOP('',(#228,#229,#230,#231));
#2559=EDGE_LOOP('',(#232,#233,#234,#235));
#2560=EDGE_LOOP('',(#236,#237,#238,#239));
#2561=EDGE_LOOP('',(#240,#241,#242,#243));
#2562=EDGE_LOOP('',(#244,#245,#246,#247));
#2563=EDGE_LOOP('',(#248,#249,#250,#251));
#2564=EDGE_LOOP('',(#252,#253,#254,#255));
#2565=EDGE_LOOP('',(#256,#257,#258,#259));
#2566=EDGE_LOOP('',(#260,#261,#262,#263));
#2567=EDGE_LOOP('',(#264,#265,#266,#267));
#2568=EDGE_LOOP('',(#268,#269,#270,#271));
#2569=EDGE_LOOP('',(#272,#273,#274,#275));
#2570=EDGE_LOOP('',(#276,#277,#278,#279));
#2571=EDGE_LOOP('',(#280,#281,#282,#283));
#2572=EDGE_LOOP('',(#284,#285,#286,#287));
#2573=EDGE_LOOP('',(#288,#289,#290,#291));
#2574=EDGE_LOOP('',(#292,#293,#294,#295));
#2575=EDGE_LOOP('',(#296,#297,#298,#299));
#2576=EDGE_LOOP('',(#300,#301,#302,#303));
#2577=EDGE_LOOP('',(#304,#305,#306,#307));
#2578=EDGE_LOOP('',(#308,#309,#310,#311));
#2579=EDGE_LOOP('',(#312,#313,#314,#315));
#2580=EDGE_LOOP('',(#316,#317,#318,#319));
#2581=EDGE_LOOP('',(#320,#321,#322,#323));
#2582=EDGE_LOOP('',(#324,#325,#326,#327));
#2583=EDGE_LOOP('',(#328,#329,#330,#331));
#2584=EDGE_LOOP('',(#332,#333,#334,#335,#336,#337));
#2585=EDGE_LOOP('',(#338,#339,#340,#341,#342,#343));
#2586=EDGE_LOOP('',(#344,#345,#346,#347,#348,#349));
#2587=EDGE_LOOP('',(#350,#351,#352,#353));
#2588=EDGE_LOOP('',(#354,#355,#356,#357,#358,#359));
#2589=EDGE_LOOP('',(#360,#361,#362,#363,#364,#365));
#2590=EDGE_LOOP('',(#366,#367,#368,#369,#370,#371));
#2591=EDGE_LOOP('',(#372,#373,#374,#375,#376,#377));
#2592=EDGE_LOOP('',(#378,#379,#380,#381));
#2593=EDGE_LOOP('',(#382,#383,#384,#385,#386,#387));
#2594=EDGE_LOOP('',(#388,#389,#390,#391,#392,#393));
#2595=EDGE_LOOP('',(#394,#395,#396,#397,#398,#399));
#2596=EDGE_LOOP('',(#400,#401,#402,#403,#404,#405));
#2597=EDGE_LOOP('',(#406,#407,#408,#409));
#2598=EDGE_LOOP('',(#410,#411,#412,#413,#414,#415));
#2599=EDGE_LOOP('',(#416,#417,#418,#419,#420,#421));
#2600=EDGE_LOOP('',(#422,#423,#424,#425,#426,#427));
#2601=EDGE_LOOP('',(#428,#429,#430,#431,#432,#433));
#2602=EDGE_LOOP('',(#434,#435,#436,#437));
#2603=EDGE_LOOP('',(#438,#439,#440,#441));
#2604=EDGE_LOOP('',(#442,#443,#444,#445));
#2605=EDGE_LOOP('',(#446,#447,#448,#449));
#2606=EDGE_LOOP('',(#450,#451,#452,#453));
#2607=EDGE_LOOP('',(#454,#455,#456,#457,#458,#459));
#2608=EDGE_LOOP('',(#460,#461,#462,#463));
#2609=EDGE_LOOP('',(#464,#465,#466,#467,#468,#469));
#2610=EDGE_LOOP('',(#470,#471,#472,#473));
#2611=EDGE_LOOP('',(#474,#475,#476,#477,#478,#479));
#2612=EDGE_LOOP('',(#480,#481,#482,#483,#484,#485));
#2613=EDGE_LOOP('',(#486,#487,#488,#489));
#2614=EDGE_LOOP('',(#490,#491,#492,#493,#494,#495));
#2615=EDGE_LOOP('',(#496,#497,#498,#499,#500,#501));
#2616=EDGE_LOOP('',(#502,#503,#504,#505,#506,#507));
#2617=EDGE_LOOP('',(#508,#509,#510,#511,#512,#513));
#2618=EDGE_LOOP('',(#514,#515,#516,#517));
#2619=EDGE_LOOP('',(#518,#519,#520,#521,#522,#523));
#2620=EDGE_LOOP('',(#524,#525,#526,#527,#528,#529));
#2621=EDGE_LOOP('',(#530,#531,#532,#533,#534,#535));
#2622=EDGE_LOOP('',(#536,#537,#538,#539,#540,#541));
#2623=EDGE_LOOP('',(#542,#543,#544,#545));
#2624=EDGE_LOOP('',(#546,#547,#548,#549));
#2625=EDGE_LOOP('',(#550,#551,#552,#553));
#2626=EDGE_LOOP('',(#554,#555,#556,#557));
#2627=EDGE_LOOP('',(#558,#559,#560,#561));
#2628=EDGE_LOOP('',(#562,#563,#564,#565,#566,#567));
#2629=EDGE_LOOP('',(#568,#569,#570,#571));
#2630=EDGE_LOOP('',(#572,#573,#574,#575));
#2631=EDGE_LOOP('',(#576,#577,#578,#579));
#2632=EDGE_LOOP('',(#580,#581,#582,#583));
#2633=EDGE_LOOP('',(#584,#585,#586,#587));
#2634=EDGE_LOOP('',(#588,#589,#590,#591,#592,#593));
#2635=EDGE_LOOP('',(#594,#595,#596,#597,#598,#599));
#2636=EDGE_LOOP('',(#600,#601,#602,#603));
#2637=EDGE_LOOP('',(#604,#605,#606,#607,#608,#609));
#2638=EDGE_LOOP('',(#610,#611,#612,#613,#614,#615));
#2639=EDGE_LOOP('',(#616,#617,#618,#619,#620,#621));
#2640=EDGE_LOOP('',(#622,#623,#624,#625,#626,#627));
#2641=EDGE_LOOP('',(#628,#629,#630,#631));
#2642=EDGE_LOOP('',(#632,#633,#634,#635,#636,#637));
#2643=EDGE_LOOP('',(#638,#639,#640,#641,#642,#643));
#2644=EDGE_LOOP('',(#644,#645,#646,#647,#648,#649));
#2645=EDGE_LOOP('',(#650,#651,#652,#653,#654,#655));
#2646=EDGE_LOOP('',(#656,#657,#658,#659));
#2647=EDGE_LOOP('',(#660,#661,#662,#663,#664,#665));
#2648=EDGE_LOOP('',(#666,#667,#668,#669,#670,#671));
#2649=EDGE_LOOP('',(#672,#673,#674,#675));
#2650=EDGE_LOOP('',(#676,#677,#678,#679));
#2651=EDGE_LOOP('',(#680,#681,#682,#683,#684,#685));
#2652=EDGE_LOOP('',(#686,#687,#688,#689,#690,#691));
#2653=EDGE_LOOP('',(#692,#693,#694,#695));
#2654=EDGE_LOOP('',(#696,#697,#698,#699,#700,#701));
#2655=EDGE_LOOP('',(#702,#703,#704,#705,#706,#707));
#2656=EDGE_LOOP('',(#708,#709,#710,#711));
#2657=EDGE_LOOP('',(#712,#713,#714,#715,#716,#717));
#2658=EDGE_LOOP('',(#718,#719,#720,#721,#722,#723));
#2659=EDGE_LOOP('',(#724,#725,#726,#727));
#2660=EDGE_LOOP('',(#728,#729,#730,#731,#732,#733));
#2661=EDGE_LOOP('',(#734,#735,#736,#737,#738,#739));
#2662=EDGE_LOOP('',(#740,#741,#742,#743));
#2663=EDGE_LOOP('',(#744,#745,#746,#747));
#2664=EDGE_LOOP('',(#748,#749,#750,#751));
#2665=EDGE_LOOP('',(#752,#753,#754,#755));
#2666=EDGE_LOOP('',(#756,#757,#758,#759));
#2667=EDGE_LOOP('',(#760,#761,#762,#763));
#2668=EDGE_LOOP('',(#764,#765,#766,#767));
#2669=EDGE_LOOP('',(#768,#769,#770,#771));
#2670=EDGE_LOOP('',(#772,#773,#774,#775));
#2671=EDGE_LOOP('',(#776,#777,#778,#779));
#2672=EDGE_LOOP('',(#780,#781,#782,#783));
#2673=EDGE_LOOP('',(#784,#785,#786,#787));
#2674=EDGE_LOOP('',(#788,#789,#790,#791));
#2675=EDGE_LOOP('',(#792,#793,#794,#795));
#2676=EDGE_LOOP('',(#796,#797,#798,#799));
#2677=EDGE_LOOP('',(#800,#801,#802,#803,#804,#805,#806,#807,#808,#809,#810,
#811,#812,#813,#814,#815,#816,#817,#818,#819,#820,#821,#822,#823,#824,#825,
#826,#827));
#2678=EDGE_LOOP('',(#828,#829,#830,#831));
#2679=EDGE_LOOP('',(#832,#833,#834,#835));
#2680=EDGE_LOOP('',(#836,#837,#838,#839));
#2681=EDGE_LOOP('',(#840,#841,#842,#843));
#2682=EDGE_LOOP('',(#844,#845,#846,#847));
#2683=EDGE_LOOP('',(#848,#849,#850,#851));
#2684=EDGE_LOOP('',(#852,#853,#854,#855));
#2685=EDGE_LOOP('',(#856,#857,#858,#859));
#2686=EDGE_LOOP('',(#860,#861,#862,#863));
#2687=EDGE_LOOP('',(#864,#865,#866,#867));
#2688=EDGE_LOOP('',(#868,#869,#870,#871,#872,#873,#874,#875,#876,#877,#878,
#879,#880,#881,#882,#883,#884,#885,#886,#887,#888,#889,#890,#891,#892,#893,
#894,#895));
#2689=EDGE_LOOP('',(#896,#897,#898,#899));
#2690=FACE_BOUND('',#2528,.T.);
#2691=FACE_BOUND('',#2529,.T.);
#2692=FACE_BOUND('',#2530,.T.);
#2693=FACE_BOUND('',#2531,.T.);
#2694=FACE_BOUND('',#2532,.T.);
#2695=FACE_BOUND('',#2533,.T.);
#2696=FACE_BOUND('',#2534,.T.);
#2697=FACE_BOUND('',#2535,.T.);
#2698=FACE_BOUND('',#2536,.T.);
#2699=FACE_BOUND('',#2537,.T.);
#2700=FACE_BOUND('',#2538,.T.);
#2701=FACE_BOUND('',#2539,.T.);
#2702=FACE_BOUND('',#2540,.T.);
#2703=FACE_BOUND('',#2541,.T.);
#2704=FACE_BOUND('',#2542,.T.);
#2705=FACE_BOUND('',#2543,.T.);
#2706=FACE_BOUND('',#2544,.T.);
#2707=FACE_BOUND('',#2545,.T.);
#2708=FACE_BOUND('',#2546,.T.);
#2709=FACE_BOUND('',#2547,.T.);
#2710=FACE_BOUND('',#2548,.T.);
#2711=FACE_BOUND('',#2549,.T.);
#2712=FACE_BOUND('',#2550,.T.);
#2713=FACE_BOUND('',#2551,.T.);
#2714=FACE_BOUND('',#2552,.T.);
#2715=FACE_BOUND('',#2553,.T.);
#2716=FACE_BOUND('',#2554,.T.);
#2717=FACE_BOUND('',#2555,.T.);
#2718=FACE_BOUND('',#2556,.T.);
#2719=FACE_BOUND('',#2557,.T.);
#2720=FACE_BOUND('',#2558,.T.);
#2721=FACE_BOUND('',#2559,.T.);
#2722=FACE_BOUND('',#2560,.T.);
#2723=FACE_BOUND('',#2561,.T.);
#2724=FACE_BOUND('',#2562,.T.);
#2725=FACE_BOUND('',#2563,.T.);
#2726=FACE_BOUND('',#2564,.T.);
#2727=FACE_BOUND('',#2565,.T.);
#2728=FACE_BOUND('',#2566,.T.);
#2729=FACE_BOUND('',#2567,.T.);
#2730=FACE_BOUND('',#2568,.T.);
#2731=FACE_BOUND('',#2569,.T.);
#2732=FACE_BOUND('',#2570,.T.);
#2733=FACE_BOUND('',#2571,.T.);
#2734=FACE_BOUND('',#2572,.T.);
#2735=FACE_BOUND('',#2573,.T.);
#2736=FACE_BOUND('',#2574,.T.);
#2737=FACE_BOUND('',#2575,.T.);
#2738=FACE_BOUND('',#2576,.T.);
#2739=FACE_BOUND('',#2577,.T.);
#2740=FACE_BOUND('',#2578,.T.);
#2741=FACE_BOUND('',#2579,.T.);
#2742=FACE_BOUND('',#2580,.T.);
#2743=FACE_BOUND('',#2581,.T.);
#2744=FACE_BOUND('',#2582,.T.);
#2745=FACE_BOUND('',#2583,.T.);
#2746=FACE_BOUND('',#2584,.T.);
#2747=FACE_BOUND('',#2585,.T.);
#2748=FACE_BOUND('',#2586,.T.);
#2749=FACE_BOUND('',#2587,.T.);
#2750=FACE_BOUND('',#2588,.T.);
#2751=FACE_BOUND('',#2589,.T.);
#2752=FACE_BOUND('',#2590,.T.);
#2753=FACE_BOUND('',#2591,.T.);
#2754=FACE_BOUND('',#2592,.T.);
#2755=FACE_BOUND('',#2593,.T.);
#2756=FACE_BOUND('',#2594,.T.);
#2757=FACE_BOUND('',#2595,.T.);
#2758=FACE_BOUND('',#2596,.T.);
#2759=FACE_BOUND('',#2597,.T.);
#2760=FACE_BOUND('',#2598,.T.);
#2761=FACE_BOUND('',#2599,.T.);
#2762=FACE_BOUND('',#2600,.T.);
#2763=FACE_BOUND('',#2601,.T.);
#2764=FACE_BOUND('',#2602,.T.);
#2765=FACE_BOUND('',#2603,.T.);
#2766=FACE_BOUND('',#2604,.T.);
#2767=FACE_BOUND('',#2605,.T.);
#2768=FACE_BOUND('',#2606,.T.);
#2769=FACE_BOUND('',#2607,.T.);
#2770=FACE_BOUND('',#2608,.T.);
#2771=FACE_BOUND('',#2609,.T.);
#2772=FACE_BOUND('',#2610,.T.);
#2773=FACE_BOUND('',#2611,.T.);
#2774=FACE_BOUND('',#2612,.T.);
#2775=FACE_BOUND('',#2613,.T.);
#2776=FACE_BOUND('',#2614,.T.);
#2777=FACE_BOUND('',#2615,.T.);
#2778=FACE_BOUND('',#2616,.T.);
#2779=FACE_BOUND('',#2617,.T.);
#2780=FACE_BOUND('',#2618,.T.);
#2781=FACE_BOUND('',#2619,.T.);
#2782=FACE_BOUND('',#2620,.T.);
#2783=FACE_BOUND('',#2621,.T.);
#2784=FACE_BOUND('',#2622,.T.);
#2785=FACE_BOUND('',#2623,.T.);
#2786=FACE_BOUND('',#2624,.T.);
#2787=FACE_BOUND('',#2625,.T.);
#2788=FACE_BOUND('',#2626,.T.);
#2789=FACE_BOUND('',#2627,.T.);
#2790=FACE_BOUND('',#2628,.T.);
#2791=FACE_BOUND('',#2629,.T.);
#2792=FACE_BOUND('',#2630,.T.);
#2793=FACE_BOUND('',#2631,.T.);
#2794=FACE_BOUND('',#2632,.T.);
#2795=FACE_BOUND('',#2633,.T.);
#2796=FACE_BOUND('',#2634,.T.);
#2797=FACE_BOUND('',#2635,.T.);
#2798=FACE_BOUND('',#2636,.T.);
#2799=FACE_BOUND('',#2637,.T.);
#2800=FACE_BOUND('',#2638,.T.);
#2801=FACE_BOUND('',#2639,.T.);
#2802=FACE_BOUND('',#2640,.T.);
#2803=FACE_BOUND('',#2641,.T.);
#2804=FACE_BOUND('',#2642,.T.);
#2805=FACE_BOUND('',#2643,.T.);
#2806=FACE_BOUND('',#2644,.T.);
#2807=FACE_BOUND('',#2645,.T.);
#2808=FACE_BOUND('',#2646,.T.);
#2809=FACE_BOUND('',#2647,.T.);
#2810=FACE_BOUND('',#2648,.T.);
#2811=FACE_BOUND('',#2649,.T.);
#2812=FACE_BOUND('',#2650,.T.);
#2813=FACE_BOUND('',#2651,.T.);
#2814=FACE_BOUND('',#2652,.T.);
#2815=FACE_BOUND('',#2653,.T.);
#2816=FACE_BOUND('',#2654,.T.);
#2817=FACE_BOUND('',#2655,.T.);
#2818=FACE_BOUND('',#2656,.T.);
#2819=FACE_BOUND('',#2657,.T.);
#2820=FACE_BOUND('',#2658,.T.);
#2821=FACE_BOUND('',#2659,.T.);
#2822=FACE_BOUND('',#2660,.T.);
#2823=FACE_BOUND('',#2661,.T.);
#2824=FACE_BOUND('',#2662,.T.);
#2825=FACE_BOUND('',#2663,.T.);
#2826=FACE_BOUND('',#2664,.T.);
#2827=FACE_BOUND('',#2665,.T.);
#2828=FACE_BOUND('',#2666,.T.);
#2829=FACE_BOUND('',#2667,.T.);
#2830=FACE_BOUND('',#2668,.T.);
#2831=FACE_BOUND('',#2669,.T.);
#2832=FACE_BOUND('',#2670,.T.);
#2833=FACE_BOUND('',#2671,.T.);
#2834=FACE_BOUND('',#2672,.T.);
#2835=FACE_BOUND('',#2673,.T.);
#2836=FACE_BOUND('',#2674,.T.);
#2837=FACE_BOUND('',#2675,.T.);
#2838=FACE_BOUND('',#2676,.T.);
#2839=FACE_BOUND('',#2677,.T.);
#2840=FACE_BOUND('',#2678,.T.);
#2841=FACE_BOUND('',#2679,.T.);
#2842=FACE_BOUND('',#2680,.T.);
#2843=FACE_BOUND('',#2681,.T.);
#2844=FACE_BOUND('',#2682,.T.);
#2845=FACE_BOUND('',#2683,.T.);
#2846=FACE_BOUND('',#2684,.T.);
#2847=FACE_BOUND('',#2685,.T.);
#2848=FACE_BOUND('',#2686,.T.);
#2849=FACE_BOUND('',#2687,.T.);
#2850=FACE_BOUND('',#2688,.T.);
#2851=FACE_BOUND('',#2689,.T.);
#2852=PLANE('',#3604);
#2853=PLANE('',#3605);
#2854=PLANE('',#3606);
#2855=PLANE('',#3607);
#2856=PLANE('',#3608);
#2857=PLANE('',#3609);
#2858=PLANE('',#3610);
#2859=PLANE('',#3611);
#2860=PLANE('',#3612);
#2861=PLANE('',#3613);
#2862=PLANE('',#3614);
#2863=PLANE('',#3615);
#2864=PLANE('',#3616);
#2865=PLANE('',#3617);
#2866=PLANE('',#3618);
#2867=PLANE('',#3619);
#2868=PLANE('',#3620);
#2869=PLANE('',#3621);
#2870=PLANE('',#3622);
#2871=PLANE('',#3623);
#2872=PLANE('',#3624);
#2873=PLANE('',#3625);
#2874=PLANE('',#3626);
#2875=PLANE('',#3627);
#2876=PLANE('',#3628);
#2877=PLANE('',#3629);
#2878=PLANE('',#3630);
#2879=PLANE('',#3631);
#2880=PLANE('',#3632);
#2881=PLANE('',#3633);
#2882=PLANE('',#3634);
#2883=PLANE('',#3635);
#2884=PLANE('',#3636);
#2885=PLANE('',#3637);
#2886=PLANE('',#3638);
#2887=PLANE('',#3639);
#2888=PLANE('',#3640);
#2889=PLANE('',#3641);
#2890=PLANE('',#3642);
#2891=PLANE('',#3643);
#2892=PLANE('',#3644);
#2893=PLANE('',#3645);
#2894=PLANE('',#3646);
#2895=PLANE('',#3647);
#2896=PLANE('',#3648);
#2897=PLANE('',#3649);
#2898=PLANE('',#3650);
#2899=PLANE('',#3651);
#2900=PLANE('',#3652);
#2901=PLANE('',#3653);
#2902=PLANE('',#3654);
#2903=PLANE('',#3655);
#2904=PLANE('',#3656);
#2905=PLANE('',#3657);
#2906=PLANE('',#3658);
#2907=PLANE('',#3659);
#2908=PLANE('',#3660);
#2909=PLANE('',#3661);
#2910=PLANE('',#3662);
#2911=PLANE('',#3663);
#2912=PLANE('',#3664);
#2913=PLANE('',#3665);
#2914=PLANE('',#3666);
#2915=PLANE('',#3667);
#2916=PLANE('',#3668);
#2917=PLANE('',#3669);
#2918=PLANE('',#3670);
#2919=PLANE('',#3671);
#2920=PLANE('',#3672);
#2921=PLANE('',#3673);
#2922=PLANE('',#3674);
#2923=PLANE('',#3675);
#2924=PLANE('',#3676);
#2925=PLANE('',#3677);
#2926=PLANE('',#3678);
#2927=PLANE('',#3679);
#2928=PLANE('',#3680);
#2929=PLANE('',#3681);
#2930=PLANE('',#3682);
#2931=PLANE('',#3683);
#2932=PLANE('',#3684);
#2933=PLANE('',#3685);
#2934=PLANE('',#3686);
#2935=PLANE('',#3687);
#2936=PLANE('',#3688);
#2937=PLANE('',#3689);
#2938=PLANE('',#3690);
#2939=PLANE('',#3691);
#2940=PLANE('',#3692);
#2941=PLANE('',#3693);
#2942=PLANE('',#3694);
#2943=PLANE('',#3695);
#2944=PLANE('',#3696);
#2945=PLANE('',#3697);
#2946=PLANE('',#3698);
#2947=PLANE('',#3699);
#2948=PLANE('',#3700);
#2949=PLANE('',#3701);
#2950=PLANE('',#3702);
#2951=PLANE('',#3703);
#2952=PLANE('',#3704);
#2953=PLANE('',#3705);
#2954=PLANE('',#3706);
#2955=PLANE('',#3707);
#2956=PLANE('',#3708);
#2957=PLANE('',#3709);
#2958=PLANE('',#3710);
#2959=PLANE('',#3711);
#2960=PLANE('',#3712);
#2961=PLANE('',#3713);
#2962=PLANE('',#3714);
#2963=PLANE('',#3715);
#2964=PLANE('',#3716);
#2965=PLANE('',#3717);
#2966=PLANE('',#3718);
#2967=PLANE('',#3719);
#2968=PLANE('',#3720);
#2969=PLANE('',#3721);
#2970=PLANE('',#3722);
#2971=PLANE('',#3723);
#2972=PLANE('',#3724);
#2973=PLANE('',#3725);
#2974=PLANE('',#3726);
#2975=PLANE('',#3727);
#2976=PLANE('',#3728);
#2977=PLANE('',#3729);
#2978=PLANE('',#3730);
#2979=PLANE('',#3731);
#2980=PLANE('',#3732);
#2981=PLANE('',#3733);
#2982=PLANE('',#3734);
#2983=PLANE('',#3735);
#2984=PLANE('',#3736);
#2985=PLANE('',#3737);
#2986=PLANE('',#3738);
#2987=PLANE('',#3739);
#2988=PLANE('',#3740);
#2989=PLANE('',#3741);
#2990=PLANE('',#3742);
#2991=PLANE('',#3743);
#2992=PLANE('',#3744);
#2993=PLANE('',#3745);
#2994=PLANE('',#3746);
#2995=PLANE('',#3747);
#2996=PLANE('',#3748);
#2997=PLANE('',#3749);
#2998=PLANE('',#3750);
#2999=PLANE('',#3751);
#3000=PLANE('',#3752);
#3001=PLANE('',#3753);
#3002=PLANE('',#3754);
#3003=PLANE('',#3755);
#3004=PLANE('',#3756);
#3005=PLANE('',#3757);
#3006=PLANE('',#3758);
#3007=PLANE('',#3759);
#3008=OVER_RIDING_STYLED_ITEM('',(#3229),#3070,#3227);
#3009=OVER_RIDING_STYLED_ITEM('',(#3230),#3071,#3227);
#3010=OVER_RIDING_STYLED_ITEM('',(#3231),#3072,#3227);
#3011=OVER_RIDING_STYLED_ITEM('',(#3232),#3073,#3227);
#3012=OVER_RIDING_STYLED_ITEM('',(#3233),#3074,#3227);
#3013=OVER_RIDING_STYLED_ITEM('',(#3234),#3075,#3227);
#3014=OVER_RIDING_STYLED_ITEM('',(#3235),#3076,#3227);
#3015=OVER_RIDING_STYLED_ITEM('',(#3236),#3077,#3227);
#3016=OVER_RIDING_STYLED_ITEM('',(#3237),#3078,#3227);
#3017=OVER_RIDING_STYLED_ITEM('',(#3238),#3079,#3227);
#3018=OVER_RIDING_STYLED_ITEM('',(#3239),#3080,#3227);
#3019=OVER_RIDING_STYLED_ITEM('',(#3240),#3081,#3227);
#3020=OVER_RIDING_STYLED_ITEM('',(#3241),#3082,#3227);
#3021=OVER_RIDING_STYLED_ITEM('',(#3242),#3083,#3227);
#3022=OVER_RIDING_STYLED_ITEM('',(#3243),#3084,#3227);
#3023=OVER_RIDING_STYLED_ITEM('',(#3244),#3085,#3227);
#3024=OVER_RIDING_STYLED_ITEM('',(#3245),#3086,#3227);
#3025=OVER_RIDING_STYLED_ITEM('',(#3246),#3087,#3227);
#3026=OVER_RIDING_STYLED_ITEM('',(#3247),#3088,#3227);
#3027=OVER_RIDING_STYLED_ITEM('',(#3248),#3089,#3227);
#3028=OVER_RIDING_STYLED_ITEM('',(#3249),#3090,#3227);
#3029=OVER_RIDING_STYLED_ITEM('',(#3250),#3091,#3227);
#3030=OVER_RIDING_STYLED_ITEM('',(#3251),#3092,#3227);
#3031=OVER_RIDING_STYLED_ITEM('',(#3252),#3093,#3227);
#3032=OVER_RIDING_STYLED_ITEM('',(#3253),#3094,#3227);
#3033=OVER_RIDING_STYLED_ITEM('',(#3254),#3095,#3227);
#3034=OVER_RIDING_STYLED_ITEM('',(#3255),#3096,#3227);
#3035=OVER_RIDING_STYLED_ITEM('',(#3256),#3097,#3227);
#3036=OVER_RIDING_STYLED_ITEM('',(#3257),#3098,#3227);
#3037=OVER_RIDING_STYLED_ITEM('',(#3258),#3099,#3227);
#3038=OVER_RIDING_STYLED_ITEM('',(#3259),#3100,#3227);
#3039=OVER_RIDING_STYLED_ITEM('',(#3260),#3101,#3227);
#3040=OVER_RIDING_STYLED_ITEM('',(#3261),#3102,#3227);
#3041=OVER_RIDING_STYLED_ITEM('',(#3262),#3103,#3227);
#3042=OVER_RIDING_STYLED_ITEM('',(#3263),#3104,#3227);
#3043=OVER_RIDING_STYLED_ITEM('',(#3264),#3105,#3227);
#3044=OVER_RIDING_STYLED_ITEM('',(#3265),#3106,#3227);
#3045=OVER_RIDING_STYLED_ITEM('',(#3266),#3107,#3227);
#3046=OVER_RIDING_STYLED_ITEM('',(#3267),#3108,#3227);
#3047=OVER_RIDING_STYLED_ITEM('',(#3268),#3109,#3227);
#3048=OVER_RIDING_STYLED_ITEM('',(#3269),#3110,#3227);
#3049=OVER_RIDING_STYLED_ITEM('',(#3270),#3111,#3227);
#3050=OVER_RIDING_STYLED_ITEM('',(#3271),#3112,#3227);
#3051=OVER_RIDING_STYLED_ITEM('',(#3272),#3113,#3227);
#3052=OVER_RIDING_STYLED_ITEM('',(#3273),#3114,#3227);
#3053=OVER_RIDING_STYLED_ITEM('',(#3274),#3115,#3227);
#3054=OVER_RIDING_STYLED_ITEM('',(#3275),#3116,#3227);
#3055=OVER_RIDING_STYLED_ITEM('',(#3276),#3117,#3227);
#3056=OVER_RIDING_STYLED_ITEM('',(#3277),#3118,#3227);
#3057=OVER_RIDING_STYLED_ITEM('',(#3278),#3119,#3227);
#3058=OVER_RIDING_STYLED_ITEM('',(#3279),#3120,#3227);
#3059=OVER_RIDING_STYLED_ITEM('',(#3280),#3121,#3227);
#3060=OVER_RIDING_STYLED_ITEM('',(#3281),#3146,#3227);
#3061=OVER_RIDING_STYLED_ITEM('',(#3282),#3167,#3227);
#3062=OVER_RIDING_STYLED_ITEM('',(#3283),#3188,#3227);
#3063=OVER_RIDING_STYLED_ITEM('',(#3284),#3205,#3227);
#3064=OVER_RIDING_STYLED_ITEM('',(#3285),#3214,#3227);
#3065=OVER_RIDING_STYLED_ITEM('',(#3286),#3215,#3227);
#3066=OVER_RIDING_STYLED_ITEM('',(#3287),#3224,#3227);
#3067=OVER_RIDING_STYLED_ITEM('',(#3288),#3225,#3227);
#3068=DRAUGHTING_PRE_DEFINED_COLOUR('black');
#3069=DRAUGHTING_PRE_DEFINED_COLOUR('white');
#3070=ADVANCED_FACE('Face appearance 6',(#2690,#2691),#2852,.T.);
#3071=ADVANCED_FACE('Face appearance 6',(#2692,#2693),#2853,.T.);
#3072=ADVANCED_FACE('Face appearance 6',(#2694,#2695),#2854,.T.);
#3073=ADVANCED_FACE('Face appearance 6',(#2696,#2697),#2855,.T.);
#3074=ADVANCED_FACE('Face appearance 7',(#2698),#2856,.T.);
#3075=ADVANCED_FACE('Face appearance 7',(#2699),#2857,.T.);
#3076=ADVANCED_FACE('Face appearance 7',(#2700),#2858,.T.);
#3077=ADVANCED_FACE('Face appearance 7',(#2701),#2859,.T.);
#3078=ADVANCED_FACE('Face appearance 7',(#2702),#2860,.T.);
#3079=ADVANCED_FACE('Face appearance 7',(#2703),#2861,.T.);
#3080=ADVANCED_FACE('Face appearance 7',(#2704),#2862,.T.);
#3081=ADVANCED_FACE('Face appearance 5',(#2705),#2863,.F.);
#3082=ADVANCED_FACE('Face appearance 5',(#2706),#2864,.F.);
#3083=ADVANCED_FACE('Face appearance 5',(#2707),#2865,.F.);
#3084=ADVANCED_FACE('Face appearance 5',(#2708),#2866,.F.);
#3085=ADVANCED_FACE('Face appearance 5',(#2709),#2867,.F.);
#3086=ADVANCED_FACE('Face appearance 5',(#2710),#2868,.F.);
#3087=ADVANCED_FACE('Face appearance 5',(#2711),#2869,.F.);
#3088=ADVANCED_FACE('Face appearance 7',(#2712),#2870,.T.);
#3089=ADVANCED_FACE('Face appearance 2',(#2713),#2871,.F.);
#3090=ADVANCED_FACE('Face appearance 2',(#2714),#2872,.F.);
#3091=ADVANCED_FACE('Face appearance 2',(#2715),#2873,.F.);
#3092=ADVANCED_FACE('Face appearance 2',(#2716),#2874,.F.);
#3093=ADVANCED_FACE('Face appearance 2',(#2717),#2875,.F.);
#3094=ADVANCED_FACE('Face appearance 2',(#2718),#2876,.F.);
#3095=ADVANCED_FACE('Face appearance 2',(#2719),#2877,.F.);
#3096=ADVANCED_FACE('Face appearance 2',(#2720),#2878,.F.);
#3097=ADVANCED_FACE('Face appearance 3',(#2721),#2879,.T.);
#3098=ADVANCED_FACE('Face appearance 3',(#2722),#2880,.T.);
#3099=ADVANCED_FACE('Face appearance 3',(#2723),#2881,.T.);
#3100=ADVANCED_FACE('Face appearance 3',(#2724),#2882,.T.);
#3101=ADVANCED_FACE('Face appearance 3',(#2725),#2883,.T.);
#3102=ADVANCED_FACE('Face appearance 3',(#2726),#2884,.T.);
#3103=ADVANCED_FACE('Face appearance 3',(#2727),#2885,.T.);
#3104=ADVANCED_FACE('Face appearance 1',(#2728),#2886,.T.);
#3105=ADVANCED_FACE('Face appearance 1',(#2729),#2887,.T.);
#3106=ADVANCED_FACE('Face appearance 1',(#2730),#2888,.T.);
#3107=ADVANCED_FACE('Face appearance 1',(#2731),#2889,.T.);
#3108=ADVANCED_FACE('Face appearance 1',(#2732),#2890,.T.);
#3109=ADVANCED_FACE('Face appearance 1',(#2733),#2891,.T.);
#3110=ADVANCED_FACE('Face appearance 1',(#2734),#2892,.T.);
#3111=ADVANCED_FACE('Face appearance 3',(#2735),#2893,.T.);
#3112=ADVANCED_FACE('Face appearance 4',(#2736),#2894,.F.);
#3113=ADVANCED_FACE('Face appearance 4',(#2737),#2895,.F.);
#3114=ADVANCED_FACE('Face appearance 4',(#2738),#2896,.F.);
#3115=ADVANCED_FACE('Face appearance 4',(#2739),#2897,.F.);
#3116=ADVANCED_FACE('Face appearance 4',(#2740),#2898,.F.);
#3117=ADVANCED_FACE('Face appearance 4',(#2741),#2899,.F.);
#3118=ADVANCED_FACE('Face appearance 4',(#2742),#2900,.F.);
#3119=ADVANCED_FACE('Face appearance 1',(#2743),#2901,.T.);
#3120=ADVANCED_FACE('Face appearance 4',(#2744),#2902,.F.);
#3121=ADVANCED_FACE('Face appearance 5',(#2745),#2903,.F.);
#3122=ADVANCED_FACE('',(#2746),#2904,.F.);
#3123=ADVANCED_FACE('',(#2747),#2905,.T.);
#3124=ADVANCED_FACE('',(#2748),#2906,.F.);
#3125=ADVANCED_FACE('',(#2749),#2907,.F.);
#3126=ADVANCED_FACE('',(#2750),#2908,.T.);
#3127=ADVANCED_FACE('',(#2751),#2909,.F.);
#3128=ADVANCED_FACE('',(#2752),#2910,.F.);
#3129=ADVANCED_FACE('',(#2753),#2911,.T.);
#3130=ADVANCED_FACE('',(#2754),#2912,.F.);
#3131=ADVANCED_FACE('',(#2755),#2913,.F.);
#3132=ADVANCED_FACE('',(#2756),#2914,.T.);
#3133=ADVANCED_FACE('',(#2757),#2915,.F.);
#3134=ADVANCED_FACE('',(#2758),#2916,.T.);
#3135=ADVANCED_FACE('',(#2759),#2917,.T.);
#3136=ADVANCED_FACE('',(#2760),#2918,.F.);
#3137=ADVANCED_FACE('',(#2761),#2919,.T.);
#3138=ADVANCED_FACE('',(#2762),#2920,.T.);
#3139=ADVANCED_FACE('',(#2763),#2921,.F.);
#3140=ADVANCED_FACE('',(#2764),#2922,.T.);
#3141=ADVANCED_FACE('',(#2765),#2923,.T.);
#3142=ADVANCED_FACE('',(#2766),#2924,.F.);
#3143=ADVANCED_FACE('',(#2767),#2925,.F.);
#3144=ADVANCED_FACE('',(#2768),#2926,.T.);
#3145=ADVANCED_FACE('',(#2769),#2927,.T.);
#3146=ADVANCED_FACE('Face appearance 4',(#2770),#2928,.F.);
#3147=ADVANCED_FACE('',(#2771),#2929,.F.);
#3148=ADVANCED_FACE('',(#2772),#2930,.F.);
#3149=ADVANCED_FACE('',(#2773),#2931,.F.);
#3150=ADVANCED_FACE('',(#2774),#2932,.T.);
#3151=ADVANCED_FACE('',(#2775),#2933,.F.);
#3152=ADVANCED_FACE('',(#2776),#2934,.F.);
#3153=ADVANCED_FACE('',(#2777),#2935,.T.);
#3154=ADVANCED_FACE('',(#2778),#2936,.F.);
#3155=ADVANCED_FACE('',(#2779),#2937,.T.);
#3156=ADVANCED_FACE('',(#2780),#2938,.T.);
#3157=ADVANCED_FACE('',(#2781),#2939,.F.);
#3158=ADVANCED_FACE('',(#2782),#2940,.T.);
#3159=ADVANCED_FACE('',(#2783),#2941,.T.);
#3160=ADVANCED_FACE('',(#2784),#2942,.F.);
#3161=ADVANCED_FACE('',(#2785),#2943,.T.);
#3162=ADVANCED_FACE('',(#2786),#2944,.T.);
#3163=ADVANCED_FACE('',(#2787),#2945,.F.);
#3164=ADVANCED_FACE('',(#2788),#2946,.F.);
#3165=ADVANCED_FACE('',(#2789),#2947,.T.);
#3166=ADVANCED_FACE('',(#2790),#2948,.T.);
#3167=ADVANCED_FACE('Face appearance 1',(#2791),#2949,.T.);
#3168=ADVANCED_FACE('',(#2792),#2950,.T.);
#3169=ADVANCED_FACE('',(#2793),#2951,.T.);
#3170=ADVANCED_FACE('',(#2794),#2952,.F.);
#3171=ADVANCED_FACE('',(#2795),#2953,.F.);
#3172=ADVANCED_FACE('',(#2796),#2954,.F.);
#3173=ADVANCED_FACE('',(#2797),#2955,.T.);
#3174=ADVANCED_FACE('',(#2798),#2956,.F.);
#3175=ADVANCED_FACE('',(#2799),#2957,.T.);
#3176=ADVANCED_FACE('',(#2800),#2958,.F.);
#3177=ADVANCED_FACE('',(#2801),#2959,.F.);
#3178=ADVANCED_FACE('',(#2802),#2960,.T.);
#3179=ADVANCED_FACE('',(#2803),#2961,.F.);
#3180=ADVANCED_FACE('',(#2804),#2962,.F.);
#3181=ADVANCED_FACE('',(#2805),#2963,.T.);
#3182=ADVANCED_FACE('',(#2806),#2964,.F.);
#3183=ADVANCED_FACE('',(#2807),#2965,.T.);
#3184=ADVANCED_FACE('',(#2808),#2966,.T.);
#3185=ADVANCED_FACE('',(#2809),#2967,.T.);
#3186=ADVANCED_FACE('',(#2810),#2968,.F.);
#3187=ADVANCED_FACE('',(#2811),#2969,.T.);
#3188=ADVANCED_FACE('Face appearance 3',(#2812),#2970,.T.);
#3189=ADVANCED_FACE('',(#2813),#2971,.T.);
#3190=ADVANCED_FACE('',(#2814),#2972,.F.);
#3191=ADVANCED_FACE('',(#2815),#2973,.F.);
#3192=ADVANCED_FACE('',(#2816),#2974,.T.);
#3193=ADVANCED_FACE('',(#2817),#2975,.F.);
#3194=ADVANCED_FACE('',(#2818),#2976,.F.);
#3195=ADVANCED_FACE('',(#2819),#2977,.F.);
#3196=ADVANCED_FACE('',(#2820),#2978,.T.);
#3197=ADVANCED_FACE('',(#2821),#2979,.T.);
#3198=ADVANCED_FACE('',(#2822),#2980,.F.);
#3199=ADVANCED_FACE('',(#2823),#2981,.T.);
#3200=ADVANCED_FACE('',(#2824),#2982,.T.);
#3201=ADVANCED_FACE('',(#2825),#2983,.F.);
#3202=ADVANCED_FACE('',(#2826),#2984,.F.);
#3203=ADVANCED_FACE('',(#2827),#2985,.T.);
#3204=ADVANCED_FACE('',(#2828),#2986,.T.);
#3205=ADVANCED_FACE('Face appearance 2',(#2829),#2987,.F.);
#3206=ADVANCED_FACE('',(#2830),#2988,.F.);
#3207=ADVANCED_FACE('',(#2831),#2989,.F.);
#3208=ADVANCED_FACE('',(#2832),#2990,.F.);
#3209=ADVANCED_FACE('',(#2833),#2991,.F.);
#3210=ADVANCED_FACE('',(#2834),#2992,.T.);
#3211=ADVANCED_FACE('',(#2835),#2993,.T.);
#3212=ADVANCED_FACE('',(#2836),#2994,.T.);
#3213=ADVANCED_FACE('',(#2837),#2995,.T.);
#3214=ADVANCED_FACE('Face appearance 6',(#2838,#2839),#2996,.T.);
#3215=ADVANCED_FACE('Face appearance 5',(#2840),#2997,.F.);
#3216=ADVANCED_FACE('',(#2841),#2998,.F.);
#3217=ADVANCED_FACE('',(#2842),#2999,.F.);
#3218=ADVANCED_FACE('',(#2843),#3000,.F.);
#3219=ADVANCED_FACE('',(#2844),#3001,.T.);
#3220=ADVANCED_FACE('',(#2845),#3002,.T.);
#3221=ADVANCED_FACE('',(#2846),#3003,.T.);
#3222=ADVANCED_FACE('',(#2847),#3004,.T.);
#3223=ADVANCED_FACE('',(#2848),#3005,.F.);
#3224=ADVANCED_FACE('Face appearance 6',(#2849,#2850),#3006,.T.);
#3225=ADVANCED_FACE('Face appearance 7',(#2851),#3007,.T.);
#3226=CLOSED_SHELL('',(#3070,#3071,#3072,#3073,#3074,#3075,#3076,#3077,
#3078,#3079,#3080,#3081,#3082,#3083,#3084,#3085,#3086,#3087,#3088,#3089,
#3090,#3091,#3092,#3093,#3094,#3095,#3096,#3097,#3098,#3099,#3100,#3101,
#3102,#3103,#3104,#3105,#3106,#3107,#3108,#3109,#3110,#3111,#3112,#3113,
#3114,#3115,#3116,#3117,#3118,#3119,#3120,#3121,#3122,#3123,#3124,#3125,
#3126,#3127,#3128,#3129,#3130,#3131,#3132,#3133,#3134,#3135,#3136,#3137,
#3138,#3139,#3140,#3141,#3142,#3143,#3144,#3145,#3146,#3147,#3148,#3149,
#3150,#3151,#3152,#3153,#3154,#3155,#3156,#3157,#3158,#3159,#3160,#3161,
#3162,#3163,#3164,#3165,#3166,#3167,#3168,#3169,#3170,#3171,#3172,#3173,
#3174,#3175,#3176,#3177,#3178,#3179,#3180,#3181,#3182,#3183,#3184,#3185,
#3186,#3187,#3188,#3189,#3190,#3191,#3192,#3193,#3194,#3195,#3196,#3197,
#3198,#3199,#3200,#3201,#3202,#3203,#3204,#3205,#3206,#3207,#3208,#3209,
#3210,#3211,#3212,#3213,#3214,#3215,#3216,#3217,#3218,#3219,#3220,#3221,
#3222,#3223,#3224,#3225));
#3227=STYLED_ITEM('',(#3228),#3600);
#3228=PRESENTATION_STYLE_ASSIGNMENT((#3289));
#3229=PRESENTATION_STYLE_ASSIGNMENT((#3290));
#3230=PRESENTATION_STYLE_ASSIGNMENT((#3291));
#3231=PRESENTATION_STYLE_ASSIGNMENT((#3292));
#3232=PRESENTATION_STYLE_ASSIGNMENT((#3293));
#3233=PRESENTATION_STYLE_ASSIGNMENT((#3294));
#3234=PRESENTATION_STYLE_ASSIGNMENT((#3295));
#3235=PRESENTATION_STYLE_ASSIGNMENT((#3296));
#3236=PRESENTATION_STYLE_ASSIGNMENT((#3297));
#3237=PRESENTATION_STYLE_ASSIGNMENT((#3298));
#3238=PRESENTATION_STYLE_ASSIGNMENT((#3299));
#3239=PRESENTATION_STYLE_ASSIGNMENT((#3300));
#3240=PRESENTATION_STYLE_ASSIGNMENT((#3301));
#3241=PRESENTATION_STYLE_ASSIGNMENT((#3302));
#3242=PRESENTATION_STYLE_ASSIGNMENT((#3303));
#3243=PRESENTATION_STYLE_ASSIGNMENT((#3304));
#3244=PRESENTATION_STYLE_ASSIGNMENT((#3305));
#3245=PRESENTATION_STYLE_ASSIGNMENT((#3306));
#3246=PRESENTATION_STYLE_ASSIGNMENT((#3307));
#3247=PRESENTATION_STYLE_ASSIGNMENT((#3308));
#3248=PRESENTATION_STYLE_ASSIGNMENT((#3309));
#3249=PRESENTATION_STYLE_ASSIGNMENT((#3310));
#3250=PRESENTATION_STYLE_ASSIGNMENT((#3311));
#3251=PRESENTATION_STYLE_ASSIGNMENT((#3312));
#3252=PRESENTATION_STYLE_ASSIGNMENT((#3313));
#3253=PRESENTATION_STYLE_ASSIGNMENT((#3314));
#3254=PRESENTATION_STYLE_ASSIGNMENT((#3315));
#3255=PRESENTATION_STYLE_ASSIGNMENT((#3316));
#3256=PRESENTATION_STYLE_ASSIGNMENT((#3317));
#3257=PRESENTATION_STYLE_ASSIGNMENT((#3318));
#3258=PRESENTATION_STYLE_ASSIGNMENT((#3319));
#3259=PRESENTATION_STYLE_ASSIGNMENT((#3320));
#3260=PRESENTATION_STYLE_ASSIGNMENT((#3321));
#3261=PRESENTATION_STYLE_ASSIGNMENT((#3322));
#3262=PRESENTATION_STYLE_ASSIGNMENT((#3323));
#3263=PRESENTATION_STYLE_ASSIGNMENT((#3324));
#3264=PRESENTATION_STYLE_ASSIGNMENT((#3325));
#3265=PRESENTATION_STYLE_ASSIGNMENT((#3326));
#3266=PRESENTATION_STYLE_ASSIGNMENT((#3327));
#3267=PRESENTATION_STYLE_ASSIGNMENT((#3328));
#3268=PRESENTATION_STYLE_ASSIGNMENT((#3329));
#3269=PRESENTATION_STYLE_ASSIGNMENT((#3330));
#3270=PRESENTATION_STYLE_ASSIGNMENT((#3331));
#3271=PRESENTATION_STYLE_ASSIGNMENT((#3332));
#3272=PRESENTATION_STYLE_ASSIGNMENT((#3333));
#3273=PRESENTATION_STYLE_ASSIGNMENT((#3334));
#3274=PRESENTATION_STYLE_ASSIGNMENT((#3335));
#3275=PRESENTATION_STYLE_ASSIGNMENT((#3336));
#3276=PRESENTATION_STYLE_ASSIGNMENT((#3337));
#3277=PRESENTATION_STYLE_ASSIGNMENT((#3338));
#3278=PRESENTATION_STYLE_ASSIGNMENT((#3339));
#3279=PRESENTATION_STYLE_ASSIGNMENT((#3340));
#3280=PRESENTATION_STYLE_ASSIGNMENT((#3341));
#3281=PRESENTATION_STYLE_ASSIGNMENT((#3342));
#3282=PRESENTATION_STYLE_ASSIGNMENT((#3343));
#3283=PRESENTATION_STYLE_ASSIGNMENT((#3344));
#3284=PRESENTATION_STYLE_ASSIGNMENT((#3345));
#3285=PRESENTATION_STYLE_ASSIGNMENT((#3346));
#3286=PRESENTATION_STYLE_ASSIGNMENT((#3347));
#3287=PRESENTATION_STYLE_ASSIGNMENT((#3348));
#3288=PRESENTATION_STYLE_ASSIGNMENT((#3349));
#3289=SURFACE_STYLE_USAGE(.BOTH.,#3350);
#3290=SURFACE_STYLE_USAGE(.BOTH.,#3351);
#3291=SURFACE_STYLE_USAGE(.BOTH.,#3352);
#3292=SURFACE_STYLE_USAGE(.BOTH.,#3353);
#3293=SURFACE_STYLE_USAGE(.BOTH.,#3354);
#3294=SURFACE_STYLE_USAGE(.BOTH.,#3355);
#3295=SURFACE_STYLE_USAGE(.BOTH.,#3356);
#3296=SURFACE_STYLE_USAGE(.BOTH.,#3357);
#3297=SURFACE_STYLE_USAGE(.BOTH.,#3358);
#3298=SURFACE_STYLE_USAGE(.BOTH.,#3359);
#3299=SURFACE_STYLE_USAGE(.BOTH.,#3360);
#3300=SURFACE_STYLE_USAGE(.BOTH.,#3361);
#3301=SURFACE_STYLE_USAGE(.BOTH.,#3362);
#3302=SURFACE_STYLE_USAGE(.BOTH.,#3363);
#3303=SURFACE_STYLE_USAGE(.BOTH.,#3364);
#3304=SURFACE_STYLE_USAGE(.BOTH.,#3365);
#3305=SURFACE_STYLE_USAGE(.BOTH.,#3366);
#3306=SURFACE_STYLE_USAGE(.BOTH.,#3367);
#3307=SURFACE_STYLE_USAGE(.BOTH.,#3368);
#3308=SURFACE_STYLE_USAGE(.BOTH.,#3369);
#3309=SURFACE_STYLE_USAGE(.BOTH.,#3370);
#3310=SURFACE_STYLE_USAGE(.BOTH.,#3371);
#3311=SURFACE_STYLE_USAGE(.BOTH.,#3372);
#3312=SURFACE_STYLE_USAGE(.BOTH.,#3373);
#3313=SURFACE_STYLE_USAGE(.BOTH.,#3374);
#3314=SURFACE_STYLE_USAGE(.BOTH.,#3375);
#3315=SURFACE_STYLE_USAGE(.BOTH.,#3376);
#3316=SURFACE_STYLE_USAGE(.BOTH.,#3377);
#3317=SURFACE_STYLE_USAGE(.BOTH.,#3378);
#3318=SURFACE_STYLE_USAGE(.BOTH.,#3379);
#3319=SURFACE_STYLE_USAGE(.BOTH.,#3380);
#3320=SURFACE_STYLE_USAGE(.BOTH.,#3381);
#3321=SURFACE_STYLE_USAGE(.BOTH.,#3382);
#3322=SURFACE_STYLE_USAGE(.BOTH.,#3383);
#3323=SURFACE_STYLE_USAGE(.BOTH.,#3384);
#3324=SURFACE_STYLE_USAGE(.BOTH.,#3385);
#3325=SURFACE_STYLE_USAGE(.BOTH.,#3386);
#3326=SURFACE_STYLE_USAGE(.BOTH.,#3387);
#3327=SURFACE_STYLE_USAGE(.BOTH.,#3388);
#3328=SURFACE_STYLE_USAGE(.BOTH.,#3389);
#3329=SURFACE_STYLE_USAGE(.BOTH.,#3390);
#3330=SURFACE_STYLE_USAGE(.BOTH.,#3391);
#3331=SURFACE_STYLE_USAGE(.BOTH.,#3392);
#3332=SURFACE_STYLE_USAGE(.BOTH.,#3393);
#3333=SURFACE_STYLE_USAGE(.BOTH.,#3394);
#3334=SURFACE_STYLE_USAGE(.BOTH.,#3395);
#3335=SURFACE_STYLE_USAGE(.BOTH.,#3396);
#3336=SURFACE_STYLE_USAGE(.BOTH.,#3397);
#3337=SURFACE_STYLE_USAGE(.BOTH.,#3398);
#3338=SURFACE_STYLE_USAGE(.BOTH.,#3399);
#3339=SURFACE_STYLE_USAGE(.BOTH.,#3400);
#3340=SURFACE_STYLE_USAGE(.BOTH.,#3401);
#3341=SURFACE_STYLE_USAGE(.BOTH.,#3402);
#3342=SURFACE_STYLE_USAGE(.BOTH.,#3403);
#3343=SURFACE_STYLE_USAGE(.BOTH.,#3404);
#3344=SURFACE_STYLE_USAGE(.BOTH.,#3405);
#3345=SURFACE_STYLE_USAGE(.BOTH.,#3406);
#3346=SURFACE_STYLE_USAGE(.BOTH.,#3407);
#3347=SURFACE_STYLE_USAGE(.BOTH.,#3408);
#3348=SURFACE_STYLE_USAGE(.BOTH.,#3409);
#3349=SURFACE_STYLE_USAGE(.BOTH.,#3410);
#3350=SURFACE_SIDE_STYLE('',(#3411));
#3351=SURFACE_SIDE_STYLE('',(#3412));
#3352=SURFACE_SIDE_STYLE('',(#3413));
#3353=SURFACE_SIDE_STYLE('',(#3414));
#3354=SURFACE_SIDE_STYLE('',(#3415));
#3355=SURFACE_SIDE_STYLE('',(#3416));
#3356=SURFACE_SIDE_STYLE('',(#3417));
#3357=SURFACE_SIDE_STYLE('',(#3418));
#3358=SURFACE_SIDE_STYLE('',(#3419));
#3359=SURFACE_SIDE_STYLE('',(#3420));
#3360=SURFACE_SIDE_STYLE('',(#3421));
#3361=SURFACE_SIDE_STYLE('',(#3422));
#3362=SURFACE_SIDE_STYLE('',(#3423));
#3363=SURFACE_SIDE_STYLE('',(#3424));
#3364=SURFACE_SIDE_STYLE('',(#3425));
#3365=SURFACE_SIDE_STYLE('',(#3426));
#3366=SURFACE_SIDE_STYLE('',(#3427));
#3367=SURFACE_SIDE_STYLE('',(#3428));
#3368=SURFACE_SIDE_STYLE('',(#3429));
#3369=SURFACE_SIDE_STYLE('',(#3430));
#3370=SURFACE_SIDE_STYLE('',(#3431));
#3371=SURFACE_SIDE_STYLE('',(#3432));
#3372=SURFACE_SIDE_STYLE('',(#3433));
#3373=SURFACE_SIDE_STYLE('',(#3434));
#3374=SURFACE_SIDE_STYLE('',(#3435));
#3375=SURFACE_SIDE_STYLE('',(#3436));
#3376=SURFACE_SIDE_STYLE('',(#3437));
#3377=SURFACE_SIDE_STYLE('',(#3438));
#3378=SURFACE_SIDE_STYLE('',(#3439));
#3379=SURFACE_SIDE_STYLE('',(#3440));
#3380=SURFACE_SIDE_STYLE('',(#3441));
#3381=SURFACE_SIDE_STYLE('',(#3442));
#3382=SURFACE_SIDE_STYLE('',(#3443));
#3383=SURFACE_SIDE_STYLE('',(#3444));
#3384=SURFACE_SIDE_STYLE('',(#3445));
#3385=SURFACE_SIDE_STYLE('',(#3446));
#3386=SURFACE_SIDE_STYLE('',(#3447));
#3387=SURFACE_SIDE_STYLE('',(#3448));
#3388=SURFACE_SIDE_STYLE('',(#3449));
#3389=SURFACE_SIDE_STYLE('',(#3450));
#3390=SURFACE_SIDE_STYLE('',(#3451));
#3391=SURFACE_SIDE_STYLE('',(#3452));
#3392=SURFACE_SIDE_STYLE('',(#3453));
#3393=SURFACE_SIDE_STYLE('',(#3454));
#3394=SURFACE_SIDE_STYLE('',(#3455));
#3395=SURFACE_SIDE_STYLE('',(#3456));
#3396=SURFACE_SIDE_STYLE('',(#3457));
#3397=SURFACE_SIDE_STYLE('',(#3458));
#3398=SURFACE_SIDE_STYLE('',(#3459));
#3399=SURFACE_SIDE_STYLE('',(#3460));
#3400=SURFACE_SIDE_STYLE('',(#3461));
#3401=SURFACE_SIDE_STYLE('',(#3462));
#3402=SURFACE_SIDE_STYLE('',(#3463));
#3403=SURFACE_SIDE_STYLE('',(#3464));
#3404=SURFACE_SIDE_STYLE('',(#3465));
#3405=SURFACE_SIDE_STYLE('',(#3466));
#3406=SURFACE_SIDE_STYLE('',(#3467));
#3407=SURFACE_SIDE_STYLE('',(#3468));
#3408=SURFACE_SIDE_STYLE('',(#3469));
#3409=SURFACE_SIDE_STYLE('',(#3470));
#3410=SURFACE_SIDE_STYLE('',(#3471));
#3411=SURFACE_STYLE_FILL_AREA(#3472);
#3412=SURFACE_STYLE_FILL_AREA(#3473);
#3413=SURFACE_STYLE_FILL_AREA(#3474);
#3414=SURFACE_STYLE_FILL_AREA(#3475);
#3415=SURFACE_STYLE_FILL_AREA(#3476);
#3416=SURFACE_STYLE_FILL_AREA(#3477);
#3417=SURFACE_STYLE_FILL_AREA(#3478);
#3418=SURFACE_STYLE_FILL_AREA(#3479);
#3419=SURFACE_STYLE_FILL_AREA(#3480);
#3420=SURFACE_STYLE_FILL_AREA(#3481);
#3421=SURFACE_STYLE_FILL_AREA(#3482);
#3422=SURFACE_STYLE_FILL_AREA(#3483);
#3423=SURFACE_STYLE_FILL_AREA(#3484);
#3424=SURFACE_STYLE_FILL_AREA(#3485);
#3425=SURFACE_STYLE_FILL_AREA(#3486);
#3426=SURFACE_STYLE_FILL_AREA(#3487);
#3427=SURFACE_STYLE_FILL_AREA(#3488);
#3428=SURFACE_STYLE_FILL_AREA(#3489);
#3429=SURFACE_STYLE_FILL_AREA(#3490);
#3430=SURFACE_STYLE_FILL_AREA(#3491);
#3431=SURFACE_STYLE_FILL_AREA(#3492);
#3432=SURFACE_STYLE_FILL_AREA(#3493);
#3433=SURFACE_STYLE_FILL_AREA(#3494);
#3434=SURFACE_STYLE_FILL_AREA(#3495);
#3435=SURFACE_STYLE_FILL_AREA(#3496);
#3436=SURFACE_STYLE_FILL_AREA(#3497);
#3437=SURFACE_STYLE_FILL_AREA(#3498);
#3438=SURFACE_STYLE_FILL_AREA(#3499);
#3439=SURFACE_STYLE_FILL_AREA(#3500);
#3440=SURFACE_STYLE_FILL_AREA(#3501);
#3441=SURFACE_STYLE_FILL_AREA(#3502);
#3442=SURFACE_STYLE_FILL_AREA(#3503);
#3443=SURFACE_STYLE_FILL_AREA(#3504);
#3444=SURFACE_STYLE_FILL_AREA(#3505);
#3445=SURFACE_STYLE_FILL_AREA(#3506);
#3446=SURFACE_STYLE_FILL_AREA(#3507);
#3447=SURFACE_STYLE_FILL_AREA(#3508);
#3448=SURFACE_STYLE_FILL_AREA(#3509);
#3449=SURFACE_STYLE_FILL_AREA(#3510);
#3450=SURFACE_STYLE_FILL_AREA(#3511);
#3451=SURFACE_STYLE_FILL_AREA(#3512);
#3452=SURFACE_STYLE_FILL_AREA(#3513);
#3453=SURFACE_STYLE_FILL_AREA(#3514);
#3454=SURFACE_STYLE_FILL_AREA(#3515);
#3455=SURFACE_STYLE_FILL_AREA(#3516);
#3456=SURFACE_STYLE_FILL_AREA(#3517);
#3457=SURFACE_STYLE_FILL_AREA(#3518);
#3458=SURFACE_STYLE_FILL_AREA(#3519);
#3459=SURFACE_STYLE_FILL_AREA(#3520);
#3460=SURFACE_STYLE_FILL_AREA(#3521);
#3461=SURFACE_STYLE_FILL_AREA(#3522);
#3462=SURFACE_STYLE_FILL_AREA(#3523);
#3463=SURFACE_STYLE_FILL_AREA(#3524);
#3464=SURFACE_STYLE_FILL_AREA(#3525);
#3465=SURFACE_STYLE_FILL_AREA(#3526);
#3466=SURFACE_STYLE_FILL_AREA(#3527);
#3467=SURFACE_STYLE_FILL_AREA(#3528);
#3468=SURFACE_STYLE_FILL_AREA(#3529);
#3469=SURFACE_STYLE_FILL_AREA(#3530);
#3470=SURFACE_STYLE_FILL_AREA(#3531);
#3471=SURFACE_STYLE_FILL_AREA(#3532);
#3472=FILL_AREA_STYLE('',(#3533));
#3473=FILL_AREA_STYLE('',(#3534));
#3474=FILL_AREA_STYLE('',(#3535));
#3475=FILL_AREA_STYLE('',(#3536));
#3476=FILL_AREA_STYLE('',(#3537));
#3477=FILL_AREA_STYLE('',(#3538));
#3478=FILL_AREA_STYLE('',(#3539));
#3479=FILL_AREA_STYLE('',(#3540));
#3480=FILL_AREA_STYLE('',(#3541));
#3481=FILL_AREA_STYLE('',(#3542));
#3482=FILL_AREA_STYLE('',(#3543));
#3483=FILL_AREA_STYLE('',(#3544));
#3484=FILL_AREA_STYLE('',(#3545));
#3485=FILL_AREA_STYLE('',(#3546));
#3486=FILL_AREA_STYLE('',(#3547));
#3487=FILL_AREA_STYLE('',(#3548));
#3488=FILL_AREA_STYLE('',(#3549));
#3489=FILL_AREA_STYLE('',(#3550));
#3490=FILL_AREA_STYLE('',(#3551));
#3491=FILL_AREA_STYLE('',(#3552));
#3492=FILL_AREA_STYLE('',(#3553));
#3493=FILL_AREA_STYLE('',(#3554));
#3494=FILL_AREA_STYLE('',(#3555));
#3495=FILL_AREA_STYLE('',(#3556));
#3496=FILL_AREA_STYLE('',(#3557));
#3497=FILL_AREA_STYLE('',(#3558));
#3498=FILL_AREA_STYLE('',(#3559));
#3499=FILL_AREA_STYLE('',(#3560));
#3500=FILL_AREA_STYLE('',(#3561));
#3501=FILL_AREA_STYLE('',(#3562));
#3502=FILL_AREA_STYLE('',(#3563));
#3503=FILL_AREA_STYLE('',(#3564));
#3504=FILL_AREA_STYLE('',(#3565));
#3505=FILL_AREA_STYLE('',(#3566));
#3506=FILL_AREA_STYLE('',(#3567));
#3507=FILL_AREA_STYLE('',(#3568));
#3508=FILL_AREA_STYLE('',(#3569));
#3509=FILL_AREA_STYLE('',(#3570));
#3510=FILL_AREA_STYLE('',(#3571));
#3511=FILL_AREA_STYLE('',(#3572));
#3512=FILL_AREA_STYLE('',(#3573));
#3513=FILL_AREA_STYLE('',(#3574));
#3514=FILL_AREA_STYLE('',(#3575));
#3515=FILL_AREA_STYLE('',(#3576));
#3516=FILL_AREA_STYLE('',(#3577));
#3517=FILL_AREA_STYLE('',(#3578));
#3518=FILL_AREA_STYLE('',(#3579));
#3519=FILL_AREA_STYLE('',(#3580));
#3520=FILL_AREA_STYLE('',(#3581));
#3521=FILL_AREA_STYLE('',(#3582));
#3522=FILL_AREA_STYLE('',(#3583));
#3523=FILL_AREA_STYLE('',(#3584));
#3524=FILL_AREA_STYLE('',(#3585));
#3525=FILL_AREA_STYLE('',(#3586));
#3526=FILL_AREA_STYLE('',(#3587));
#3527=FILL_AREA_STYLE('',(#3588));
#3528=FILL_AREA_STYLE('',(#3589));
#3529=FILL_AREA_STYLE('',(#3590));
#3530=FILL_AREA_STYLE('',(#3591));
#3531=FILL_AREA_STYLE('',(#3592));
#3532=FILL_AREA_STYLE('',(#3593));
#3533=FILL_AREA_STYLE_COLOUR('',#3594);
#3534=FILL_AREA_STYLE_COLOUR('',#3068);
#3535=FILL_AREA_STYLE_COLOUR('',#3068);
#3536=FILL_AREA_STYLE_COLOUR('',#3068);
#3537=FILL_AREA_STYLE_COLOUR('',#3068);
#3538=FILL_AREA_STYLE_COLOUR('',#3069);
#3539=FILL_AREA_STYLE_COLOUR('',#3069);
#3540=FILL_AREA_STYLE_COLOUR('',#3069);
#3541=FILL_AREA_STYLE_COLOUR('',#3069);
#3542=FILL_AREA_STYLE_COLOUR('',#3069);
#3543=FILL_AREA_STYLE_COLOUR('',#3069);
#3544=FILL_AREA_STYLE_COLOUR('',#3069);
#3545=FILL_AREA_STYLE_COLOUR('',#3595);
#3546=FILL_AREA_STYLE_COLOUR('',#3595);
#3547=FILL_AREA_STYLE_COLOUR('',#3595);
#3548=FILL_AREA_STYLE_COLOUR('',#3595);
#3549=FILL_AREA_STYLE_COLOUR('',#3595);
#3550=FILL_AREA_STYLE_COLOUR('',#3595);
#3551=FILL_AREA_STYLE_COLOUR('',#3595);
#3552=FILL_AREA_STYLE_COLOUR('',#3069);
#3553=FILL_AREA_STYLE_COLOUR('',#3596);
#3554=FILL_AREA_STYLE_COLOUR('',#3596);
#3555=FILL_AREA_STYLE_COLOUR('',#3596);
#3556=FILL_AREA_STYLE_COLOUR('',#3596);
#3557=FILL_AREA_STYLE_COLOUR('',#3596);
#3558=FILL_AREA_STYLE_COLOUR('',#3596);
#3559=FILL_AREA_STYLE_COLOUR('',#3596);
#3560=FILL_AREA_STYLE_COLOUR('',#3596);
#3561=FILL_AREA_STYLE_COLOUR('',#3597);
#3562=FILL_AREA_STYLE_COLOUR('',#3597);
#3563=FILL_AREA_STYLE_COLOUR('',#3597);
#3564=FILL_AREA_STYLE_COLOUR('',#3597);
#3565=FILL_AREA_STYLE_COLOUR('',#3597);
#3566=FILL_AREA_STYLE_COLOUR('',#3597);
#3567=FILL_AREA_STYLE_COLOUR('',#3597);
#3568=FILL_AREA_STYLE_COLOUR('',#3598);
#3569=FILL_AREA_STYLE_COLOUR('',#3598);
#3570=FILL_AREA_STYLE_COLOUR('',#3598);
#3571=FILL_AREA_STYLE_COLOUR('',#3598);
#3572=FILL_AREA_STYLE_COLOUR('',#3598);
#3573=FILL_AREA_STYLE_COLOUR('',#3598);
#3574=FILL_AREA_STYLE_COLOUR('',#3598);
#3575=FILL_AREA_STYLE_COLOUR('',#3597);
#3576=FILL_AREA_STYLE_COLOUR('',#3599);
#3577=FILL_AREA_STYLE_COLOUR('',#3599);
#3578=FILL_AREA_STYLE_COLOUR('',#3599);
#3579=FILL_AREA_STYLE_COLOUR('',#3599);
#3580=FILL_AREA_STYLE_COLOUR('',#3599);
#3581=FILL_AREA_STYLE_COLOUR('',#3599);
#3582=FILL_AREA_STYLE_COLOUR('',#3599);
#3583=FILL_AREA_STYLE_COLOUR('',#3598);
#3584=FILL_AREA_STYLE_COLOUR('',#3599);
#3585=FILL_AREA_STYLE_COLOUR('',#3595);
#3586=FILL_AREA_STYLE_COLOUR('',#3599);
#3587=FILL_AREA_STYLE_COLOUR('',#3598);
#3588=FILL_AREA_STYLE_COLOUR('',#3597);
#3589=FILL_AREA_STYLE_COLOUR('',#3596);
#3590=FILL_AREA_STYLE_COLOUR('',#3068);
#3591=FILL_AREA_STYLE_COLOUR('',#3595);
#3592=FILL_AREA_STYLE_COLOUR('',#3068);
#3593=FILL_AREA_STYLE_COLOUR('',#3069);
#3594=COLOUR_RGB('',0.615686274509804,0.811764705882353,0.929411764705882);
#3595=COLOUR_RGB('',0.858823529411765,0.254901960784313,0.254901960784313);
#3596=COLOUR_RGB('',0.980392156862745,0.796078431372549,0.262745098039216);
#3597=COLOUR_RGB('',0.262745098039216,0.262745098039216,0.913725490196078);
#3598=COLOUR_RGB('',0.972549019607843,0.529411764705882,0.00392156862745098);
#3599=COLOUR_RGB('',0.392156862745098,0.741176470588235,0.27843137254902);
#3600=MANIFOLD_SOLID_BREP('Part 1',#3226);
#3601=SHAPE_DEFINITION_REPRESENTATION(#5421,#3602);
#3602=SHAPE_REPRESENTATION('Part 1',(#3603),#5416);
#3603=AXIS2_PLACEMENT_3D('',#4518,#3760,#3761);
#3604=AXIS2_PLACEMENT_3D('',#4519,#3762,#3763);
#3605=AXIS2_PLACEMENT_3D('',#4584,#3796,#3797);
#3606=AXIS2_PLACEMENT_3D('',#4649,#3830,#3831);
#3607=AXIS2_PLACEMENT_3D('',#4702,#3860,#3861);
#3608=AXIS2_PLACEMENT_3D('',#4755,#3890,#3891);
#3609=AXIS2_PLACEMENT_3D('',#4764,#3896,#3897);
#3610=AXIS2_PLACEMENT_3D('',#4773,#3902,#3903);
#3611=AXIS2_PLACEMENT_3D('',#4782,#3908,#3909);
#3612=AXIS2_PLACEMENT_3D('',#4791,#3914,#3915);
#3613=AXIS2_PLACEMENT_3D('',#4800,#3920,#3921);
#3614=AXIS2_PLACEMENT_3D('',#4809,#3926,#3927);
#3615=AXIS2_PLACEMENT_3D('',#4818,#3932,#3933);
#3616=AXIS2_PLACEMENT_3D('',#4827,#3938,#3939);
#3617=AXIS2_PLACEMENT_3D('',#4836,#3944,#3945);
#3618=AXIS2_PLACEMENT_3D('',#4845,#3950,#3951);
#3619=AXIS2_PLACEMENT_3D('',#4854,#3956,#3957);
#3620=AXIS2_PLACEMENT_3D('',#4863,#3962,#3963);
#3621=AXIS2_PLACEMENT_3D('',#4872,#3968,#3969);
#3622=AXIS2_PLACEMENT_3D('',#4881,#3974,#3975);
#3623=AXIS2_PLACEMENT_3D('',#4890,#3980,#3981);
#3624=AXIS2_PLACEMENT_3D('',#4896,#3985,#3986);
#3625=AXIS2_PLACEMENT_3D('',#4902,#3990,#3991);
#3626=AXIS2_PLACEMENT_3D('',#4908,#3995,#3996);
#3627=AXIS2_PLACEMENT_3D('',#4917,#4001,#4002);
#3628=AXIS2_PLACEMENT_3D('',#4923,#4006,#4007);
#3629=AXIS2_PLACEMENT_3D('',#4929,#4011,#4012);
#3630=AXIS2_PLACEMENT_3D('',#4938,#4017,#4018);
#3631=AXIS2_PLACEMENT_3D('',#4944,#4022,#4023);
#3632=AXIS2_PLACEMENT_3D('',#4953,#4028,#4029);
#3633=AXIS2_PLACEMENT_3D('',#4959,#4033,#4034);
#3634=AXIS2_PLACEMENT_3D('',#4965,#4038,#4039);
#3635=AXIS2_PLACEMENT_3D('',#4971,#4043,#4044);
#3636=AXIS2_PLACEMENT_3D('',#4975,#4047,#4048);
#3637=AXIS2_PLACEMENT_3D('',#4981,#4052,#4053);
#3638=AXIS2_PLACEMENT_3D('',#4987,#4057,#4058);
#3639=AXIS2_PLACEMENT_3D('',#4993,#4062,#4063);
#3640=AXIS2_PLACEMENT_3D('',#5002,#4068,#4069);
#3641=AXIS2_PLACEMENT_3D('',#5008,#4073,#4074);
#3642=AXIS2_PLACEMENT_3D('',#5012,#4077,#4078);
#3643=AXIS2_PLACEMENT_3D('',#5018,#4082,#4083);
#3644=AXIS2_PLACEMENT_3D('',#5022,#4086,#4087);
#3645=AXIS2_PLACEMENT_3D('',#5028,#4091,#4092);
#3646=AXIS2_PLACEMENT_3D('',#5032,#4095,#4096);
#3647=AXIS2_PLACEMENT_3D('',#5036,#4099,#4100);
#3648=AXIS2_PLACEMENT_3D('',#5042,#4104,#4105);
#3649=AXIS2_PLACEMENT_3D('',#5046,#4108,#4109);
#3650=AXIS2_PLACEMENT_3D('',#5052,#4113,#4114);
#3651=AXIS2_PLACEMENT_3D('',#5056,#4117,#4118);
#3652=AXIS2_PLACEMENT_3D('',#5065,#4123,#4124);
#3653=AXIS2_PLACEMENT_3D('',#5071,#4128,#4129);
#3654=AXIS2_PLACEMENT_3D('',#5077,#4133,#4134);
#3655=AXIS2_PLACEMENT_3D('',#5081,#4137,#4138);
#3656=AXIS2_PLACEMENT_3D('',#5087,#4142,#4143);
#3657=AXIS2_PLACEMENT_3D('',#5090,#4146,#4147);
#3658=AXIS2_PLACEMENT_3D('',#5094,#4150,#4151);
#3659=AXIS2_PLACEMENT_3D('',#5099,#4155,#4156);
#3660=AXIS2_PLACEMENT_3D('',#5101,#4158,#4159);
#3661=AXIS2_PLACEMENT_3D('',#5105,#4162,#4163);
#3662=AXIS2_PLACEMENT_3D('',#5110,#4167,#4168);
#3663=AXIS2_PLACEMENT_3D('',#5112,#4170,#4171);
#3664=AXIS2_PLACEMENT_3D('',#5115,#4174,#4175);
#3665=AXIS2_PLACEMENT_3D('',#5117,#4177,#4178);
#3666=AXIS2_PLACEMENT_3D('',#5119,#4180,#4181);
#3667=AXIS2_PLACEMENT_3D('',#5122,#4184,#4185);
#3668=AXIS2_PLACEMENT_3D('',#5126,#4188,#4189);
#3669=AXIS2_PLACEMENT_3D('',#5131,#4193,#4194);
#3670=AXIS2_PLACEMENT_3D('',#5133,#4196,#4197);
#3671=AXIS2_PLACEMENT_3D('',#5137,#4200,#4201);
#3672=AXIS2_PLACEMENT_3D('',#5142,#4205,#4206);
#3673=AXIS2_PLACEMENT_3D('',#5144,#4208,#4209);
#3674=AXIS2_PLACEMENT_3D('',#5147,#4212,#4213);
#3675=AXIS2_PLACEMENT_3D('',#5149,#4215,#4216);
#3676=AXIS2_PLACEMENT_3D('',#5155,#4220,#4221);
#3677=AXIS2_PLACEMENT_3D('',#5159,#4224,#4225);
#3678=AXIS2_PLACEMENT_3D('',#5163,#4228,#4229);
#3679=AXIS2_PLACEMENT_3D('',#5165,#4231,#4232);
#3680=AXIS2_PLACEMENT_3D('',#5167,#4234,#4235);
#3681=AXIS2_PLACEMENT_3D('',#5168,#4236,#4237);
#3682=AXIS2_PLACEMENT_3D('',#5170,#4239,#4240);
#3683=AXIS2_PLACEMENT_3D('',#5171,#4241,#4242);
#3684=AXIS2_PLACEMENT_3D('',#5173,#4244,#4245);
#3685=AXIS2_PLACEMENT_3D('',#5178,#4249,#4250);
#3686=AXIS2_PLACEMENT_3D('',#5180,#4252,#4253);
#3687=AXIS2_PLACEMENT_3D('',#5184,#4256,#4257);
#3688=AXIS2_PLACEMENT_3D('',#5189,#4261,#4262);
#3689=AXIS2_PLACEMENT_3D('',#5191,#4264,#4265);
#3690=AXIS2_PLACEMENT_3D('',#5194,#4268,#4269);
#3691=AXIS2_PLACEMENT_3D('',#5196,#4271,#4272);
#3692=AXIS2_PLACEMENT_3D('',#5198,#4274,#4275);
#3693=AXIS2_PLACEMENT_3D('',#5201,#4278,#4279);
#3694=AXIS2_PLACEMENT_3D('',#5205,#4282,#4283);
#3695=AXIS2_PLACEMENT_3D('',#5210,#4287,#4288);
#3696=AXIS2_PLACEMENT_3D('',#5212,#4290,#4291);
#3697=AXIS2_PLACEMENT_3D('',#5218,#4295,#4296);
#3698=AXIS2_PLACEMENT_3D('',#5222,#4299,#4300);
#3699=AXIS2_PLACEMENT_3D('',#5226,#4303,#4304);
#3700=AXIS2_PLACEMENT_3D('',#5228,#4306,#4307);
#3701=AXIS2_PLACEMENT_3D('',#5232,#4310,#4311);
#3702=AXIS2_PLACEMENT_3D('',#5233,#4312,#4313);
#3703=AXIS2_PLACEMENT_3D('',#5239,#4317,#4318);
#3704=AXIS2_PLACEMENT_3D('',#5243,#4321,#4322);
#3705=AXIS2_PLACEMENT_3D('',#5247,#4325,#4326);
#3706=AXIS2_PLACEMENT_3D('',#5248,#4327,#4328);
#3707=AXIS2_PLACEMENT_3D('',#5250,#4330,#4331);
#3708=AXIS2_PLACEMENT_3D('',#5255,#4335,#4336);
#3709=AXIS2_PLACEMENT_3D('',#5257,#4338,#4339);
#3710=AXIS2_PLACEMENT_3D('',#5261,#4342,#4343);
#3711=AXIS2_PLACEMENT_3D('',#5266,#4347,#4348);
#3712=AXIS2_PLACEMENT_3D('',#5268,#4350,#4351);
#3713=AXIS2_PLACEMENT_3D('',#5271,#4354,#4355);
#3714=AXIS2_PLACEMENT_3D('',#5273,#4357,#4358);
#3715=AXIS2_PLACEMENT_3D('',#5275,#4360,#4361);
#3716=AXIS2_PLACEMENT_3D('',#5278,#4364,#4365);
#3717=AXIS2_PLACEMENT_3D('',#5282,#4368,#4369);
#3718=AXIS2_PLACEMENT_3D('',#5287,#4373,#4374);
#3719=AXIS2_PLACEMENT_3D('',#5289,#4376,#4377);
#3720=AXIS2_PLACEMENT_3D('',#5293,#4380,#4381);
#3721=AXIS2_PLACEMENT_3D('',#5295,#4383,#4384);
#3722=AXIS2_PLACEMENT_3D('',#5297,#4386,#4387);
#3723=AXIS2_PLACEMENT_3D('',#5298,#4388,#4389);
#3724=AXIS2_PLACEMENT_3D('',#5300,#4391,#4392);
#3725=AXIS2_PLACEMENT_3D('',#5305,#4396,#4397);
#3726=AXIS2_PLACEMENT_3D('',#5307,#4399,#4400);
#3727=AXIS2_PLACEMENT_3D('',#5311,#4403,#4404);
#3728=AXIS2_PLACEMENT_3D('',#5313,#4406,#4407);
#3729=AXIS2_PLACEMENT_3D('',#5314,#4408,#4409);
#3730=AXIS2_PLACEMENT_3D('',#5316,#4411,#4412);
#3731=AXIS2_PLACEMENT_3D('',#5321,#4416,#4417);
#3732=AXIS2_PLACEMENT_3D('',#5323,#4419,#4420);
#3733=AXIS2_PLACEMENT_3D('',#5327,#4423,#4424);
#3734=AXIS2_PLACEMENT_3D('',#5329,#4426,#4427);
#3735=AXIS2_PLACEMENT_3D('',#5330,#4428,#4429);
#3736=AXIS2_PLACEMENT_3D('',#5336,#4433,#4434);
#3737=AXIS2_PLACEMENT_3D('',#5340,#4437,#4438);
#3738=AXIS2_PLACEMENT_3D('',#5344,#4441,#4442);
#3739=AXIS2_PLACEMENT_3D('',#5346,#4444,#4445);
#3740=AXIS2_PLACEMENT_3D('',#5347,#4446,#4447);
#3741=AXIS2_PLACEMENT_3D('',#5349,#4449,#4450);
#3742=AXIS2_PLACEMENT_3D('',#5351,#4452,#4453);
#3743=AXIS2_PLACEMENT_3D('',#5353,#4455,#4456);
#3744=AXIS2_PLACEMENT_3D('',#5355,#4458,#4459);
#3745=AXIS2_PLACEMENT_3D('',#5364,#4464,#4465);
#3746=AXIS2_PLACEMENT_3D('',#5370,#4469,#4470);
#3747=AXIS2_PLACEMENT_3D('',#5376,#4474,#4475);
#3748=AXIS2_PLACEMENT_3D('',#5379,#4478,#4479);
#3749=AXIS2_PLACEMENT_3D('',#5380,#4480,#4481);
#3750=AXIS2_PLACEMENT_3D('',#5381,#4482,#4483);
#3751=AXIS2_PLACEMENT_3D('',#5383,#4485,#4486);
#3752=AXIS2_PLACEMENT_3D('',#5385,#4488,#4489);
#3753=AXIS2_PLACEMENT_3D('',#5387,#4491,#4492);
#3754=AXIS2_PLACEMENT_3D('',#5389,#4494,#4495);
#3755=AXIS2_PLACEMENT_3D('',#5398,#4500,#4501);
#3756=AXIS2_PLACEMENT_3D('',#5404,#4505,#4506);
#3757=AXIS2_PLACEMENT_3D('',#5410,#4510,#4511);
#3758=AXIS2_PLACEMENT_3D('',#5413,#4514,#4515);
#3759=AXIS2_PLACEMENT_3D('',#5414,#4516,#4517);
#3760=DIRECTION('',(0.,0.,1.));
#3761=DIRECTION('',(1.,0.,0.));
#3762=DIRECTION('',(-1.,0.,0.));
#3763=DIRECTION('',(0.,-1.,0.));
#3764=DIRECTION('',(0.,1.,0.));
#3765=DIRECTION('',(0.,0.,-1.));
#3766=DIRECTION('',(0.,1.,0.));
#3767=DIRECTION('',(0.,0.,-1.));
#3768=DIRECTION('',(0.,0.,-1.));
#3769=DIRECTION('',(0.,1.,0.));
#3770=DIRECTION('',(0.,0.,-1.));
#3771=DIRECTION('',(0.,1.,0.));
#3772=DIRECTION('',(0.,0.,-1.));
#3773=DIRECTION('',(0.,1.,0.));
#3774=DIRECTION('',(0.,0.,-1.));
#3775=DIRECTION('',(0.,1.,0.));
#3776=DIRECTION('',(0.,0.,-1.));
#3777=DIRECTION('',(0.,1.,0.));
#3778=DIRECTION('',(0.,0.,-1.));
#3779=DIRECTION('',(0.,1.,0.));
#3780=DIRECTION('',(0.,0.,-1.));
#3781=DIRECTION('',(0.,1.,0.));
#3782=DIRECTION('',(0.,0.,-1.));
#3783=DIRECTION('',(0.,-1.,0.));
#3784=DIRECTION('',(0.,0.,-1.));
#3785=DIRECTION('',(0.,1.,0.));
#3786=DIRECTION('',(0.,0.,-1.));
#3787=DIRECTION('',(0.,-1.,0.));
#3788=DIRECTION('',(0.,0.,-1.));
#3789=DIRECTION('',(0.,1.,0.));
#3790=DIRECTION('',(0.,0.,1.));
#3791=DIRECTION('',(0.,1.,0.));
#3792=DIRECTION('',(0.,0.,-1.));
#3793=DIRECTION('',(0.,1.,0.));
#3794=DIRECTION('',(0.,0.,1.));
#3795=DIRECTION('',(0.,1.,0.));
#3796=DIRECTION('',(1.,0.,0.));
#3797=DIRECTION('',(0.,1.,0.));
#3798=DIRECTION('',(0.,1.,0.));
#3799=DIRECTION('',(0.,0.,-1.));
#3800=DIRECTION('',(0.,1.,0.));
#3801=DIRECTION('',(0.,-1.35525271560688E-16,1.));
#3802=DIRECTION('',(0.,-1.35525271560688E-16,1.));
#3803=DIRECTION('',(0.,-1.,0.));
#3804=DIRECTION('',(0.,-1.35525271560688E-16,1.));
#3805=DIRECTION('',(0.,1.,0.));
#3806=DIRECTION('',(0.,0.,-1.));
#3807=DIRECTION('',(0.,-1.,0.));
#3808=DIRECTION('',(0.,0.,-1.));
#3809=DIRECTION('',(0.,1.,0.));
#3810=DIRECTION('',(0.,0.,1.));
#3811=DIRECTION('',(0.,1.,0.));
#3812=DIRECTION('',(0.,0.,-1.));
#3813=DIRECTION('',(0.,1.,0.));
#3814=DIRECTION('',(0.,0.,1.));
#3815=DIRECTION('',(0.,1.,0.));
#3816=DIRECTION('',(0.,0.,-1.));
#3817=DIRECTION('',(0.,1.,0.));
#3818=DIRECTION('',(0.,0.,-1.));
#3819=DIRECTION('',(0.,1.,0.));
#3820=DIRECTION('',(0.,-1.35525271560688E-16,1.));
#3821=DIRECTION('',(0.,1.,0.));
#3822=DIRECTION('',(0.,-1.35525271560688E-16,1.));
#3823=DIRECTION('',(0.,1.,0.));
#3824=DIRECTION('',(0.,0.,1.));
#3825=DIRECTION('',(0.,1.,0.));
#3826=DIRECTION('',(0.,-1.35525271560688E-16,1.));
#3827=DIRECTION('',(0.,1.,0.));
#3828=DIRECTION('',(0.,0.,1.));
#3829=DIRECTION('',(0.,1.,0.));
#3830=DIRECTION('',(0.,-1.,0.));
#3831=DIRECTION('',(1.,0.,0.));
#3832=DIRECTION('',(0.,0.,-1.));
#3833=DIRECTION('',(1.,0.,0.));
#3834=DIRECTION('',(0.,0.,-1.));
#3835=DIRECTION('',(1.,0.,0.));
#3836=DIRECTION('',(0.,0.,-1.));
#3837=DIRECTION('',(-1.,0.,0.));
#3838=DIRECTION('',(0.,0.,-1.));
#3839=DIRECTION('',(1.,0.,0.));
#3840=DIRECTION('',(0.,0.,-1.));
#3841=DIRECTION('',(-1.,0.,0.));
#3842=DIRECTION('',(0.,0.,-1.));
#3843=DIRECTION('',(1.,0.,2.71050543121376E-16));
#3844=DIRECTION('',(1.,0.,2.71050543121376E-16));
#3845=DIRECTION('',(0.,0.,-1.));
#3846=DIRECTION('',(1.,0.,0.));
#3847=DIRECTION('',(1.,0.,0.));
#3848=DIRECTION('',(0.,0.,-1.));
#3849=DIRECTION('',(1.,0.,0.));
#3850=DIRECTION('',(0.,0.,-1.));
#3851=DIRECTION('',(1.,0.,0.));
#3852=DIRECTION('',(0.,0.,-1.));
#3853=DIRECTION('',(1.,0.,0.));
#3854=DIRECTION('',(0.,0.,-1.));
#3855=DIRECTION('',(1.,0.,0.));
#3856=DIRECTION('',(1.,0.,0.));
#3857=DIRECTION('',(0.,0.,-1.));
#3858=DIRECTION('',(1.,0.,2.71050543121376E-16));
#3859=DIRECTION('',(1.,0.,2.71050543121376E-16));
#3860=DIRECTION('',(0.,1.,0.));
#3861=DIRECTION('',(-1.,0.,0.));
#3862=DIRECTION('',(0.,0.,-1.));
#3863=DIRECTION('',(1.,0.,0.));
#3864=DIRECTION('',(0.,0.,-1.));
#3865=DIRECTION('',(1.,0.,0.));
#3866=DIRECTION('',(0.,0.,-1.));
#3867=DIRECTION('',(1.,0.,0.));
#3868=DIRECTION('',(0.,0.,-1.));
#3869=DIRECTION('',(1.,0.,0.));
#3870=DIRECTION('',(0.,0.,-1.));
#3871=DIRECTION('',(1.,0.,0.));
#3872=DIRECTION('',(0.,0.,-1.));
#3873=DIRECTION('',(1.,0.,-2.71050543121376E-16));
#3874=DIRECTION('',(1.,0.,0.));
#3875=DIRECTION('',(0.,0.,-1.));
#3876=DIRECTION('',(1.,0.,0.));
#3877=DIRECTION('',(1.,0.,0.));
#3878=DIRECTION('',(0.,0.,-1.));
#3879=DIRECTION('',(-1.,0.,0.));
#3880=DIRECTION('',(0.,0.,-1.));
#3881=DIRECTION('',(1.,0.,0.));
#3882=DIRECTION('',(0.,0.,-1.));
#3883=DIRECTION('',(-1.,0.,0.));
#3884=DIRECTION('',(0.,0.,-1.));
#3885=DIRECTION('',(1.,0.,0.));
#3886=DIRECTION('',(1.,0.,0.));
#3887=DIRECTION('',(0.,0.,-1.));
#3888=DIRECTION('',(1.,0.,0.));
#3889=DIRECTION('',(1.,0.,-2.71050543121376E-16));
#3890=DIRECTION('',(0.,0.,1.));
#3891=DIRECTION('',(1.,0.,0.));
#3892=DIRECTION('',(1.,0.,0.));
#3893=DIRECTION('',(0.,-1.,0.));
#3894=DIRECTION('',(-1.,0.,0.));
#3895=DIRECTION('',(0.,-1.,0.));
#3896=DIRECTION('',(0.,0.,1.));
#3897=DIRECTION('',(1.,0.,0.));
#3898=DIRECTION('',(0.,1.,0.));
#3899=DIRECTION('',(1.,0.,0.));
#3900=DIRECTION('',(0.,-1.,0.));
#3901=DIRECTION('',(1.,0.,0.));
#3902=DIRECTION('',(0.,0.,1.));
#3903=DIRECTION('',(1.,0.,0.));
#3904=DIRECTION('',(-1.,0.,0.));
#3905=DIRECTION('',(0.,1.,0.));
#3906=DIRECTION('',(-1.,0.,0.));
#3907=DIRECTION('',(0.,1.,0.));
#3908=DIRECTION('',(0.,0.,1.));
#3909=DIRECTION('',(1.,0.,0.));
#3910=DIRECTION('',(0.,1.,0.));
#3911=DIRECTION('',(1.,0.,0.));
#3912=DIRECTION('',(0.,-1.,0.));
#3913=DIRECTION('',(-1.,0.,0.));
#3914=DIRECTION('',(0.,0.,1.));
#3915=DIRECTION('',(1.,0.,0.));
#3916=DIRECTION('',(0.,-1.,0.));
#3917=DIRECTION('',(-1.,0.,0.));
#3918=DIRECTION('',(0.,-1.,0.));
#3919=DIRECTION('',(-1.,0.,0.));
#3920=DIRECTION('',(0.,0.,1.));
#3921=DIRECTION('',(1.,0.,0.));
#3922=DIRECTION('',(0.,-1.,0.));
#3923=DIRECTION('',(-1.,0.,0.));
#3924=DIRECTION('',(0.,-1.,0.));
#3925=DIRECTION('',(-1.,0.,0.));
#3926=DIRECTION('',(0.,0.,1.));
#3927=DIRECTION('',(1.,0.,0.));
#3928=DIRECTION('',(-1.,0.,0.));
#3929=DIRECTION('',(0.,-1.,0.));
#3930=DIRECTION('',(-1.,0.,0.));
#3931=DIRECTION('',(0.,-1.,0.));
#3932=DIRECTION('',(0.,0.,1.));
#3933=DIRECTION('',(1.,0.,0.));
#3934=DIRECTION('',(0.,1.,0.));
#3935=DIRECTION('',(-1.,0.,0.));
#3936=DIRECTION('',(0.,-1.,0.));
#3937=DIRECTION('',(-1.,0.,0.));
#3938=DIRECTION('',(0.,0.,1.));
#3939=DIRECTION('',(1.,0.,0.));
#3940=DIRECTION('',(1.,0.,0.));
#3941=DIRECTION('',(0.,1.,0.));
#3942=DIRECTION('',(-1.,0.,0.));
#3943=DIRECTION('',(0.,-1.,0.));
#3944=DIRECTION('',(0.,0.,1.));
#3945=DIRECTION('',(1.,0.,0.));
#3946=DIRECTION('',(1.,0.,0.));
#3947=DIRECTION('',(0.,1.,0.));
#3948=DIRECTION('',(-1.,0.,0.));
#3949=DIRECTION('',(0.,1.,0.));
#3950=DIRECTION('',(0.,0.,1.));
#3951=DIRECTION('',(1.,0.,0.));
#3952=DIRECTION('',(0.,-1.,0.));
#3953=DIRECTION('',(1.,0.,0.));
#3954=DIRECTION('',(0.,-1.,0.));
#3955=DIRECTION('',(-1.,0.,0.));
#3956=DIRECTION('',(0.,0.,1.));
#3957=DIRECTION('',(1.,0.,0.));
#3958=DIRECTION('',(0.,-1.,0.));
#3959=DIRECTION('',(1.,0.,0.));
#3960=DIRECTION('',(0.,-1.,0.));
#3961=DIRECTION('',(1.,0.,0.));
#3962=DIRECTION('',(0.,0.,1.));
#3963=DIRECTION('',(1.,0.,0.));
#3964=DIRECTION('',(-1.,0.,0.));
#3965=DIRECTION('',(0.,-1.,0.));
#3966=DIRECTION('',(-1.,0.,0.));
#3967=DIRECTION('',(0.,-1.,0.));
#3968=DIRECTION('',(0.,0.,1.));
#3969=DIRECTION('',(1.,0.,0.));
#3970=DIRECTION('',(-1.,0.,0.));
#3971=DIRECTION('',(0.,-1.,0.));
#3972=DIRECTION('',(-1.,0.,0.));
#3973=DIRECTION('',(0.,-1.,0.));
#3974=DIRECTION('',(0.,0.,1.));
#3975=DIRECTION('',(1.,0.,0.));
#3976=DIRECTION('',(-1.,0.,0.));
#3977=DIRECTION('',(0.,1.,0.));
#3978=DIRECTION('',(-1.,0.,0.));
#3979=DIRECTION('',(0.,-1.,0.));
#3980=DIRECTION('',(0.,-1.,0.));
#3981=DIRECTION('',(0.,0.,-1.));
#3982=DIRECTION('',(0.,0.,-1.));
#3983=DIRECTION('',(-1.,0.,0.));
#3984=DIRECTION('',(0.,0.,-1.));
#3985=DIRECTION('',(0.,-1.,0.));
#3986=DIRECTION('',(0.,0.,-1.));
#3987=DIRECTION('',(0.,0.,-1.));
#3988=DIRECTION('',(0.,0.,-1.));
#3989=DIRECTION('',(1.,0.,0.));
#3990=DIRECTION('',(0.,-1.,0.));
#3991=DIRECTION('',(0.,0.,-1.));
#3992=DIRECTION('',(0.,0.,-1.));
#3993=DIRECTION('',(0.,0.,-1.));
#3994=DIRECTION('',(1.,0.,0.));
#3995=DIRECTION('',(0.,-1.,0.));
#3996=DIRECTION('',(0.,0.,-1.));
#3997=DIRECTION('',(0.,0.,-1.));
#3998=DIRECTION('',(1.,0.,0.));
#3999=DIRECTION('',(0.,0.,-1.));
#4000=DIRECTION('',(1.,0.,0.));
#4001=DIRECTION('',(0.,-1.,0.));
#4002=DIRECTION('',(0.,0.,-1.));
#4003=DIRECTION('',(0.,0.,-1.));
#4004=DIRECTION('',(1.,0.,0.));
#4005=DIRECTION('',(0.,0.,-1.));
#4006=DIRECTION('',(0.,-1.,0.));
#4007=DIRECTION('',(0.,0.,-1.));
#4008=DIRECTION('',(1.,0.,0.));
#4009=DIRECTION('',(0.,0.,-1.));
#4010=DIRECTION('',(0.,0.,-1.));
#4011=DIRECTION('',(0.,-1.,0.));
#4012=DIRECTION('',(0.,0.,-1.));
#4013=DIRECTION('',(0.,0.,-1.));
#4014=DIRECTION('',(-1.,0.,0.));
#4015=DIRECTION('',(0.,0.,-1.));
#4016=DIRECTION('',(-1.,0.,0.));
#4017=DIRECTION('',(0.,-1.,0.));
#4018=DIRECTION('',(0.,0.,-1.));
#4019=DIRECTION('',(-1.,0.,0.));
#4020=DIRECTION('',(0.,0.,-1.));
#4021=DIRECTION('',(0.,0.,-1.));
#4022=DIRECTION('',(1.,0.,0.));
#4023=DIRECTION('',(0.,0.,-1.));
#4024=DIRECTION('',(0.,0.,-1.));
#4025=DIRECTION('',(0.,-1.,0.));
#4026=DIRECTION('',(0.,0.,-1.));
#4027=DIRECTION('',(0.,-1.,0.));
#4028=DIRECTION('',(1.,0.,0.));
#4029=DIRECTION('',(0.,0.,-1.));
#4030=DIRECTION('',(0.,1.,0.));
#4031=DIRECTION('',(0.,0.,-1.));
#4032=DIRECTION('',(0.,-1.35525271560688E-16,1.));
#4033=DIRECTION('',(1.,0.,0.));
#4034=DIRECTION('',(0.,0.,-1.));
#4035=DIRECTION('',(0.,0.,-1.));
#4036=DIRECTION('',(0.,-1.,0.));
#4037=DIRECTION('',(0.,0.,-1.));
#4038=DIRECTION('',(1.,0.,0.));
#4039=DIRECTION('',(0.,0.,-1.));
#4040=DIRECTION('',(0.,-1.35525271560688E-16,1.));
#4041=DIRECTION('',(0.,1.,0.));
#4042=DIRECTION('',(0.,1.,0.));
#4043=DIRECTION('',(1.,0.,0.));
#4044=DIRECTION('',(0.,0.,-1.));
#4045=DIRECTION('',(0.,-1.35525271560688E-16,1.));
#4046=DIRECTION('',(0.,1.,0.));
#4047=DIRECTION('',(1.,0.,0.));
#4048=DIRECTION('',(0.,0.,-1.));
#4049=DIRECTION('',(0.,1.,0.));
#4050=DIRECTION('',(0.,-1.35525271560688E-16,1.));
#4051=DIRECTION('',(0.,0.,-1.));
#4052=DIRECTION('',(1.,0.,0.));
#4053=DIRECTION('',(0.,0.,-1.));
#4054=DIRECTION('',(0.,-1.,0.));
#4055=DIRECTION('',(0.,0.,-1.));
#4056=DIRECTION('',(0.,0.,-1.));
#4057=DIRECTION('',(0.,-1.,0.));
#4058=DIRECTION('',(0.,0.,-1.));
#4059=DIRECTION('',(0.,0.,-1.));
#4060=DIRECTION('',(0.,0.,-1.));
#4061=DIRECTION('',(-1.,0.,0.));
#4062=DIRECTION('',(0.,-1.,0.));
#4063=DIRECTION('',(0.,0.,-1.));
#4064=DIRECTION('',(0.,0.,-1.));
#4065=DIRECTION('',(-1.,0.,0.));
#4066=DIRECTION('',(0.,0.,-1.));
#4067=DIRECTION('',(-1.,0.,0.));
#4068=DIRECTION('',(0.,-1.,0.));
#4069=DIRECTION('',(0.,0.,-1.));
#4070=DIRECTION('',(1.,0.,0.));
#4071=DIRECTION('',(0.,0.,-1.));
#4072=DIRECTION('',(0.,0.,-1.));
#4073=DIRECTION('',(0.,-1.,0.));
#4074=DIRECTION('',(0.,0.,-1.));
#4075=DIRECTION('',(1.,0.,0.));
#4076=DIRECTION('',(0.,0.,-1.));
#4077=DIRECTION('',(0.,-1.,0.));
#4078=DIRECTION('',(0.,0.,-1.));
#4079=DIRECTION('',(0.,0.,-1.));
#4080=DIRECTION('',(1.,0.,0.));
#4081=DIRECTION('',(1.,0.,2.71050543121376E-16));
#4082=DIRECTION('',(0.,-1.,0.));
#4083=DIRECTION('',(0.,0.,-1.));
#4084=DIRECTION('',(0.,0.,-1.));
#4085=DIRECTION('',(1.,0.,2.71050543121376E-16));
#4086=DIRECTION('',(0.,-1.,0.));
#4087=DIRECTION('',(0.,0.,-1.));
#4088=DIRECTION('',(0.,0.,-1.));
#4089=DIRECTION('',(-1.,0.,0.));
#4090=DIRECTION('',(0.,0.,-1.));
#4091=DIRECTION('',(1.,0.,0.));
#4092=DIRECTION('',(0.,0.,-1.));
#4093=DIRECTION('',(0.,-1.35525271560688E-16,1.));
#4094=DIRECTION('',(0.,1.,0.));
#4095=DIRECTION('',(1.,0.,0.));
#4096=DIRECTION('',(0.,0.,-1.));
#4097=DIRECTION('',(0.,1.,0.));
#4098=DIRECTION('',(0.,0.,-1.));
#4099=DIRECTION('',(1.,0.,0.));
#4100=DIRECTION('',(0.,0.,-1.));
#4101=DIRECTION('',(0.,0.,-1.));
#4102=DIRECTION('',(0.,0.,-1.));
#4103=DIRECTION('',(0.,1.,0.));
#4104=DIRECTION('',(1.,0.,0.));
#4105=DIRECTION('',(0.,0.,-1.));
#4106=DIRECTION('',(0.,0.,-1.));
#4107=DIRECTION('',(0.,1.,0.));
#4108=DIRECTION('',(1.,0.,0.));
#4109=DIRECTION('',(0.,0.,-1.));
#4110=DIRECTION('',(0.,0.,-1.));
#4111=DIRECTION('',(0.,1.,0.));
#4112=DIRECTION('',(0.,1.,0.));
#4113=DIRECTION('',(1.,0.,0.));
#4114=DIRECTION('',(0.,0.,-1.));
#4115=DIRECTION('',(0.,0.,-1.));
#4116=DIRECTION('',(0.,1.,0.));
#4117=DIRECTION('',(1.,0.,0.));
#4118=DIRECTION('',(0.,0.,-1.));
#4119=DIRECTION('',(0.,1.,0.));
#4120=DIRECTION('',(0.,0.,-1.));
#4121=DIRECTION('',(0.,-1.,0.));
#4122=DIRECTION('',(0.,0.,-1.));
#4123=DIRECTION('',(1.,0.,0.));
#4124=DIRECTION('',(0.,0.,-1.));
#4125=DIRECTION('',(0.,1.,0.));
#4126=DIRECTION('',(0.,1.,0.));
#4127=DIRECTION('',(0.,0.,-1.));
#4128=DIRECTION('',(0.,-1.,0.));
#4129=DIRECTION('',(0.,0.,-1.));
#4130=DIRECTION('',(0.,0.,-1.));
#4131=DIRECTION('',(0.,0.,-1.));
#4132=DIRECTION('',(1.,0.,0.));
#4133=DIRECTION('',(1.,0.,0.));
#4134=DIRECTION('',(0.,0.,-1.));
#4135=DIRECTION('',(0.,1.,0.));
#4136=DIRECTION('',(0.,0.,-1.));
#4137=DIRECTION('',(0.,0.,1.));
#4138=DIRECTION('',(1.,0.,0.));
#4139=DIRECTION('',(0.,1.,0.));
#4140=DIRECTION('',(-1.,0.,0.));
#4141=DIRECTION('',(-1.,0.,0.));
#4142=DIRECTION('',(0.,0.,1.));
#4143=DIRECTION('',(1.,0.,0.));
#4144=DIRECTION('',(-1.,0.,0.));
#4145=DIRECTION('',(0.,-1.,0.));
#4146=DIRECTION('',(0.,1.,0.));
#4147=DIRECTION('',(0.,0.,1.));
#4148=DIRECTION('',(0.,0.,1.));
#4149=DIRECTION('',(-1.,0.,0.));
#4150=DIRECTION('',(0.,1.,0.));
#4151=DIRECTION('',(0.,0.,1.));
#4152=DIRECTION('',(-1.,0.,0.));
#4153=DIRECTION('',(-1.,0.,0.));
#4154=DIRECTION('',(0.,0.,1.));
#4155=DIRECTION('',(0.,0.,1.));
#4156=DIRECTION('',(1.,0.,0.));
#4157=DIRECTION('',(-1.,0.,0.));
#4158=DIRECTION('',(0.,1.,0.));
#4159=DIRECTION('',(0.,0.,1.));
#4160=DIRECTION('',(0.,0.,1.));
#4161=DIRECTION('',(-1.,0.,0.));
#4162=DIRECTION('',(0.,1.,0.));
#4163=DIRECTION('',(0.,0.,1.));
#4164=DIRECTION('',(-1.,0.,0.));
#4165=DIRECTION('',(-1.,0.,0.));
#4166=DIRECTION('',(0.,0.,1.));
#4167=DIRECTION('',(0.,0.,1.));
#4168=DIRECTION('',(1.,0.,0.));
#4169=DIRECTION('',(0.,1.,0.));
#4170=DIRECTION('',(0.,0.,1.));
#4171=DIRECTION('',(1.,0.,0.));
#4172=DIRECTION('',(-1.,0.,0.));
#4173=DIRECTION('',(0.,1.,0.));
#4174=DIRECTION('',(0.,1.,0.));
#4175=DIRECTION('',(0.,0.,1.));
#4176=DIRECTION('',(-1.,0.,0.));
#4177=DIRECTION('',(0.,0.,1.));
#4178=DIRECTION('',(1.,0.,0.));
#4179=DIRECTION('',(0.,1.,0.));
#4180=DIRECTION('',(0.,0.,1.));
#4181=DIRECTION('',(1.,0.,0.));
#4182=DIRECTION('',(-1.,0.,0.));
#4183=DIRECTION('',(0.,1.,0.));
#4184=DIRECTION('',(0.,1.,0.));
#4185=DIRECTION('',(0.,0.,1.));
#4186=DIRECTION('',(0.,0.,-1.));
#4187=DIRECTION('',(1.,0.,0.));
#4188=DIRECTION('',(0.,1.,0.));
#4189=DIRECTION('',(0.,0.,1.));
#4190=DIRECTION('',(-1.,0.,0.));
#4191=DIRECTION('',(1.,0.,0.));
#4192=DIRECTION('',(0.,0.,-1.));
#4193=DIRECTION('',(0.,0.,1.));
#4194=DIRECTION('',(1.,0.,0.));
#4195=DIRECTION('',(-1.,0.,0.));
#4196=DIRECTION('',(0.,1.,0.));
#4197=DIRECTION('',(0.,0.,1.));
#4198=DIRECTION('',(0.,0.,-1.));
#4199=DIRECTION('',(-1.,0.,0.));
#4200=DIRECTION('',(0.,1.,0.));
#4201=DIRECTION('',(0.,0.,1.));
#4202=DIRECTION('',(-1.,0.,0.));
#4203=DIRECTION('',(-1.,0.,0.));
#4204=DIRECTION('',(0.,0.,-1.));
#4205=DIRECTION('',(0.,0.,1.));
#4206=DIRECTION('',(1.,0.,0.));
#4207=DIRECTION('',(0.,-1.,0.));
#4208=DIRECTION('',(0.,0.,1.));
#4209=DIRECTION('',(1.,0.,0.));
#4210=DIRECTION('',(-1.,0.,0.));
#4211=DIRECTION('',(0.,-1.,0.));
#4212=DIRECTION('',(0.,1.,0.));
#4213=DIRECTION('',(0.,0.,1.));
#4214=DIRECTION('',(-1.,0.,0.));
#4215=DIRECTION('',(0.,0.,1.));
#4216=DIRECTION('',(1.,0.,0.));
#4217=DIRECTION('',(0.,1.,0.));
#4218=DIRECTION('',(-1.,0.,0.));
#4219=DIRECTION('',(-1.,0.,0.));
#4220=DIRECTION('',(0.,1.,0.));
#4221=DIRECTION('',(0.,0.,1.));
#4222=DIRECTION('',(0.,0.,-1.));
#4223=DIRECTION('',(-1.,0.,0.));
#4224=DIRECTION('',(0.,0.,1.));
#4225=DIRECTION('',(1.,0.,0.));
#4226=DIRECTION('',(0.,1.,0.));
#4227=DIRECTION('',(-1.,0.,0.));
#4228=DIRECTION('',(0.,1.,0.));
#4229=DIRECTION('',(0.,0.,1.));
#4230=DIRECTION('',(0.,0.,-1.));
#4231=DIRECTION('',(0.,0.,1.));
#4232=DIRECTION('',(1.,0.,0.));
#4233=DIRECTION('',(0.,-1.,0.));
#4234=DIRECTION('',(1.,0.,0.));
#4235=DIRECTION('',(0.,0.,-1.));
#4236=DIRECTION('',(-1.,0.,0.));
#4237=DIRECTION('',(0.,0.,1.));
#4238=DIRECTION('',(0.,-1.,0.));
#4239=DIRECTION('',(-1.,0.,0.));
#4240=DIRECTION('',(0.,0.,1.));
#4241=DIRECTION('',(-1.,0.,0.));
#4242=DIRECTION('',(0.,0.,1.));
#4243=DIRECTION('',(0.,1.,0.));
#4244=DIRECTION('',(-1.,0.,0.));
#4245=DIRECTION('',(0.,0.,1.));
#4246=DIRECTION('',(0.,-1.,0.));
#4247=DIRECTION('',(0.,1.,0.));
#4248=DIRECTION('',(0.,0.,-1.));
#4249=DIRECTION('',(0.,0.,-1.));
#4250=DIRECTION('',(-1.,0.,0.));
#4251=DIRECTION('',(0.,-1.,0.));
#4252=DIRECTION('',(-1.,0.,0.));
#4253=DIRECTION('',(0.,0.,1.));
#4254=DIRECTION('',(0.,0.,-1.));
#4255=DIRECTION('',(0.,-1.,0.));
#4256=DIRECTION('',(-1.,0.,0.));
#4257=DIRECTION('',(0.,0.,1.));
#4258=DIRECTION('',(0.,-1.,0.));
#4259=DIRECTION('',(0.,-1.,0.));
#4260=DIRECTION('',(0.,0.,-1.));
#4261=DIRECTION('',(0.,0.,-1.));
#4262=DIRECTION('',(-1.,0.,0.));
#4263=DIRECTION('',(1.,0.,0.));
#4264=DIRECTION('',(0.,0.,-1.));
#4265=DIRECTION('',(-1.,0.,0.));
#4266=DIRECTION('',(0.,-1.,0.));
#4267=DIRECTION('',(1.,0.,0.));
#4268=DIRECTION('',(-1.,0.,0.));
#4269=DIRECTION('',(0.,0.,1.));
#4270=DIRECTION('',(0.,-1.,0.));
#4271=DIRECTION('',(2.71050543121376E-16,0.,-1.));
#4272=DIRECTION('',(-1.,0.,-2.71050543121376E-16));
#4273=DIRECTION('',(1.,0.,0.));
#4274=DIRECTION('',(2.71050543121376E-16,0.,-1.));
#4275=DIRECTION('',(-1.,0.,-2.71050543121376E-16));
#4276=DIRECTION('',(0.,-1.,0.));
#4277=DIRECTION('',(1.,0.,0.));
#4278=DIRECTION('',(-1.,0.,0.));
#4279=DIRECTION('',(0.,0.,1.));
#4280=DIRECTION('',(0.,0.,1.));
#4281=DIRECTION('',(0.,1.,0.));
#4282=DIRECTION('',(-1.,0.,0.));
#4283=DIRECTION('',(0.,0.,1.));
#4284=DIRECTION('',(0.,-1.,0.));
#4285=DIRECTION('',(0.,1.,0.));
#4286=DIRECTION('',(0.,0.,1.));
#4287=DIRECTION('',(0.,0.,-1.));
#4288=DIRECTION('',(-1.,0.,0.));
#4289=DIRECTION('',(0.,-1.,0.));
#4290=DIRECTION('',(-1.,0.,0.));
#4291=DIRECTION('',(0.,0.,1.));
#4292=DIRECTION('',(0.,0.,-1.));
#4293=DIRECTION('',(0.,-1.,0.));
#4294=DIRECTION('',(0.,-1.,0.));
#4295=DIRECTION('',(0.,0.,-1.));
#4296=DIRECTION('',(-1.,0.,0.));
#4297=DIRECTION('',(1.,0.,0.));
#4298=DIRECTION('',(0.,-1.,0.));
#4299=DIRECTION('',(-1.,0.,0.));
#4300=DIRECTION('',(0.,0.,1.));
#4301=DIRECTION('',(0.,0.,-1.));
#4302=DIRECTION('',(0.,-1.,0.));
#4303=DIRECTION('',(0.,0.,-1.));
#4304=DIRECTION('',(-1.,0.,0.));
#4305=DIRECTION('',(1.,0.,0.));
#4306=DIRECTION('',(-1.,0.,0.));
#4307=DIRECTION('',(0.,0.,1.));
#4308=DIRECTION('',(0.,0.,1.));
#4309=DIRECTION('',(0.,-1.,0.));
#4310=DIRECTION('',(0.,-1.,0.));
#4311=DIRECTION('',(0.,0.,-1.));
#4312=DIRECTION('',(0.,0.,-1.));
#4313=DIRECTION('',(-1.,0.,0.));
#4314=DIRECTION('',(0.,1.,0.));
#4315=DIRECTION('',(1.,0.,0.));
#4316=DIRECTION('',(1.,0.,0.));
#4317=DIRECTION('',(0.,-1.,0.));
#4318=DIRECTION('',(0.,0.,-1.));
#4319=DIRECTION('',(0.,0.,-1.));
#4320=DIRECTION('',(1.,0.,0.));
#4321=DIRECTION('',(0.,0.,-1.));
#4322=DIRECTION('',(-1.,0.,0.));
#4323=DIRECTION('',(0.,1.,0.));
#4324=DIRECTION('',(1.,0.,0.));
#4325=DIRECTION('',(0.,-1.,0.));
#4326=DIRECTION('',(0.,0.,-1.));
#4327=DIRECTION('',(0.,-1.,0.));
#4328=DIRECTION('',(0.,0.,-1.));
#4329=DIRECTION('',(-1.,0.,0.));
#4330=DIRECTION('',(0.,-1.,0.));
#4331=DIRECTION('',(0.,0.,-1.));
#4332=DIRECTION('',(1.,0.,0.));
#4333=DIRECTION('',(-1.,0.,0.));
#4334=DIRECTION('',(0.,0.,-1.));
#4335=DIRECTION('',(0.,0.,-1.));
#4336=DIRECTION('',(-1.,0.,0.));
#4337=DIRECTION('',(1.,0.,0.));
#4338=DIRECTION('',(0.,1.,1.35525271560688E-16));
#4339=DIRECTION('',(0.,-1.35525271560688E-16,1.));
#4340=DIRECTION('',(0.,0.,-1.));
#4341=DIRECTION('',(1.,0.,0.));
#4342=DIRECTION('',(0.,1.,1.35525271560688E-16));
#4343=DIRECTION('',(0.,-1.35525271560688E-16,1.));
#4344=DIRECTION('',(1.,0.,0.));
#4345=DIRECTION('',(1.,0.,0.));
#4346=DIRECTION('',(0.,0.,-1.));
#4347=DIRECTION('',(0.,0.,-1.));
#4348=DIRECTION('',(-1.,0.,0.));
#4349=DIRECTION('',(0.,1.,0.));
#4350=DIRECTION('',(0.,0.,-1.));
#4351=DIRECTION('',(-1.,0.,0.));
#4352=DIRECTION('',(1.,0.,0.));
#4353=DIRECTION('',(0.,1.,0.));
#4354=DIRECTION('',(0.,1.,1.35525271560688E-16));
#4355=DIRECTION('',(0.,-1.35525271560688E-16,1.));
#4356=DIRECTION('',(1.,0.,0.));
#4357=DIRECTION('',(0.,0.,-1.));
#4358=DIRECTION('',(-1.,0.,0.));
#4359=DIRECTION('',(0.,1.,0.));
#4360=DIRECTION('',(0.,0.,-1.));
#4361=DIRECTION('',(-1.,0.,0.));
#4362=DIRECTION('',(1.,0.,0.));
#4363=DIRECTION('',(0.,1.,0.));
#4364=DIRECTION('',(0.,1.,1.35525271560688E-16));
#4365=DIRECTION('',(0.,-1.35525271560688E-16,1.));
#4366=DIRECTION('',(0.,0.,1.));
#4367=DIRECTION('',(-1.,0.,0.));
#4368=DIRECTION('',(0.,1.,1.35525271560688E-16));
#4369=DIRECTION('',(0.,-1.35525271560688E-16,1.));
#4370=DIRECTION('',(1.,0.,0.));
#4371=DIRECTION('',(-1.,0.,0.));
#4372=DIRECTION('',(0.,0.,1.));
#4373=DIRECTION('',(0.,0.,-1.));
#4374=DIRECTION('',(-1.,0.,0.));
#4375=DIRECTION('',(1.,0.,0.));
#4376=DIRECTION('',(0.,-1.,0.));
#4377=DIRECTION('',(0.,0.,-1.));
#4378=DIRECTION('',(0.,0.,1.));
#4379=DIRECTION('',(-1.,0.,0.));
#4380=DIRECTION('',(0.,-1.,0.));
#4381=DIRECTION('',(0.,0.,-1.));
#4382=DIRECTION('',(-1.,0.,0.));
#4383=DIRECTION('',(0.,1.,1.35525271560688E-16));
#4384=DIRECTION('',(0.,-1.35525271560688E-16,1.));
#4385=DIRECTION('',(0.,-1.35525271560688E-16,1.));
#4386=DIRECTION('',(1.,0.,0.));
#4387=DIRECTION('',(0.,0.,-1.));
#4388=DIRECTION('',(1.,0.,0.));
#4389=DIRECTION('',(0.,0.,-1.));
#4390=DIRECTION('',(0.,-1.,0.));
#4391=DIRECTION('',(1.,0.,0.));
#4392=DIRECTION('',(0.,0.,-1.));
#4393=DIRECTION('',(0.,1.,0.));
#4394=DIRECTION('',(0.,-1.,0.));
#4395=DIRECTION('',(0.,0.,1.));
#4396=DIRECTION('',(0.,0.,1.));
#4397=DIRECTION('',(1.,0.,0.));
#4398=DIRECTION('',(0.,1.,0.));
#4399=DIRECTION('',(1.,0.,0.));
#4400=DIRECTION('',(0.,0.,-1.));
#4401=DIRECTION('',(0.,0.,1.));
#4402=DIRECTION('',(0.,1.,0.));
#4403=DIRECTION('',(1.,0.,0.));
#4404=DIRECTION('',(0.,0.,-1.));
#4405=DIRECTION('',(0.,1.,0.));
#4406=DIRECTION('',(1.,0.,0.));
#4407=DIRECTION('',(0.,0.,-1.));
#4408=DIRECTION('',(1.,0.,0.));
#4409=DIRECTION('',(0.,0.,-1.));
#4410=DIRECTION('',(0.,-1.,0.));
#4411=DIRECTION('',(1.,0.,0.));
#4412=DIRECTION('',(0.,0.,-1.));
#4413=DIRECTION('',(0.,1.,0.));
#4414=DIRECTION('',(0.,-1.,0.));
#4415=DIRECTION('',(0.,0.,-1.));
#4416=DIRECTION('',(0.,0.,1.));
#4417=DIRECTION('',(1.,0.,0.));
#4418=DIRECTION('',(0.,1.,0.));
#4419=DIRECTION('',(1.,0.,0.));
#4420=DIRECTION('',(0.,0.,-1.));
#4421=DIRECTION('',(0.,0.,-1.));
#4422=DIRECTION('',(0.,1.,0.));
#4423=DIRECTION('',(1.,0.,0.));
#4424=DIRECTION('',(0.,0.,-1.));
#4425=DIRECTION('',(0.,1.,0.));
#4426=DIRECTION('',(1.,0.,0.));
#4427=DIRECTION('',(0.,0.,-1.));
#4428=DIRECTION('',(1.,0.,0.));
#4429=DIRECTION('',(0.,0.,-1.));
#4430=DIRECTION('',(0.,0.,-1.));
#4431=DIRECTION('',(0.,1.,0.));
#4432=DIRECTION('',(0.,1.,0.));
#4433=DIRECTION('',(0.,0.,1.));
#4434=DIRECTION('',(1.,0.,0.));
#4435=DIRECTION('',(1.,0.,0.));
#4436=DIRECTION('',(0.,1.,0.));
#4437=DIRECTION('',(1.,0.,0.));
#4438=DIRECTION('',(0.,0.,-1.));
#4439=DIRECTION('',(0.,0.,-1.));
#4440=DIRECTION('',(0.,1.,0.));
#4441=DIRECTION('',(0.,0.,1.));
#4442=DIRECTION('',(1.,0.,0.));
#4443=DIRECTION('',(1.,0.,0.));
#4444=DIRECTION('',(0.,-1.,0.));
#4445=DIRECTION('',(0.,0.,-1.));
#4446=DIRECTION('',(0.,1.,0.));
#4447=DIRECTION('',(0.,0.,1.));
#4448=DIRECTION('',(1.,0.,0.));
#4449=DIRECTION('',(1.,0.,0.));
#4450=DIRECTION('',(0.,0.,-1.));
#4451=DIRECTION('',(0.,-1.,0.));
#4452=DIRECTION('',(0.,-1.,0.));
#4453=DIRECTION('',(0.,0.,-1.));
#4454=DIRECTION('',(-1.,0.,0.));
#4455=DIRECTION('',(-1.,0.,0.));
#4456=DIRECTION('',(0.,0.,1.));
#4457=DIRECTION('',(0.,1.,0.));
#4458=DIRECTION('',(0.,1.,0.));
#4459=DIRECTION('',(0.,0.,1.));
#4460=DIRECTION('',(1.,0.,0.));
#4461=DIRECTION('',(0.,0.,-1.));
#4462=DIRECTION('',(1.,0.,0.));
#4463=DIRECTION('',(0.,0.,-1.));
#4464=DIRECTION('',(-1.,0.,0.));
#4465=DIRECTION('',(0.,0.,1.));
#4466=DIRECTION('',(0.,1.,0.));
#4467=DIRECTION('',(0.,0.,-1.));
#4468=DIRECTION('',(0.,1.,0.));
#4469=DIRECTION('',(0.,-1.,0.));
#4470=DIRECTION('',(0.,0.,-1.));
#4471=DIRECTION('',(-1.,0.,0.));
#4472=DIRECTION('',(0.,0.,-1.));
#4473=DIRECTION('',(-1.,0.,0.));
#4474=DIRECTION('',(1.,0.,0.));
#4475=DIRECTION('',(0.,0.,-1.));
#4476=DIRECTION('',(0.,-1.,0.));
#4477=DIRECTION('',(0.,-1.,0.));
#4478=DIRECTION('',(0.,0.,-1.));
#4479=DIRECTION('',(1.,0.,0.));
#4480=DIRECTION('',(0.,0.,1.));
#4481=DIRECTION('',(1.,0.,0.));
#4482=DIRECTION('',(1.,0.,0.));
#4483=DIRECTION('',(0.,0.,-1.));
#4484=DIRECTION('',(0.,1.,0.));
#4485=DIRECTION('',(0.,1.,0.));
#4486=DIRECTION('',(0.,0.,1.));
#4487=DIRECTION('',(-1.,0.,0.));
#4488=DIRECTION('',(-1.,0.,0.));
#4489=DIRECTION('',(0.,0.,1.));
#4490=DIRECTION('',(0.,-1.,0.));
#4491=DIRECTION('',(0.,1.,0.));
#4492=DIRECTION('',(0.,0.,1.));
#4493=DIRECTION('',(-1.,0.,0.));
#4494=DIRECTION('',(-1.,0.,0.));
#4495=DIRECTION('',(0.,0.,1.));
#4496=DIRECTION('',(0.,-1.,0.));
#4497=DIRECTION('',(0.,0.,1.));
#4498=DIRECTION('',(0.,-1.,0.));
#4499=DIRECTION('',(0.,0.,1.));
#4500=DIRECTION('',(0.,1.,0.));
#4501=DIRECTION('',(0.,0.,1.));
#4502=DIRECTION('',(-1.,0.,0.));
#4503=DIRECTION('',(0.,0.,1.));
#4504=DIRECTION('',(-1.,0.,0.));
#4505=DIRECTION('',(1.,0.,0.));
#4506=DIRECTION('',(0.,0.,-1.));
#4507=DIRECTION('',(0.,1.,0.));
#4508=DIRECTION('',(0.,0.,1.));
#4509=DIRECTION('',(0.,1.,0.));
#4510=DIRECTION('',(0.,1.,0.));
#4511=DIRECTION('',(0.,0.,1.));
#4512=DIRECTION('',(-1.,0.,0.));
#4513=DIRECTION('',(-1.,0.,0.));
#4514=DIRECTION('',(0.,0.,1.));
#4515=DIRECTION('',(1.,0.,0.));
#4516=DIRECTION('',(0.,0.,1.));
#4517=DIRECTION('',(1.,0.,0.));
#4518=CARTESIAN_POINT('',(0.,0.,0.));
#4519=CARTESIAN_POINT('',(-0.00082,0.00064,0.003));
#4520=CARTESIAN_POINT('',(-0.00082,0.00064,0.00396));
#4521=CARTESIAN_POINT('',(-0.00082,-0.00032,0.00396));
#4522=CARTESIAN_POINT('',(-0.00082,0.0016,0.00396));
#4523=CARTESIAN_POINT('',(-0.00082,-0.00032,0.003));
#4524=CARTESIAN_POINT('',(-0.00082,-0.00032,0.00204));
#4525=CARTESIAN_POINT('',(-0.00082,0.00064,0.00204));
#4526=CARTESIAN_POINT('',(-0.00082,0.0016,0.00204));
#4527=CARTESIAN_POINT('',(-0.00082,0.0016,0.003));
#4528=CARTESIAN_POINT('',(-0.00082,-0.00044,0.00504));
#4529=CARTESIAN_POINT('',(-0.00082,-0.00044,0.00582));
#4530=CARTESIAN_POINT('',(-0.00082,-0.00044,0.00408));
#4531=CARTESIAN_POINT('',(-0.00082,0.00064,0.00582));
#4532=CARTESIAN_POINT('',(-0.00082,-0.00032,0.00582));
#4533=CARTESIAN_POINT('',(-0.00082,-0.00032,0.00504));
#4534=CARTESIAN_POINT('',(-0.00082,-0.00032,0.00408));
#4535=CARTESIAN_POINT('',(-0.00082,0.00064,0.00408));
#4536=CARTESIAN_POINT('',(-0.00082,0.0016,0.00408));
#4537=CARTESIAN_POINT('',(-0.00082,0.0016,0.00504));
#4538=CARTESIAN_POINT('',(-0.00082,0.0016,0.00582));
#4539=CARTESIAN_POINT('',(-0.00082,0.00064,0.00582));
#4540=CARTESIAN_POINT('',(-0.00082,0.00172,0.00582));
#4541=CARTESIAN_POINT('',(-0.00082,0.00172,0.00504));
#4542=CARTESIAN_POINT('',(-0.00082,0.00172,0.00408));
#4543=CARTESIAN_POINT('',(-0.00082,0.00268,0.00408));
#4544=CARTESIAN_POINT('',(-0.00082,0.00346,0.00408));
#4545=CARTESIAN_POINT('',(-0.00082,0.00346,0.003));
#4546=CARTESIAN_POINT('',(-0.00082,0.00346,0.00396));
#4547=CARTESIAN_POINT('',(-0.00082,0.00268,0.00396));
#4548=CARTESIAN_POINT('',(-0.00082,0.00172,0.00396));
#4549=CARTESIAN_POINT('',(-0.00082,0.00172,0.003));
#4550=CARTESIAN_POINT('',(-0.00082,0.00172,0.00204));
#4551=CARTESIAN_POINT('',(-0.00082,0.00268,0.00204));
#4552=CARTESIAN_POINT('',(-0.00082,0.00346,0.00204));
#4553=CARTESIAN_POINT('',(-0.00082,0.00346,0.003));
#4554=CARTESIAN_POINT('',(-0.00082,0.00346,0.00192));
#4555=CARTESIAN_POINT('',(-0.00082,0.00268,0.00192));
#4556=CARTESIAN_POINT('',(-0.00082,0.00172,0.00192));
#4557=CARTESIAN_POINT('',(-0.00082,0.00172,0.00096));
#4558=CARTESIAN_POINT('',(-0.00082,0.00172,0.00018));
#4559=CARTESIAN_POINT('',(-0.00082,0.00064,0.00018));
#4560=CARTESIAN_POINT('',(-0.00082,0.0016,0.00018));
#4561=CARTESIAN_POINT('',(-0.00082,0.0016,0.00096));
#4562=CARTESIAN_POINT('',(-0.00082,0.0016,0.00192));
#4563=CARTESIAN_POINT('',(-0.00082,0.00064,0.00192));
#4564=CARTESIAN_POINT('',(-0.00082,-0.00032,0.00192));
#4565=CARTESIAN_POINT('',(-0.00082,-0.00032,0.00096));
#4566=CARTESIAN_POINT('',(-0.00082,-0.00032,0.00018));
#4567=CARTESIAN_POINT('',(-0.00082,0.00064,0.00018));
#4568=CARTESIAN_POINT('',(-0.00082,-0.00044,0.00018));
#4569=CARTESIAN_POINT('',(-0.00082,-0.00044,0.00096));
#4570=CARTESIAN_POINT('',(-0.00082,-0.00044,0.00192));
#4571=CARTESIAN_POINT('',(-0.00082,-0.0014,0.00192));
#4572=CARTESIAN_POINT('',(-0.00082,-0.00218,0.00192));
#4573=CARTESIAN_POINT('',(-0.00082,-0.00218,0.003));
#4574=CARTESIAN_POINT('',(-0.00082,-0.00218,0.00204));
#4575=CARTESIAN_POINT('',(-0.00082,-0.0014,0.00204));
#4576=CARTESIAN_POINT('',(-0.00082,-0.00044,0.00204));
#4577=CARTESIAN_POINT('',(-0.00082,-0.00044,0.003));
#4578=CARTESIAN_POINT('',(-0.00082,-0.00044,0.00396));
#4579=CARTESIAN_POINT('',(-0.00082,-0.0014,0.00396));
#4580=CARTESIAN_POINT('',(-0.00082,-0.00218,0.00396));
#4581=CARTESIAN_POINT('',(-0.00082,-0.00218,0.003));
#4582=CARTESIAN_POINT('',(-0.00082,-0.00218,0.00408));
#4583=CARTESIAN_POINT('',(-0.00082,-0.0014,0.00408));
#4584=CARTESIAN_POINT('',(0.00482,0.00064,0.003));
#4585=CARTESIAN_POINT('',(0.00482,0.00064,0.00204));
#4586=CARTESIAN_POINT('',(0.00482,-0.00032,0.00204));
#4587=CARTESIAN_POINT('',(0.00482,0.0016,0.00204));
#4588=CARTESIAN_POINT('',(0.00482,-0.00032,0.003));
#4589=CARTESIAN_POINT('',(0.00482,-0.00032,0.00396));
#4590=CARTESIAN_POINT('',(0.00482,0.00064,0.00396));
#4591=CARTESIAN_POINT('',(0.00482,0.0016,0.00396));
#4592=CARTESIAN_POINT('',(0.00482,0.0016,0.003));
#4593=CARTESIAN_POINT('',(0.00482,0.00172,0.00504));
#4594=CARTESIAN_POINT('',(0.00482,0.00172,0.00408));
#4595=CARTESIAN_POINT('',(0.00482,0.00172,0.00582));
#4596=CARTESIAN_POINT('',(0.00482,0.00064,0.00582));
#4597=CARTESIAN_POINT('',(0.00482,0.0016,0.00582));
#4598=CARTESIAN_POINT('',(0.00482,0.0016,0.00504));
#4599=CARTESIAN_POINT('',(0.00482,0.0016,0.00408));
#4600=CARTESIAN_POINT('',(0.00482,0.00064,0.00408));
#4601=CARTESIAN_POINT('',(0.00482,-0.00032,0.00408));
#4602=CARTESIAN_POINT('',(0.00482,-0.00032,0.00504));
#4603=CARTESIAN_POINT('',(0.00482,-0.00032,0.00582));
#4604=CARTESIAN_POINT('',(0.00482,0.00064,0.00582));
#4605=CARTESIAN_POINT('',(0.00482,-0.00044,0.00582));
#4606=CARTESIAN_POINT('',(0.00482,-0.00044,0.00504));
#4607=CARTESIAN_POINT('',(0.00482,-0.00044,0.00408));
#4608=CARTESIAN_POINT('',(0.00482,-0.0014,0.00408));
#4609=CARTESIAN_POINT('',(0.00482,-0.00218,0.00408));
#4610=CARTESIAN_POINT('',(0.00482,-0.00218,0.003));
#4611=CARTESIAN_POINT('',(0.00482,-0.00218,0.00396));
#4612=CARTESIAN_POINT('',(0.00482,-0.0014,0.00396));
#4613=CARTESIAN_POINT('',(0.00482,-0.00044,0.00396));
#4614=CARTESIAN_POINT('',(0.00482,-0.00044,0.003));
#4615=CARTESIAN_POINT('',(0.00482,-0.00044,0.00204));
#4616=CARTESIAN_POINT('',(0.00482,-0.0014,0.00204));
#4617=CARTESIAN_POINT('',(0.00482,-0.00218,0.00204));
#4618=CARTESIAN_POINT('',(0.00482,-0.00218,0.003));
#4619=CARTESIAN_POINT('',(0.00482,-0.00218,0.00192));
#4620=CARTESIAN_POINT('',(0.00482,-0.0014,0.00192));
#4621=CARTESIAN_POINT('',(0.00482,-0.00044,0.00192));
#4622=CARTESIAN_POINT('',(0.00482,-0.00044,0.00096));
#4623=CARTESIAN_POINT('',(0.00482,-0.00044,0.00018));
#4624=CARTESIAN_POINT('',(0.00482,0.00064,0.00018));
#4625=CARTESIAN_POINT('',(0.00482,-0.00032,0.00018));
#4626=CARTESIAN_POINT('',(0.00482,-0.00032,0.00096));
#4627=CARTESIAN_POINT('',(0.00482,-0.00032,0.00192));
#4628=CARTESIAN_POINT('',(0.00482,0.00064,0.00192));
#4629=CARTESIAN_POINT('',(0.00482,0.0016,0.00192));
#4630=CARTESIAN_POINT('',(0.00482,0.0016,0.00096));
#4631=CARTESIAN_POINT('',(0.00482,0.0016,0.00018));
#4632=CARTESIAN_POINT('',(0.00482,0.00064,0.00018));
#4633=CARTESIAN_POINT('',(0.00482,0.00172,0.00018));
#4634=CARTESIAN_POINT('',(0.00482,0.00172,0.00096));
#4635=CARTESIAN_POINT('',(0.00482,0.00172,0.00192));
#4636=CARTESIAN_POINT('',(0.00482,0.00268,0.00192));
#4637=CARTESIAN_POINT('',(0.00482,0.00346,0.00192));
#4638=CARTESIAN_POINT('',(0.00482,0.00346,0.003));
#4639=CARTESIAN_POINT('',(0.00482,0.00346,0.00204));
#4640=CARTESIAN_POINT('',(0.00482,0.00268,0.00204));
#4641=CARTESIAN_POINT('',(0.00482,0.00172,0.00204));
#4642=CARTESIAN_POINT('',(0.00482,0.00172,0.003));
#4643=CARTESIAN_POINT('',(0.00482,0.00172,0.00396));
#4644=CARTESIAN_POINT('',(0.00482,0.00268,0.00396));
#4645=CARTESIAN_POINT('',(0.00482,0.00346,0.00396));
#4646=CARTESIAN_POINT('',(0.00482,0.00346,0.003));
#4647=CARTESIAN_POINT('',(0.00482,0.00346,0.00408));
#4648=CARTESIAN_POINT('',(0.00482,0.00268,0.00408));
#4649=CARTESIAN_POINT('',(0.002,-0.00218,0.003));
#4650=CARTESIAN_POINT('',(0.00104,-0.00218,0.003));
#4651=CARTESIAN_POINT('',(0.00104,-0.00218,0.00396));
#4652=CARTESIAN_POINT('',(0.00104,-0.00218,0.00204));
#4653=CARTESIAN_POINT('',(0.002,-0.00218,0.00396));
#4654=CARTESIAN_POINT('',(0.00296,-0.00218,0.00396));
#4655=CARTESIAN_POINT('',(0.00296,-0.00218,0.003));
#4656=CARTESIAN_POINT('',(0.00296,-0.00218,0.00204));
#4657=CARTESIAN_POINT('',(0.002,-0.00218,0.00204));
#4658=CARTESIAN_POINT('',(0.00308,-0.00218,0.00504));
#4659=CARTESIAN_POINT('',(0.00308,-0.00218,0.00582));
#4660=CARTESIAN_POINT('',(0.00308,-0.00218,0.00408));
#4661=CARTESIAN_POINT('',(0.002,-0.00218,0.00582));
#4662=CARTESIAN_POINT('',(0.00296,-0.00218,0.00582));
#4663=CARTESIAN_POINT('',(0.00296,-0.00218,0.00504));
#4664=CARTESIAN_POINT('',(0.00296,-0.00218,0.00408));
#4665=CARTESIAN_POINT('',(0.002,-0.00218,0.00408));
#4666=CARTESIAN_POINT('',(0.00104,-0.00218,0.00408));
#4667=CARTESIAN_POINT('',(0.00104,-0.00218,0.00504));
#4668=CARTESIAN_POINT('',(0.00104,-0.00218,0.00582));
#4669=CARTESIAN_POINT('',(0.002,-0.00218,0.00582));
#4670=CARTESIAN_POINT('',(0.00092,-0.00218,0.00582));
#4671=CARTESIAN_POINT('',(0.00092,-0.00218,0.00504));
#4672=CARTESIAN_POINT('',(0.00092,-0.00218,0.00408));
#4673=CARTESIAN_POINT('',(-4.E-5,-0.00218,0.00408));
#4674=CARTESIAN_POINT('',(-4.E-5,-0.00218,0.00396));
#4675=CARTESIAN_POINT('',(0.00092,-0.00218,0.00396));
#4676=CARTESIAN_POINT('',(0.00092,-0.00218,0.003));
#4677=CARTESIAN_POINT('',(0.00092,-0.00218,0.00204));
#4678=CARTESIAN_POINT('',(-4.E-5,-0.00218,0.00204));
#4679=CARTESIAN_POINT('',(-4.E-5,-0.00218,0.00192));
#4680=CARTESIAN_POINT('',(0.00092,-0.00218,0.00192));
#4681=CARTESIAN_POINT('',(0.00092,-0.00218,0.00096));
#4682=CARTESIAN_POINT('',(0.00092,-0.00218,0.00018));
#4683=CARTESIAN_POINT('',(0.002,-0.00218,0.00018));
#4684=CARTESIAN_POINT('',(0.00104,-0.00218,0.00018));
#4685=CARTESIAN_POINT('',(0.00104,-0.00218,0.00096));
#4686=CARTESIAN_POINT('',(0.00104,-0.00218,0.00192));
#4687=CARTESIAN_POINT('',(0.002,-0.00218,0.00192));
#4688=CARTESIAN_POINT('',(0.00296,-0.00218,0.00192));
#4689=CARTESIAN_POINT('',(0.00296,-0.00218,0.00096));
#4690=CARTESIAN_POINT('',(0.00296,-0.00218,0.00018));
#4691=CARTESIAN_POINT('',(0.002,-0.00218,0.00018));
#4692=CARTESIAN_POINT('',(0.00308,-0.00218,0.00018));
#4693=CARTESIAN_POINT('',(0.00308,-0.00218,0.00096));
#4694=CARTESIAN_POINT('',(0.00308,-0.00218,0.00192));
#4695=CARTESIAN_POINT('',(0.00404,-0.00218,0.00192));
#4696=CARTESIAN_POINT('',(0.00404,-0.00218,0.00204));
#4697=CARTESIAN_POINT('',(0.00308,-0.00218,0.00204));
#4698=CARTESIAN_POINT('',(0.00308,-0.00218,0.003));
#4699=CARTESIAN_POINT('',(0.00308,-0.00218,0.00396));
#4700=CARTESIAN_POINT('',(0.00404,-0.00218,0.00396));
#4701=CARTESIAN_POINT('',(0.00404,-0.00218,0.00408));
#4702=CARTESIAN_POINT('',(0.002,0.00346,0.003));
#4703=CARTESIAN_POINT('',(0.00104,0.00346,0.003));
#4704=CARTESIAN_POINT('',(0.00104,0.00346,0.00396));
#4705=CARTESIAN_POINT('',(0.00104,0.00346,0.00204));
#4706=CARTESIAN_POINT('',(0.002,0.00346,0.00204));
#4707=CARTESIAN_POINT('',(0.00296,0.00346,0.00204));
#4708=CARTESIAN_POINT('',(0.00296,0.00346,0.003));
#4709=CARTESIAN_POINT('',(0.00296,0.00346,0.00396));
#4710=CARTESIAN_POINT('',(0.002,0.00346,0.00396));
#4711=CARTESIAN_POINT('',(0.00092,0.00346,0.00504));
#4712=CARTESIAN_POINT('',(0.00092,0.00346,0.00582));
#4713=CARTESIAN_POINT('',(0.00092,0.00346,0.00408));
#4714=CARTESIAN_POINT('',(0.002,0.00346,0.00582));
#4715=CARTESIAN_POINT('',(0.00104,0.00346,0.00582));
#4716=CARTESIAN_POINT('',(0.00104,0.00346,0.00504));
#4717=CARTESIAN_POINT('',(0.00104,0.00346,0.00408));
#4718=CARTESIAN_POINT('',(0.002,0.00346,0.00408));
#4719=CARTESIAN_POINT('',(0.00296,0.00346,0.00408));
#4720=CARTESIAN_POINT('',(0.00296,0.00346,0.00504));
#4721=CARTESIAN_POINT('',(0.00296,0.00346,0.00582));
#4722=CARTESIAN_POINT('',(0.002,0.00346,0.00582));
#4723=CARTESIAN_POINT('',(0.00308,0.00346,0.00582));
#4724=CARTESIAN_POINT('',(0.00308,0.00346,0.00504));
#4725=CARTESIAN_POINT('',(0.00308,0.00346,0.00408));
#4726=CARTESIAN_POINT('',(0.00404,0.00346,0.00408));
#4727=CARTESIAN_POINT('',(0.00404,0.00346,0.00396));
#4728=CARTESIAN_POINT('',(0.00308,0.00346,0.00396));
#4729=CARTESIAN_POINT('',(0.00308,0.00346,0.003));
#4730=CARTESIAN_POINT('',(0.00308,0.00346,0.00204));
#4731=CARTESIAN_POINT('',(0.00404,0.00346,0.00204));
#4732=CARTESIAN_POINT('',(0.00404,0.00346,0.00192));
#4733=CARTESIAN_POINT('',(0.00308,0.00346,0.00192));
#4734=CARTESIAN_POINT('',(0.00308,0.00346,0.00096));
#4735=CARTESIAN_POINT('',(0.00308,0.00346,0.00018));
#4736=CARTESIAN_POINT('',(0.002,0.00346,0.00018));
#4737=CARTESIAN_POINT('',(0.00296,0.00346,0.00018));
#4738=CARTESIAN_POINT('',(0.00296,0.00346,0.00096));
#4739=CARTESIAN_POINT('',(0.00296,0.00346,0.00192));
#4740=CARTESIAN_POINT('',(0.002,0.00346,0.00192));
#4741=CARTESIAN_POINT('',(0.00104,0.00346,0.00192));
#4742=CARTESIAN_POINT('',(0.00104,0.00346,0.00096));
#4743=CARTESIAN_POINT('',(0.00104,0.00346,0.00018));
#4744=CARTESIAN_POINT('',(0.002,0.00346,0.00018));
#4745=CARTESIAN_POINT('',(0.00092,0.00346,0.00018));
#4746=CARTESIAN_POINT('',(0.00092,0.00346,0.00096));
#4747=CARTESIAN_POINT('',(0.00092,0.00346,0.00192));
#4748=CARTESIAN_POINT('',(-4.E-5,0.00346,0.00192));
#4749=CARTESIAN_POINT('',(-4.E-5,0.00346,0.00204));
#4750=CARTESIAN_POINT('',(0.00092,0.00346,0.00204));
#4751=CARTESIAN_POINT('',(0.00092,0.00346,0.003));
#4752=CARTESIAN_POINT('',(0.00092,0.00346,0.00396));
#4753=CARTESIAN_POINT('',(-4.E-5,0.00346,0.00396));
#4754=CARTESIAN_POINT('',(-4.E-5,0.00346,0.00408));
#4755=CARTESIAN_POINT('',(0.002,0.00064,0.006));
#4756=CARTESIAN_POINT('',(0.00482,-0.00044,0.006));
#4757=CARTESIAN_POINT('',(0.00308,-0.00044,0.006));
#4758=CARTESIAN_POINT('',(0.005,-0.00044,0.006));
#4759=CARTESIAN_POINT('',(0.00308,-0.00218,0.006));
#4760=CARTESIAN_POINT('',(0.00308,-0.00236,0.006));
#4761=CARTESIAN_POINT('',(0.002,-0.00236,0.006));
#4762=CARTESIAN_POINT('',(0.005,-0.00236,0.006));
#4763=CARTESIAN_POINT('',(0.005,0.00064,0.006));
#4764=CARTESIAN_POINT('',(0.002,0.00064,0.006));
#4765=CARTESIAN_POINT('',(0.00308,0.00064,0.006));
#4766=CARTESIAN_POINT('',(0.00308,-0.00032,0.006));
#4767=CARTESIAN_POINT('',(0.00308,0.0016,0.006));
#4768=CARTESIAN_POINT('',(0.00482,-0.00032,0.006));
#4769=CARTESIAN_POINT('',(0.005,-0.00032,0.006));
#4770=CARTESIAN_POINT('',(0.005,0.00064,0.006));
#4771=CARTESIAN_POINT('',(0.005,0.0016,0.006));
#4772=CARTESIAN_POINT('',(0.00482,0.0016,0.006));
#4773=CARTESIAN_POINT('',(0.002,0.00064,0.006));
#4774=CARTESIAN_POINT('',(0.002,0.00172,0.006));
#4775=CARTESIAN_POINT('',(0.00296,0.00172,0.006));
#4776=CARTESIAN_POINT('',(0.00104,0.00172,0.006));
#4777=CARTESIAN_POINT('',(0.00296,0.00346,0.006));
#4778=CARTESIAN_POINT('',(0.00296,0.00364,0.006));
#4779=CARTESIAN_POINT('',(0.002,0.00364,0.006));
#4780=CARTESIAN_POINT('',(0.00104,0.00364,0.006));
#4781=CARTESIAN_POINT('',(0.00104,0.00346,0.006));
#4782=CARTESIAN_POINT('',(0.002,0.00064,0.006));
#4783=CARTESIAN_POINT('',(0.00308,0.00346,0.006));
#4784=CARTESIAN_POINT('',(0.00308,0.00172,0.006));
#4785=CARTESIAN_POINT('',(0.00308,0.00364,0.006));
#4786=CARTESIAN_POINT('',(0.00482,0.00172,0.006));
#4787=CARTESIAN_POINT('',(0.005,0.00172,0.006));
#4788=CARTESIAN_POINT('',(0.005,0.00064,0.006));
#4789=CARTESIAN_POINT('',(0.005,0.00364,0.006));
#4790=CARTESIAN_POINT('',(0.002,0.00364,0.006));
#4791=CARTESIAN_POINT('',(0.002,0.00064,0.006));
#4792=CARTESIAN_POINT('',(0.00092,0.00064,0.006));
#4793=CARTESIAN_POINT('',(0.00092,0.0016,0.006));
#4794=CARTESIAN_POINT('',(0.00092,-0.00032,0.006));
#4795=CARTESIAN_POINT('',(-0.00082,0.0016,0.006));
#4796=CARTESIAN_POINT('',(-0.001,0.0016,0.006));
#4797=CARTESIAN_POINT('',(-0.001,0.00064,0.006));
#4798=CARTESIAN_POINT('',(-0.001,-0.00032,0.006));
#4799=CARTESIAN_POINT('',(-0.00082,-0.00032,0.006));
#4800=CARTESIAN_POINT('',(0.002,0.00064,0.006));
#4801=CARTESIAN_POINT('',(0.00092,-0.00218,0.006));
#4802=CARTESIAN_POINT('',(0.00092,-0.00044,0.006));
#4803=CARTESIAN_POINT('',(0.00092,-0.00236,0.006));
#4804=CARTESIAN_POINT('',(-0.00082,-0.00044,0.006));
#4805=CARTESIAN_POINT('',(-0.001,-0.00044,0.006));
#4806=CARTESIAN_POINT('',(-0.001,0.00064,0.006));
#4807=CARTESIAN_POINT('',(-0.001,-0.00236,0.006));
#4808=CARTESIAN_POINT('',(0.002,-0.00236,0.006));
#4809=CARTESIAN_POINT('',(0.002,0.00064,0.006));
#4810=CARTESIAN_POINT('',(0.002,-0.00044,0.006));
#4811=CARTESIAN_POINT('',(0.00296,-0.00044,0.006));
#4812=CARTESIAN_POINT('',(0.00104,-0.00044,0.006));
#4813=CARTESIAN_POINT('',(0.00104,-0.00218,0.006));
#4814=CARTESIAN_POINT('',(0.00104,-0.00236,0.006));
#4815=CARTESIAN_POINT('',(0.002,-0.00236,0.006));
#4816=CARTESIAN_POINT('',(0.00296,-0.00236,0.006));
#4817=CARTESIAN_POINT('',(0.00296,-0.00218,0.006));
#4818=CARTESIAN_POINT('',(0.002,0.00064,0.));
#4819=CARTESIAN_POINT('',(0.00092,0.00346,0.));
#4820=CARTESIAN_POINT('',(0.00092,0.00172,0.));
#4821=CARTESIAN_POINT('',(0.00092,0.00364,0.));
#4822=CARTESIAN_POINT('',(-0.00082,0.00172,0.));
#4823=CARTESIAN_POINT('',(-0.001,0.00172,0.));
#4824=CARTESIAN_POINT('',(-0.001,0.00064,0.));
#4825=CARTESIAN_POINT('',(-0.001,0.00364,0.));
#4826=CARTESIAN_POINT('',(0.002,0.00364,0.));
#4827=CARTESIAN_POINT('',(0.002,0.00064,0.));
#4828=CARTESIAN_POINT('',(0.00482,0.00172,0.));
#4829=CARTESIAN_POINT('',(0.00308,0.00172,0.));
#4830=CARTESIAN_POINT('',(0.005,0.00172,0.));
#4831=CARTESIAN_POINT('',(0.00308,0.00346,0.));
#4832=CARTESIAN_POINT('',(0.00308,0.00364,0.));
#4833=CARTESIAN_POINT('',(0.002,0.00364,0.));
#4834=CARTESIAN_POINT('',(0.005,0.00364,0.));
#4835=CARTESIAN_POINT('',(0.005,0.00064,0.));
#4836=CARTESIAN_POINT('',(0.002,0.00064,0.));
#4837=CARTESIAN_POINT('',(0.002,0.00172,0.));
#4838=CARTESIAN_POINT('',(0.00104,0.00172,0.));
#4839=CARTESIAN_POINT('',(0.00296,0.00172,0.));
#4840=CARTESIAN_POINT('',(0.00104,0.00346,0.));
#4841=CARTESIAN_POINT('',(0.00104,0.00364,0.));
#4842=CARTESIAN_POINT('',(0.002,0.00364,0.));
#4843=CARTESIAN_POINT('',(0.00296,0.00364,0.));
#4844=CARTESIAN_POINT('',(0.00296,0.00346,0.));
#4845=CARTESIAN_POINT('',(0.002,0.00064,0.));
#4846=CARTESIAN_POINT('',(0.00308,-0.00218,0.));
#4847=CARTESIAN_POINT('',(0.00308,-0.00044,0.));
#4848=CARTESIAN_POINT('',(0.00308,-0.00236,0.));
#4849=CARTESIAN_POINT('',(0.00482,-0.00044,0.));
#4850=CARTESIAN_POINT('',(0.005,-0.00044,0.));
#4851=CARTESIAN_POINT('',(0.005,0.00064,0.));
#4852=CARTESIAN_POINT('',(0.005,-0.00236,0.));
#4853=CARTESIAN_POINT('',(0.002,-0.00236,0.));
#4854=CARTESIAN_POINT('',(0.002,0.00064,0.));
#4855=CARTESIAN_POINT('',(0.00308,0.00064,0.));
#4856=CARTESIAN_POINT('',(0.00308,0.0016,0.));
#4857=CARTESIAN_POINT('',(0.00308,-0.00032,0.));
#4858=CARTESIAN_POINT('',(0.00482,0.0016,0.));
#4859=CARTESIAN_POINT('',(0.005,0.0016,0.));
#4860=CARTESIAN_POINT('',(0.005,0.00064,0.));
#4861=CARTESIAN_POINT('',(0.005,-0.00032,0.));
#4862=CARTESIAN_POINT('',(0.00482,-0.00032,0.));
#4863=CARTESIAN_POINT('',(0.002,0.00064,0.));
#4864=CARTESIAN_POINT('',(-0.00082,-0.00044,0.));
#4865=CARTESIAN_POINT('',(0.00092,-0.00044,0.));
#4866=CARTESIAN_POINT('',(-0.001,-0.00044,0.));
#4867=CARTESIAN_POINT('',(0.00092,-0.00218,0.));
#4868=CARTESIAN_POINT('',(0.00092,-0.00236,0.));
#4869=CARTESIAN_POINT('',(0.002,-0.00236,0.));
#4870=CARTESIAN_POINT('',(-0.001,-0.00236,0.));
#4871=CARTESIAN_POINT('',(-0.001,0.00064,0.));
#4872=CARTESIAN_POINT('',(0.002,0.00064,0.));
#4873=CARTESIAN_POINT('',(0.002,-0.00044,0.));
#4874=CARTESIAN_POINT('',(0.00296,-0.00044,0.));
#4875=CARTESIAN_POINT('',(0.00104,-0.00044,0.));
#4876=CARTESIAN_POINT('',(0.00296,-0.00218,0.));
#4877=CARTESIAN_POINT('',(0.00296,-0.00236,0.));
#4878=CARTESIAN_POINT('',(0.002,-0.00236,0.));
#4879=CARTESIAN_POINT('',(0.00104,-0.00236,0.));
#4880=CARTESIAN_POINT('',(0.00104,-0.00218,0.));
#4881=CARTESIAN_POINT('',(0.002,0.00064,0.006));
#4882=CARTESIAN_POINT('',(-0.00082,0.00172,0.006));
#4883=CARTESIAN_POINT('',(0.00092,0.00172,0.006));
#4884=CARTESIAN_POINT('',(-0.001,0.00172,0.006));
#4885=CARTESIAN_POINT('',(0.00092,0.00346,0.006));
#4886=CARTESIAN_POINT('',(0.00092,0.00364,0.006));
#4887=CARTESIAN_POINT('',(0.002,0.00364,0.006));
#4888=CARTESIAN_POINT('',(-0.001,0.00364,0.006));
#4889=CARTESIAN_POINT('',(-0.001,0.00064,0.006));
#4890=CARTESIAN_POINT('',(0.002,0.00364,0.006));
#4891=CARTESIAN_POINT('',(0.00092,0.00364,0.00504));
#4892=CARTESIAN_POINT('',(0.00092,0.00364,0.00408));
#4893=CARTESIAN_POINT('',(-0.00082,0.00364,0.00408));
#4894=CARTESIAN_POINT('',(-0.001,0.00364,0.00408));
#4895=CARTESIAN_POINT('',(-0.001,0.00364,0.006));
#4896=CARTESIAN_POINT('',(0.002,0.00364,0.006));
#4897=CARTESIAN_POINT('',(0.00104,0.00364,0.00504));
#4898=CARTESIAN_POINT('',(0.00104,0.00364,0.00408));
#4899=CARTESIAN_POINT('',(0.00296,0.00364,0.00504));
#4900=CARTESIAN_POINT('',(0.00296,0.00364,0.00408));
#4901=CARTESIAN_POINT('',(0.002,0.00364,0.00408));
#4902=CARTESIAN_POINT('',(0.002,0.00364,0.006));
#4903=CARTESIAN_POINT('',(0.00308,0.00364,0.00504));
#4904=CARTESIAN_POINT('',(0.00308,0.00364,0.00408));
#4905=CARTESIAN_POINT('',(0.005,0.00364,0.006));
#4906=CARTESIAN_POINT('',(0.005,0.00364,0.00408));
#4907=CARTESIAN_POINT('',(0.00482,0.00364,0.00408));
#4908=CARTESIAN_POINT('',(0.002,0.00364,0.006));
#4909=CARTESIAN_POINT('',(0.00308,0.00364,0.003));
#4910=CARTESIAN_POINT('',(0.00308,0.00364,0.00396));
#4911=CARTESIAN_POINT('',(0.00308,0.00364,0.00204));
#4912=CARTESIAN_POINT('',(0.00482,0.00364,0.00396));
#4913=CARTESIAN_POINT('',(0.005,0.00364,0.00396));
#4914=CARTESIAN_POINT('',(0.005,0.00364,0.006));
#4915=CARTESIAN_POINT('',(0.005,0.00364,0.00204));
#4916=CARTESIAN_POINT('',(0.00482,0.00364,0.00204));
#4917=CARTESIAN_POINT('',(0.002,0.00364,0.006));
#4918=CARTESIAN_POINT('',(0.00308,0.00364,0.00096));
#4919=CARTESIAN_POINT('',(0.00308,0.00364,0.00192));
#4920=CARTESIAN_POINT('',(0.00482,0.00364,0.00192));
#4921=CARTESIAN_POINT('',(0.005,0.00364,0.00192));
#4922=CARTESIAN_POINT('',(0.005,0.00364,0.006));
#4923=CARTESIAN_POINT('',(0.002,0.00364,0.006));
#4924=CARTESIAN_POINT('',(0.002,0.00364,0.00192));
#4925=CARTESIAN_POINT('',(0.00104,0.00364,0.00192));
#4926=CARTESIAN_POINT('',(0.00296,0.00364,0.00192));
#4927=CARTESIAN_POINT('',(0.00296,0.00364,0.00096));
#4928=CARTESIAN_POINT('',(0.00104,0.00364,0.00096));
#4929=CARTESIAN_POINT('',(0.002,0.00364,0.006));
#4930=CARTESIAN_POINT('',(0.00092,0.00364,0.003));
#4931=CARTESIAN_POINT('',(0.00092,0.00364,0.00396));
#4932=CARTESIAN_POINT('',(0.00092,0.00364,0.00204));
#4933=CARTESIAN_POINT('',(-0.00082,0.00364,0.00204));
#4934=CARTESIAN_POINT('',(-0.001,0.00364,0.00204));
#4935=CARTESIAN_POINT('',(-0.001,0.00364,0.006));
#4936=CARTESIAN_POINT('',(-0.001,0.00364,0.00396));
#4937=CARTESIAN_POINT('',(-0.00082,0.00364,0.00396));
#4938=CARTESIAN_POINT('',(0.002,0.00364,0.006));
#4939=CARTESIAN_POINT('',(-0.00082,0.00364,0.00192));
#4940=CARTESIAN_POINT('',(0.00092,0.00364,0.00192));
#4941=CARTESIAN_POINT('',(-0.001,0.00364,0.00192));
#4942=CARTESIAN_POINT('',(0.00092,0.00364,0.00096));
#4943=CARTESIAN_POINT('',(-0.001,0.00364,0.006));
#4944=CARTESIAN_POINT('',(0.005,0.00064,0.006));
#4945=CARTESIAN_POINT('',(0.005,-0.00044,0.003));
#4946=CARTESIAN_POINT('',(0.005,-0.00044,0.00396));
#4947=CARTESIAN_POINT('',(0.005,-0.00044,0.00204));
#4948=CARTESIAN_POINT('',(0.005,-0.00218,0.00396));
#4949=CARTESIAN_POINT('',(0.005,-0.00236,0.00396));
#4950=CARTESIAN_POINT('',(0.005,-0.00236,0.006));
#4951=CARTESIAN_POINT('',(0.005,-0.00236,0.00204));
#4952=CARTESIAN_POINT('',(0.005,-0.00218,0.00204));
#4953=CARTESIAN_POINT('',(0.005,0.00064,0.006));
#4954=CARTESIAN_POINT('',(0.005,0.00064,0.00192));
#4955=CARTESIAN_POINT('',(0.005,-0.00032,0.00192));
#4956=CARTESIAN_POINT('',(0.005,0.0016,0.00192));
#4957=CARTESIAN_POINT('',(0.005,-0.00032,0.00096));
#4958=CARTESIAN_POINT('',(0.005,0.0016,0.00096));
#4959=CARTESIAN_POINT('',(0.005,0.00064,0.006));
#4960=CARTESIAN_POINT('',(0.005,-0.00044,0.00096));
#4961=CARTESIAN_POINT('',(0.005,-0.00044,0.00192));
#4962=CARTESIAN_POINT('',(0.005,-0.00218,0.00192));
#4963=CARTESIAN_POINT('',(0.005,-0.00236,0.00192));
#4964=CARTESIAN_POINT('',(0.005,-0.00236,0.006));
#4965=CARTESIAN_POINT('',(0.005,0.00064,0.006));
#4966=CARTESIAN_POINT('',(0.005,0.00172,0.003));
#4967=CARTESIAN_POINT('',(0.005,0.00172,0.00204));
#4968=CARTESIAN_POINT('',(0.005,0.00172,0.00396));
#4969=CARTESIAN_POINT('',(0.005,0.00268,0.00204));
#4970=CARTESIAN_POINT('',(0.005,0.00268,0.00396));
#4971=CARTESIAN_POINT('',(0.005,0.00064,0.006));
#4972=CARTESIAN_POINT('',(0.005,0.00172,0.00504));
#4973=CARTESIAN_POINT('',(0.005,0.00172,0.00408));
#4974=CARTESIAN_POINT('',(0.005,0.00268,0.00408));
#4975=CARTESIAN_POINT('',(0.005,0.00064,0.006));
#4976=CARTESIAN_POINT('',(0.005,0.00064,0.00408));
#4977=CARTESIAN_POINT('',(0.005,-0.00032,0.00408));
#4978=CARTESIAN_POINT('',(0.005,0.0016,0.00408));
#4979=CARTESIAN_POINT('',(0.005,0.0016,0.00504));
#4980=CARTESIAN_POINT('',(0.005,-0.00032,0.00504));
#4981=CARTESIAN_POINT('',(0.005,0.00064,0.006));
#4982=CARTESIAN_POINT('',(0.005,-0.00218,0.00408));
#4983=CARTESIAN_POINT('',(0.005,-0.00044,0.00408));
#4984=CARTESIAN_POINT('',(0.005,-0.00236,0.00408));
#4985=CARTESIAN_POINT('',(0.005,-0.00044,0.00504));
#4986=CARTESIAN_POINT('',(0.005,-0.00236,0.006));
#4987=CARTESIAN_POINT('',(0.002,-0.00236,0.006));
#4988=CARTESIAN_POINT('',(0.00092,-0.00236,0.00504));
#4989=CARTESIAN_POINT('',(0.00092,-0.00236,0.00408));
#4990=CARTESIAN_POINT('',(-0.001,-0.00236,0.006));
#4991=CARTESIAN_POINT('',(-0.001,-0.00236,0.00408));
#4992=CARTESIAN_POINT('',(-0.00082,-0.00236,0.00408));
#4993=CARTESIAN_POINT('',(0.002,-0.00236,0.006));
#4994=CARTESIAN_POINT('',(0.00092,-0.00236,0.003));
#4995=CARTESIAN_POINT('',(0.00092,-0.00236,0.00396));
#4996=CARTESIAN_POINT('',(0.00092,-0.00236,0.00204));
#4997=CARTESIAN_POINT('',(-0.00082,-0.00236,0.00396));
#4998=CARTESIAN_POINT('',(-0.001,-0.00236,0.00396));
#4999=CARTESIAN_POINT('',(-0.001,-0.00236,0.006));
#5000=CARTESIAN_POINT('',(-0.001,-0.00236,0.00204));
#5001=CARTESIAN_POINT('',(-0.00082,-0.00236,0.00204));
#5002=CARTESIAN_POINT('',(0.002,-0.00236,0.006));
#5003=CARTESIAN_POINT('',(0.002,-0.00236,0.00192));
#5004=CARTESIAN_POINT('',(0.00104,-0.00236,0.00192));
#5005=CARTESIAN_POINT('',(0.00296,-0.00236,0.00192));
#5006=CARTESIAN_POINT('',(0.00104,-0.00236,0.00096));
#5007=CARTESIAN_POINT('',(0.00296,-0.00236,0.00096));
#5008=CARTESIAN_POINT('',(0.002,-0.00236,0.006));
#5009=CARTESIAN_POINT('',(0.00404,-0.00236,0.00192));
#5010=CARTESIAN_POINT('',(0.00308,-0.00236,0.00192));
#5011=CARTESIAN_POINT('',(0.00308,-0.00236,0.00096));
#5012=CARTESIAN_POINT('',(0.002,-0.00236,0.006));
#5013=CARTESIAN_POINT('',(0.00308,-0.00236,0.003));
#5014=CARTESIAN_POINT('',(0.00308,-0.00236,0.00396));
#5015=CARTESIAN_POINT('',(0.00308,-0.00236,0.00204));
#5016=CARTESIAN_POINT('',(0.00404,-0.00236,0.00204));
#5017=CARTESIAN_POINT('',(0.00404,-0.00236,0.00396));
#5018=CARTESIAN_POINT('',(0.002,-0.00236,0.006));
#5019=CARTESIAN_POINT('',(0.00308,-0.00236,0.00504));
#5020=CARTESIAN_POINT('',(0.00308,-0.00236,0.00408));
#5021=CARTESIAN_POINT('',(0.00404,-0.00236,0.00408));
#5022=CARTESIAN_POINT('',(0.002,-0.00236,0.006));
#5023=CARTESIAN_POINT('',(0.00092,-0.00236,0.00096));
#5024=CARTESIAN_POINT('',(0.00092,-0.00236,0.00192));
#5025=CARTESIAN_POINT('',(-0.00082,-0.00236,0.00192));
#5026=CARTESIAN_POINT('',(-0.001,-0.00236,0.00192));
#5027=CARTESIAN_POINT('',(-0.001,-0.00236,0.006));
#5028=CARTESIAN_POINT('',(0.005,0.00064,0.006));
#5029=CARTESIAN_POINT('',(0.005,0.00172,0.00096));
#5030=CARTESIAN_POINT('',(0.005,0.00172,0.00192));
#5031=CARTESIAN_POINT('',(0.005,0.00268,0.00192));
#5032=CARTESIAN_POINT('',(-0.001,0.00064,0.006));
#5033=CARTESIAN_POINT('',(-0.001,-0.0014,0.00408));
#5034=CARTESIAN_POINT('',(-0.001,-0.00044,0.00408));
#5035=CARTESIAN_POINT('',(-0.001,-0.00044,0.00504));
#5036=CARTESIAN_POINT('',(-0.001,0.00064,0.006));
#5037=CARTESIAN_POINT('',(-0.001,-0.00032,0.00504));
#5038=CARTESIAN_POINT('',(-0.001,-0.00032,0.00408));
#5039=CARTESIAN_POINT('',(-0.001,0.0016,0.00504));
#5040=CARTESIAN_POINT('',(-0.001,0.0016,0.00408));
#5041=CARTESIAN_POINT('',(-0.001,0.00064,0.00408));
#5042=CARTESIAN_POINT('',(-0.001,0.00064,0.006));
#5043=CARTESIAN_POINT('',(-0.001,0.00172,0.00504));
#5044=CARTESIAN_POINT('',(-0.001,0.00172,0.00408));
#5045=CARTESIAN_POINT('',(-0.001,0.00268,0.00408));
#5046=CARTESIAN_POINT('',(-0.001,0.00064,0.006));
#5047=CARTESIAN_POINT('',(-0.001,0.00172,0.003));
#5048=CARTESIAN_POINT('',(-0.001,0.00172,0.00396));
#5049=CARTESIAN_POINT('',(-0.001,0.00172,0.00204));
#5050=CARTESIAN_POINT('',(-0.001,0.00268,0.00396));
#5051=CARTESIAN_POINT('',(-0.001,0.00268,0.00204));
#5052=CARTESIAN_POINT('',(-0.001,0.00064,0.006));
#5053=CARTESIAN_POINT('',(-0.001,0.00172,0.00096));
#5054=CARTESIAN_POINT('',(-0.001,0.00172,0.00192));
#5055=CARTESIAN_POINT('',(-0.001,0.00268,0.00192));
#5056=CARTESIAN_POINT('',(-0.001,0.00064,0.006));
#5057=CARTESIAN_POINT('',(-0.001,0.00064,0.00192));
#5058=CARTESIAN_POINT('',(-0.001,-0.00032,0.00192));
#5059=CARTESIAN_POINT('',(-0.001,0.0016,0.00192));
#5060=CARTESIAN_POINT('',(-0.001,0.0016,0.00096));
#5061=CARTESIAN_POINT('',(-0.001,0.0016,0.));
#5062=CARTESIAN_POINT('',(-0.001,0.00064,0.));
#5063=CARTESIAN_POINT('',(-0.001,-0.00032,0.));
#5064=CARTESIAN_POINT('',(-0.001,-0.00032,0.00096));
#5065=CARTESIAN_POINT('',(-0.001,0.00064,0.006));
#5066=CARTESIAN_POINT('',(-0.001,-0.0014,0.00204));
#5067=CARTESIAN_POINT('',(-0.001,-0.00044,0.00204));
#5068=CARTESIAN_POINT('',(-0.001,-0.0014,0.00396));
#5069=CARTESIAN_POINT('',(-0.001,-0.00044,0.00396));
#5070=CARTESIAN_POINT('',(-0.001,-0.00044,0.003));
#5071=CARTESIAN_POINT('',(0.002,-0.00236,0.006));
#5072=CARTESIAN_POINT('',(0.00296,-0.00236,0.00504));
#5073=CARTESIAN_POINT('',(0.00296,-0.00236,0.00408));
#5074=CARTESIAN_POINT('',(0.00104,-0.00236,0.00504));
#5075=CARTESIAN_POINT('',(0.00104,-0.00236,0.00408));
#5076=CARTESIAN_POINT('',(0.002,-0.00236,0.00408));
#5077=CARTESIAN_POINT('',(-0.001,0.00064,0.006));
#5078=CARTESIAN_POINT('',(-0.001,-0.0014,0.00192));
#5079=CARTESIAN_POINT('',(-0.001,-0.00044,0.00192));
#5080=CARTESIAN_POINT('',(-0.001,-0.00044,0.00096));
#5081=CARTESIAN_POINT('',(0.002,0.00064,0.));
#5082=CARTESIAN_POINT('',(0.00092,0.00064,0.));
#5083=CARTESIAN_POINT('',(0.00092,-0.00032,0.));
#5084=CARTESIAN_POINT('',(0.00092,0.0016,0.));
#5085=CARTESIAN_POINT('',(-0.00082,-0.00032,0.));
#5086=CARTESIAN_POINT('',(-0.00082,0.0016,0.));
#5087=CARTESIAN_POINT('',(-0.00082,-0.0014,0.00408));
#5088=CARTESIAN_POINT('',(-0.00082,-0.00044,0.00408));
#5089=CARTESIAN_POINT('',(0.00092,-0.00218,0.00408));
#5090=CARTESIAN_POINT('',(-0.00082,-0.00044,0.00504));
#5091=CARTESIAN_POINT('',(0.00092,-0.00044,0.00582));
#5092=CARTESIAN_POINT('',(0.00092,-0.00044,0.00582));
#5093=CARTESIAN_POINT('',(-4.E-5,-0.00044,0.00582));
#5094=CARTESIAN_POINT('',(-0.00082,-0.00032,0.00504));
#5095=CARTESIAN_POINT('',(-0.00082,-0.00032,0.00408));
#5096=CARTESIAN_POINT('',(-4.E-5,-0.00032,0.00582));
#5097=CARTESIAN_POINT('',(0.00092,-0.00032,0.00582));
#5098=CARTESIAN_POINT('',(0.00092,-0.00032,0.00582));
#5099=CARTESIAN_POINT('',(-0.00082,0.00064,0.00408));
#5100=CARTESIAN_POINT('',(-0.00082,0.0016,0.00408));
#5101=CARTESIAN_POINT('',(-0.00082,0.0016,0.00504));
#5102=CARTESIAN_POINT('',(0.00092,0.0016,0.00582));
#5103=CARTESIAN_POINT('',(0.00092,0.0016,0.00582));
#5104=CARTESIAN_POINT('',(-4.E-5,0.0016,0.00582));
#5105=CARTESIAN_POINT('',(-0.00082,0.00172,0.00504));
#5106=CARTESIAN_POINT('',(-0.00082,0.00172,0.00408));
#5107=CARTESIAN_POINT('',(-4.E-5,0.00172,0.00582));
#5108=CARTESIAN_POINT('',(0.00092,0.00172,0.00582));
#5109=CARTESIAN_POINT('',(0.00092,0.00172,0.00582));
#5110=CARTESIAN_POINT('',(-0.00082,0.00268,0.00408));
#5111=CARTESIAN_POINT('',(0.00092,0.00346,0.00408));
#5112=CARTESIAN_POINT('',(-0.00082,0.00268,0.00396));
#5113=CARTESIAN_POINT('',(-0.00082,0.00172,0.00396));
#5114=CARTESIAN_POINT('',(0.00092,0.00346,0.00396));
#5115=CARTESIAN_POINT('',(-0.00082,0.00172,0.003));
#5116=CARTESIAN_POINT('',(-0.00082,0.00172,0.00204));
#5117=CARTESIAN_POINT('',(-0.00082,0.00268,0.00204));
#5118=CARTESIAN_POINT('',(0.00092,0.00346,0.00204));
#5119=CARTESIAN_POINT('',(-0.00082,0.00268,0.00192));
#5120=CARTESIAN_POINT('',(-0.00082,0.00172,0.00192));
#5121=CARTESIAN_POINT('',(0.00092,0.00346,0.00192));
#5122=CARTESIAN_POINT('',(-0.00082,0.00172,0.00096));
#5123=CARTESIAN_POINT('',(0.00092,0.00172,0.00018));
#5124=CARTESIAN_POINT('',(0.00092,0.00172,0.00018));
#5125=CARTESIAN_POINT('',(-4.E-5,0.00172,0.00018));
#5126=CARTESIAN_POINT('',(-0.00082,0.0016,0.00096));
#5127=CARTESIAN_POINT('',(-0.00082,0.0016,0.00192));
#5128=CARTESIAN_POINT('',(-4.E-5,0.0016,0.00018));
#5129=CARTESIAN_POINT('',(0.00092,0.0016,0.00018));
#5130=CARTESIAN_POINT('',(0.00092,0.0016,0.00018));
#5131=CARTESIAN_POINT('',(-0.00082,0.00064,0.00192));
#5132=CARTESIAN_POINT('',(-0.00082,-0.00032,0.00192));
#5133=CARTESIAN_POINT('',(-0.00082,-0.00032,0.00096));
#5134=CARTESIAN_POINT('',(0.00092,-0.00032,0.00018));
#5135=CARTESIAN_POINT('',(0.00092,-0.00032,0.00018));
#5136=CARTESIAN_POINT('',(-4.E-5,-0.00032,0.00018));
#5137=CARTESIAN_POINT('',(-0.00082,-0.00044,0.00096));
#5138=CARTESIAN_POINT('',(-0.00082,-0.00044,0.00192));
#5139=CARTESIAN_POINT('',(-4.E-5,-0.00044,0.00018));
#5140=CARTESIAN_POINT('',(0.00092,-0.00044,0.00018));
#5141=CARTESIAN_POINT('',(0.00092,-0.00044,0.00018));
#5142=CARTESIAN_POINT('',(-0.00082,-0.0014,0.00192));
#5143=CARTESIAN_POINT('',(0.00092,-0.00218,0.00192));
#5144=CARTESIAN_POINT('',(-0.00082,-0.0014,0.00204));
#5145=CARTESIAN_POINT('',(-0.00082,-0.00044,0.00204));
#5146=CARTESIAN_POINT('',(0.00092,-0.00218,0.00204));
#5147=CARTESIAN_POINT('',(-0.00082,-0.00044,0.003));
#5148=CARTESIAN_POINT('',(-0.00082,-0.00044,0.00396));
#5149=CARTESIAN_POINT('',(-0.00082,0.00064,0.00396));
#5150=CARTESIAN_POINT('',(-0.001,0.00064,0.00396));
#5151=CARTESIAN_POINT('',(-0.001,-0.00032,0.00396));
#5152=CARTESIAN_POINT('',(-0.001,0.0016,0.00396));
#5153=CARTESIAN_POINT('',(-0.00082,-0.00032,0.00396));
#5154=CARTESIAN_POINT('',(-0.00082,0.0016,0.00396));
#5155=CARTESIAN_POINT('',(-0.00082,-0.00032,0.003));
#5156=CARTESIAN_POINT('',(-0.001,-0.00032,0.003));
#5157=CARTESIAN_POINT('',(-0.001,-0.00032,0.00204));
#5158=CARTESIAN_POINT('',(-0.00082,-0.00032,0.00204));
#5159=CARTESIAN_POINT('',(-0.00082,0.00064,0.00204));
#5160=CARTESIAN_POINT('',(-0.001,0.00064,0.00204));
#5161=CARTESIAN_POINT('',(-0.001,0.0016,0.00204));
#5162=CARTESIAN_POINT('',(-0.00082,0.0016,0.00204));
#5163=CARTESIAN_POINT('',(-0.00082,0.0016,0.003));
#5164=CARTESIAN_POINT('',(-0.001,0.0016,0.003));
#5165=CARTESIAN_POINT('',(-0.00082,-0.0014,0.00396));
#5166=CARTESIAN_POINT('',(0.00092,-0.00218,0.00396));
#5167=CARTESIAN_POINT('',(-0.001,0.00064,0.006));
#5168=CARTESIAN_POINT('',(0.00092,-0.00218,0.00504));
#5169=CARTESIAN_POINT('',(0.00092,-0.0014,0.00582));
#5170=CARTESIAN_POINT('',(0.00092,-0.00218,0.003));
#5171=CARTESIAN_POINT('',(0.00092,-0.00218,0.00096));
#5172=CARTESIAN_POINT('',(0.00092,-0.0014,0.00018));
#5173=CARTESIAN_POINT('',(0.00104,-0.00218,0.00096));
#5174=CARTESIAN_POINT('',(0.00104,-0.00218,0.00192));
#5175=CARTESIAN_POINT('',(0.00104,-0.0014,0.00018));
#5176=CARTESIAN_POINT('',(0.00104,-0.00044,0.00018));
#5177=CARTESIAN_POINT('',(0.00104,-0.00044,0.00018));
#5178=CARTESIAN_POINT('',(0.002,-0.00218,0.00192));
#5179=CARTESIAN_POINT('',(0.00296,-0.00218,0.00192));
#5180=CARTESIAN_POINT('',(0.00296,-0.00218,0.00096));
#5181=CARTESIAN_POINT('',(0.00296,-0.00044,0.00018));
#5182=CARTESIAN_POINT('',(0.00296,-0.00044,0.00018));
#5183=CARTESIAN_POINT('',(0.00296,-0.0014,0.00018));
#5184=CARTESIAN_POINT('',(0.00308,-0.00218,0.00096));
#5185=CARTESIAN_POINT('',(0.00308,-0.00218,0.00192));
#5186=CARTESIAN_POINT('',(0.00308,-0.0014,0.00018));
#5187=CARTESIAN_POINT('',(0.00308,-0.00044,0.00018));
#5188=CARTESIAN_POINT('',(0.00308,-0.00044,0.00018));
#5189=CARTESIAN_POINT('',(0.00404,-0.00218,0.00192));
#5190=CARTESIAN_POINT('',(0.00482,-0.00044,0.00192));
#5191=CARTESIAN_POINT('',(0.00404,-0.00218,0.00204));
#5192=CARTESIAN_POINT('',(0.00308,-0.00218,0.00204));
#5193=CARTESIAN_POINT('',(0.00482,-0.00044,0.00204));
#5194=CARTESIAN_POINT('',(0.00308,-0.00218,0.003));
#5195=CARTESIAN_POINT('',(0.00308,-0.00218,0.00396));
#5196=CARTESIAN_POINT('',(0.00404,-0.00218,0.00396));
#5197=CARTESIAN_POINT('',(0.00482,-0.00044,0.00396));
#5198=CARTESIAN_POINT('',(0.00404,-0.00218,0.00408));
#5199=CARTESIAN_POINT('',(0.00308,-0.00218,0.00408));
#5200=CARTESIAN_POINT('',(0.00482,-0.00044,0.00408));
#5201=CARTESIAN_POINT('',(0.00308,-0.00218,0.00504));
#5202=CARTESIAN_POINT('',(0.00308,-0.00044,0.00582));
#5203=CARTESIAN_POINT('',(0.00308,-0.00044,0.00582));
#5204=CARTESIAN_POINT('',(0.00308,-0.0014,0.00582));
#5205=CARTESIAN_POINT('',(0.00296,-0.00218,0.00504));
#5206=CARTESIAN_POINT('',(0.00296,-0.00218,0.00408));
#5207=CARTESIAN_POINT('',(0.00296,-0.0014,0.00582));
#5208=CARTESIAN_POINT('',(0.00296,-0.00044,0.00582));
#5209=CARTESIAN_POINT('',(0.00296,-0.00044,0.00582));
#5210=CARTESIAN_POINT('',(0.002,-0.00218,0.00408));
#5211=CARTESIAN_POINT('',(0.00104,-0.00218,0.00408));
#5212=CARTESIAN_POINT('',(0.00104,-0.00218,0.003));
#5213=CARTESIAN_POINT('',(0.00104,-0.00236,0.003));
#5214=CARTESIAN_POINT('',(0.00104,-0.00236,0.00396));
#5215=CARTESIAN_POINT('',(0.00104,-0.00236,0.00204));
#5216=CARTESIAN_POINT('',(0.00104,-0.00218,0.00396));
#5217=CARTESIAN_POINT('',(0.00104,-0.00218,0.00204));
#5218=CARTESIAN_POINT('',(0.002,-0.00218,0.00396));
#5219=CARTESIAN_POINT('',(0.002,-0.00236,0.00396));
#5220=CARTESIAN_POINT('',(0.00296,-0.00236,0.00396));
#5221=CARTESIAN_POINT('',(0.00296,-0.00218,0.00396));
#5222=CARTESIAN_POINT('',(0.00296,-0.00218,0.003));
#5223=CARTESIAN_POINT('',(0.00296,-0.00236,0.003));
#5224=CARTESIAN_POINT('',(0.00296,-0.00236,0.00204));
#5225=CARTESIAN_POINT('',(0.00296,-0.00218,0.00204));
#5226=CARTESIAN_POINT('',(0.002,-0.00218,0.00204));
#5227=CARTESIAN_POINT('',(0.002,-0.00236,0.00204));
#5228=CARTESIAN_POINT('',(0.00104,-0.00218,0.00504));
#5229=CARTESIAN_POINT('',(0.00104,-0.00044,0.00582));
#5230=CARTESIAN_POINT('',(0.00104,-0.00044,0.00582));
#5231=CARTESIAN_POINT('',(0.00104,-0.0014,0.00582));
#5232=CARTESIAN_POINT('',(0.002,-0.00236,0.006));
#5233=CARTESIAN_POINT('',(0.00482,0.00064,0.00204));
#5234=CARTESIAN_POINT('',(0.005,0.00064,0.00204));
#5235=CARTESIAN_POINT('',(0.005,-0.00032,0.00204));
#5236=CARTESIAN_POINT('',(0.005,0.0016,0.00204));
#5237=CARTESIAN_POINT('',(0.00482,-0.00032,0.00204));
#5238=CARTESIAN_POINT('',(0.00482,0.0016,0.00204));
#5239=CARTESIAN_POINT('',(0.00482,-0.00032,0.003));
#5240=CARTESIAN_POINT('',(0.005,-0.00032,0.003));
#5241=CARTESIAN_POINT('',(0.005,-0.00032,0.00396));
#5242=CARTESIAN_POINT('',(0.00482,-0.00032,0.00396));
#5243=CARTESIAN_POINT('',(0.00482,0.00064,0.00396));
#5244=CARTESIAN_POINT('',(0.005,0.00064,0.00396));
#5245=CARTESIAN_POINT('',(0.005,0.0016,0.00396));
#5246=CARTESIAN_POINT('',(0.00482,0.0016,0.00396));
#5247=CARTESIAN_POINT('',(0.00482,-0.00044,0.003));
#5248=CARTESIAN_POINT('',(0.00482,-0.00044,0.00096));
#5249=CARTESIAN_POINT('',(0.00404,-0.00044,0.00018));
#5250=CARTESIAN_POINT('',(0.00482,-0.00032,0.00096));
#5251=CARTESIAN_POINT('',(0.00482,-0.00032,0.00192));
#5252=CARTESIAN_POINT('',(0.00404,-0.00032,0.00018));
#5253=CARTESIAN_POINT('',(0.00308,-0.00032,0.00018));
#5254=CARTESIAN_POINT('',(0.00308,-0.00032,0.00018));
#5255=CARTESIAN_POINT('',(0.00482,0.00064,0.00192));
#5256=CARTESIAN_POINT('',(0.00482,0.0016,0.00192));
#5257=CARTESIAN_POINT('',(0.00482,0.0016,0.00096));
#5258=CARTESIAN_POINT('',(0.00308,0.0016,0.00018));
#5259=CARTESIAN_POINT('',(0.00308,0.0016,0.00018));
#5260=CARTESIAN_POINT('',(0.00404,0.0016,0.00018));
#5261=CARTESIAN_POINT('',(0.00482,0.00172,0.00096));
#5262=CARTESIAN_POINT('',(0.00482,0.00172,0.00192));
#5263=CARTESIAN_POINT('',(0.00404,0.00172,0.00018));
#5264=CARTESIAN_POINT('',(0.00308,0.00172,0.00018));
#5265=CARTESIAN_POINT('',(0.00308,0.00172,0.00018));
#5266=CARTESIAN_POINT('',(0.00482,0.00268,0.00192));
#5267=CARTESIAN_POINT('',(0.00308,0.00346,0.00192));
#5268=CARTESIAN_POINT('',(0.00482,0.00268,0.00204));
#5269=CARTESIAN_POINT('',(0.00482,0.00172,0.00204));
#5270=CARTESIAN_POINT('',(0.00308,0.00346,0.00204));
#5271=CARTESIAN_POINT('',(0.00482,0.00172,0.003));
#5272=CARTESIAN_POINT('',(0.00482,0.00172,0.00396));
#5273=CARTESIAN_POINT('',(0.00482,0.00268,0.00396));
#5274=CARTESIAN_POINT('',(0.00308,0.00346,0.00396));
#5275=CARTESIAN_POINT('',(0.00482,0.00268,0.00408));
#5276=CARTESIAN_POINT('',(0.00482,0.00172,0.00408));
#5277=CARTESIAN_POINT('',(0.00308,0.00346,0.00408));
#5278=CARTESIAN_POINT('',(0.00482,0.00172,0.00504));
#5279=CARTESIAN_POINT('',(0.00308,0.00172,0.00582));
#5280=CARTESIAN_POINT('',(0.00308,0.00172,0.00582));
#5281=CARTESIAN_POINT('',(0.00404,0.00172,0.00582));
#5282=CARTESIAN_POINT('',(0.00482,0.0016,0.00504));
#5283=CARTESIAN_POINT('',(0.00482,0.0016,0.00408));
#5284=CARTESIAN_POINT('',(0.00404,0.0016,0.00582));
#5285=CARTESIAN_POINT('',(0.00308,0.0016,0.00582));
#5286=CARTESIAN_POINT('',(0.00308,0.0016,0.00582));
#5287=CARTESIAN_POINT('',(0.00482,0.00064,0.00408));
#5288=CARTESIAN_POINT('',(0.00482,-0.00032,0.00408));
#5289=CARTESIAN_POINT('',(0.00482,-0.00032,0.00504));
#5290=CARTESIAN_POINT('',(0.00308,-0.00032,0.00582));
#5291=CARTESIAN_POINT('',(0.00308,-0.00032,0.00582));
#5292=CARTESIAN_POINT('',(0.00404,-0.00032,0.00582));
#5293=CARTESIAN_POINT('',(0.00482,-0.00044,0.00504));
#5294=CARTESIAN_POINT('',(0.00404,-0.00044,0.00582));
#5295=CARTESIAN_POINT('',(0.00482,0.0016,0.003));
#5296=CARTESIAN_POINT('',(0.005,0.0016,0.003));
#5297=CARTESIAN_POINT('',(0.005,0.00064,0.006));
#5298=CARTESIAN_POINT('',(0.00092,0.00346,0.00504));
#5299=CARTESIAN_POINT('',(0.00092,0.00268,0.00582));
#5300=CARTESIAN_POINT('',(0.00104,0.00346,0.00504));
#5301=CARTESIAN_POINT('',(0.00104,0.00346,0.00408));
#5302=CARTESIAN_POINT('',(0.00104,0.00268,0.00582));
#5303=CARTESIAN_POINT('',(0.00104,0.00172,0.00582));
#5304=CARTESIAN_POINT('',(0.00104,0.00172,0.00582));
#5305=CARTESIAN_POINT('',(0.002,0.00346,0.00408));
#5306=CARTESIAN_POINT('',(0.00296,0.00346,0.00408));
#5307=CARTESIAN_POINT('',(0.00296,0.00346,0.00504));
#5308=CARTESIAN_POINT('',(0.00296,0.00172,0.00582));
#5309=CARTESIAN_POINT('',(0.00296,0.00172,0.00582));
#5310=CARTESIAN_POINT('',(0.00296,0.00268,0.00582));
#5311=CARTESIAN_POINT('',(0.00308,0.00346,0.00504));
#5312=CARTESIAN_POINT('',(0.00308,0.00268,0.00582));
#5313=CARTESIAN_POINT('',(0.00308,0.00346,0.003));
#5314=CARTESIAN_POINT('',(0.00308,0.00346,0.00096));
#5315=CARTESIAN_POINT('',(0.00308,0.00268,0.00018));
#5316=CARTESIAN_POINT('',(0.00296,0.00346,0.00096));
#5317=CARTESIAN_POINT('',(0.00296,0.00346,0.00192));
#5318=CARTESIAN_POINT('',(0.00296,0.00268,0.00018));
#5319=CARTESIAN_POINT('',(0.00296,0.00172,0.00018));
#5320=CARTESIAN_POINT('',(0.00296,0.00172,0.00018));
#5321=CARTESIAN_POINT('',(0.002,0.00346,0.00192));
#5322=CARTESIAN_POINT('',(0.00104,0.00346,0.00192));
#5323=CARTESIAN_POINT('',(0.00104,0.00346,0.00096));
#5324=CARTESIAN_POINT('',(0.00104,0.00172,0.00018));
#5325=CARTESIAN_POINT('',(0.00104,0.00172,0.00018));
#5326=CARTESIAN_POINT('',(0.00104,0.00268,0.00018));
#5327=CARTESIAN_POINT('',(0.00092,0.00346,0.00096));
#5328=CARTESIAN_POINT('',(0.00092,0.00268,0.00018));
#5329=CARTESIAN_POINT('',(0.00092,0.00346,0.003));
#5330=CARTESIAN_POINT('',(0.00104,0.00346,0.003));
#5331=CARTESIAN_POINT('',(0.00104,0.00364,0.003));
#5332=CARTESIAN_POINT('',(0.00104,0.00364,0.00396));
#5333=CARTESIAN_POINT('',(0.00104,0.00364,0.00204));
#5334=CARTESIAN_POINT('',(0.00104,0.00346,0.00204));
#5335=CARTESIAN_POINT('',(0.00104,0.00346,0.00396));
#5336=CARTESIAN_POINT('',(0.002,0.00346,0.00204));
#5337=CARTESIAN_POINT('',(0.002,0.00364,0.00204));
#5338=CARTESIAN_POINT('',(0.00296,0.00364,0.00204));
#5339=CARTESIAN_POINT('',(0.00296,0.00346,0.00204));
#5340=CARTESIAN_POINT('',(0.00296,0.00346,0.003));
#5341=CARTESIAN_POINT('',(0.00296,0.00364,0.003));
#5342=CARTESIAN_POINT('',(0.00296,0.00364,0.00396));
#5343=CARTESIAN_POINT('',(0.00296,0.00346,0.00396));
#5344=CARTESIAN_POINT('',(0.002,0.00346,0.00396));
#5345=CARTESIAN_POINT('',(0.002,0.00364,0.00396));
#5346=CARTESIAN_POINT('',(0.002,0.00364,0.006));
#5347=CARTESIAN_POINT('',(0.002,0.00172,0.00018));
#5348=CARTESIAN_POINT('',(0.002,0.00172,0.00018));
#5349=CARTESIAN_POINT('',(0.00308,0.00064,0.00018));
#5350=CARTESIAN_POINT('',(0.00308,0.00064,0.00018));
#5351=CARTESIAN_POINT('',(0.002,-0.00044,0.00018));
#5352=CARTESIAN_POINT('',(0.002,-0.00044,0.00018));
#5353=CARTESIAN_POINT('',(0.00092,0.00064,0.00018));
#5354=CARTESIAN_POINT('',(0.00092,0.00064,0.00018));
#5355=CARTESIAN_POINT('',(0.002,0.0016,0.00018));
#5356=CARTESIAN_POINT('',(0.002,0.0016,0.));
#5357=CARTESIAN_POINT('',(0.00104,0.0016,0.));
#5358=CARTESIAN_POINT('',(0.00296,0.0016,0.));
#5359=CARTESIAN_POINT('',(0.00104,0.0016,0.00018));
#5360=CARTESIAN_POINT('',(0.00104,0.0016,0.00018));
#5361=CARTESIAN_POINT('',(0.002,0.0016,0.00018));
#5362=CARTESIAN_POINT('',(0.00296,0.0016,0.00018));
#5363=CARTESIAN_POINT('',(0.00296,0.0016,0.00018));
#5364=CARTESIAN_POINT('',(0.00104,0.00064,0.00018));
#5365=CARTESIAN_POINT('',(0.00104,0.00064,0.));
#5366=CARTESIAN_POINT('',(0.00104,-0.00032,0.));
#5367=CARTESIAN_POINT('',(0.00104,-0.00032,0.00018));
#5368=CARTESIAN_POINT('',(0.00104,-0.00032,0.00018));
#5369=CARTESIAN_POINT('',(0.00104,0.00064,0.00018));
#5370=CARTESIAN_POINT('',(0.002,-0.00032,0.00018));
#5371=CARTESIAN_POINT('',(0.002,-0.00032,0.));
#5372=CARTESIAN_POINT('',(0.00296,-0.00032,0.));
#5373=CARTESIAN_POINT('',(0.00296,-0.00032,0.00018));
#5374=CARTESIAN_POINT('',(0.00296,-0.00032,0.00018));
#5375=CARTESIAN_POINT('',(0.002,-0.00032,0.00018));
#5376=CARTESIAN_POINT('',(0.00296,0.00064,0.00018));
#5377=CARTESIAN_POINT('',(0.00296,0.00064,0.));
#5378=CARTESIAN_POINT('',(0.00296,0.00064,0.00018));
#5379=CARTESIAN_POINT('',(0.002,0.00064,0.00018));
#5380=CARTESIAN_POINT('',(0.002,0.00064,0.));
#5381=CARTESIAN_POINT('',(0.00308,0.00064,0.00582));
#5382=CARTESIAN_POINT('',(0.00308,0.00064,0.00582));
#5383=CARTESIAN_POINT('',(0.002,0.00172,0.00582));
#5384=CARTESIAN_POINT('',(0.002,0.00172,0.00582));
#5385=CARTESIAN_POINT('',(0.00092,0.00064,0.00582));
#5386=CARTESIAN_POINT('',(0.00092,0.00064,0.00582));
#5387=CARTESIAN_POINT('',(0.002,-0.00044,0.00582));
#5388=CARTESIAN_POINT('',(0.002,-0.00044,0.00582));
#5389=CARTESIAN_POINT('',(0.00104,0.00064,0.00582));
#5390=CARTESIAN_POINT('',(0.00104,0.00064,0.006));
#5391=CARTESIAN_POINT('',(0.00104,0.0016,0.006));
#5392=CARTESIAN_POINT('',(0.00104,-0.00032,0.006));
#5393=CARTESIAN_POINT('',(0.00104,0.0016,0.00582));
#5394=CARTESIAN_POINT('',(0.00104,0.0016,0.00582));
#5395=CARTESIAN_POINT('',(0.00104,0.00064,0.00582));
#5396=CARTESIAN_POINT('',(0.00104,-0.00032,0.00582));
#5397=CARTESIAN_POINT('',(0.00104,-0.00032,0.00582));
#5398=CARTESIAN_POINT('',(0.002,0.0016,0.00582));
#5399=CARTESIAN_POINT('',(0.002,0.0016,0.006));
#5400=CARTESIAN_POINT('',(0.00296,0.0016,0.006));
#5401=CARTESIAN_POINT('',(0.00296,0.0016,0.00582));
#5402=CARTESIAN_POINT('',(0.00296,0.0016,0.00582));
#5403=CARTESIAN_POINT('',(0.002,0.0016,0.00582));
#5404=CARTESIAN_POINT('',(0.00296,0.00064,0.00582));
#5405=CARTESIAN_POINT('',(0.00296,0.00064,0.006));
#5406=CARTESIAN_POINT('',(0.00296,-0.00032,0.006));
#5407=CARTESIAN_POINT('',(0.00296,-0.00032,0.00582));
#5408=CARTESIAN_POINT('',(0.00296,-0.00032,0.00582));
#5409=CARTESIAN_POINT('',(0.00296,0.00064,0.00582));
#5410=CARTESIAN_POINT('',(0.002,-0.00032,0.00582));
#5411=CARTESIAN_POINT('',(0.002,-0.00032,0.006));
#5412=CARTESIAN_POINT('',(0.002,-0.00032,0.00582));
#5413=CARTESIAN_POINT('',(0.002,0.00064,0.00582));
#5414=CARTESIAN_POINT('',(0.002,0.00064,0.006));
#5415=MECHANICAL_DESIGN_GEOMETRIC_PRESENTATION_REPRESENTATION('',(#3227,
#3008,#3009,#3010,#3011,#3012,#3013,#3014,#3015,#3016,#3017,#3018,#3019,
#3020,#3021,#3022,#3023,#3024,#3025,#3026,#3027,#3028,#3029,#3030,#3031,
#3032,#3033,#3034,#3035,#3036,#3037,#3038,#3039,#3040,#3041,#3042,#3043,
#3044,#3045,#3046,#3047,#3048,#3049,#3050,#3051,#3052,#3053,#3054,#3055,
#3056,#3057,#3058,#3059,#3060,#3061,#3062,#3063,#3064,#3065,#3066,#3067),
#5416);
#5416=(
GEOMETRIC_REPRESENTATION_CONTEXT(3)
GLOBAL_UNCERTAINTY_ASSIGNED_CONTEXT((#5417))
GLOBAL_UNIT_ASSIGNED_CONTEXT((#5420,#5419,#5418))
REPRESENTATION_CONTEXT('Part 1','TOP_LEVEL_ASSEMBLY_PART')
);
#5417=UNCERTAINTY_MEASURE_WITH_UNIT(LENGTH_MEASURE(1.E-8),#5420,
'DISTANCE_ACCURACY_VALUE','Maximum Tolerance applied to model');
#5418=(
NAMED_UNIT(*)
SI_UNIT($,.STERADIAN.)
SOLID_ANGLE_UNIT()
);
#5419=(
NAMED_UNIT(*)
PLANE_ANGLE_UNIT()
SI_UNIT($,.RADIAN.)
);
#5420=(
LENGTH_UNIT()
NAMED_UNIT(*)
SI_UNIT($,.METRE.)
);
#5421=PRODUCT_DEFINITION_SHAPE('','',#5422);
#5422=PRODUCT_DEFINITION('','',#5424,#5423);
#5423=PRODUCT_DEFINITION_CONTEXT('',#5430,'design');
#5424=PRODUCT_DEFINITION_FORMATION_WITH_SPECIFIED_SOURCE('','',#5426,
 .NOT_KNOWN.);
#5425=PRODUCT_RELATED_PRODUCT_CATEGORY('','',(#5426));
#5426=PRODUCT('Part 1','Part 1','Part 1',(#5428));
#5427=PRODUCT_CATEGORY('','');
#5428=PRODUCT_CONTEXT('',#5430,'mechanical');
#5429=APPLICATION_PROTOCOL_DEFINITION('international standard',
'ap242_managed_model_based_3d_engineering',2020,#5430);
#5430=APPLICATION_CONTEXT('managed model based 3d engineering');
ENDSEC;
END-ISO-10303-21;
