ISO-10303-21;
HEADER;
/* Generated by software containing ST-Developer
 * from STEP Tools, Inc. (www.steptools.com) 
 */
/* OPTION: using custom renumber hook */

FILE_DESCRIPTION(
/* description */ ('STEP AP242 Edition 2',
'CAx-IF Rec.Pracs.---Representation and Presentation of Product Manufa
cturing Information (PMI)---4.0---2014-10-13',
'CAx-IF Rec.Pracs.---3D Tessellated Geometry---0.4---2014-09-14','2;1',
'CAx-IF Rec.Pracs.---User Defined Attributes---1.5---2016-08-15'),
/* implementation_level */ '2;1');

FILE_NAME(
/* name */ 'Smiksi',
/* time_stamp */ '2026-09-04T22:02:41Z',
/* author */ (''),
/* organization */ (''),
/* preprocessor_version */ 'ST-DEVELOPER v20',
/* originating_system */ 'ONSHAPE BY PTC INC, 1.220',
/* authorisation */ '  ');

FILE_SCHEMA (('AP242_MANAGED_MODEL_BASED_3D_ENGINEERING_MIM_LF { 1 0 10303 442 3 1 4 }'));
ENDSEC;

DATA;
#10=SHAPE_REPRESENTATION_RELATIONSHIP('','',#751,#11);
#11=ADVANCED_BREP_SHAPE_REPRESENTATION('',(#749),#3204);
#12=OVER_RIDING_STYLED_ITEM('',(#724),#716,#722);
#13=OVER_RIDING_STYLED_ITEM('',(#725),#718,#722);
#14=OVER_RIDING_STYLED_ITEM('',(#726),#720,#722);
#15=CYLINDRICAL_SURFACE('',#772,7.E-5);
#16=CYLINDRICAL_SURFACE('',#775,0.00014);
#17=CYLINDRICAL_SURFACE('',#776,0.00021875);
#18=CYLINDRICAL_SURFACE('',#779,0.000219591308588683);
#19=PLANE('',#758);
#20=PLANE('',#759);
#21=PLANE('',#760);
#22=PLANE('',#761);
#23=PLANE('',#763);
#24=PLANE('',#766);
#25=PLANE('',#767);
#26=PLANE('',#778);
#27=PLANE('',#781);
#28=PLANE('',#782);
#29=CIRCLE('',#754,0.0001225);
#30=CIRCLE('',#755,0.0001225);
#31=CIRCLE('',#762,7.E-5);
#32=CIRCLE('',#764,0.00014);
#33=CIRCLE('',#765,0.000175);
#34=CIRCLE('',#768,7.E-5);
#35=CIRCLE('',#769,7.E-5);
#36=CIRCLE('',#770,7.E-5);
#37=CIRCLE('',#771,7.E-5);
#38=CIRCLE('',#773,0.00014);
#39=CIRCLE('',#774,0.00014);
#40=CIRCLE('',#777,0.00021875);
#41=CIRCLE('',#780,0.000219591308588683);
#42=(
BOUNDED_SURFACE()
B_SPLINE_SURFACE(3,2,((#973,#974,#975),(#976,#977,#978),(#979,#980,#981),
(#982,#983,#984)),.UNSPECIFIED.,.F.,.F.,.F.)
B_SPLINE_SURFACE_WITH_KNOTS((4,4),(3,3),(-4.23262363742974E-18,2.72469327060814E-5),
(0.,1.),.PIECEWISE_BEZIER_KNOTS.)
GEOMETRIC_REPRESENTATION_ITEM()
RATIONAL_B_SPLINE_SURFACE(((1.,0.707106781186548,1.),(1.,0.707106781186548,
1.),(1.,0.707106781186545,1.),(1.,0.707106781186545,1.)))
REPRESENTATION_ITEM('')
SURFACE()
);
#43=(
BOUNDED_SURFACE()
B_SPLINE_SURFACE(3,2,((#999,#1000,#1001),(#1002,#1003,#1004),(#1005,#1006,
#1007),(#1008,#1009,#1010),(#1011,#1012,#1013),(#1014,#1015,#1016),(#1017,
#1018,#1019),(#1020,#1021,#1022),(#1023,#1024,#1025),(#1026,#1027,#1028),
(#1029,#1030,#1031),(#1032,#1033,#1034),(#1035,#1036,#1037),(#1038,#1039,
#1040),(#1041,#1042,#1043),(#1044,#1045,#1046),(#1047,#1048,#1049),(#1050,
#1051,#1052),(#1053,#1054,#1055),(#1056,#1057,#1058),(#1059,#1060,#1061),
(#1062,#1063,#1064),(#1065,#1066,#1067),(#1068,#1069,#1070),(#1071,#1072,
#1073),(#1074,#1075,#1076),(#1077,#1078,#1079),(#1080,#1081,#1082),(#1083,
#1084,#1085),(#1086,#1087,#1088),(#1089,#1090,#1091),(#1092,#1093,#1094),
(#1095,#1096,#1097),(#1098,#1099,#1100),(#1101,#1102,#1103),(#1104,#1105,
#1106),(#1107,#1108,#1109),(#1110,#1111,#1112),(#1113,#1114,#1115),(#1116,
#1117,#1118),(#1119,#1120,#1121),(#1122,#1123,#1124),(#1125,#1126,#1127),
(#1128,#1129,#1130),(#1131,#1132,#1133),(#1134,#1135,#1136),(#1137,#1138,
#1139),(#1140,#1141,#1142),(#1143,#1144,#1145),(#1146,#1147,#1148),(#1149,
#1150,#1151),(#1152,#1153,#1154),(#1155,#1156,#1157),(#1158,#1159,#1160),
(#1161,#1162,#1163),(#1164,#1165,#1166),(#1167,#1168,#1169)),
 .UNSPECIFIED.,.F.,.F.,.F.)
B_SPLINE_SURFACE_WITH_KNOTS((4,1,1,1,1,1,1,1,1,1,1,1,1,1,1,1,1,1,1,1,1,
1,1,1,1,1,1,1,1,1,1,1,1,1,1,1,1,1,1,1,1,1,1,1,1,1,1,1,1,1,1,1,1,1,4),(3,
3),(-1.04083408558608E-17,4.15179763983794E-5,8.30359527967691E-5,0.000103794940995964,
0.000124553929195159,0.000166071905593549,0.000249107858390328,0.000332143811187108,
0.000498215716780667,0.000664287622374226,0.000996431433561344,0.00132857524474846,
0.0019928628671227,0.00265715048949693,0.00332143811187117,0.00365358192305829,
0.00398572573424541,0.00415179763983897,0.00431786954543253,0.00440090549822931,
0.00444242347462769,0.00448394145102608,0.00456697740382286,0.00465001335661964,
0.00498215716780676,0.00531430097899388,0.005646444790181,0.00597858860136812,
0.00631073241255523,0.00664287622374235,0.00697502003492947,0.00730716384611659,
0.00763930765730371,0.00780537956289727,0.00788841551569405,0.00797145146849083,
0.0080544874212876,0.008096005397686,0.00813752337408439,0.00822055932688117,
0.00830359527967794,0.0084696671852715,0.00863573909086506,0.00871877504366184,
0.00880181099645862,0.00896788290205218,0.00913395480764574,0.0093000267132393,
0.00963217052442641,0.00996431433561353,0.0101303862412071,0.0102964581468007,
0.0103794940995974,0.0104625300523942,0.0106286019579878),(0.,1.),
 .UNSPECIFIED.)
GEOMETRIC_REPRESENTATION_ITEM()
RATIONAL_B_SPLINE_SURFACE(((1.,0.707106781186548,1.),(1.,0.707106781186548,
1.),(1.,0.707106781186547,1.),(1.,0.70710678118655,1.),(1.,0.707106781186547,
1.),(1.,0.707106781186548,1.),(1.,0.707106781186547,1.),(1.,0.707106781186547,
1.),(1.,0.70710678118655,1.),(1.,0.707106781186547,1.),(1.,0.707106781186548,
1.),(1.,0.707106781186548,1.),(1.,0.70710678118655,1.),(1.,0.707106781186544,
1.),(1.,0.70710678118655,1.),(1.,0.707106781186549,1.),(1.,0.707106781186545,
1.),(1.,0.707106781186549,1.),(1.,0.707106781186549,1.),(1.,0.70710678118655,
1.),(1.,0.707106781186544,1.),(1.,0.70710678118655,1.),(1.,0.707106781186546,
1.),(1.,0.707106781186552,1.),(1.,0.707106781186542,1.),(1.,0.70710678118655,
1.),(1.,0.707106781186546,1.),(1.,0.70710678118655,1.),(1.,0.707106781186548,
1.),(1.,0.707106781186544,1.),(1.,0.707106781186552,1.),(1.,0.707106781186546,
1.),(1.,0.707106781186548,1.),(1.,0.707106781186546,1.),(1.,0.707106781186549,
1.),(1.,0.707106781186547,1.),(1.,0.707106781186547,1.),(1.,0.70710678118655,
1.),(1.,0.707106781186547,1.),(1.,0.707106781186548,1.),(1.,0.707106781186547,
1.),(1.,0.707106781186545,1.),(1.,0.707106781186551,1.),(1.,0.707106781186545,
1.),(1.,0.707106781186548,1.),(1.,0.707106781186547,1.),(1.,0.707106781186549,
1.),(1.,0.707106781186548,1.),(1.,0.707106781186546,1.),(1.,0.707106781186546,
1.),(1.,0.707106781186548,1.),(1.,0.707106781186548,1.),(1.,0.707106781186546,
1.),(1.,0.707106781186546,1.),(1.,0.707106781186549,1.),(1.,0.707106781186548,
1.),(1.,0.707106781186548,1.)))
REPRESENTATION_ITEM('')
SURFACE()
);
#44=(
BOUNDED_SURFACE()
B_SPLINE_SURFACE(3,2,((#1251,#1252,#1253),(#1254,#1255,#1256),(#1257,#1258,
#1259),(#1260,#1261,#1262),(#1263,#1264,#1265),(#1266,#1267,#1268),(#1269,
#1270,#1271),(#1272,#1273,#1274),(#1275,#1276,#1277),(#1278,#1279,#1280),
(#1281,#1282,#1283),(#1284,#1285,#1286),(#1287,#1288,#1289),(#1290,#1291,
#1292),(#1293,#1294,#1295),(#1296,#1297,#1298),(#1299,#1300,#1301),(#1302,
#1303,#1304),(#1305,#1306,#1307),(#1308,#1309,#1310),(#1311,#1312,#1313),
(#1314,#1315,#1316),(#1317,#1318,#1319),(#1320,#1321,#1322),(#1323,#1324,
#1325),(#1326,#1327,#1328),(#1329,#1330,#1331),(#1332,#1333,#1334),(#1335,
#1336,#1337),(#1338,#1339,#1340)),.UNSPECIFIED.,.F.,.F.,.F.)
B_SPLINE_SURFACE_WITH_KNOTS((4,1,1,1,1,1,1,1,1,1,1,1,1,1,1,1,1,1,1,1,1,
1,1,1,1,1,1,4),(3,3),(0.00790591461962794,0.00824653504984924,0.00858715548007055,
0.00892777591029185,0.00926839634051316,0.00960901677073446,0.00994963720095577,
0.0102902576311771,0.0106308780613984,0.0109714984916197,0.0111418087067303,
0.011312118921841,0.0113972740293963,0.0114824291369516,0.011567584244507,
0.0116527393520623,0.0118230495671729,0.0119933597822836,0.0121636699973942,
0.0123339802125049,0.0125042904276156,0.0126746006427262,0.0128449108578369,
0.0129300659653922,0.0130152210729475,0.0131003761805028,0.0131855312880582,
0.0133558415031688),(0.,1.),.UNSPECIFIED.)
GEOMETRIC_REPRESENTATION_ITEM()
RATIONAL_B_SPLINE_SURFACE(((1.,0.707106781186548,1.),(1.,0.707106781186548,
1.),(1.,0.707106781186547,1.),(1.,0.707106781186549,1.),(1.,0.707106781186549,
1.),(1.,0.707106781186549,1.),(1.,0.707106781186549,1.),(1.,0.707106781186547,
1.),(1.,0.707106781186547,1.),(1.,0.707106781186551,1.),(1.,0.707106781186545,
1.),(1.,0.707106781186552,1.),(1.,0.707106781186547,1.),(1.,0.707106781186548,
1.),(1.,0.707106781186547,1.),(1.,0.707106781186548,1.),(1.,0.707106781186548,
1.),(1.,0.707106781186548,1.),(1.,0.707106781186547,1.),(1.,0.70710678118655,
1.),(1.,0.707106781186547,1.),(1.,0.70710678118655,1.),(1.,0.707106781186547,
1.),(1.,0.707106781186547,1.),(1.,0.707106781186548,1.),(1.,0.707106781186547,
1.),(1.,0.707106781186552,1.),(1.,0.707106781186545,1.),(1.,0.707106781186548,
1.),(1.,0.707106781186548,1.)))
REPRESENTATION_ITEM('')
SURFACE()
);
#45=(
BOUNDED_SURFACE()
B_SPLINE_SURFACE(3,2,((#1446,#1447,#1448),(#1449,#1450,#1451),(#1452,#1453,
#1454),(#1455,#1456,#1457)),.UNSPECIFIED.,.F.,.F.,.F.)
B_SPLINE_SURFACE_WITH_KNOTS((4,4),(3,3),(0.000332911425513955,0.000375859726740187),
(0.,1.),.PIECEWISE_BEZIER_KNOTS.)
GEOMETRIC_REPRESENTATION_ITEM()
RATIONAL_B_SPLINE_SURFACE(((1.,0.707106781186549,1.),(1.,0.707106781186549,
1.),(1.,0.707106781186548,1.),(1.,0.707106781186548,1.)))
REPRESENTATION_ITEM('')
SURFACE()
);
#46=(
BOUNDED_SURFACE()
B_SPLINE_SURFACE(3,2,((#1471,#1472,#1473),(#1474,#1475,#1476),(#1477,#1478,
#1479),(#1480,#1481,#1482),(#1483,#1484,#1485),(#1486,#1487,#1488),(#1489,
#1490,#1491),(#1492,#1493,#1494),(#1495,#1496,#1497),(#1498,#1499,#1500),
(#1501,#1502,#1503),(#1504,#1505,#1506),(#1507,#1508,#1509),(#1510,#1511,
#1512),(#1513,#1514,#1515),(#1516,#1517,#1518),(#1519,#1520,#1521),(#1522,
#1523,#1524),(#1525,#1526,#1527),(#1528,#1529,#1530),(#1531,#1532,#1533),
(#1534,#1535,#1536),(#1537,#1538,#1539),(#1540,#1541,#1542),(#1543,#1544,
#1545),(#1546,#1547,#1548)),.UNSPECIFIED.,.F.,.F.,.F.)
B_SPLINE_SURFACE_WITH_KNOTS((4,1,1,1,1,1,1,1,1,1,1,1,1,1,1,1,1,1,1,1,1,
1,1,4),(3,3),(0.0085944266221049,0.00863603167330022,0.00867763672449554,
0.00876084682688618,0.00892726703166745,0.00909368723644873,0.00926010744123001,
0.00934331754362065,0.00938492259481597,0.00942652764601129,0.00950973774840193,
0.00959294785079257,0.00975936805557385,0.00984257815796448,0.00992578826035512,
0.0100922084651364,0.0102586286699177,0.0105914690794802,0.0107578892842615,
0.0109243094890428,0.0110907296938241,0.0111739397962147,0.01121554484741,
0.0112571498986053),(0.,1.),.UNSPECIFIED.)
GEOMETRIC_REPRESENTATION_ITEM()
RATIONAL_B_SPLINE_SURFACE(((1.,0.707106781186548,1.),(1.,0.707106781186548,
1.),(1.,0.707106781186548,1.),(1.,0.707106781186547,1.),(1.,0.707106781186548,
1.),(1.,0.707106781186547,1.),(1.,0.707106781186548,1.),(1.,0.707106781186548,
1.),(1.,0.707106781186547,1.),(1.,0.707106781186547,1.),(1.,0.707106781186547,
1.),(1.,0.707106781186548,1.),(1.,0.707106781186547,1.),(1.,0.707106781186548,
1.),(1.,0.707106781186547,1.),(1.,0.707106781186548,1.),(1.,0.707106781186547,
1.),(1.,0.707106781186547,1.),(1.,0.707106781186549,1.),(1.,0.707106781186547,
1.),(1.,0.707106781186548,1.),(1.,0.707106781186548,1.),(1.,0.707106781186547,
1.),(1.,0.707106781186548,1.),(1.,0.707106781186548,1.),(1.,0.707106781186548,
1.)))
REPRESENTATION_ITEM('')
SURFACE()
);
#47=(
BOUNDED_SURFACE()
B_SPLINE_SURFACE(3,2,((#1589,#1590,#1591),(#1592,#1593,#1594),(#1595,#1596,
#1597),(#1598,#1599,#1600),(#1601,#1602,#1603),(#1604,#1605,#1606),(#1607,
#1608,#1609),(#1610,#1611,#1612),(#1613,#1614,#1615),(#1616,#1617,#1618),
(#1619,#1620,#1621),(#1622,#1623,#1624),(#1625,#1626,#1627),(#1628,#1629,
#1630),(#1631,#1632,#1633),(#1634,#1635,#1636),(#1637,#1638,#1639),(#1640,
#1641,#1642),(#1643,#1644,#1645),(#1646,#1647,#1648),(#1649,#1650,#1651),
(#1652,#1653,#1654),(#1655,#1656,#1657),(#1658,#1659,#1660),(#1661,#1662,
#1663),(#1664,#1665,#1666),(#1667,#1668,#1669)),.UNSPECIFIED.,.F.,.F.,.F.)
B_SPLINE_SURFACE_WITH_KNOTS((4,1,1,1,1,1,1,1,1,1,1,1,1,1,1,1,1,1,1,1,1,
1,1,1,4),(3,3),(0.00181219445502991,0.00182807715975775,0.00183601851212167,
0.00183998918830363,0.00184395986448559,0.00185984256921344,0.00187572527394128,
0.00190749068339696,0.00193925609285265,0.00206631773067539,0.00232044100632087,
0.00257456428196636,0.00282868755761184,0.0033369341089028,0.00384518066019377,
0.00435342721148474,0.00460755048713022,0.0048616737627757,0.00511579703842118,
0.00536992031406667,0.00549698195188941,0.00562404358971215,0.00575110522753489,
0.00581463604644626,0.00587816686535763),(0.,1.),.UNSPECIFIED.)
GEOMETRIC_REPRESENTATION_ITEM()
RATIONAL_B_SPLINE_SURFACE(((1.,0.707106781186548,1.),(1.,0.707106781186548,
1.),(1.,0.707106781186549,1.),(1.,0.707106781186549,1.),(1.,0.707106781186549,
1.),(1.,0.707106781186546,1.),(1.,0.707106781186549,1.),(1.,0.707106781186547,
1.),(1.,0.707106781186545,1.),(1.,0.707106781186551,1.),(1.,0.707106781186545,
1.),(1.,0.707106781186551,1.),(1.,0.707106781186545,1.),(1.,0.707106781186551,
1.),(1.,0.707106781186546,1.),(1.,0.707106781186549,1.),(1.,0.707106781186548,
1.),(1.,0.707106781186547,1.),(1.,0.707106781186547,1.),(1.,0.707106781186547,
1.),(1.,0.707106781186547,1.),(1.,0.707106781186547,1.),(1.,0.707106781186548,
1.),(1.,0.707106781186547,1.),(1.,0.707106781186548,1.),(1.,0.707106781186547,
1.),(1.,0.707106781186547,1.)))
REPRESENTATION_ITEM('')
SURFACE()
);
#48=(
BOUNDED_SURFACE()
B_SPLINE_SURFACE(3,2,((#1719,#1720,#1721),(#1722,#1723,#1724),(#1725,#1726,
#1727),(#1728,#1729,#1730),(#1731,#1732,#1733),(#1734,#1735,#1736),(#1737,
#1738,#1739),(#1740,#1741,#1742),(#1743,#1744,#1745),(#1746,#1747,#1748),
(#1749,#1750,#1751),(#1752,#1753,#1754),(#1755,#1756,#1757),(#1758,#1759,
#1760),(#1761,#1762,#1763),(#1764,#1765,#1766),(#1767,#1768,#1769),(#1770,
#1771,#1772),(#1773,#1774,#1775),(#1776,#1777,#1778),(#1779,#1780,#1781),
(#1782,#1783,#1784),(#1785,#1786,#1787),(#1788,#1789,#1790),(#1791,#1792,
#1793),(#1794,#1795,#1796),(#1797,#1798,#1799),(#1800,#1801,#1802),(#1803,
#1804,#1805),(#1806,#1807,#1808)),.UNSPECIFIED.,.F.,.F.,.F.)
B_SPLINE_SURFACE_WITH_KNOTS((4,1,1,1,1,1,1,1,1,1,1,1,1,1,1,1,1,1,1,1,1,
1,1,1,1,1,1,4),(3,3),(0.0140071214191829,0.0141420637237197,0.0141589315117868,
0.0141757992998539,0.0142095348759881,0.0142770060282565,0.0144119483327933,
0.0145468906373301,0.0148167752464037,0.0150866598554773,0.0153565444645509,
0.0156264290736245,0.0158963136826981,0.0161661982917717,0.0164360829008453,
0.0167059675099189,0.017245736728066,0.0175156213371396,0.0176505636416764,
0.0177855059462132,0.0180553905552868,0.0181903328598236,0.018257804012092,
0.0182746718001591,0.0182915395882262,0.0182999734822598,0.0183084073762933,
0.0183252751643604),(0.,1.),.UNSPECIFIED.)
GEOMETRIC_REPRESENTATION_ITEM()
RATIONAL_B_SPLINE_SURFACE(((1.,0.707106781186548,1.),(1.,0.707106781186548,
1.),(1.,0.707106781186547,1.),(1.,0.707106781186548,1.),(1.,0.707106781186548,
1.),(1.,0.707106781186548,1.),(1.,0.707106781186548,1.),(1.,0.707106781186547,
1.),(1.,0.707106781186548,1.),(1.,0.707106781186547,1.),(1.,0.707106781186548,
1.),(1.,0.707106781186547,1.),(1.,0.707106781186548,1.),(1.,0.707106781186547,
1.),(1.,0.707106781186548,1.),(1.,0.707106781186548,1.),(1.,0.707106781186547,
1.),(1.,0.707106781186549,1.),(1.,0.707106781186546,1.),(1.,0.707106781186548,
1.),(1.,0.707106781186549,1.),(1.,0.707106781186547,1.),(1.,0.707106781186548,
1.),(1.,0.707106781186547,1.),(1.,0.707106781186548,1.),(1.,0.707106781186548,
1.),(1.,0.707106781186547,1.),(1.,0.70710678118655,1.),(1.,0.707106781186548,
1.),(1.,0.707106781186548,1.)))
REPRESENTATION_ITEM('')
SURFACE()
);
#49=(
BOUNDED_SURFACE()
B_SPLINE_SURFACE(3,2,((#1867,#1868,#1869),(#1870,#1871,#1872),(#1873,#1874,
#1875),(#1876,#1877,#1878),(#1879,#1880,#1881),(#1882,#1883,#1884),(#1885,
#1886,#1887),(#1888,#1889,#1890),(#1891,#1892,#1893),(#1894,#1895,#1896),
(#1897,#1898,#1899),(#1900,#1901,#1902),(#1903,#1904,#1905),(#1906,#1907,
#1908),(#1909,#1910,#1911),(#1912,#1913,#1914),(#1915,#1916,#1917),(#1918,
#1919,#1920),(#1921,#1922,#1923),(#1924,#1925,#1926),(#1927,#1928,#1929),
(#1930,#1931,#1932),(#1933,#1934,#1935),(#1936,#1937,#1938),(#1939,#1940,
#1941),(#1942,#1943,#1944),(#1945,#1946,#1947),(#1948,#1949,#1950),(#1951,
#1952,#1953),(#1954,#1955,#1956),(#1957,#1958,#1959),(#1960,#1961,#1962),
(#1963,#1964,#1965),(#1966,#1967,#1968),(#1969,#1970,#1971),(#1972,#1973,
#1974),(#1975,#1976,#1977),(#1978,#1979,#1980),(#1981,#1982,#1983),(#1984,
#1985,#1986),(#1987,#1988,#1989),(#1990,#1991,#1992),(#1993,#1994,#1995),
(#1996,#1997,#1998),(#1999,#2000,#2001),(#2002,#2003,#2004),(#2005,#2006,
#2007),(#2008,#2009,#2010),(#2011,#2012,#2013),(#2014,#2015,#2016),(#2017,
#2018,#2019),(#2020,#2021,#2022),(#2023,#2024,#2025),(#2026,#2027,#2028),
(#2029,#2030,#2031),(#2032,#2033,#2034),(#2035,#2036,#2037),(#2038,#2039,
#2040),(#2041,#2042,#2043),(#2044,#2045,#2046),(#2047,#2048,#2049),(#2050,
#2051,#2052),(#2053,#2054,#2055),(#2056,#2057,#2058),(#2059,#2060,#2061),
(#2062,#2063,#2064),(#2065,#2066,#2067),(#2068,#2069,#2070),(#2071,#2072,
#2073)),.UNSPECIFIED.,.F.,.F.,.F.)
B_SPLINE_SURFACE_WITH_KNOTS((4,1,1,1,1,1,1,1,1,1,1,1,1,1,1,1,1,1,1,1,1,
1,1,1,1,1,1,1,1,1,1,1,1,1,1,1,1,1,1,1,1,1,1,1,1,1,1,1,1,1,1,1,1,1,1,1,1,
1,1,1,1,1,1,1,1,1,4),(3,3),(0.0137946823185909,0.0138510663775319,0.013907450436473,
0.0140202185543551,0.0141329866722372,0.0142457547901193,0.0144712910258835,
0.0146968272616477,0.0151478997331762,0.0155989722047046,0.0158245084404688,
0.0159372765583509,0.016050044676233,0.0161628127941151,0.0162755809119973,
0.0163883490298794,0.0165011171477615,0.0167266533835257,0.0169521896192899,
0.0174032620908183,0.0176287983265826,0.0178543345623468,0.018079870798111,
0.0183054070338752,0.0185309432696394,0.0187564795054037,0.0189820157411679,
0.0192075519769321,0.0196586244484605,0.020109696919989,0.0210118418630458,
0.0219139868061027,0.0228161317491596,0.0237182766922165,0.0246204216352733,
0.0250714941068018,0.0255225665783302,0.0259736390498586,0.0264247115213871,
0.0266502477571513,0.0268757839929155,0.0269885521107976,0.0271013202286797,
0.0271577042876208,0.0272140883465618,0.0272422803760324,0.0272704724055029,
0.0272845684202382,0.0272916164276058,0.0272986644349734,0.027326856464444,
0.027383240523385,0.0274396245823261,0.0274960086412671,0.0275523927002082,
0.0275805847296787,0.027594680744414,0.0276087767591492,0.0276369687886198,
0.0276651608180903,0.0277215448770313,0.0277779289359724,0.0278906970538545,
0.0280034651717366,0.0280598492306777,0.0281162332896187,0.0282290014075008),
(0.,1.),.UNSPECIFIED.)
GEOMETRIC_REPRESENTATION_ITEM()
RATIONAL_B_SPLINE_SURFACE(((1.,0.707106781186548,1.),(1.,0.707106781186548,
1.),(1.,0.707106781186548,1.),(1.,0.707106781186547,1.),(1.,0.707106781186552,
1.),(1.,0.707106781186547,1.),(1.,0.707106781186548,1.),(1.,0.707106781186547,
1.),(1.,0.707106781186548,1.),(1.,0.707106781186547,1.),(1.,0.707106781186548,
1.),(1.,0.707106781186547,1.),(1.,0.707106781186548,1.),(1.,0.707106781186547,
1.),(1.,0.707106781186548,1.),(1.,0.707106781186548,1.),(1.,0.707106781186547,
1.),(1.,0.707106781186548,1.),(1.,0.707106781186547,1.),(1.,0.707106781186548,
1.),(1.,0.707106781186548,1.),(1.,0.707106781186548,1.),(1.,0.707106781186547,
1.),(1.,0.707106781186548,1.),(1.,0.707106781186547,1.),(1.,0.707106781186548,
1.),(1.,0.707106781186547,1.),(1.,0.707106781186549,1.),(1.,0.707106781186547,
1.),(1.,0.707106781186547,1.),(1.,0.707106781186548,1.),(1.,0.707106781186548,
1.),(1.,0.707106781186547,1.),(1.,0.707106781186548,1.),(1.,0.707106781186547,
1.),(1.,0.707106781186548,1.),(1.,0.707106781186547,1.),(1.,0.707106781186548,
1.),(1.,0.707106781186547,1.),(1.,0.707106781186548,1.),(1.,0.707106781186547,
1.),(1.,0.707106781186548,1.),(1.,0.707106781186547,1.),(1.,0.707106781186548,
1.),(1.,0.707106781186547,1.),(1.,0.707106781186546,1.),(1.,0.707106781186548,
1.),(1.,0.707106781186548,1.),(1.,0.707106781186548,1.),(1.,0.707106781186547,
1.),(1.,0.707106781186548,1.),(1.,0.707106781186549,1.),(1.,0.707106781186547,
1.),(1.,0.707106781186547,1.),(1.,0.707106781186548,1.),(1.,0.707106781186548,
1.),(1.,0.707106781186548,1.),(1.,0.707106781186548,1.),(1.,0.707106781186548,
1.),(1.,0.707106781186548,1.),(1.,0.707106781186547,1.),(1.,0.707106781186548,
1.),(1.,0.707106781186547,1.),(1.,0.707106781186547,1.),(1.,0.707106781186548,
1.),(1.,0.707106781186547,1.),(1.,0.707106781186548,1.),(1.,0.707106781186548,
1.),(1.,0.707106781186548,1.)))
REPRESENTATION_ITEM('')
SURFACE()
);
#50=(
BOUNDED_SURFACE()
B_SPLINE_SURFACE(3,2,((#2790,#2791,#2792),(#2793,#2794,#2795),(#2796,#2797,
#2798),(#2799,#2800,#2801),(#2802,#2803,#2804),(#2805,#2806,#2807),(#2808,
#2809,#2810),(#2811,#2812,#2813),(#2814,#2815,#2816),(#2817,#2818,#2819),
(#2820,#2821,#2822),(#2823,#2824,#2825),(#2826,#2827,#2828),(#2829,#2830,
#2831),(#2832,#2833,#2834),(#2835,#2836,#2837),(#2838,#2839,#2840),(#2841,
#2842,#2843),(#2844,#2845,#2846),(#2847,#2848,#2849),(#2850,#2851,#2852),
(#2853,#2854,#2855),(#2856,#2857,#2858),(#2859,#2860,#2861),(#2862,#2863,
#2864),(#2865,#2866,#2867),(#2868,#2869,#2870),(#2871,#2872,#2873),(#2874,
#2875,#2876),(#2877,#2878,#2879),(#2880,#2881,#2882),(#2883,#2884,#2885),
(#2886,#2887,#2888),(#2889,#2890,#2891),(#2892,#2893,#2894),(#2895,#2896,
#2897),(#2898,#2899,#2900),(#2901,#2902,#2903)),.UNSPECIFIED.,.F.,.F.,.F.)
B_SPLINE_SURFACE_WITH_KNOTS((4,1,1,1,1,1,1,1,1,1,1,1,1,1,1,1,1,1,1,1,1,
1,1,1,1,1,1,1,1,1,1,1,1,1,1,4),(3,3),(0.00410763761498226,0.00418867680489732,
0.00426971599481239,0.00443179437464253,0.0047559511343028,0.00508010789396308,
0.00540426465362335,0.00572842141328362,0.0060525781729439,0.00637673493260417,
0.00670089169226444,0.00702504845192472,0.00718712683175485,0.00734920521158499,
0.00743024440150006,0.00751128359141513,0.00759232278133019,0.00767336197124526,
0.0077138815662028,0.00773414136368156,0.00775440116116033,0.00779492075611787,
0.0078354403510754,0.00791647954099047,0.00799751873090554,0.0080785579208206,
0.00815959711073567,0.00832167549056581,0.00848375387039595,0.00864583225022608,
0.00880791063005622,0.00896998900988636,0.00905102819980142,0.00913206738971649,
0.00921310657963156,0.00929414576954663),(0.,1.),.UNSPECIFIED.)
GEOMETRIC_REPRESENTATION_ITEM()
RATIONAL_B_SPLINE_SURFACE(((1.,0.707106781186548,1.),(1.,0.707106781186548,
1.),(1.,0.707106781186548,1.),(1.,0.707106781186548,1.),(1.,0.707106781186547,
1.),(1.,0.707106781186547,1.),(1.,0.707106781186546,1.),(1.,0.707106781186548,
1.),(1.,0.707106781186549,1.),(1.,0.707106781186546,1.),(1.,0.707106781186548,
1.),(1.,0.707106781186547,1.),(1.,0.70710678118655,1.),(1.,0.707106781186546,
1.),(1.,0.707106781186548,1.),(1.,0.707106781186548,1.),(1.,0.707106781186547,
1.),(1.,0.707106781186548,1.),(1.,0.707106781186547,1.),(1.,0.707106781186549,
1.),(1.,0.707106781186547,1.),(1.,0.707106781186548,1.),(1.,0.707106781186548,
1.),(1.,0.707106781186547,1.),(1.,0.707106781186547,1.),(1.,0.707106781186548,
1.),(1.,0.707106781186548,1.),(1.,0.707106781186547,1.),(1.,0.707106781186547,
1.),(1.,0.707106781186548,1.),(1.,0.707106781186548,1.),(1.,0.707106781186548,
1.),(1.,0.707106781186548,1.),(1.,0.707106781186547,1.),(1.,0.707106781186548,
1.),(1.,0.707106781186548,1.),(1.,0.707106781186548,1.),(1.,0.707106781186548,
1.)))
REPRESENTATION_ITEM('')
SURFACE()
);
#51=(
BOUNDED_SURFACE()
B_SPLINE_SURFACE(3,2,((#2916,#2917,#2918),(#2919,#2920,#2921),(#2922,#2923,
#2924),(#2925,#2926,#2927)),.UNSPECIFIED.,.F.,.F.,.F.)
B_SPLINE_SURFACE_WITH_KNOTS((4,4),(3,3),(0.0012446446287891,0.00154022878411773),
(0.,1.),.PIECEWISE_BEZIER_KNOTS.)
GEOMETRIC_REPRESENTATION_ITEM()
RATIONAL_B_SPLINE_SURFACE(((1.,0.707106781181794,1.),(1.,0.651076913704509,
1.),(1.,0.582965885239079,1.),(1.,0.48557078368288,1.)))
REPRESENTATION_ITEM('')
SURFACE()
);
#52=(
BOUNDED_SURFACE()
B_SPLINE_SURFACE(3,2,((#2929,#2930,#2931),(#2932,#2933,#2934),(#2935,#2936,
#2937),(#2938,#2939,#2940),(#2941,#2942,#2943),(#2944,#2945,#2946),(#2947,
#2948,#2949),(#2950,#2951,#2952)),.UNSPECIFIED.,.F.,.F.,.F.)
B_SPLINE_SURFACE_WITH_KNOTS((4,1,1,1,1,4),(3,3),(-4.33680868994202E-19,
0.000865696204624094,0.00173139240924819,0.00259708861387228,0.00302993671618433,
0.00346278481849638),(0.,1.),.UNSPECIFIED.)
GEOMETRIC_REPRESENTATION_ITEM()
RATIONAL_B_SPLINE_SURFACE(((1.,0.707106781186548,1.),(1.,0.707106781186548,
1.),(1.,0.707106781186548,1.),(1.,0.707106781186547,1.),(1.,0.707106781186548,
1.),(1.,0.707106781186547,1.),(1.,0.707106781186548,1.),(1.,0.707106781186548,
1.)))
REPRESENTATION_ITEM('')
SURFACE()
);
#53=(
BOUNDED_SURFACE()
B_SPLINE_SURFACE(3,2,((#2957,#2958,#2959),(#2960,#2961,#2962),(#2963,#2964,
#2965),(#2966,#2967,#2968),(#2969,#2970,#2971),(#2972,#2973,#2974),(#2975,
#2976,#2977),(#2978,#2979,#2980),(#2981,#2982,#2983),(#2984,#2985,#2986),
(#2987,#2988,#2989),(#2990,#2991,#2992),(#2993,#2994,#2995),(#2996,#2997,
#2998),(#2999,#3000,#3001)),.UNSPECIFIED.,.F.,.F.,.F.)
B_SPLINE_SURFACE_WITH_KNOTS((4,1,1,1,1,1,1,1,1,1,1,1,4),(3,3),(1.8702487475375E-18,
0.000525632582622663,0.00105126516524532,0.00157689774786799,0.00210253033049065,
0.00262816291311331,0.00315379549573597,0.0034166117870473,0.00367942807835863,
0.0038108362240143,0.00394224436966996,0.00407365251532563,0.00420506066098129),
(0.,1.),.UNSPECIFIED.)
GEOMETRIC_REPRESENTATION_ITEM()
RATIONAL_B_SPLINE_SURFACE(((1.,0.707106781186548,1.),(1.,0.707106781186548,
1.),(1.,0.707106781186548,1.),(1.,0.707106781186548,1.),(1.,0.707106781186547,
1.),(1.,0.707106781186548,1.),(1.,0.707106781186546,1.),(1.,0.70710678118655,
1.),(1.,0.707106781186547,1.),(1.,0.707106781186548,1.),(1.,0.707106781186546,
1.),(1.,0.707106781186548,1.),(1.,0.707106781186548,1.),(1.,0.707106781186548,
1.),(1.,0.707106781186548,1.)))
REPRESENTATION_ITEM('')
SURFACE()
);
#54=(
BOUNDED_SURFACE()
B_SPLINE_SURFACE(3,2,((#3003,#3004,#3005),(#3006,#3007,#3008),(#3009,#3010,
#3011),(#3012,#3013,#3014),(#3015,#3016,#3017)),.UNSPECIFIED.,.F.,.F.,.F.)
B_SPLINE_SURFACE_WITH_KNOTS((4,1,4),(3,3),(1.96511643762998E-19,0.000107497913734721,
0.000214995827469442),(0.,1.),.UNSPECIFIED.)
GEOMETRIC_REPRESENTATION_ITEM()
RATIONAL_B_SPLINE_SURFACE(((1.,0.849763159957604,1.),(1.,0.849763894497468,
1.),(1.,0.884171470867895,1.),(1.,0.764394605953919,1.),(1.,0.70710678118653,
1.)))
REPRESENTATION_ITEM('')
SURFACE()
);
#55=(
BOUNDED_SURFACE()
B_SPLINE_SURFACE(3,2,((#3020,#3021,#3022),(#3023,#3024,#3025),(#3026,#3027,
#3028),(#3029,#3030,#3031),(#3032,#3033,#3034),(#3035,#3036,#3037),(#3038,
#3039,#3040),(#3041,#3042,#3043),(#3044,#3045,#3046),(#3047,#3048,#3049),
(#3050,#3051,#3052),(#3053,#3054,#3055),(#3056,#3057,#3058),(#3059,#3060,
#3061),(#3062,#3063,#3064),(#3065,#3066,#3067),(#3068,#3069,#3070),(#3071,
#3072,#3073),(#3074,#3075,#3076),(#3077,#3078,#3079),(#3080,#3081,#3082),
(#3083,#3084,#3085),(#3086,#3087,#3088)),.UNSPECIFIED.,.F.,.F.,.F.)
B_SPLINE_SURFACE_WITH_KNOTS((4,1,1,1,1,1,1,1,1,1,1,1,1,1,1,1,1,1,1,1,4),
(3,3),(0.00993708928439048,0.0102787416795746,0.0106203940747588,0.0109620464699429,
0.011132872667535,0.0113036988651271,0.0114745250627191,0.0116453512603112,
0.0118161774579033,0.0119870036554954,0.0121578298530874,0.0122432429518835,
0.0122859495012815,0.0123286560506795,0.0123500093253785,0.0123713626000775,
0.0123927158747765,0.0124140691494755,0.0124994822482716,0.0125848953470676,
0.0126703084458637),(0.,1.),.UNSPECIFIED.)
GEOMETRIC_REPRESENTATION_ITEM()
RATIONAL_B_SPLINE_SURFACE(((1.,0.707106781186548,1.),(1.,0.707106781186548,
1.),(1.,0.707106781186548,1.),(1.,0.707106781186548,1.),(1.,0.707106781186547,
1.),(1.,0.707106781186548,1.),(1.,0.707106781186547,1.),(1.,0.707106781186548,
1.),(1.,0.707106781186548,1.),(1.,0.707106781186546,1.),(1.,0.707106781186548,
1.),(1.,0.707106781186546,1.),(1.,0.707106781186548,1.),(1.,0.707106781186547,
1.),(1.,0.707106781186546,1.),(1.,0.707106781186548,1.),(1.,0.707106781186548,
1.),(1.,0.707106781186547,1.),(1.,0.707106781186548,1.),(1.,0.707106781186548,
1.),(1.,0.707106781186548,1.),(1.,0.707106781186548,1.),(1.,0.707106781186548,
1.)))
REPRESENTATION_ITEM('')
SURFACE()
);
#56=(
BOUNDED_SURFACE()
B_SPLINE_SURFACE(3,2,((#3097,#3098,#3099),(#3100,#3101,#3102),(#3103,#3104,
#3105),(#3106,#3107,#3108),(#3109,#3110,#3111),(#3112,#3113,#3114),(#3115,
#3116,#3117),(#3118,#3119,#3120),(#3121,#3122,#3123),(#3124,#3125,#3126),
(#3127,#3128,#3129),(#3130,#3131,#3132),(#3133,#3134,#3135)),
 .UNSPECIFIED.,.F.,.F.,.F.)
B_SPLINE_SURFACE_WITH_KNOTS((4,1,1,1,1,1,1,1,1,1,4),(3,3),(-1.35525271560688E-18,
0.00066471831289496,0.00099707746934244,0.00132943662578992,0.00149561620401366,
0.0016617957822374,0.00174488557134927,0.00182797536046114,0.00199415493868488,
0.00232651409513236,0.00265887325157984),(0.,1.),.UNSPECIFIED.)
GEOMETRIC_REPRESENTATION_ITEM()
RATIONAL_B_SPLINE_SURFACE(((1.,0.707106781186548,1.),(1.,0.707106781186548,
1.),(1.,0.707106781186548,1.),(1.,0.707106781186547,1.),(1.,0.707106781186548,
1.),(1.,0.707106781186548,1.),(1.,0.707106781186548,1.),(1.,0.707106781186548,
1.),(1.,0.707106781186547,1.),(1.,0.707106781186548,1.),(1.,0.707106781186548,
1.),(1.,0.707106781186548,1.),(1.,0.707106781186548,1.)))
REPRESENTATION_ITEM('')
SURFACE()
);
#57=(
BOUNDED_SURFACE()
B_SPLINE_SURFACE(3,2,((#3137,#3138,#3139),(#3140,#3141,#3142),(#3143,#3144,
#3145),(#3146,#3147,#3148)),.UNSPECIFIED.,.F.,.F.,.F.)
B_SPLINE_SURFACE_WITH_KNOTS((4,4),(3,3),(-4.96700120269922E-18,0.000166382282430979),
(0.,1.),.PIECEWISE_BEZIER_KNOTS.)
GEOMETRIC_REPRESENTATION_ITEM()
RATIONAL_B_SPLINE_SURFACE(((1.,0.753889411246766,1.),(1.,0.75388962810527,
1.),(1.,0.759121796230932,1.),(1.,0.707106781186544,1.)))
REPRESENTATION_ITEM('')
SURFACE()
);
#58=LINE('',#967,#75);
#59=LINE('',#2256,#76);
#60=LINE('',#2295,#77);
#61=LINE('',#2327,#78);
#62=LINE('',#2370,#79);
#63=LINE('',#2378,#80);
#64=LINE('',#2379,#81);
#65=LINE('',#2386,#82);
#66=LINE('',#2409,#83);
#67=LINE('',#2411,#84);
#68=LINE('',#2488,#85);
#69=LINE('',#2519,#86);
#70=LINE('',#2597,#87);
#71=LINE('',#2613,#88);
#72=LINE('',#2637,#89);
#73=LINE('',#2711,#90);
#74=LINE('',#2723,#91);
#75=VECTOR('',#787,1.);
#76=VECTOR('',#796,1.);
#77=VECTOR('',#797,1.);
#78=VECTOR('',#798,1.);
#79=VECTOR('',#799,1.);
#80=VECTOR('',#800,1.);
#81=VECTOR('',#801,1.);
#82=VECTOR('',#802,1.);
#83=VECTOR('',#805,1.);
#84=VECTOR('',#806,1.);
#85=VECTOR('',#807,1.);
#86=VECTOR('',#812,1.);
#87=VECTOR('',#813,1.);
#88=VECTOR('',#814,1.);
#89=VECTOR('',#815,1.);
#90=VECTOR('',#820,1.);
#91=VECTOR('',#821,1.);
#92=B_SPLINE_SURFACE_WITH_KNOTS('',3,1,((#949,#950),(#951,#952),(#953,#954),
(#955,#956),(#957,#958),(#959,#960)),.SURF_OF_LINEAR_EXTRUSION.,.F.,.F.,
 .F.,(4,1,1,4),(2,2),(0.939744701549844,0.969872350774922,0.984936175387461,
1.),(0.,1.),.UNSPECIFIED.);
#93=B_SPLINE_SURFACE_WITH_KNOTS('',3,3,((#1393,#1394,#1395,#1396,#1397,
#1398),(#1399,#1400,#1401,#1402,#1403,#1404),(#1405,#1406,#1407,#1408,#1409,
#1410),(#1411,#1412,#1413,#1414,#1415,#1416),(#1417,#1418,#1419,#1420,#1421,
#1422),(#1423,#1424,#1425,#1426,#1427,#1428)),.UNSPECIFIED.,.F.,.F.,.F.,
(4,2,4),(4,2,4),(0.,0.5,1.),(0.,0.5,1.),.UNSPECIFIED.);
#94=B_SPLINE_SURFACE_WITH_KNOTS('',3,1,((#2158,#2159),(#2160,#2161),(#2162,
#2163),(#2164,#2165),(#2166,#2167),(#2168,#2169),(#2170,#2171),(#2172,#2173),
(#2174,#2175),(#2176,#2177),(#2178,#2179),(#2180,#2181),(#2182,#2183),(#2184,
#2185),(#2186,#2187),(#2188,#2189),(#2190,#2191),(#2192,#2193),(#2194,#2195),
(#2196,#2197),(#2198,#2199),(#2200,#2201),(#2202,#2203),(#2204,#2205),(#2206,
#2207),(#2208,#2209),(#2210,#2211),(#2212,#2213),(#2214,#2215),(#2216,#2217),
(#2218,#2219),(#2220,#2221),(#2222,#2223),(#2224,#2225),(#2226,#2227),(#2228,
#2229),(#2230,#2231),(#2232,#2233),(#2234,#2235),(#2236,#2237),(#2238,#2239),
(#2240,#2241),(#2242,#2243),(#2244,#2245),(#2246,#2247),(#2248,#2249)),
 .SURF_OF_LINEAR_EXTRUSION.,.F.,.F.,.F.,(4,1,1,1,1,1,1,1,1,1,1,1,1,1,1,
1,1,1,1,1,1,1,1,1,1,1,1,1,1,1,1,1,1,1,1,1,1,1,1,1,1,1,1,4),(2,2),(0.,0.0128636433538207,
0.0257272867076414,0.0385909300614622,0.0514545734152829,0.0643182167691036,
0.0771818601229243,0.102909146830566,0.128636433538207,0.154363720245849,
0.167227363599669,0.18009100695349,0.192954650307311,0.205818293661131,
0.218681937014952,0.231545580368773,0.244409223722594,0.257272867076414,
0.270136510430235,0.283000153784056,0.308727440491697,0.334454727199339,
0.36018201390698,0.385909300614622,0.411636587322263,0.437363874029904,
0.463091160737546,0.488818447445187,0.514545734152829,0.54027302086047,
0.566000307568112,0.591727594275753,0.617454880983395,0.643182167691036,
0.668909454398677,0.681773097752498,0.694636741106319,0.70750038446014,
0.72036402781396,0.746091314521602,0.758954957875422,0.771818601229243,
0.797545887936885,0.823273174644526),(0.,1.),.UNSPECIFIED.);
#95=B_SPLINE_SURFACE_WITH_KNOTS('',3,1,((#2296,#2297),(#2298,#2299),(#2300,
#2301),(#2302,#2303),(#2304,#2305),(#2306,#2307),(#2308,#2309)),
 .SURF_OF_LINEAR_EXTRUSION.,.F.,.F.,.F.,(4,1,1,1,4),(2,2),(0.823273174644526,
0.830885927317244,0.838498679989963,0.853724185335399,0.884175196026272),
(0.,1.),.UNSPECIFIED.);
#96=B_SPLINE_SURFACE_WITH_KNOTS('',3,1,((#2328,#2329),(#2330,#2331),(#2332,
#2333),(#2334,#2335),(#2336,#2337),(#2338,#2339),(#2340,#2341),(#2342,#2343),
(#2344,#2345),(#2346,#2347),(#2348,#2349),(#2350,#2351),(#2352,#2353),(#2354,
#2355),(#2356,#2357),(#2358,#2359),(#2360,#2361),(#2362,#2363),(#2364,#2365),
(#2366,#2367),(#2368,#2369)),.SURF_OF_LINEAR_EXTRUSION.,.F.,.F.,.F.,(4,
1,1,1,1,1,1,1,1,1,1,1,1,1,1,1,1,1,4),(2,2),(-5.58130894303786E-17,0.0205594857812011,
0.0411189715624023,0.0616784573436034,0.0822379431248046,0.102797428906006,
0.113077171796606,0.123356914687207,0.133636657577807,0.143916400468408,
0.164475886249609,0.18503537203081,0.205594857812012,0.226154343593213,
0.246713829374414,0.267273315155615,0.287832800936816,0.308392286718017,
0.328951772499218),(0.,1.),.UNSPECIFIED.);
#97=B_SPLINE_SURFACE_WITH_KNOTS('',3,1,((#2412,#2413),(#2414,#2415),(#2416,
#2417),(#2418,#2419),(#2420,#2421),(#2422,#2423),(#2424,#2425),(#2426,#2427),
(#2428,#2429),(#2430,#2431),(#2432,#2433),(#2434,#2435),(#2436,#2437),(#2438,
#2439),(#2440,#2441),(#2442,#2443),(#2444,#2445),(#2446,#2447),(#2448,#2449),
(#2450,#2451),(#2452,#2453),(#2454,#2455),(#2456,#2457),(#2458,#2459),(#2460,
#2461),(#2462,#2463),(#2464,#2465),(#2466,#2467),(#2468,#2469),(#2470,#2471),
(#2472,#2473),(#2474,#2475),(#2476,#2477),(#2478,#2479),(#2480,#2481),(#2482,
#2483),(#2484,#2485),(#2486,#2487)),.SURF_OF_LINEAR_EXTRUSION.,.F.,.F.,
 .F.,(4,1,1,1,1,1,1,1,1,1,1,1,1,1,1,1,1,1,1,1,1,1,1,1,1,1,1,1,1,1,1,1,1,
1,1,4),(2,2),(0.329949238121703,0.339126216642047,0.34830319516239,0.366657152203077,
0.385011109243764,0.403365066284451,0.421719023325138,0.440072980365825,
0.458426937406512,0.476780894447199,0.495134851487886,0.513488808528573,
0.53184276556926,0.550196722609947,0.568550679650634,0.586904636691321,
0.605258593732008,0.623612550772695,0.641966507813382,0.660320464854069,
0.697028378935443,0.71538233597613,0.733736293016817,0.752090250057504,
0.770444207098191,0.788798164138878,0.797975142659221,0.807152121179565,
0.816329099699908,0.825506078220252,0.834683056740595,0.843860035260939,
0.862213992301626,0.880567949342313,0.898921906383,0.917275863423687),(0.,
1.),.UNSPECIFIED.);
#98=B_SPLINE_SURFACE_WITH_KNOTS('',3,1,((#2564,#2565),(#2566,#2567),(#2568,
#2569),(#2570,#2571),(#2572,#2573),(#2574,#2575),(#2576,#2577),(#2578,#2579),
(#2580,#2581),(#2582,#2583),(#2584,#2585),(#2586,#2587),(#2588,#2589)),
 .SURF_OF_LINEAR_EXTRUSION.,.F.,.F.,.F.,(4,1,1,1,1,1,1,1,1,1,4),(2,2),(0.,
0.0567285361584394,0.113457072316879,0.170185608475318,0.226914144633758,
0.340371216950636,0.453828289267515,0.567285361584394,0.680742433901273,
0.794199506218152,0.907656578535031),(0.,1.),.UNSPECIFIED.);
#99=B_SPLINE_SURFACE_WITH_KNOTS('',3,1,((#2629,#2630),(#2631,#2632),(#2633,
#2634),(#2635,#2636)),.SURF_OF_LINEAR_EXTRUSION.,.F.,.F.,.F.,(4,4),(2,2),
(0.946747512367486,1.0000000000004),(0.,1.),.PIECEWISE_BEZIER_KNOTS.);
#100=B_SPLINE_SURFACE_WITH_KNOTS('',3,1,((#2643,#2644),(#2645,#2646),(#2647,
#2648),(#2649,#2650),(#2651,#2652),(#2653,#2654),(#2655,#2656),(#2657,#2658),
(#2659,#2660)),.SURF_OF_LINEAR_EXTRUSION.,.F.,.F.,.F.,(4,1,1,1,1,1,4),(2,
2),(0.,0.109528561695194,0.269499107455508,0.44326064774981,0.629407230350976,
0.805747362474336,1.),(0.,1.),.UNSPECIFIED.);
#101=B_SPLINE_SURFACE_WITH_KNOTS('',3,1,((#2689,#2690),(#2691,#2692),(#2693,
#2694),(#2695,#2696),(#2697,#2698),(#2699,#2700),(#2701,#2702),(#2703,#2704)),
 .SURF_OF_LINEAR_EXTRUSION.,.F.,.F.,.F.,(4,1,1,1,1,4),(2,2),(0.,0.111550472460464,
0.223100944920928,0.446201889841855,0.669302834762783,0.892403779683711),
(0.,1.),.UNSPECIFIED.);
#102=B_SPLINE_SURFACE_WITH_KNOTS('',3,1,((#2733,#2734),(#2735,#2736),(#2737,
#2738),(#2739,#2740),(#2741,#2742),(#2743,#2744),(#2745,#2746),(#2747,#2748),
(#2749,#2750),(#2751,#2752),(#2753,#2754),(#2755,#2756),(#2757,#2758),(#2759,
#2760)),.SURF_OF_LINEAR_EXTRUSION.,.F.,.F.,.F.,(4,1,1,1,1,1,1,1,1,1,1,4),
(2,2),(0.836358716393508,0.846586296618914,0.85681387684432,0.867041457069725,
0.877269037295131,0.897724197745942,0.918179358196754,0.92840693842216,
0.938634518647566,0.959089679098377,0.979544839549188,1.),(0.,1.),
 .UNSPECIFIED.);
#103=B_SPLINE_SURFACE_WITH_KNOTS('',3,1,((#3159,#3160),(#3161,#3162),(#3163,
#3164),(#3165,#3166),(#3167,#3168),(#3169,#3170),(#3171,#3172),(#3173,#3174),
(#3175,#3176),(#3177,#3178),(#3179,#3180),(#3181,#3182),(#3183,#3184),(#3185,
#3186)),.SURF_OF_LINEAR_EXTRUSION.,.T.,.F.,.F.,(1,3,1,1,1,1,1,1,1,1,1,1,
3,1),(2,2),(-0.059057839750578,0.,0.10539902823506,0.205447649628212,0.273766570436311,
0.396304811881134,0.512393663014512,0.620066179404863,0.686311165057295,
0.743412504965163,0.854898585452632,0.940942160249422,1.,1.10539902823506),
(0.,1.),.UNSPECIFIED.);
#104=ORIENTED_EDGE('',*,*,#316,.T.);
#105=ORIENTED_EDGE('',*,*,#317,.T.);
#106=ORIENTED_EDGE('',*,*,#318,.T.);
#107=ORIENTED_EDGE('',*,*,#319,.T.);
#108=ORIENTED_EDGE('',*,*,#320,.T.);
#109=ORIENTED_EDGE('',*,*,#321,.F.);
#110=ORIENTED_EDGE('',*,*,#322,.F.);
#111=ORIENTED_EDGE('',*,*,#323,.T.);
#112=ORIENTED_EDGE('',*,*,#318,.F.);
#113=ORIENTED_EDGE('',*,*,#324,.T.);
#114=ORIENTED_EDGE('',*,*,#325,.T.);
#115=ORIENTED_EDGE('',*,*,#326,.T.);
#116=ORIENTED_EDGE('',*,*,#327,.F.);
#117=ORIENTED_EDGE('',*,*,#328,.F.);
#118=ORIENTED_EDGE('',*,*,#329,.T.);
#119=ORIENTED_EDGE('',*,*,#330,.F.);
#120=ORIENTED_EDGE('',*,*,#317,.F.);
#121=ORIENTED_EDGE('',*,*,#331,.F.);
#122=ORIENTED_EDGE('',*,*,#329,.F.);
#123=ORIENTED_EDGE('',*,*,#332,.F.);
#124=ORIENTED_EDGE('',*,*,#333,.F.);
#125=ORIENTED_EDGE('',*,*,#324,.F.);
#126=ORIENTED_EDGE('',*,*,#334,.F.);
#127=ORIENTED_EDGE('',*,*,#327,.T.);
#128=ORIENTED_EDGE('',*,*,#335,.F.);
#129=ORIENTED_EDGE('',*,*,#336,.T.);
#130=ORIENTED_EDGE('',*,*,#337,.F.);
#131=ORIENTED_EDGE('',*,*,#338,.T.);
#132=ORIENTED_EDGE('',*,*,#339,.F.);
#133=ORIENTED_EDGE('',*,*,#338,.F.);
#134=ORIENTED_EDGE('',*,*,#340,.F.);
#135=ORIENTED_EDGE('',*,*,#341,.T.);
#136=ORIENTED_EDGE('',*,*,#342,.F.);
#137=ORIENTED_EDGE('',*,*,#319,.F.);
#138=ORIENTED_EDGE('',*,*,#326,.F.);
#139=ORIENTED_EDGE('',*,*,#341,.F.);
#140=ORIENTED_EDGE('',*,*,#343,.F.);
#141=ORIENTED_EDGE('',*,*,#344,.T.);
#142=ORIENTED_EDGE('',*,*,#345,.F.);
#143=ORIENTED_EDGE('',*,*,#344,.F.);
#144=ORIENTED_EDGE('',*,*,#346,.T.);
#145=ORIENTED_EDGE('',*,*,#347,.F.);
#146=ORIENTED_EDGE('',*,*,#346,.F.);
#147=ORIENTED_EDGE('',*,*,#348,.F.);
#148=ORIENTED_EDGE('',*,*,#349,.T.);
#149=ORIENTED_EDGE('',*,*,#350,.F.);
#150=ORIENTED_EDGE('',*,*,#349,.F.);
#151=ORIENTED_EDGE('',*,*,#351,.T.);
#152=ORIENTED_EDGE('',*,*,#352,.F.);
#153=ORIENTED_EDGE('',*,*,#353,.F.);
#154=ORIENTED_EDGE('',*,*,#354,.T.);
#155=ORIENTED_EDGE('',*,*,#355,.T.);
#156=ORIENTED_EDGE('',*,*,#356,.F.);
#157=ORIENTED_EDGE('',*,*,#357,.F.);
#158=ORIENTED_EDGE('',*,*,#358,.F.);
#159=ORIENTED_EDGE('',*,*,#359,.F.);
#160=ORIENTED_EDGE('',*,*,#360,.F.);
#161=ORIENTED_EDGE('',*,*,#351,.F.);
#162=ORIENTED_EDGE('',*,*,#361,.F.);
#163=ORIENTED_EDGE('',*,*,#362,.T.);
#164=ORIENTED_EDGE('',*,*,#363,.F.);
#165=ORIENTED_EDGE('',*,*,#337,.T.);
#166=ORIENTED_EDGE('',*,*,#364,.T.);
#167=ORIENTED_EDGE('',*,*,#365,.T.);
#168=ORIENTED_EDGE('',*,*,#361,.T.);
#169=ORIENTED_EDGE('',*,*,#339,.T.);
#170=ORIENTED_EDGE('',*,*,#342,.T.);
#171=ORIENTED_EDGE('',*,*,#325,.F.);
#172=ORIENTED_EDGE('',*,*,#333,.T.);
#173=ORIENTED_EDGE('',*,*,#366,.T.);
#174=ORIENTED_EDGE('',*,*,#367,.T.);
#175=ORIENTED_EDGE('',*,*,#368,.F.);
#176=ORIENTED_EDGE('',*,*,#367,.F.);
#177=ORIENTED_EDGE('',*,*,#369,.T.);
#178=ORIENTED_EDGE('',*,*,#370,.F.);
#179=ORIENTED_EDGE('',*,*,#336,.F.);
#180=ORIENTED_EDGE('',*,*,#371,.T.);
#181=ORIENTED_EDGE('',*,*,#372,.T.);
#182=ORIENTED_EDGE('',*,*,#373,.T.);
#183=ORIENTED_EDGE('',*,*,#374,.F.);
#184=ORIENTED_EDGE('',*,*,#371,.F.);
#185=ORIENTED_EDGE('',*,*,#335,.T.);
#186=ORIENTED_EDGE('',*,*,#375,.T.);
#187=ORIENTED_EDGE('',*,*,#376,.T.);
#188=ORIENTED_EDGE('',*,*,#377,.T.);
#189=ORIENTED_EDGE('',*,*,#378,.T.);
#190=ORIENTED_EDGE('',*,*,#375,.F.);
#191=ORIENTED_EDGE('',*,*,#330,.T.);
#192=ORIENTED_EDGE('',*,*,#379,.T.);
#193=ORIENTED_EDGE('',*,*,#380,.F.);
#194=ORIENTED_EDGE('',*,*,#320,.F.);
#195=ORIENTED_EDGE('',*,*,#345,.T.);
#196=ORIENTED_EDGE('',*,*,#347,.T.);
#197=ORIENTED_EDGE('',*,*,#350,.T.);
#198=ORIENTED_EDGE('',*,*,#352,.T.);
#199=ORIENTED_EDGE('',*,*,#360,.T.);
#200=ORIENTED_EDGE('',*,*,#359,.T.);
#201=ORIENTED_EDGE('',*,*,#358,.T.);
#202=ORIENTED_EDGE('',*,*,#381,.F.);
#203=ORIENTED_EDGE('',*,*,#379,.F.);
#204=ORIENTED_EDGE('',*,*,#331,.T.);
#205=ORIENTED_EDGE('',*,*,#316,.F.);
#206=ORIENTED_EDGE('',*,*,#366,.F.);
#207=ORIENTED_EDGE('',*,*,#332,.T.);
#208=ORIENTED_EDGE('',*,*,#328,.T.);
#209=ORIENTED_EDGE('',*,*,#334,.T.);
#210=ORIENTED_EDGE('',*,*,#370,.T.);
#211=ORIENTED_EDGE('',*,*,#369,.F.);
#212=ORIENTED_EDGE('',*,*,#363,.T.);
#213=ORIENTED_EDGE('',*,*,#382,.T.);
#214=ORIENTED_EDGE('',*,*,#383,.T.);
#215=ORIENTED_EDGE('',*,*,#384,.T.);
#216=ORIENTED_EDGE('',*,*,#385,.T.);
#217=ORIENTED_EDGE('',*,*,#386,.T.);
#218=ORIENTED_EDGE('',*,*,#387,.T.);
#219=ORIENTED_EDGE('',*,*,#353,.T.);
#220=ORIENTED_EDGE('',*,*,#348,.T.);
#221=ORIENTED_EDGE('',*,*,#343,.T.);
#222=ORIENTED_EDGE('',*,*,#340,.T.);
#223=ORIENTED_EDGE('',*,*,#388,.T.);
#224=ORIENTED_EDGE('',*,*,#389,.T.);
#225=ORIENTED_EDGE('',*,*,#390,.F.);
#226=ORIENTED_EDGE('',*,*,#391,.T.);
#227=ORIENTED_EDGE('',*,*,#392,.T.);
#228=ORIENTED_EDGE('',*,*,#381,.T.);
#229=ORIENTED_EDGE('',*,*,#357,.T.);
#230=ORIENTED_EDGE('',*,*,#393,.F.);
#231=ORIENTED_EDGE('',*,*,#394,.F.);
#232=ORIENTED_EDGE('',*,*,#395,.T.);
#233=ORIENTED_EDGE('',*,*,#396,.T.);
#234=ORIENTED_EDGE('',*,*,#391,.F.);
#235=ORIENTED_EDGE('',*,*,#397,.T.);
#236=ORIENTED_EDGE('',*,*,#393,.T.);
#237=ORIENTED_EDGE('',*,*,#356,.T.);
#238=ORIENTED_EDGE('',*,*,#398,.T.);
#239=ORIENTED_EDGE('',*,*,#390,.T.);
#240=ORIENTED_EDGE('',*,*,#399,.T.);
#241=ORIENTED_EDGE('',*,*,#376,.F.);
#242=ORIENTED_EDGE('',*,*,#380,.T.);
#243=ORIENTED_EDGE('',*,*,#394,.T.);
#244=ORIENTED_EDGE('',*,*,#397,.F.);
#245=ORIENTED_EDGE('',*,*,#400,.T.);
#246=ORIENTED_EDGE('',*,*,#401,.T.);
#247=ORIENTED_EDGE('',*,*,#402,.F.);
#248=ORIENTED_EDGE('',*,*,#403,.T.);
#249=ORIENTED_EDGE('',*,*,#404,.T.);
#250=ORIENTED_EDGE('',*,*,#374,.T.);
#251=ORIENTED_EDGE('',*,*,#405,.T.);
#252=ORIENTED_EDGE('',*,*,#403,.F.);
#253=ORIENTED_EDGE('',*,*,#406,.F.);
#254=ORIENTED_EDGE('',*,*,#402,.T.);
#255=ORIENTED_EDGE('',*,*,#407,.T.);
#256=ORIENTED_EDGE('',*,*,#364,.F.);
#257=ORIENTED_EDGE('',*,*,#368,.T.);
#258=ORIENTED_EDGE('',*,*,#406,.T.);
#259=ORIENTED_EDGE('',*,*,#378,.F.);
#260=ORIENTED_EDGE('',*,*,#408,.T.);
#261=ORIENTED_EDGE('',*,*,#385,.F.);
#262=ORIENTED_EDGE('',*,*,#409,.F.);
#263=ORIENTED_EDGE('',*,*,#384,.F.);
#264=ORIENTED_EDGE('',*,*,#410,.T.);
#265=ORIENTED_EDGE('',*,*,#372,.F.);
#266=ORIENTED_EDGE('',*,*,#409,.T.);
#267=ORIENTED_EDGE('',*,*,#398,.F.);
#268=ORIENTED_EDGE('',*,*,#355,.F.);
#269=ORIENTED_EDGE('',*,*,#411,.F.);
#270=ORIENTED_EDGE('',*,*,#411,.T.);
#271=ORIENTED_EDGE('',*,*,#354,.F.);
#272=ORIENTED_EDGE('',*,*,#412,.F.);
#273=ORIENTED_EDGE('',*,*,#395,.F.);
#274=ORIENTED_EDGE('',*,*,#412,.T.);
#275=ORIENTED_EDGE('',*,*,#387,.F.);
#276=ORIENTED_EDGE('',*,*,#413,.F.);
#277=ORIENTED_EDGE('',*,*,#396,.F.);
#278=ORIENTED_EDGE('',*,*,#413,.T.);
#279=ORIENTED_EDGE('',*,*,#386,.F.);
#280=ORIENTED_EDGE('',*,*,#414,.F.);
#281=ORIENTED_EDGE('',*,*,#392,.F.);
#282=ORIENTED_EDGE('',*,*,#414,.T.);
#283=ORIENTED_EDGE('',*,*,#408,.F.);
#284=ORIENTED_EDGE('',*,*,#415,.F.);
#285=ORIENTED_EDGE('',*,*,#388,.F.);
#286=ORIENTED_EDGE('',*,*,#399,.F.);
#287=ORIENTED_EDGE('',*,*,#389,.F.);
#288=ORIENTED_EDGE('',*,*,#415,.T.);
#289=ORIENTED_EDGE('',*,*,#377,.F.);
#290=ORIENTED_EDGE('',*,*,#410,.F.);
#291=ORIENTED_EDGE('',*,*,#383,.F.);
#292=ORIENTED_EDGE('',*,*,#416,.F.);
#293=ORIENTED_EDGE('',*,*,#405,.F.);
#294=ORIENTED_EDGE('',*,*,#373,.F.);
#295=ORIENTED_EDGE('',*,*,#416,.T.);
#296=ORIENTED_EDGE('',*,*,#382,.F.);
#297=ORIENTED_EDGE('',*,*,#417,.F.);
#298=ORIENTED_EDGE('',*,*,#404,.F.);
#299=ORIENTED_EDGE('',*,*,#417,.T.);
#300=ORIENTED_EDGE('',*,*,#362,.F.);
#301=ORIENTED_EDGE('',*,*,#418,.F.);
#302=ORIENTED_EDGE('',*,*,#400,.F.);
#303=ORIENTED_EDGE('',*,*,#407,.F.);
#304=ORIENTED_EDGE('',*,*,#401,.F.);
#305=ORIENTED_EDGE('',*,*,#418,.T.);
#306=ORIENTED_EDGE('',*,*,#365,.F.);
#307=ORIENTED_EDGE('',*,*,#321,.T.);
#308=ORIENTED_EDGE('',*,*,#419,.F.);
#309=ORIENTED_EDGE('',*,*,#419,.T.);
#310=ORIENTED_EDGE('',*,*,#322,.T.);
#311=ORIENTED_EDGE('',*,*,#420,.F.);
#312=ORIENTED_EDGE('',*,*,#420,.T.);
#313=ORIENTED_EDGE('',*,*,#323,.F.);
#314=ORIENTED_EDGE('',*,*,#421,.T.);
#315=ORIENTED_EDGE('',*,*,#421,.F.);
#316=EDGE_CURVE('',#422,#422,#491,.T.);
#317=EDGE_CURVE('',#423,#424,#492,.T.);
#318=EDGE_CURVE('',#424,#425,#493,.T.);
#319=EDGE_CURVE('',#425,#426,#494,.T.);
#320=EDGE_CURVE('',#426,#423,#495,.T.);
#321=EDGE_CURVE('',#427,#427,#496,.T.);
#322=EDGE_CURVE('',#428,#428,#497,.T.);
#323=EDGE_CURVE('',#429,#429,#498,.T.);
#324=EDGE_CURVE('',#424,#430,#499,.T.);
#325=EDGE_CURVE('',#430,#431,#58,.T.);
#326=EDGE_CURVE('',#431,#425,#500,.T.);
#327=EDGE_CURVE('',#432,#433,#29,.T.);
#328=EDGE_CURVE('',#434,#432,#501,.T.);
#329=EDGE_CURVE('',#434,#435,#30,.T.);
#330=EDGE_CURVE('',#433,#435,#502,.T.);
#331=EDGE_CURVE('',#435,#423,#503,.T.);
#332=EDGE_CURVE('',#436,#434,#504,.T.);
#333=EDGE_CURVE('',#430,#436,#505,.T.);
#334=EDGE_CURVE('',#432,#437,#506,.T.);
#335=EDGE_CURVE('',#438,#433,#507,.T.);
#336=EDGE_CURVE('',#438,#437,#508,.T.);
#337=EDGE_CURVE('',#439,#440,#509,.T.);
#338=EDGE_CURVE('',#439,#441,#510,.F.);
#339=EDGE_CURVE('',#440,#441,#511,.T.);
#340=EDGE_CURVE('',#442,#439,#512,.T.);
#341=EDGE_CURVE('',#442,#431,#513,.F.);
#342=EDGE_CURVE('',#441,#431,#514,.T.);
#343=EDGE_CURVE('',#443,#442,#515,.T.);
#344=EDGE_CURVE('',#443,#444,#516,.T.);
#345=EDGE_CURVE('',#426,#444,#517,.T.);
#346=EDGE_CURVE('',#443,#445,#518,.F.);
#347=EDGE_CURVE('',#444,#445,#519,.F.);
#348=EDGE_CURVE('',#446,#443,#520,.T.);
#349=EDGE_CURVE('',#446,#447,#521,.T.);
#350=EDGE_CURVE('',#445,#447,#522,.T.);
#351=EDGE_CURVE('',#446,#448,#523,.F.);
#352=EDGE_CURVE('',#447,#448,#524,.F.);
#353=EDGE_CURVE('',#449,#446,#525,.T.);
#354=EDGE_CURVE('',#449,#450,#526,.T.);
#355=EDGE_CURVE('',#450,#451,#527,.T.);
#356=EDGE_CURVE('',#452,#451,#528,.F.);
#357=EDGE_CURVE('',#453,#452,#529,.F.);
#358=EDGE_CURVE('',#454,#453,#530,.F.);
#359=EDGE_CURVE('',#455,#454,#531,.F.);
#360=EDGE_CURVE('',#448,#455,#532,.T.);
#361=EDGE_CURVE('',#456,#440,#533,.T.);
#362=EDGE_CURVE('',#456,#457,#534,.T.);
#363=EDGE_CURVE('',#439,#457,#535,.T.);
#364=EDGE_CURVE('',#458,#459,#536,.T.);
#365=EDGE_CURVE('',#459,#456,#59,.T.);
#366=EDGE_CURVE('',#436,#460,#537,.T.);
#367=EDGE_CURVE('',#460,#458,#60,.T.);
#368=EDGE_CURVE('',#458,#461,#538,.T.);
#369=EDGE_CURVE('',#460,#462,#539,.T.);
#370=EDGE_CURVE('',#437,#462,#540,.T.);
#371=EDGE_CURVE('',#438,#461,#61,.T.);
#372=EDGE_CURVE('',#463,#464,#62,.T.);
#373=EDGE_CURVE('',#464,#465,#541,.T.);
#374=EDGE_CURVE('',#461,#465,#63,.T.);
#375=EDGE_CURVE('',#433,#466,#64,.T.);
#376=EDGE_CURVE('',#466,#467,#542,.T.);
#377=EDGE_CURVE('',#467,#468,#65,.T.);
#378=EDGE_CURVE('',#468,#463,#543,.T.);
#379=EDGE_CURVE('',#435,#469,#66,.T.);
#380=EDGE_CURVE('',#466,#469,#67,.T.);
#381=EDGE_CURVE('',#469,#453,#68,.T.);
#382=EDGE_CURVE('',#457,#470,#544,.T.);
#383=EDGE_CURVE('',#470,#471,#545,.T.);
#384=EDGE_CURVE('',#471,#472,#69,.T.);
#385=EDGE_CURVE('',#472,#473,#546,.T.);
#386=EDGE_CURVE('',#473,#474,#547,.T.);
#387=EDGE_CURVE('',#474,#449,#548,.T.);
#388=EDGE_CURVE('',#475,#476,#549,.T.);
#389=EDGE_CURVE('',#476,#477,#70,.F.);
#390=EDGE_CURVE('',#478,#477,#550,.T.);
#391=EDGE_CURVE('',#478,#479,#71,.T.);
#392=EDGE_CURVE('',#479,#475,#551,.T.);
#393=EDGE_CURVE('',#480,#452,#72,.T.);
#394=EDGE_CURVE('',#469,#480,#552,.T.);
#395=EDGE_CURVE('',#481,#482,#553,.T.);
#396=EDGE_CURVE('',#482,#479,#554,.T.);
#397=EDGE_CURVE('',#478,#480,#555,.T.);
#398=EDGE_CURVE('',#451,#481,#556,.T.);
#399=EDGE_CURVE('',#477,#467,#31,.F.);
#400=EDGE_CURVE('',#483,#484,#557,.T.);
#401=EDGE_CURVE('',#484,#485,#73,.F.);
#402=EDGE_CURVE('',#486,#485,#558,.T.);
#403=EDGE_CURVE('',#486,#487,#74,.T.);
#404=EDGE_CURVE('',#487,#483,#559,.T.);
#405=EDGE_CURVE('',#465,#487,#560,.T.);
#406=EDGE_CURVE('',#461,#486,#561,.T.);
#407=EDGE_CURVE('',#485,#459,#32,.F.);
#408=EDGE_CURVE('',#468,#473,#562,.T.);
#409=EDGE_CURVE('',#463,#472,#33,.T.);
#410=EDGE_CURVE('',#471,#464,#563,.T.);
#411=EDGE_CURVE('',#481,#450,#34,.F.);
#412=EDGE_CURVE('',#482,#449,#35,.T.);
#413=EDGE_CURVE('',#479,#474,#564,.T.);
#414=EDGE_CURVE('',#475,#473,#36,.T.);
#415=EDGE_CURVE('',#476,#468,#37,.T.);
#416=EDGE_CURVE('',#487,#470,#565,.T.);
#417=EDGE_CURVE('',#483,#457,#38,.T.);
#418=EDGE_CURVE('',#484,#456,#39,.T.);
#419=EDGE_CURVE('',#488,#488,#40,.T.);
#420=EDGE_CURVE('',#489,#489,#41,.T.);
#421=EDGE_CURVE('',#490,#490,#566,.T.);
#422=VERTEX_POINT('',#882);
#423=VERTEX_POINT('',#888);
#424=VERTEX_POINT('',#889);
#425=VERTEX_POINT('',#897);
#426=VERTEX_POINT('',#905);
#427=VERTEX_POINT('',#922);
#428=VERTEX_POINT('',#930);
#429=VERTEX_POINT('',#948);
#430=VERTEX_POINT('',#966);
#431=VERTEX_POINT('',#968);
#432=VERTEX_POINT('',#986);
#433=VERTEX_POINT('',#987);
#434=VERTEX_POINT('',#992);
#435=VERTEX_POINT('',#994);
#436=VERTEX_POINT('',#1245);
#437=VERTEX_POINT('',#1363);
#438=VERTEX_POINT('',#1387);
#439=VERTEX_POINT('',#1435);
#440=VERTEX_POINT('',#1436);
#441=VERTEX_POINT('',#1441);
#442=VERTEX_POINT('',#1462);
#443=VERTEX_POINT('',#1563);
#444=VERTEX_POINT('',#1570);
#445=VERTEX_POINT('',#1584);
#446=VERTEX_POINT('',#1686);
#447=VERTEX_POINT('',#1693);
#448=VERTEX_POINT('',#1714);
#449=VERTEX_POINT('',#1821);
#450=VERTEX_POINT('',#1826);
#451=VERTEX_POINT('',#1831);
#452=VERTEX_POINT('',#1836);
#453=VERTEX_POINT('',#1841);
#454=VERTEX_POINT('',#1847);
#455=VERTEX_POINT('',#1852);
#456=VERTEX_POINT('',#2113);
#457=VERTEX_POINT('',#2118);
#458=VERTEX_POINT('',#2254);
#459=VERTEX_POINT('',#2255);
#460=VERTEX_POINT('',#2294);
#461=VERTEX_POINT('',#2314);
#462=VERTEX_POINT('',#2322);
#463=VERTEX_POINT('',#2371);
#464=VERTEX_POINT('',#2372);
#465=VERTEX_POINT('',#2377);
#466=VERTEX_POINT('',#2380);
#467=VERTEX_POINT('',#2385);
#468=VERTEX_POINT('',#2387);
#469=VERTEX_POINT('',#2410);
#470=VERTEX_POINT('',#2503);
#471=VERTEX_POINT('',#2518);
#472=VERTEX_POINT('',#2520);
#473=VERTEX_POINT('',#2539);
#474=VERTEX_POINT('',#2555);
#475=VERTEX_POINT('',#2595);
#476=VERTEX_POINT('',#2596);
#477=VERTEX_POINT('',#2598);
#478=VERTEX_POINT('',#2612);
#479=VERTEX_POINT('',#2614);
#480=VERTEX_POINT('',#2638);
#481=VERTEX_POINT('',#2665);
#482=VERTEX_POINT('',#2666);
#483=VERTEX_POINT('',#2709);
#484=VERTEX_POINT('',#2710);
#485=VERTEX_POINT('',#2712);
#486=VERTEX_POINT('',#2722);
#487=VERTEX_POINT('',#2724);
#488=VERTEX_POINT('',#3153);
#489=VERTEX_POINT('',#3157);
#490=VERTEX_POINT('',#3201);
#491=B_SPLINE_CURVE_WITH_KNOTS('',3,(#864,#865,#866,#867,#868,#869,#870,
#871,#872,#873,#874,#875,#876,#877,#878,#879,#880,#881),.UNSPECIFIED.,.T.,
 .F.,(1,1,1,1,1,1,1,1,1,1,1,1,1,1,1,1,1,1,1,1,1,1),(-0.000880841961771836,
-0.0005872279745145,-0.000293613987257166,1.70388019995435E-16,0.000587227974514841,
0.000880841961772176,0.00117445594902951,0.00146806993628685,0.00176168392354418,
0.00205529791080152,0.00234891189805885,0.00264252588531619,0.00293613987257352,
0.00322975385983086,0.00352336784708819,0.00381698183434553,0.00411059582160286,
0.0044042098088602,0.00469782379611753,0.0052850517706322,0.00557866575788954,
0.00587227974514687),.UNSPECIFIED.);
#492=B_SPLINE_CURVE_WITH_KNOTS('',3,(#883,#884,#885,#886,#887),
 .UNSPECIFIED.,.F.,.F.,(4,1,4),(1.31836844284162E-16,0.000230965403426657,
0.000461930806853183),.UNSPECIFIED.);
#493=B_SPLINE_CURVE_WITH_KNOTS('',3,(#890,#891,#892,#893,#894,#895,#896),
 .UNSPECIFIED.,.F.,.F.,(4,1,1,1,4),(4.33680868994202E-19,0.000541353484064693,
0.00108270696812938,0.00162406045219408,0.00216541393625877),
 .UNSPECIFIED.);
#494=B_SPLINE_CURVE_WITH_KNOTS('',3,(#898,#899,#900,#901,#902,#903,#904),
 .UNSPECIFIED.,.F.,.F.,(4,1,1,1,4),(3.46478891312615E-16,0.000313749217300871,
0.000627498434601395,0.000941247651901919,0.00125499686920244),
 .UNSPECIFIED.);
#495=B_SPLINE_CURVE_WITH_KNOTS('',3,(#906,#907,#908,#909,#910,#911,#912),
 .UNSPECIFIED.,.F.,.F.,(4,1,1,1,4),(0.000157456914580657,0.000632511367090706,
0.00110756581960075,0.0015826202721108,0.00205767472462085),
 .UNSPECIFIED.);
#496=B_SPLINE_CURVE_WITH_KNOTS('',3,(#913,#914,#915,#916,#917,#918,#919,
#920,#921),.UNSPECIFIED.,.T.,.F.,(1,1,1,1,1,1,1,1,1,1,1,1,1),(-0.00071851670746144,
-0.00053888753059608,-0.00035925835373072,0.,0.00017962917686536,0.00035925835373072,
0.00071851670746144,0.0008981458843268,0.00107777506119216,0.00143703341492288,
0.00161666259178824,0.0017962917686536,0.00215555012238432),
 .UNSPECIFIED.);
#497=B_SPLINE_CURVE_WITH_KNOTS('',3,(#923,#924,#925,#926,#927,#928,#929),
 .UNSPECIFIED.,.T.,.F.,(1,1,1,1,1,1,1,1,1,1,1),(-0.00106242382091103,-0.000708282545196727,
-0.00035414126948242,6.23188562711304E-12,0.000354141281946192,0.000708282557660498,
0.0010624238333748,0.00141656510908911,0.00177070638480342,0.00212484766051772,
0.00247898893623203),.UNSPECIFIED.);
#498=B_SPLINE_CURVE_WITH_KNOTS('',3,(#931,#932,#933,#934,#935,#936,#937,
#938,#939,#940,#941,#942,#943,#944,#945,#946,#947),.UNSPECIFIED.,.T.,.F.,
(1,1,1,1,1,1,1,1,1,1,1,1,1,1,1,1,1,1,1,1,1),(-0.000697135949799469,-0.000522851962349601,
-0.000348567974899734,0.,0.000174283987449867,0.000348567974899735,0.000522851962349602,
0.000697135949799469,0.000871419937249336,0.0010457039246992,0.00139427189959894,
0.00156855588704881,0.00174283987449867,0.00191712386194854,0.00209140784939841,
0.00226569183684827,0.00243997582429814,0.00278854379919788,0.00296282778664774,
0.00313711177409761,0.00331139576154748),.UNSPECIFIED.);
#499=B_SPLINE_CURVE_WITH_KNOTS('',3,(#961,#962,#963,#964,#965),
 .UNSPECIFIED.,.F.,.F.,(4,1,4),(0.00975925331181961,0.0101822819524803,
0.010605310593141),.UNSPECIFIED.);
#500=B_SPLINE_CURVE_WITH_KNOTS('',3,(#969,#970,#971,#972),.UNSPECIFIED.,
 .F.,.F.,(4,4),(0.,0.000420185442851832),.UNSPECIFIED.);
#501=B_SPLINE_CURVE_WITH_KNOTS('',3,(#988,#989,#990,#991),.UNSPECIFIED.,
 .F.,.F.,(4,4),(0.,2.72480731456594E-5),.UNSPECIFIED.);
#502=B_SPLINE_CURVE_WITH_KNOTS('',3,(#995,#996,#997,#998),.UNSPECIFIED.,
 .F.,.F.,(4,4),(-2.09999991935102E-8,9.20699838264007E-6),.UNSPECIFIED.);
#503=B_SPLINE_CURVE_WITH_KNOTS('',3,(#1170,#1171,#1172,#1173,#1174,#1175,
#1176,#1177,#1178,#1179,#1180,#1181,#1182,#1183,#1184,#1185,#1186,#1187,
#1188,#1189,#1190,#1191,#1192,#1193,#1194,#1195,#1196,#1197,#1198,#1199,
#1200,#1201,#1202,#1203,#1204,#1205,#1206),.UNSPECIFIED.,.F.,.F.,(4,1,1,
1,1,1,1,1,1,1,1,1,1,1,1,1,1,1,1,1,1,1,1,1,1,1,1,1,1,1,1,1,1,1,4),(-2.09999990705415E-8,
7.29102423896926E-5,0.000145841484778456,0.000291703969555982,0.000583428939111035,
0.000875153908666088,0.00116687887822114,0.00145860384777619,0.00175032881733125,
0.00233377875644135,0.00291722869555146,0.00350067863466156,0.00379240360421661,
0.00408412857377167,0.00437585354332672,0.00466757851288177,0.0048134409976593,
0.00495930348243683,0.00525102845199188,0.00554275342154693,0.00583447839110198,
0.00641792833021209,0.0070013782693222,0.0075848282084323,0.00787655317798735,
0.00802241566276488,0.00816827814754241,0.00831414063231993,0.0083870718747087,
0.00846000311709746,0.00853293435948622,0.00860586560187498,0.00875172808665251,
0.00904345305620756,0.00933517802576262),.UNSPECIFIED.);
#504=B_SPLINE_CURVE_WITH_KNOTS('',3,(#1207,#1208,#1209,#1210,#1211,#1212,
#1213,#1214,#1215,#1216,#1217,#1218,#1219,#1220,#1221,#1222,#1223,#1224,
#1225,#1226,#1227,#1228,#1229,#1230,#1231,#1232,#1233,#1234,#1235,#1236,
#1237,#1238,#1239,#1240,#1241,#1242,#1243,#1244),.UNSPECIFIED.,.F.,.F.,
(4,1,1,1,1,1,1,1,1,1,1,1,1,1,1,1,1,1,1,1,1,1,1,1,1,1,1,1,1,1,1,1,1,1,1,
4),(0.,0.000365355711783599,0.000730711423567198,0.0010960671353508,0.0014614228471344,
0.00182677855891799,0.00200945641480979,0.00219213427070159,0.00237481212659339,
0.00255748998248519,0.00274016783837699,0.00292284569426879,0.00310552355016059,
0.00328820140605239,0.00365355711783599,0.00401891282961959,0.00438426854140319,
0.00474962425318678,0.00511497996497038,0.00548033567675398,0.00584569138853758,
0.00621104710032118,0.00657640281210478,0.00675908066799658,0.00694175852388838,
0.00730711423567198,0.00767246994745558,0.00803782565923918,0.00876853708280637,
0.00949924850637357,0.0102299599299408,0.0105953156417244,0.010960671353508,
0.0113260270652916,0.0115087049211834,0.0116913827770752),.UNSPECIFIED.);
#505=B_SPLINE_CURVE_WITH_KNOTS('',3,(#1246,#1247,#1248,#1249,#1250),
 .UNSPECIFIED.,.F.,.F.,(4,1,4),(0.,0.000136947420537002,0.000273894841074003),
 .UNSPECIFIED.);
#506=B_SPLINE_CURVE_WITH_KNOTS('',3,(#1341,#1342,#1343,#1344,#1345,#1346,
#1347,#1348,#1349,#1350,#1351,#1352,#1353,#1354,#1355,#1356,#1357,#1358,
#1359,#1360,#1361,#1362),.UNSPECIFIED.,.F.,.F.,(4,1,1,1,1,1,1,1,1,1,1,1,
1,1,1,1,1,1,1,4),(0.,0.000330740939000208,0.000661481878000416,0.000992222817000623,
0.00132296375600083,0.00198444563400125,0.00231518657300145,0.00264592751200166,
0.00297666845100187,0.00330740939000208,0.00347277985950218,0.00363815032900229,
0.00380352079850239,0.00396889126800249,0.0042996322070027,0.00463037314600291,
0.00479574361550301,0.00496111408500312,0.00512648455450322,0.00529185502400332),
 .UNSPECIFIED.);
#507=B_SPLINE_CURVE_WITH_KNOTS('',3,(#1364,#1365,#1366,#1367,#1368,#1369,
#1370,#1371,#1372,#1373,#1374,#1375,#1376,#1377,#1378,#1379,#1380,#1381,
#1382,#1383,#1384,#1385,#1386),.UNSPECIFIED.,.F.,.F.,(4,1,1,1,1,1,1,1,1,
1,1,1,1,1,1,1,1,1,1,1,4),(0.,0.000164819731630846,0.000329639463261693,
0.000659278926523386,0.000988918389785079,0.00115373812141593,0.00131855785304677,
0.00148337758467762,0.00164819731630846,0.00181301704793931,0.00197783677957016,
0.00230747624283185,0.00263711570609354,0.00329639463261693,0.00362603409587862,
0.00395567355914032,0.00428531302240201,0.0046149524856637,0.00494459194892539,
0.00510941168055624,0.00527423141218709),.UNSPECIFIED.);
#508=B_SPLINE_CURVE_WITH_KNOTS('',3,(#1388,#1389,#1390,#1391,#1392),
 .UNSPECIFIED.,.F.,.F.,(4,1,4),(5.04838062421583E-16,0.000149655798343761,
0.000299311596687016),.UNSPECIFIED.);
#509=B_SPLINE_CURVE_WITH_KNOTS('',3,(#1429,#1430,#1431,#1432,#1433,#1434),
 .UNSPECIFIED.,.F.,.F.,(4,2,4),(0.,0.5,1.),.UNSPECIFIED.);
#510=B_SPLINE_CURVE_WITH_KNOTS('',3,(#1437,#1438,#1439,#1440),
 .UNSPECIFIED.,.F.,.F.,(4,4),(0.,1.),.UNSPECIFIED.);
#511=B_SPLINE_CURVE_WITH_KNOTS('',3,(#1442,#1443,#1444,#1445),
 .UNSPECIFIED.,.F.,.F.,(4,4),(0.,1.),.UNSPECIFIED.);
#512=B_SPLINE_CURVE_WITH_KNOTS('',3,(#1458,#1459,#1460,#1461),
 .UNSPECIFIED.,.F.,.F.,(4,4),(0.,7.15305743106338E-6),.UNSPECIFIED.);
#513=B_SPLINE_CURVE_WITH_KNOTS('',3,(#1463,#1464,#1465,#1466),
 .UNSPECIFIED.,.F.,.F.,(4,4),(0.,0.000385010466500225),.UNSPECIFIED.);
#514=B_SPLINE_CURVE_WITH_KNOTS('',3,(#1467,#1468,#1469,#1470),
 .UNSPECIFIED.,.F.,.F.,(4,4),(0.,5.18123045120249E-5),.UNSPECIFIED.);
#515=B_SPLINE_CURVE_WITH_KNOTS('',3,(#1549,#1550,#1551,#1552,#1553,#1554,
#1555,#1556,#1557,#1558,#1559,#1560,#1561,#1562),.UNSPECIFIED.,.F.,.F.,
(4,1,1,1,1,1,1,1,1,1,1,4),(0.,0.000162315142693137,0.000324630285386274,
0.000486945428079411,0.000649260570772548,0.000811575713465685,0.000973890856158822,
0.0012985211415451,0.00162315142693137,0.00194778171231764,0.00227241199770392,
0.00259704228309019),.UNSPECIFIED.);
#516=B_SPLINE_CURVE_WITH_KNOTS('',3,(#1564,#1565,#1566,#1567,#1568,#1569),
 .UNSPECIFIED.,.F.,.F.,(4,2,4),(0.,0.5,1.),.UNSPECIFIED.);
#517=B_SPLINE_CURVE_WITH_KNOTS('',3,(#1571,#1572,#1573,#1574,#1575,#1576,
#1577,#1578),.UNSPECIFIED.,.F.,.F.,(4,1,1,1,1,4),(0.00158815106441159,0.00178273476501302,
0.00197731846561445,0.00217190216621588,0.00226919401651659,0.00236648586681731),
 .UNSPECIFIED.);
#518=B_SPLINE_CURVE_WITH_KNOTS('',3,(#1580,#1581,#1582,#1583),
 .UNSPECIFIED.,.F.,.F.,(4,4),(0.,1.),.UNSPECIFIED.);
#519=B_SPLINE_CURVE_WITH_KNOTS('',3,(#1585,#1586,#1587,#1588),
 .UNSPECIFIED.,.F.,.F.,(4,4),(0.,1.),.UNSPECIFIED.);
#520=B_SPLINE_CURVE_WITH_KNOTS('',3,(#1670,#1671,#1672,#1673,#1674,#1675,
#1676,#1677,#1678,#1679,#1680,#1681,#1682,#1683,#1684,#1685),
 .UNSPECIFIED.,.F.,.F.,(4,1,1,1,1,1,1,1,1,1,1,1,1,4),(0.,0.000251144443509093,
0.000502288887018186,0.000753433330527278,0.00100457777403637,0.00150686666105456,
0.00200915554807274,0.00251144443509093,0.00276258887860002,0.00301373332210911,
0.00326487776561821,0.0035160222091273,0.00376716665263639,0.00401831109614548),
 .UNSPECIFIED.);
#521=B_SPLINE_CURVE_WITH_KNOTS('',3,(#1687,#1688,#1689,#1690,#1691,#1692),
 .UNSPECIFIED.,.F.,.F.,(4,2,4),(0.,0.5,1.),.UNSPECIFIED.);
#522=B_SPLINE_CURVE_WITH_KNOTS('',3,(#1694,#1695,#1696,#1697,#1698,#1699,
#1700,#1701,#1702,#1703,#1704,#1705,#1706,#1707),.UNSPECIFIED.,.F.,.F.,
(4,1,1,1,1,1,1,1,1,1,1,4),(2.16840434497101E-19,0.000234945024833404,0.000469890049666808,
0.000939780099333616,0.00117472512416702,0.00140967014900042,0.00187956019866723,
0.00234945024833404,0.00281934029800085,0.00328923034766765,0.00352417537250106,
0.00375912039733446),.UNSPECIFIED.);
#523=B_SPLINE_CURVE_WITH_KNOTS('',3,(#1709,#1710,#1711,#1712,#1713),
 .UNSPECIFIED.,.F.,.F.,(4,1,4),(0.,0.5,1.),.UNSPECIFIED.);
#524=B_SPLINE_CURVE_WITH_KNOTS('',3,(#1715,#1716,#1717,#1718),
 .UNSPECIFIED.,.F.,.F.,(4,4),(0.,1.),.UNSPECIFIED.);
#525=B_SPLINE_CURVE_WITH_KNOTS('',3,(#1809,#1810,#1811,#1812,#1813,#1814,
#1815,#1816,#1817,#1818,#1819,#1820),.UNSPECIFIED.,.F.,.F.,(4,1,1,1,1,1,
1,1,1,4),(0.000206591816072786,0.000693353303419885,0.00118011479076698,
0.00215363776546118,0.00264039925280828,0.00312716074015538,0.00337054148382893,
0.00361392222750248,0.00385730297117603,0.00410068371484958),
 .UNSPECIFIED.);
#526=B_SPLINE_CURVE_WITH_KNOTS('',3,(#1822,#1823,#1824,#1825),
 .UNSPECIFIED.,.F.,.F.,(4,4),(9.15373814928633E-16,0.000317038128801778),
 .UNSPECIFIED.);
#527=B_SPLINE_CURVE_WITH_KNOTS('',3,(#1827,#1828,#1829,#1830),
 .UNSPECIFIED.,.F.,.F.,(4,4),(0.,0.000115246253036235),.UNSPECIFIED.);
#528=B_SPLINE_CURVE_WITH_KNOTS('',3,(#1832,#1833,#1834,#1835),
 .UNSPECIFIED.,.F.,.F.,(4,4),(0.000127544509467882,0.000226688944653367),
 .UNSPECIFIED.);
#529=B_SPLINE_CURVE_WITH_KNOTS('',3,(#1837,#1838,#1839,#1840),
 .UNSPECIFIED.,.F.,.F.,(4,4),(1.94335567458828E-15,0.000164928901807462),
 .UNSPECIFIED.);
#530=B_SPLINE_CURVE_WITH_KNOTS('',3,(#1842,#1843,#1844,#1845,#1846),
 .UNSPECIFIED.,.F.,.F.,(4,1,4),(5.14768255864779E-13,9.51655649148854E-5,
0.000190331129315002),.UNSPECIFIED.);
#531=B_SPLINE_CURVE_WITH_KNOTS('',3,(#1848,#1849,#1850,#1851),
 .UNSPECIFIED.,.F.,.F.,(4,4),(0.,1.),.UNSPECIFIED.);
#532=B_SPLINE_CURVE_WITH_KNOTS('',3,(#1853,#1854,#1855,#1856,#1857,#1858,
#1859,#1860,#1861,#1862,#1863,#1864,#1865,#1866),.UNSPECIFIED.,.F.,.F.,
(4,1,1,1,1,1,1,1,1,1,1,4),(0.,0.00029839745615407,0.000596794912308139,
0.000895192368462209,0.00119358982461628,0.00179038473692442,0.00238717964923256,
0.0029839745615407,0.00358076947384883,0.0038791669300029,0.00417756438615697,
0.00477435929846511),.UNSPECIFIED.);
#533=B_SPLINE_CURVE_WITH_KNOTS('',3,(#2074,#2075,#2076,#2077,#2078,#2079,
#2080,#2081,#2082,#2083,#2084,#2085,#2086,#2087,#2088,#2089,#2090,#2091,
#2092,#2093,#2094,#2095,#2096,#2097,#2098,#2099,#2100,#2101,#2102,#2103,
#2104,#2105,#2106,#2107,#2108,#2109,#2110,#2111,#2112),.UNSPECIFIED.,.F.,
 .F.,(4,1,1,1,1,1,1,1,1,1,1,1,1,1,1,1,1,1,1,1,1,1,1,1,1,1,1,1,1,1,1,1,1,
1,1,1,4),(0.000147061343484718,0.000373181108489818,0.000599300873494918,
0.000825420638500018,0.00105154040350512,0.00127766016851022,0.00150377993351532,
0.00172989969852042,0.00195601946352552,0.00240825899353572,0.00286049852354592,
0.00376497758356631,0.00466945664358671,0.00557393570360711,0.00647841476362751,
0.00738289382364791,0.00828737288366831,0.00873961241367851,0.00919185194368871,
0.00941797170869381,0.00964409147369891,0.00987021123870401,0.0100963310037091,
0.0103224507687142,0.0105485705337193,0.0110008100637295,0.0114530495937397,
0.0119052891237499,0.012131408888755,0.0123575286537601,0.0128097681837703,
0.0130358879487754,0.0132620077137805,0.0134881274787856,0.0137142472437907,
0.0141664867738009,0.0146187263038111),.UNSPECIFIED.);
#534=B_SPLINE_CURVE_WITH_KNOTS('',3,(#2114,#2115,#2116,#2117),
 .UNSPECIFIED.,.F.,.F.,(4,4),(5.42101086242752E-20,0.000383888280331048),
 .UNSPECIFIED.);
#535=B_SPLINE_CURVE_WITH_KNOTS('',3,(#2119,#2120,#2121,#2122,#2123,#2124,
#2125,#2126,#2127,#2128,#2129,#2130,#2131,#2132,#2133,#2134,#2135,#2136,
#2137,#2138,#2139,#2140,#2141,#2142,#2143,#2144,#2145,#2146,#2147,#2148,
#2149,#2150,#2151,#2152,#2153,#2154,#2155,#2156,#2157),.UNSPECIFIED.,.F.,
 .F.,(4,1,1,1,1,1,1,1,1,1,1,1,1,1,1,1,1,1,1,1,1,1,1,1,1,1,1,1,1,1,1,1,1,
1,1,1,4),(0.,0.000440369976165911,0.000880739952331823,0.00132110992849773,
0.00176147990466365,0.0019816648927466,0.00220184988082956,0.00242203486891251,
0.00264221985699547,0.00308258983316138,0.00352295980932729,0.0039633297854932,
0.00418351477357616,0.00440369976165911,0.00462388474974207,0.00484406973782502,
0.00506425472590798,0.00528443971399094,0.00572480969015685,0.00616517966632276,
0.00704591961865458,0.0079266595709864,0.00880739952331823,0.00968813947565005,
0.0105688794279819,0.0110092494041478,0.0114496193803137,0.0118899893564796,
0.0123303593326455,0.0127707293088114,0.0129909142968944,0.0132110992849773,
0.0134312842730603,0.0135413767671018,0.0136514692611432,0.0138716542492262,
0.0140918392373092),.UNSPECIFIED.);
#536=B_SPLINE_CURVE_WITH_KNOTS('',3,(#2250,#2251,#2252,#2253),
 .UNSPECIFIED.,.F.,.F.,(4,4),(0.,0.000147057181272996),.UNSPECIFIED.);
#537=B_SPLINE_CURVE_WITH_KNOTS('',3,(#2257,#2258,#2259,#2260,#2261,#2262,
#2263,#2264,#2265,#2266,#2267,#2268,#2269,#2270,#2271,#2272,#2273,#2274,
#2275,#2276,#2277,#2278,#2279,#2280,#2281,#2282,#2283,#2284,#2285,#2286,
#2287,#2288,#2289,#2290,#2291,#2292,#2293),.UNSPECIFIED.,.F.,.F.,(4,1,1,
1,1,1,1,1,1,1,1,1,1,1,1,1,1,1,1,1,1,1,1,1,1,1,1,1,1,1,1,1,1,1,4),(0.,0.0172531518470062,
0.0434238997879495,0.0695385302814642,0.0977192376576038,0.119800966518623,
0.141956809810445,0.163427119748824,0.18587324043624,0.219241997520105,
0.243919721788651,0.268617413586685,0.290577128766525,0.308208006548823,
0.330446329136598,0.360665683989908,0.392195676538295,0.42325138538598,
0.451552234222094,0.486510602762134,0.526297447970145,0.56012264680045,
0.590199350205001,0.62709914779177,0.662048119282931,0.686189638105907,
0.700266711500344,0.715477723748588,0.732038694714622,0.746988802418115,
0.760589341891961,0.777859623486069,0.791988306475866,0.807059036309908,
0.823273174644526),.UNSPECIFIED.);
#538=B_SPLINE_CURVE_WITH_KNOTS('',3,(#2310,#2311,#2312,#2313),
 .UNSPECIFIED.,.F.,.F.,(4,4),(0.823273174644526,0.836358716393508),
 .PIECEWISE_BEZIER_KNOTS.);
#539=B_SPLINE_CURVE_WITH_KNOTS('',3,(#2315,#2316,#2317,#2318,#2319,#2320,
#2321),.UNSPECIFIED.,.F.,.F.,(4,3,4),(0.823273174644526,0.836358716393508,
0.884175196026272),.PIECEWISE_BEZIER_KNOTS.);
#540=B_SPLINE_CURVE_WITH_KNOTS('',3,(#2323,#2324,#2325,#2326),
 .UNSPECIFIED.,.F.,.F.,(4,4),(0.,0.000246476974776017),.UNSPECIFIED.);
#541=B_SPLINE_CURVE_WITH_KNOTS('',3,(#2373,#2374,#2375,#2376),
 .UNSPECIFIED.,.F.,.F.,(4,4),(0.,0.000101456540817574),.UNSPECIFIED.);
#542=B_SPLINE_CURVE_WITH_KNOTS('',3,(#2381,#2382,#2383,#2384),
 .UNSPECIFIED.,.F.,.F.,(4,4),(0.,7.26370202656942E-5),.UNSPECIFIED.);
#543=B_SPLINE_CURVE_WITH_KNOTS('',3,(#2388,#2389,#2390,#2391,#2392,#2393,
#2394,#2395,#2396,#2397,#2398,#2399,#2400,#2401,#2402,#2403,#2404,#2405,
#2406,#2407),.UNSPECIFIED.,.F.,.F.,(4,1,1,1,1,1,1,1,1,1,1,1,1,1,1,1,1,4),
(7.26712908484305E-5,0.000394155443090232,0.000715639595332033,0.00103712374757383,
0.00135860789981564,0.00168009205205744,0.00200157620429924,0.00232306035654104,
0.00264454450878284,0.00296602866102464,0.00328751281326644,0.00344825488938735,
0.00360899696550825,0.00393048111775005,0.00425196526999185,0.00457344942223365,
0.00489493357447545,0.00521641772671725),.UNSPECIFIED.);
#544=B_SPLINE_CURVE_WITH_KNOTS('',3,(#2491,#2492,#2493,#2494,#2495,#2496,
#2497,#2498,#2499,#2500,#2501,#2502),.UNSPECIFIED.,.F.,.F.,(4,1,1,1,1,1,
1,1,1,4),(2.05712898549416E-18,0.000660753790154262,0.000991130685231392,
0.00132150758030852,0.00148669602784709,0.00165188447538565,0.00181707292292422,
0.00198226137046278,0.00231263826553991,0.00264301516061704),
 .UNSPECIFIED.);
#545=B_SPLINE_CURVE_WITH_KNOTS('',3,(#2504,#2505,#2506,#2507,#2508,#2509,
#2510,#2511,#2512,#2513,#2514,#2515,#2516,#2517),.UNSPECIFIED.,.F.,.F.,
(4,1,1,1,1,1,1,1,1,1,1,4),(0.,0.000657168201242656,0.000985752301863985,
0.00115004435217465,0.00131433640248531,0.00164292050310664,0.00197150460372797,
0.00213579665403863,0.0023000887043493,0.00238223472950463,0.00246438075465996,
0.00262867280497063),.UNSPECIFIED.);
#546=B_SPLINE_CURVE_WITH_KNOTS('',3,(#2521,#2522,#2523,#2524,#2525,#2526,
#2527,#2528,#2529,#2530,#2531,#2532,#2533,#2534,#2535,#2536,#2537,#2538),
 .UNSPECIFIED.,.F.,.F.,(4,1,1,1,1,1,1,1,1,1,1,1,1,1,1,4),(0.,0.000310844604417174,
0.000621689208834348,0.000932533813251521,0.0012433784176687,0.00155422302208587,
0.00186506762650304,0.00217591223092022,0.00248675683533739,0.00279760143975456,
0.00310844604417174,0.00373013525300609,0.00404097985742326,0.00435182446184043,
0.00466266906625761,0.00497351367067478),.UNSPECIFIED.);
#547=B_SPLINE_CURVE_WITH_KNOTS('',3,(#2540,#2541,#2542,#2543,#2544,#2545,
#2546,#2547,#2548,#2549,#2550,#2551,#2552,#2553,#2554),.UNSPECIFIED.,.F.,
 .F.,(4,1,1,1,1,1,1,1,1,1,1,1,4),(4.33680868994202E-18,0.000522492453493307,
0.00104498490698661,0.00156747736047991,0.00208996981397321,0.00261246226746652,
0.00313495472095982,0.00339620094770647,0.00365744717445312,0.00378807028782645,
0.00391869340119977,0.0040493165145731,0.00417993962794642),
 .UNSPECIFIED.);
#548=B_SPLINE_CURVE_WITH_KNOTS('',3,(#2556,#2557,#2558,#2559,#2560,#2561,
#2562,#2563),.UNSPECIFIED.,.F.,.F.,(4,1,1,1,1,4),(0.,0.000425678731407224,
0.000851357462814449,0.0017027149256289,0.00255407238844335,0.00340542985125779),
 .UNSPECIFIED.);
#549=B_SPLINE_CURVE_WITH_KNOTS('',3,(#2590,#2591,#2592,#2593,#2594),
 .UNSPECIFIED.,.F.,.F.,(4,1,4),(1.35525271560688E-20,8.53592745003254E-5,
0.000170718549000651),.UNSPECIFIED.);
#550=B_SPLINE_CURVE_WITH_KNOTS('',3,(#2599,#2600,#2601,#2602,#2603,#2604,
#2605,#2606,#2607,#2608,#2609,#2610,#2611),.UNSPECIFIED.,.F.,.F.,(4,1,1,
1,1,1,1,1,1,1,4),(0.,0.0458643637588427,0.131659769312068,0.22908303537976,
0.329774313805015,0.433165063186028,0.562955973119685,0.69893603551744,
0.830553124462998,0.904520485440699,0.941190212698758),.UNSPECIFIED.);
#551=B_SPLINE_CURVE_WITH_KNOTS('',3,(#2615,#2616,#2617,#2618,#2619,#2620,
#2621,#2622,#2623,#2624,#2625,#2626,#2627,#2628),.UNSPECIFIED.,.F.,.F.,
(4,1,1,1,1,1,1,1,1,1,1,4),(0.,0.00012316629557172,0.000246332591143439,
0.000492665182286879,0.000738997773430318,0.000985330364573757,0.00147799554686064,
0.00197066072914751,0.00246332591143439,0.00295599109372127,0.00344865627600815,
0.00394132145829503),.UNSPECIFIED.);
#552=B_SPLINE_CURVE_WITH_KNOTS('',3,(#2639,#2640,#2641,#2642),
 .UNSPECIFIED.,.F.,.F.,(4,4),(0.946747512367486,1.),
 .PIECEWISE_BEZIER_KNOTS.);
#553=B_SPLINE_CURVE_WITH_KNOTS('',3,(#2661,#2662,#2663,#2664),
 .UNSPECIFIED.,.F.,.F.,(4,4),(0.,0.000294061349512769),.UNSPECIFIED.);
#554=B_SPLINE_CURVE_WITH_KNOTS('',3,(#2667,#2668,#2669,#2670,#2671,#2672,
#2673),.UNSPECIFIED.,.F.,.F.,(4,1,1,1,4),(0.,0.000845587733903972,0.00169117546780794,
0.00253676320171192,0.00338235093561589),.UNSPECIFIED.);
#555=B_SPLINE_CURVE_WITH_KNOTS('',3,(#2674,#2675,#2676,#2677,#2678,#2679,
#2680,#2681,#2682),.UNSPECIFIED.,.F.,.F.,(4,1,1,1,1,1,4),(0.,0.109528561695194,
0.269499107455508,0.44326064774981,0.629407230350976,0.805747362474336,
1.),.UNSPECIFIED.);
#556=B_SPLINE_CURVE_WITH_KNOTS('',3,(#2683,#2684,#2685,#2686),
 .UNSPECIFIED.,.F.,.F.,(4,4),(0.,0.000102236346967802),.UNSPECIFIED.);
#557=B_SPLINE_CURVE_WITH_KNOTS('',3,(#2705,#2706,#2707,#2708),
 .UNSPECIFIED.,.F.,.F.,(4,4),(0.,0.000154252558881143),.UNSPECIFIED.);
#558=B_SPLINE_CURVE_WITH_KNOTS('',3,(#2713,#2714,#2715,#2716,#2717,#2718,
#2719,#2720,#2721),.UNSPECIFIED.,.F.,.F.,(4,1,1,1,1,1,4),(0.,0.138406517441495,
0.280538049824391,0.473024013187924,0.687590012259812,0.90138475050886,
1.),.UNSPECIFIED.);
#559=B_SPLINE_CURVE_WITH_KNOTS('',3,(#2725,#2726,#2727,#2728,#2729,#2730,
#2731,#2732),.UNSPECIFIED.,.F.,.F.,(4,1,1,1,1,4),(0.,0.000225395446373441,
0.000450790892746882,0.000901581785493763,0.00135237267824065,0.00180316357098753),
 .UNSPECIFIED.);
#560=B_SPLINE_CURVE_WITH_KNOTS('',3,(#2761,#2762,#2763,#2764,#2765,#2766,
#2767,#2768,#2769,#2770,#2771,#2772,#2773,#2774),.UNSPECIFIED.,.F.,.F.,
(4,1,1,1,1,1,1,1,1,1,1,4),(-2.09999822524123E-8,0.000124986502592053,0.000249994005166359,
0.000375001507740665,0.00050000901031497,0.000750024015463582,0.00100003902061219,
0.0012500540257608,0.00150006903090942,0.00162507653348372,0.00175008403605803,
0.00200009904120664),.UNSPECIFIED.);
#561=B_SPLINE_CURVE_WITH_KNOTS('',3,(#2775,#2776,#2777,#2778,#2779,#2780,
#2781,#2782,#2783,#2784,#2785,#2786,#2787),.UNSPECIFIED.,.F.,.F.,(4,1,1,
1,1,1,1,1,1,1,4),(0.836358716393508,0.849221304568977,0.861861773838947,
0.879330443562052,0.897144240176381,0.913361466953243,0.928863169735345,
0.948223596371276,0.964437734989719,0.979828744017783,1.),.UNSPECIFIED.);
#562=B_SPLINE_CURVE_WITH_KNOTS('',3,(#2904,#2905,#2906,#2907),
 .UNSPECIFIED.,.F.,.F.,(4,4),(4.33680868994202E-19,0.000304646027174459),
 .UNSPECIFIED.);
#563=B_SPLINE_CURVE_WITH_KNOTS('',3,(#2910,#2911,#2912,#2913),
 .UNSPECIFIED.,.F.,.F.,(4,4),(0.,0.000146518441497114),.UNSPECIFIED.);
#564=B_SPLINE_CURVE_WITH_KNOTS('',3,(#2953,#2954,#2955,#2956),
 .UNSPECIFIED.,.F.,.F.,(4,4),(0.,0.000125746994598433),.UNSPECIFIED.);
#565=B_SPLINE_CURVE_WITH_KNOTS('',3,(#3089,#3090,#3091,#3092,#3093,#3094,
#3095,#3096),.UNSPECIFIED.,.F.,.F.,(4,1,1,1,1,4),(0.,0.000100388067913525,
0.000200776135827051,0.000401552271654102,0.000602328407481153,0.000803104543308204),
 .UNSPECIFIED.);
#566=B_SPLINE_CURVE_WITH_KNOTS('',3,(#3187,#3188,#3189,#3190,#3191,#3192,
#3193,#3194,#3195,#3196,#3197,#3198,#3199,#3200),.UNSPECIFIED.,.T.,.F.,
(1,3,1,1,1,1,1,1,1,1,1,1,3,1),(-0.059057839750578,0.,0.10539902823506,0.205447649628212,
0.273766570436311,0.396304811881134,0.512393663014512,0.620066179404863,
0.686311165057295,0.743412504965163,0.854898585452632,0.940942160249422,
1.,1.10539902823506),.UNSPECIFIED.);
#567=EDGE_LOOP('',(#104));
#568=EDGE_LOOP('',(#105,#106,#107,#108));
#569=EDGE_LOOP('',(#109));
#570=EDGE_LOOP('',(#110));
#571=EDGE_LOOP('',(#111));
#572=EDGE_LOOP('',(#112,#113,#114,#115));
#573=EDGE_LOOP('',(#116,#117,#118,#119));
#574=EDGE_LOOP('',(#120,#121,#122,#123,#124,#125));
#575=EDGE_LOOP('',(#126,#127,#128,#129));
#576=EDGE_LOOP('',(#130,#131,#132));
#577=EDGE_LOOP('',(#133,#134,#135,#136));
#578=EDGE_LOOP('',(#137,#138,#139,#140,#141,#142));
#579=EDGE_LOOP('',(#143,#144,#145));
#580=EDGE_LOOP('',(#146,#147,#148,#149));
#581=EDGE_LOOP('',(#150,#151,#152));
#582=EDGE_LOOP('',(#153,#154,#155,#156,#157,#158,#159,#160,#161));
#583=EDGE_LOOP('',(#162,#163,#164,#165));
#584=EDGE_LOOP('',(#166,#167,#168,#169,#170,#171,#172,#173,#174));
#585=EDGE_LOOP('',(#175,#176,#177,#178,#179,#180));
#586=EDGE_LOOP('',(#181,#182,#183,#184,#185,#186,#187,#188,#189));
#587=EDGE_LOOP('',(#190,#191,#192,#193));
#588=EDGE_LOOP('',(#194,#195,#196,#197,#198,#199,#200,#201,#202,#203,#204));
#589=EDGE_LOOP('',(#205));
#590=EDGE_LOOP('',(#206,#207,#208,#209,#210,#211));
#591=EDGE_LOOP('',(#212,#213,#214,#215,#216,#217,#218,#219,#220,#221,#222));
#592=EDGE_LOOP('',(#223,#224,#225,#226,#227));
#593=EDGE_LOOP('',(#228,#229,#230,#231));
#594=EDGE_LOOP('',(#232,#233,#234,#235,#236,#237,#238));
#595=EDGE_LOOP('',(#239,#240,#241,#242,#243,#244));
#596=EDGE_LOOP('',(#245,#246,#247,#248,#249));
#597=EDGE_LOOP('',(#250,#251,#252,#253));
#598=EDGE_LOOP('',(#254,#255,#256,#257,#258));
#599=EDGE_LOOP('',(#259,#260,#261,#262));
#600=EDGE_LOOP('',(#263,#264,#265,#266));
#601=EDGE_LOOP('',(#267,#268,#269));
#602=EDGE_LOOP('',(#270,#271,#272,#273));
#603=EDGE_LOOP('',(#274,#275,#276,#277));
#604=EDGE_LOOP('',(#278,#279,#280,#281));
#605=EDGE_LOOP('',(#282,#283,#284,#285));
#606=EDGE_LOOP('',(#286,#287,#288,#289));
#607=EDGE_LOOP('',(#290,#291,#292,#293,#294));
#608=EDGE_LOOP('',(#295,#296,#297,#298));
#609=EDGE_LOOP('',(#299,#300,#301,#302));
#610=EDGE_LOOP('',(#303,#304,#305,#306));
#611=EDGE_LOOP('',(#307));
#612=EDGE_LOOP('',(#308));
#613=EDGE_LOOP('',(#309));
#614=EDGE_LOOP('',(#310));
#615=EDGE_LOOP('',(#311));
#616=EDGE_LOOP('',(#312));
#617=EDGE_LOOP('',(#313));
#618=EDGE_LOOP('',(#314));
#619=EDGE_LOOP('',(#315));
#620=FACE_BOUND('',#567,.T.);
#621=FACE_BOUND('',#568,.T.);
#622=FACE_BOUND('',#569,.T.);
#623=FACE_BOUND('',#570,.T.);
#624=FACE_BOUND('',#571,.T.);
#625=FACE_BOUND('',#572,.T.);
#626=FACE_BOUND('',#573,.T.);
#627=FACE_BOUND('',#574,.T.);
#628=FACE_BOUND('',#575,.T.);
#629=FACE_BOUND('',#576,.T.);
#630=FACE_BOUND('',#577,.T.);
#631=FACE_BOUND('',#578,.T.);
#632=FACE_BOUND('',#579,.T.);
#633=FACE_BOUND('',#580,.T.);
#634=FACE_BOUND('',#581,.T.);
#635=FACE_BOUND('',#582,.T.);
#636=FACE_BOUND('',#583,.T.);
#637=FACE_BOUND('',#584,.T.);
#638=FACE_BOUND('',#585,.T.);
#639=FACE_BOUND('',#586,.T.);
#640=FACE_BOUND('',#587,.T.);
#641=FACE_BOUND('',#588,.T.);
#642=FACE_BOUND('',#589,.T.);
#643=FACE_BOUND('',#590,.T.);
#644=FACE_BOUND('',#591,.T.);
#645=FACE_BOUND('',#592,.T.);
#646=FACE_BOUND('',#593,.T.);
#647=FACE_BOUND('',#594,.T.);
#648=FACE_BOUND('',#595,.T.);
#649=FACE_BOUND('',#596,.T.);
#650=FACE_BOUND('',#597,.T.);
#651=FACE_BOUND('',#598,.T.);
#652=FACE_BOUND('',#599,.T.);
#653=FACE_BOUND('',#600,.T.);
#654=FACE_BOUND('',#601,.T.);
#655=FACE_BOUND('',#602,.T.);
#656=FACE_BOUND('',#603,.T.);
#657=FACE_BOUND('',#604,.T.);
#658=FACE_BOUND('',#605,.T.);
#659=FACE_BOUND('',#606,.T.);
#660=FACE_BOUND('',#607,.T.);
#661=FACE_BOUND('',#608,.T.);
#662=FACE_BOUND('',#609,.T.);
#663=FACE_BOUND('',#610,.T.);
#664=FACE_BOUND('',#611,.T.);
#665=FACE_BOUND('',#612,.T.);
#666=FACE_BOUND('',#613,.T.);
#667=FACE_BOUND('',#614,.T.);
#668=FACE_BOUND('',#615,.T.);
#669=FACE_BOUND('',#616,.T.);
#670=FACE_BOUND('',#617,.T.);
#671=FACE_BOUND('',#618,.T.);
#672=FACE_BOUND('',#619,.T.);
#673=SPHERICAL_SURFACE('',#753,0.00283013030960969);
#674=SPHERICAL_SURFACE('',#756,0.000245303611317511);
#675=SPHERICAL_SURFACE('',#757,0.000245421182846006);
#676=ADVANCED_FACE('',(#620,#621,#622,#623,#624),#673,.T.);
#677=ADVANCED_FACE('',(#625),#92,.T.);
#678=ADVANCED_FACE('',(#626),#42,.T.);
#679=ADVANCED_FACE('',(#627),#43,.T.);
#680=ADVANCED_FACE('',(#628),#44,.T.);
#681=ADVANCED_FACE('',(#629),#93,.T.);
#682=ADVANCED_FACE('',(#630),#45,.T.);
#683=ADVANCED_FACE('',(#631),#46,.T.);
#684=ADVANCED_FACE('',(#632),#674,.T.);
#685=ADVANCED_FACE('',(#633),#47,.T.);
#686=ADVANCED_FACE('',(#634),#675,.T.);
#687=ADVANCED_FACE('',(#635),#48,.T.);
#688=ADVANCED_FACE('',(#636),#49,.T.);
#689=ADVANCED_FACE('',(#637),#94,.T.);
#690=ADVANCED_FACE('',(#638),#95,.T.);
#691=ADVANCED_FACE('',(#639),#96,.T.);
#692=ADVANCED_FACE('',(#640),#19,.T.);
#693=ADVANCED_FACE('',(#641,#642),#97,.T.);
#694=ADVANCED_FACE('',(#643),#20,.F.);
#695=ADVANCED_FACE('',(#644),#21,.T.);
#696=ADVANCED_FACE('',(#645),#98,.F.);
#697=ADVANCED_FACE('',(#646),#99,.F.);
#698=ADVANCED_FACE('',(#647),#100,.T.);
#699=ADVANCED_FACE('',(#648),#22,.T.);
#700=ADVANCED_FACE('',(#649),#101,.F.);
#701=ADVANCED_FACE('',(#650),#102,.F.);
#702=ADVANCED_FACE('',(#651),#23,.T.);
#703=ADVANCED_FACE('',(#652),#50,.T.);
#704=ADVANCED_FACE('',(#653),#24,.T.);
#705=ADVANCED_FACE('',(#654),#25,.T.);
#706=ADVANCED_FACE('',(#655),#51,.T.);
#707=ADVANCED_FACE('',(#656),#52,.T.);
#708=ADVANCED_FACE('',(#657),#53,.T.);
#709=ADVANCED_FACE('',(#658),#54,.T.);
#710=ADVANCED_FACE('',(#659),#15,.T.);
#711=ADVANCED_FACE('',(#660),#55,.T.);
#712=ADVANCED_FACE('',(#661),#56,.T.);
#713=ADVANCED_FACE('',(#662),#57,.T.);
#714=ADVANCED_FACE('',(#663),#16,.T.);
#715=ADVANCED_FACE('',(#664,#665),#17,.F.);
#716=ADVANCED_FACE('Face appearance 2',(#666),#26,.T.);
#717=ADVANCED_FACE('',(#667,#668),#18,.F.);
#718=ADVANCED_FACE('Face appearance 2',(#669),#27,.T.);
#719=ADVANCED_FACE('',(#670,#671),#103,.T.);
#720=ADVANCED_FACE('Face appearance 2',(#672),#28,.T.);
#721=CLOSED_SHELL('',(#676,#677,#678,#679,#680,#681,#682,#683,#684,#685,
#686,#687,#688,#689,#690,#691,#692,#693,#694,#695,#696,#697,#698,#699,#700,
#701,#702,#703,#704,#705,#706,#707,#708,#709,#710,#711,#712,#713,#714,#715,
#716,#717,#718,#719,#720));
#722=STYLED_ITEM('',(#723),#749);
#723=PRESENTATION_STYLE_ASSIGNMENT((#727));
#724=PRESENTATION_STYLE_ASSIGNMENT((#728));
#725=PRESENTATION_STYLE_ASSIGNMENT((#729));
#726=PRESENTATION_STYLE_ASSIGNMENT((#730));
#727=SURFACE_STYLE_USAGE(.BOTH.,#731);
#728=SURFACE_STYLE_USAGE(.BOTH.,#732);
#729=SURFACE_STYLE_USAGE(.BOTH.,#733);
#730=SURFACE_STYLE_USAGE(.BOTH.,#734);
#731=SURFACE_SIDE_STYLE('',(#735));
#732=SURFACE_SIDE_STYLE('',(#736));
#733=SURFACE_SIDE_STYLE('',(#737));
#734=SURFACE_SIDE_STYLE('',(#738));
#735=SURFACE_STYLE_FILL_AREA(#739);
#736=SURFACE_STYLE_FILL_AREA(#740);
#737=SURFACE_STYLE_FILL_AREA(#741);
#738=SURFACE_STYLE_FILL_AREA(#742);
#739=FILL_AREA_STYLE('',(#743));
#740=FILL_AREA_STYLE('',(#744));
#741=FILL_AREA_STYLE('',(#745));
#742=FILL_AREA_STYLE('',(#746));
#743=FILL_AREA_STYLE_COLOUR('',#747);
#744=FILL_AREA_STYLE_COLOUR('',#748);
#745=FILL_AREA_STYLE_COLOUR('',#748);
#746=FILL_AREA_STYLE_COLOUR('',#748);
#747=COLOUR_RGB('',0.854901960784314,0.898039215686275,0.525490196078431);
#748=COLOUR_RGB('',0.282352941176471,0.549019607843137,0.16078431372549);
#749=MANIFOLD_SOLID_BREP('Part 1',#721);
#750=SHAPE_DEFINITION_REPRESENTATION(#3209,#751);
#751=SHAPE_REPRESENTATION('Part 1',(#752),#3204);
#752=AXIS2_PLACEMENT_3D('',#862,#783,#784);
#753=AXIS2_PLACEMENT_3D('',#863,#785,#786);
#754=AXIS2_PLACEMENT_3D('',#985,#788,#789);
#755=AXIS2_PLACEMENT_3D('',#993,#790,#791);
#756=AXIS2_PLACEMENT_3D('',#1579,#792,#793);
#757=AXIS2_PLACEMENT_3D('',#1708,#794,#795);
#758=AXIS2_PLACEMENT_3D('',#2408,#803,#804);
#759=AXIS2_PLACEMENT_3D('',#2489,#808,#809);
#760=AXIS2_PLACEMENT_3D('',#2490,#810,#811);
#761=AXIS2_PLACEMENT_3D('',#2687,#816,#817);
#762=AXIS2_PLACEMENT_3D('',#2688,#818,#819);
#763=AXIS2_PLACEMENT_3D('',#2788,#822,#823);
#764=AXIS2_PLACEMENT_3D('',#2789,#824,#825);
#765=AXIS2_PLACEMENT_3D('',#2908,#826,#827);
#766=AXIS2_PLACEMENT_3D('',#2909,#828,#829);
#767=AXIS2_PLACEMENT_3D('',#2914,#830,#831);
#768=AXIS2_PLACEMENT_3D('',#2915,#832,#833);
#769=AXIS2_PLACEMENT_3D('',#2928,#834,#835);
#770=AXIS2_PLACEMENT_3D('',#3002,#836,#837);
#771=AXIS2_PLACEMENT_3D('',#3018,#838,#839);
#772=AXIS2_PLACEMENT_3D('',#3019,#840,#841);
#773=AXIS2_PLACEMENT_3D('',#3136,#842,#843);
#774=AXIS2_PLACEMENT_3D('',#3149,#844,#845);
#775=AXIS2_PLACEMENT_3D('',#3150,#846,#847);
#776=AXIS2_PLACEMENT_3D('',#3151,#848,#849);
#777=AXIS2_PLACEMENT_3D('',#3152,#850,#851);
#778=AXIS2_PLACEMENT_3D('',#3154,#852,#853);
#779=AXIS2_PLACEMENT_3D('',#3155,#854,#855);
#780=AXIS2_PLACEMENT_3D('',#3156,#856,#857);
#781=AXIS2_PLACEMENT_3D('',#3158,#858,#859);
#782=AXIS2_PLACEMENT_3D('',#3202,#860,#861);
#783=DIRECTION('',(0.,0.,1.));
#784=DIRECTION('',(1.,0.,0.));
#785=DIRECTION('',(0.,0.,1.));
#786=DIRECTION('',(1.,0.,0.));
#787=DIRECTION('',(0.,-1.,0.));
#788=DIRECTION('',(0.765598939235426,0.,-0.643318167193801));
#789=DIRECTION('',(-0.643318167193801,0.,-0.765598939235426));
#790=DIRECTION('',(0.663038662787062,0.,-0.748585153238791));
#791=DIRECTION('',(-0.748585153238791,0.,-0.663038662787062));
#792=DIRECTION('',(1.,0.,0.));
#793=DIRECTION('',(0.,0.,-1.));
#794=DIRECTION('',(1.,0.,0.));
#795=DIRECTION('',(0.,0.,-1.));
#796=DIRECTION('',(0.,-1.,0.));
#797=DIRECTION('',(0.,-1.,0.));
#798=DIRECTION('',(0.,-1.,0.));
#799=DIRECTION('',(0.,-1.,0.));
#800=DIRECTION('',(0.,-1.,0.));
#801=DIRECTION('',(0.,-1.,0.));
#802=DIRECTION('',(0.,-1.,0.));
#803=DIRECTION('',(0.697257015155314,3.0100244820699E-27,0.716821215378494));
#804=DIRECTION('',(-0.716821215378494,-9.83085936875394E-33,0.697257015155315));
#805=DIRECTION('',(0.,-1.,0.));
#806=DIRECTION('',(-0.716821215378494,0.,0.697257015155314));
#807=DIRECTION('',(0.,-1.,0.));
#808=DIRECTION('',(0.,-1.,0.));
#809=DIRECTION('',(1.,0.,0.));
#810=DIRECTION('',(0.,-1.,0.));
#811=DIRECTION('',(1.,0.,0.));
#812=DIRECTION('',(-0.583761759905619,0.,0.811925001260519));
#813=DIRECTION('',(0.,-1.,0.));
#814=DIRECTION('',(0.,-1.,0.));
#815=DIRECTION('',(0.,-1.,0.));
#816=DIRECTION('',(0.,-1.,0.));
#817=DIRECTION('',(1.,0.,0.));
#818=DIRECTION('',(0.,-1.,0.));
#819=DIRECTION('',(0.,0.,-1.));
#820=DIRECTION('',(0.,-1.,0.));
#821=DIRECTION('',(0.,-1.,0.));
#822=DIRECTION('',(0.,-1.,0.));
#823=DIRECTION('',(1.,0.,0.));
#824=DIRECTION('',(0.,-1.,0.));
#825=DIRECTION('',(0.,0.,-1.));
#826=DIRECTION('',(-0.811925001260519,1.40846536041912E-15,-0.58376175990562));
#827=DIRECTION('',(-0.58376175990562,0.,0.811925001260519));
#828=DIRECTION('',(0.811925001260519,0.,0.583761759905619));
#829=DIRECTION('',(0.583761759905619,0.,-0.811925001260519));
#830=DIRECTION('',(-0.933717611036837,-0.319971370756778,0.160591857625756));
#831=DIRECTION('',(0.324178921690371,-0.945995785789592,0.));
#832=DIRECTION('',(0.933717611036745,0.319971370757173,-0.160591857625502));
#833=DIRECTION('',(-0.324178921690758,0.94599578578946,0.));
#834=DIRECTION('',(-0.98758647680054,1.72210405513593E-12,0.157076258042702));
#835=DIRECTION('',(0.157076258042702,0.,0.98758647680054));
#836=DIRECTION('',(0.999951526469763,5.20391816341783E-14,-0.00984605051733859));
#837=DIRECTION('',(-0.00984605051733859,0.,-0.999951526469763));
#838=DIRECTION('',(0.,1.,0.));
#839=DIRECTION('',(0.,0.,1.));
#840=DIRECTION('',(0.,-1.,0.));
#841=DIRECTION('',(0.,0.,-1.));
#842=DIRECTION('',(0.903820706652799,5.3115247663827E-15,0.427911357906793));
#843=DIRECTION('',(0.427911357906793,0.,-0.903820706652799));
#844=DIRECTION('',(-2.30360652366367E-16,1.,-1.47652886175887E-16));
#845=DIRECTION('',(-1.,-2.30360652366367E-16,0.));
#846=DIRECTION('',(0.,-1.,0.));
#847=DIRECTION('',(0.,0.,-1.));
#848=DIRECTION('',(0.,-1.,0.));
#849=DIRECTION('',(0.,0.,-1.));
#850=DIRECTION('',(0.,-1.,0.));
#851=DIRECTION('',(0.,0.,-1.));
#852=DIRECTION('',(0.,-1.,0.));
#853=DIRECTION('',(1.,0.,0.));
#854=DIRECTION('',(0.,-1.,0.));
#855=DIRECTION('',(0.,0.,-1.));
#856=DIRECTION('',(0.,-1.,0.));
#857=DIRECTION('',(0.,0.,-1.));
#858=DIRECTION('',(0.,-1.,0.));
#859=DIRECTION('',(1.,0.,0.));
#860=DIRECTION('',(0.,-1.,0.));
#861=DIRECTION('',(1.,0.,0.));
#862=CARTESIAN_POINT('',(0.,0.,0.));
#863=CARTESIAN_POINT('',(-0.00932039869949221,0.00098,0.00476159336976707));
#864=CARTESIAN_POINT('',(-0.00735028758755695,0.0012853693557113,0.00274394335149648));
#865=CARTESIAN_POINT('',(-0.00745327894583041,0.000870759581167368,0.00261834754805692));
#866=CARTESIAN_POINT('',(-0.00725557635931956,0.000523205508983217,0.00286107290231206));
#867=CARTESIAN_POINT('',(-0.00701500624488115,0.000495689028729472,0.00318346701840595));
#868=CARTESIAN_POINT('',(-0.00685089897258442,0.000610654436634429,0.00341827334755932));
#869=CARTESIAN_POINT('',(-0.00673432698812271,0.000533578397949283,0.0036873598980508));
#870=CARTESIAN_POINT('',(-0.00663850441559072,0.00050390956220964,0.00397471555742368));
#871=CARTESIAN_POINT('',(-0.00655412688109773,0.000685207867210869,0.00421007565927881));
#872=CARTESIAN_POINT('',(-0.00651305538136982,0.000961669303047322,0.00436332129391334));
#873=CARTESIAN_POINT('',(-0.00654726981528566,0.00125073404012431,0.00423305725617049));
#874=CARTESIAN_POINT('',(-0.00662699698573571,0.00144088392436881,0.00400544166241283));
#875=CARTESIAN_POINT('',(-0.00672491057288811,0.0014428499404364,0.00371756160125106));
#876=CARTESIAN_POINT('',(-0.00683239596183852,0.00134223943205558,0.00345081210093624));
#877=CARTESIAN_POINT('',(-0.00699594829663064,0.00145615999459513,0.00320848991189668));
#878=CARTESIAN_POINT('',(-0.00718000670554134,0.0014513393700375,0.00296222627814791));
#879=CARTESIAN_POINT('',(-0.00735028758755695,0.0012853693557113,0.00274394335149648));
#880=CARTESIAN_POINT('',(-0.00745327894583041,0.000870759581167368,0.00261834754805692));
#881=CARTESIAN_POINT('',(-0.00725557635931956,0.000523205508983217,0.00286107290231206));
#882=CARTESIAN_POINT('',(-0.00740247327753022,0.000980000000000117,0.00268043992872448));
#883=CARTESIAN_POINT('',(-0.00958129502632668,0.0019775,0.00212595977876554));
#884=CARTESIAN_POINT('',(-0.00965030762121726,0.00200905298588957,0.00214473296336375));
#885=CARTESIAN_POINT('',(-0.00980630809884139,0.00200828940341676,0.00216658156755784));
#886=CARTESIAN_POINT('',(-0.00995515007767489,0.00199810933018502,0.00219719208864013));
#887=CARTESIAN_POINT('',(-0.0100286044666891,0.0019775,0.00220952050429468));
#888=CARTESIAN_POINT('',(-0.00958129502632655,0.0019775,0.0021259597787655));
#889=CARTESIAN_POINT('',(-0.0100286044666891,0.0019775,0.00220952050429468));
#890=CARTESIAN_POINT('',(-0.0100286044666891,0.0019775,0.00220952050429468));
#891=CARTESIAN_POINT('',(-0.0102020565597244,0.00192883399780979,0.00223863230452593));
#892=CARTESIAN_POINT('',(-0.0105358589035042,0.00176631611480851,0.00230869972674245));
#893=CARTESIAN_POINT('',(-0.0107928573018783,0.00126357705822662,0.0023400956839841));
#894=CARTESIAN_POINT('',(-0.0107921521234289,0.000709604584302884,0.00233826831051855));
#895=CARTESIAN_POINT('',(-0.0106325201162727,0.000369756124941588,0.00232267454613356));
#896=CARTESIAN_POINT('',(-0.0105037678058817,0.000244999999999996,0.00229804914905288));
#897=CARTESIAN_POINT('',(-0.0105037678058817,0.000245,0.00229804914905288));
#898=CARTESIAN_POINT('',(-0.0105037678058813,0.000245,0.0022980491490528));
#899=CARTESIAN_POINT('',(-0.0104274932018827,0.000171092790122233,0.00228346073192123));
#900=CARTESIAN_POINT('',(-0.010224576462819,0.000129920977419944,0.00221129578754382));
#901=CARTESIAN_POINT('',(-0.00992470167077868,9.16650931068427E-5,0.00213751228942573));
#902=CARTESIAN_POINT('',(-0.00961888337842259,8.34629430743636E-5,0.00208708516594329));
#903=CARTESIAN_POINT('',(-0.00940054786616134,0.000152388494572831,0.00205427582138712));
#904=CARTESIAN_POINT('',(-0.00935506113416713,0.000245,0.00202879058050586));
#905=CARTESIAN_POINT('',(-0.00935506113416713,0.000245,0.00202879058050586));
#906=CARTESIAN_POINT('',(-0.00935506113416713,0.000245,0.00202879058050586));
#907=CARTESIAN_POINT('',(-0.00928726488748216,0.000383033931929993,0.00199080579677087));
#908=CARTESIAN_POINT('',(-0.00918510311469548,0.000682938192821606,0.00193638561959212));
#909=CARTESIAN_POINT('',(-0.00916676389396224,0.0011679982735335,0.00192891068541253));
#910=CARTESIAN_POINT('',(-0.00929647731427026,0.00161682289452191,0.00198955718052052));
#911=CARTESIAN_POINT('',(-0.00943849033724084,0.00191220881153171,0.00208711326395257));
#912=CARTESIAN_POINT('',(-0.00958129502632657,0.0019775,0.00212595977876551));
#913=CARTESIAN_POINT('',(-0.00978264817213647,-0.00163263860887328,0.00376100078287423));
#914=CARTESIAN_POINT('',(-0.00979361710524528,-0.00150668093932006,0.00348364434367011));
#915=CARTESIAN_POINT('',(-0.00955426503656817,-0.00147613589728714,0.00337081320959616));
#916=CARTESIAN_POINT('',(-0.00931996674295483,-0.00154487456980045,0.00347095923562167));
#917=CARTESIAN_POINT('',(-0.00930789371382887,-0.00166817289323197,0.00374795002583583));
#918=CARTESIAN_POINT('',(-0.00954694562210334,-0.00169588963718375,0.00386164830138776));
#919=CARTESIAN_POINT('',(-0.00978264817213647,-0.00163263860887328,0.00376100078287423));
#920=CARTESIAN_POINT('',(-0.00979361710524528,-0.00150668093932006,0.00348364434367011));
#921=CARTESIAN_POINT('',(-0.00955426503656817,-0.00147613589728714,0.00337081320959616));
#922=CARTESIAN_POINT('',(-0.00971291900459384,-0.00150699573110519,0.0034691470022458));
#923=CARTESIAN_POINT('',(-0.00873568568991872,-0.00170087527211158,0.00550124074424743));
#924=CARTESIAN_POINT('',(-0.00873937486951592,-0.00178788554388674,0.00503153396250222));
#925=CARTESIAN_POINT('',(-0.00827632491924884,-0.00164948371452886,0.00502904364390905));
#926=CARTESIAN_POINT('',(-0.00827330726131897,-0.00155660236753458,0.00549711316617073));
#927=CARTESIAN_POINT('',(-0.00873568568991872,-0.00170087527211158,0.00550124074424743));
#928=CARTESIAN_POINT('',(-0.00873937486951592,-0.00178788554388674,0.00503153396250222));
#929=CARTESIAN_POINT('',(-0.00827632491924884,-0.00164948371452886,0.00502904364390905));
#930=CARTESIAN_POINT('',(-0.00866158499343655,-0.00175031687937454,0.00510940338728689));
#931=CARTESIAN_POINT('',(-0.00810299405511204,-0.00128171110266083,0.0035638304759838));
#932=CARTESIAN_POINT('',(-0.00803620767389653,-0.0013521808953253,0.00378876549574008));
#933=CARTESIAN_POINT('',(-0.00785890519216556,-0.00130371789465104,0.00394393930806797));
#934=CARTESIAN_POINT('',(-0.00774234216557446,-0.00126504839017988,0.00406213578778799));
#935=CARTESIAN_POINT('',(-0.00763840291661373,-0.00123221822753423,0.00421410681883549));
#936=CARTESIAN_POINT('',(-0.00747319880199215,-0.001091224481562,0.00419591171267815));
#937=CARTESIAN_POINT('',(-0.00751176550775576,-0.00106126538230968,0.00399773673157781));
#938=CARTESIAN_POINT('',(-0.00765365059234143,-0.00111218916930377,0.00382575206675724));
#939=CARTESIAN_POINT('',(-0.00778208644996505,-0.00111760585353335,0.0036355829480712));
#940=CARTESIAN_POINT('',(-0.00787728821524682,-0.00105962072222988,0.00342895395352977));
#941=CARTESIAN_POINT('',(-0.00793548329944718,-0.00100129161426456,0.00328566296123027));
#942=CARTESIAN_POINT('',(-0.00806677270958013,-0.000964102634850391,0.00312738269939267));
#943=CARTESIAN_POINT('',(-0.00819704322376418,-0.00110863435733233,0.00321303169204679));
#944=CARTESIAN_POINT('',(-0.00815786761390137,-0.00119479260997399,0.0033695221239993));
#945=CARTESIAN_POINT('',(-0.00810299405511204,-0.00128171110266083,0.0035638304759838));
#946=CARTESIAN_POINT('',(-0.00803620767389653,-0.0013521808953253,0.00378876549574008));
#947=CARTESIAN_POINT('',(-0.00785890519216556,-0.00130371789465104,0.00394393930806797));
#948=CARTESIAN_POINT('',(-0.00798267237842083,-0.00133015407904517,0.00382174551486969));
#949=CARTESIAN_POINT('',(-0.0100225260759058,0.0019775,0.00220850122207191));
#950=CARTESIAN_POINT('',(-0.0100225260759058,0.000245,0.00220850122207191));
#951=CARTESIAN_POINT('',(-0.0101924251633562,0.0019775,0.00223696689388995));
#952=CARTESIAN_POINT('',(-0.0101924251633562,0.000245,0.00223696689388995));
#953=CARTESIAN_POINT('',(-0.0104476722676913,0.0019775,0.00228850506711285));
#954=CARTESIAN_POINT('',(-0.0104476722676913,0.000244999999999999,0.00228850506711285));
#955=CARTESIAN_POINT('',(-0.0107770642051461,0.0019775,0.00234877377494734));
#956=CARTESIAN_POINT('',(-0.0107770642051461,0.000245000000000001,0.00234877377494734));
#957=CARTESIAN_POINT('',(-0.0108754346851007,0.0019775,0.00232376411356686));
#958=CARTESIAN_POINT('',(-0.0108754346851007,0.000245,0.00232376411356686));
#959=CARTESIAN_POINT('',(-0.0109227736480534,0.0019775,0.00230974084697664));
#960=CARTESIAN_POINT('',(-0.0109227736480534,0.000245,0.00230974084697664));
#961=CARTESIAN_POINT('',(-0.0100286044666891,0.0019775,0.00220952050429468));
#962=CARTESIAN_POINT('',(-0.0101779232683511,0.0019775,0.00223458182842566));
#963=CARTESIAN_POINT('',(-0.010473025855281,0.0019775,0.00229111889596775));
#964=CARTESIAN_POINT('',(-0.0107759542310797,0.0019775,0.00235323330427653));
#965=CARTESIAN_POINT('',(-0.0109227736480534,0.0019775,0.00230974084697664));
#966=CARTESIAN_POINT('',(-0.0109227736480534,0.0019775,0.00230974084697664));
#967=CARTESIAN_POINT('',(-0.0109227736480534,0.0021,0.00230974084697664));
#968=CARTESIAN_POINT('',(-0.0109227736480534,0.000245,0.00230974084697664));
#969=CARTESIAN_POINT('',(-0.0109227736480534,0.000245,0.00230974084697664));
#970=CARTESIAN_POINT('',(-0.010786857129812,0.000245,0.0023500035280839));
#971=CARTESIAN_POINT('',(-0.010643152396141,0.000245,0.00232470809499054));
#972=CARTESIAN_POINT('',(-0.0105037678058817,0.000245,0.00229804914905288));
#973=CARTESIAN_POINT('',(-0.00209723753736004,0.0021,0.0043093754340152));
#974=CARTESIAN_POINT('',(-0.0020184310618788,0.0021,0.00440316130407154));
#975=CARTESIAN_POINT('',(-0.0020184310618788,0.0019775,0.00440316130407154));
#976=CARTESIAN_POINT('',(-0.00210419220618906,0.0021,0.00431521927977976));
#977=CARTESIAN_POINT('',(-0.00202085967637966,0.00210000000000003,0.00440520205672256));
#978=CARTESIAN_POINT('',(-0.00202085969325723,0.00197749999999998,0.00440520203663672));
#979=CARTESIAN_POINT('',(-0.00211072012891194,0.0021,0.00432156778535426));
#980=CARTESIAN_POINT('',(-0.00202303740205218,0.00209999999999998,0.0044073274959704));
#981=CARTESIAN_POINT('',(-0.00202303739999889,0.00197750000000001,0.00440732749778914));
#982=CARTESIAN_POINT('',(-0.00211674264097773,0.0021,0.00432836732415992));
#983=CARTESIAN_POINT('',(-0.0020250409627695,0.0021,0.00440958956381012));
#984=CARTESIAN_POINT('',(-0.0020250409627695,0.0019775,0.00440958956381012));
#985=CARTESIAN_POINT('',(-0.00209723753736004,0.0019775,0.0043093754340152));
#986=CARTESIAN_POINT('',(-0.00209723753736004,0.0021,0.0043093754340152));
#987=CARTESIAN_POINT('',(-0.0020184310618788,0.0019775,0.00440316130407154));
#988=CARTESIAN_POINT('',(-0.00211674263993618,0.0021,0.00432836732508242));
#989=CARTESIAN_POINT('',(-0.00211071967509495,0.0021,0.00432156726655032));
#990=CARTESIAN_POINT('',(-0.00210419212665089,0.0021,0.00431521924257723));
#991=CARTESIAN_POINT('',(-0.00209723753736004,0.0021,0.0043093754340152));
#992=CARTESIAN_POINT('',(-0.00211674263993618,0.0021,0.00432836732508242));
#993=CARTESIAN_POINT('',(-0.00211674263993618,0.0019775,0.00432836732508242));
#994=CARTESIAN_POINT('',(-0.00202504095866443,0.0019775,0.00440958956127383));
#995=CARTESIAN_POINT('',(-0.0020184310618788,0.0019775,0.00440316130407154));
#996=CARTESIAN_POINT('',(-0.00202078572766169,0.0019775,0.00440514052657863));
#997=CARTESIAN_POINT('',(-0.00202300107813855,0.0019775,0.00440728648997191));
#998=CARTESIAN_POINT('',(-0.00202504095967609,0.0019775,0.00440958956031759));
#999=CARTESIAN_POINT('',(-0.00211674264097771,0.0021,0.0043283673241599));
#1000=CARTESIAN_POINT('',(-0.00202504095970596,0.0021,0.00440958956035131));
#1001=CARTESIAN_POINT('',(-0.00202504095970596,0.0019775,0.00440958956035131));
#1002=CARTESIAN_POINT('',(-0.00212599187668391,0.0021,0.00433880982716581));
#1003=CARTESIAN_POINT('',(-0.00202811804858681,0.0021,0.00441306363624167));
#1004=CARTESIAN_POINT('',(-0.00202811803629606,0.0019775,0.00441306364712786));
#1005=CARTESIAN_POINT('',(-0.00214232554755327,0.0021,0.00436216285502333));
#1006=CARTESIAN_POINT('',(-0.00203260911221272,0.0021,0.00441915425322284));
#1007=CARTESIAN_POINT('',(-0.00203260911806273,0.0019775,0.00441915424804136));
#1008=CARTESIAN_POINT('',(-0.00215714242139503,0.0021,0.0043977387851094));
#1009=CARTESIAN_POINT('',(-0.00204233470322404,0.0021,0.00443935691561805));
#1010=CARTESIAN_POINT('',(-0.00204233470249996,0.0019775,0.00443935691625938));
#1011=CARTESIAN_POINT('',(-0.00216469403242274,0.0021,0.00443110396210688));
#1012=CARTESIAN_POINT('',(-0.00204111701510341,0.0021,0.00444981487814075));
#1013=CARTESIAN_POINT('',(-0.00204111701523676,0.0019775,0.00444981487802264));
#1014=CARTESIAN_POINT('',(-0.00217588902231811,0.0021,0.00446031550428141));
#1015=CARTESIAN_POINT('',(-0.00208363411118658,0.0021,0.00455280726285139));
#1016=CARTESIAN_POINT('',(-0.00208363411111058,0.0019775,0.00455280726291871));
#1017=CARTESIAN_POINT('',(-0.00221073625992226,0.0021,0.0044940420765372));
#1018=CARTESIAN_POINT('',(-0.00212578927382627,0.0021,0.00457427315877446));
#1019=CARTESIAN_POINT('',(-0.00212578927388087,0.0019775,0.0045742731587261));
#1020=CARTESIAN_POINT('',(-0.00226300889426009,0.0021,0.00453938899660799));
#1021=CARTESIAN_POINT('',(-0.00219099397556505,0.0021,0.00464166726102109));
#1022=CARTESIAN_POINT('',(-0.00219099397554694,0.0019775,0.00464166726103714));
#1023=CARTESIAN_POINT('',(-0.00235589587208946,0.0021,0.00460136220338407));
#1024=CARTESIAN_POINT('',(-0.0022934025815067,0.0021,0.00470522256864244));
#1025=CARTESIAN_POINT('',(-0.00229340258151714,0.0019775,0.00470522256863319));
#1026=CARTESIAN_POINT('',(-0.00248094404429251,0.0021,0.00466887878199986));
#1027=CARTESIAN_POINT('',(-0.00242809314521697,0.0021,0.00478000752750276));
#1028=CARTESIAN_POINT('',(-0.00242809314521351,0.0019775,0.00478000752750583));
#1029=CARTESIAN_POINT('',(-0.00268946848623885,0.0021,0.00476579875007282));
#1030=CARTESIAN_POINT('',(-0.0026348335387075,0.0021,0.00487518852997804));
#1031=CARTESIAN_POINT('',(-0.0026348335387095,0.0019775,0.00487518852997627));
#1032=CARTESIAN_POINT('',(-0.00294442360110982,0.0021,0.00489912233615461));
#1033=CARTESIAN_POINT('',(-0.00290685993113369,0.0021,0.005016291353535));
#1034=CARTESIAN_POINT('',(-0.00290685993113303,0.0019775,0.00501629135353559));
#1035=CARTESIAN_POINT('',(-0.00339916346599127,0.0021,0.00499936851089539));
#1036=CARTESIAN_POINT('',(-0.00336791959482319,0.0021,0.00511739425089351));
#1037=CARTESIAN_POINT('',(-0.00336791959482357,0.0019775,0.00511739425089317));
#1038=CARTESIAN_POINT('',(-0.00394556598334238,0.0021,0.00518733831321573));
#1039=CARTESIAN_POINT('',(-0.00390806108817905,0.0021,0.0053055700555262));
#1040=CARTESIAN_POINT('',(-0.00390806108817893,0.0019775,0.00530557005552631));
#1041=CARTESIAN_POINT('',(-0.0046246434685918,0.0021,0.00534422267386721));
#1042=CARTESIAN_POINT('',(-0.00462580456576431,0.0021,0.00546621903003346));
#1043=CARTESIAN_POINT('',(-0.00462580456576435,0.0019775,0.00546621903003343));
#1044=CARTESIAN_POINT('',(-0.00522501358857445,0.0021,0.00527822922580843));
#1045=CARTESIAN_POINT('',(-0.00523160210714394,0.0021,0.00540552125923255));
#1046=CARTESIAN_POINT('',(-0.00523160210714393,0.0019775,0.00540552125923256));
#1047=CARTESIAN_POINT('',(-0.00567471069968494,0.0021,0.0051427309034029));
#1048=CARTESIAN_POINT('',(-0.00574090179590049,0.0021,0.0052482715326686));
#1049=CARTESIAN_POINT('',(-0.00574090179590049,0.0019775,0.0052482715326686));
#1050=CARTESIAN_POINT('',(-0.00592047011944568,0.0021,0.00496232693183493));
#1051=CARTESIAN_POINT('',(-0.00598477591187679,0.0021,0.00506508457284137));
#1052=CARTESIAN_POINT('',(-0.00598477591187679,0.0019775,0.00506508457284137));
#1053=CARTESIAN_POINT('',(-0.00612253058717877,0.0021,0.00483397228238005));
#1054=CARTESIAN_POINT('',(-0.00619221935995599,0.0021,0.00493706626987948));
#1055=CARTESIAN_POINT('',(-0.00619221935995599,0.0019775,0.00493706626987948));
#1056=CARTESIAN_POINT('',(-0.00623944580746472,0.0021,0.00474073257969744));
#1057=CARTESIAN_POINT('',(-0.00632122180884876,0.0021,0.00482614917828005));
#1058=CARTESIAN_POINT('',(-0.00632122180884875,0.0019775,0.00482614917828005));
#1059=CARTESIAN_POINT('',(-0.00631420248591084,0.0021,0.00466548035393001));
#1060=CARTESIAN_POINT('',(-0.0064055429868433,0.0021,0.00475611234037948));
#1061=CARTESIAN_POINT('',(-0.0064055429868433,0.0019775,0.00475611234037948));
#1062=CARTESIAN_POINT('',(-0.00634137159071134,0.0021,0.00461171782202035));
#1063=CARTESIAN_POINT('',(-0.00646316288972265,0.0021,0.00463900419039826));
#1064=CARTESIAN_POINT('',(-0.00646316288972265,0.0019775,0.00463900419039825));
#1065=CARTESIAN_POINT('',(-0.00634974702708498,0.0021,0.00455107611664234));
#1066=CARTESIAN_POINT('',(-0.00647053978490912,0.0021,0.00456388751938285));
#1067=CARTESIAN_POINT('',(-0.00647053978490913,0.0019775,0.00456388751938285));
#1068=CARTESIAN_POINT('',(-0.00636161942084182,0.0021,0.00447667357601527));
#1069=CARTESIAN_POINT('',(-0.00648213959605927,0.0021,0.00450121603916829));
#1070=CARTESIAN_POINT('',(-0.00648213959605926,0.0019775,0.00450121603916829));
#1071=CARTESIAN_POINT('',(-0.00639933331024075,0.0021,0.00429888342668638));
#1072=CARTESIAN_POINT('',(-0.00651753784316976,0.0021,0.00432925963661661));
#1073=CARTESIAN_POINT('',(-0.00651753784316976,0.0019775,0.00432925963661662));
#1074=CARTESIAN_POINT('',(-0.00648337640732059,0.0021,0.00404017436769426));
#1075=CARTESIAN_POINT('',(-0.00659766693381654,0.0021,0.00408518701644676));
#1076=CARTESIAN_POINT('',(-0.00659766693381654,0.0019775,0.00408518701644675));
#1077=CARTESIAN_POINT('',(-0.00660106485334986,0.0021,0.00369860866264545));
#1078=CARTESIAN_POINT('',(-0.00671893116371518,0.0021,0.00373356534224112));
#1079=CARTESIAN_POINT('',(-0.00671893116371518,0.0019775,0.00373356534224112));
#1080=CARTESIAN_POINT('',(-0.00673746263317179,0.0021,0.00336053356064511));
#1081=CARTESIAN_POINT('',(-0.00684369371324383,0.0021,0.00342344245718604));
#1082=CARTESIAN_POINT('',(-0.00684369371324383,0.0019775,0.00342344245718604));
#1083=CARTESIAN_POINT('',(-0.00694558931819951,0.0021,0.00307082135450046));
#1084=CARTESIAN_POINT('',(-0.00704327925000848,0.0021,0.00314479759694413));
#1085=CARTESIAN_POINT('',(-0.00704327925000848,0.0019775,0.00314479759694413));
#1086=CARTESIAN_POINT('',(-0.00716027395030535,0.0021,0.00278688537446964));
#1087=CARTESIAN_POINT('',(-0.00725615019599886,0.0021,0.00286250637952766));
#1088=CARTESIAN_POINT('',(-0.00725615019599887,0.0019775,0.00286250637952766));
#1089=CARTESIAN_POINT('',(-0.00738117072093803,0.0021,0.00250515846305567));
#1090=CARTESIAN_POINT('',(-0.00748024941758274,0.0021,0.00257981629590785));
#1091=CARTESIAN_POINT('',(-0.00748024941758274,0.0019775,0.00257981629590785));
#1092=CARTESIAN_POINT('',(-0.0076298246327809,0.0021,0.00225066289691699));
#1093=CARTESIAN_POINT('',(-0.00769392151501017,0.0021,0.00235679452789657));
#1094=CARTESIAN_POINT('',(-0.00769392151501017,0.0019775,0.00235679452789657));
#1095=CARTESIAN_POINT('',(-0.00793770207844934,0.0021,0.00206915274262151));
#1096=CARTESIAN_POINT('',(-0.00801678104435597,0.0021,0.00216275458387831));
#1097=CARTESIAN_POINT('',(-0.00801678104435597,0.0019775,0.00216275458387831));
#1098=CARTESIAN_POINT('',(-0.0081528809348514,0.0021,0.00186736539342789));
#1099=CARTESIAN_POINT('',(-0.00823416206342531,0.0021,0.0019587990761915));
#1100=CARTESIAN_POINT('',(-0.00823416206342531,0.0019775,0.0019587990761915));
#1101=CARTESIAN_POINT('',(-0.00831420541374051,0.0021,0.00173992493864083));
#1102=CARTESIAN_POINT('',(-0.00838677866023936,0.0021,0.00183931297342927));
#1103=CARTESIAN_POINT('',(-0.00838677866023936,0.0019775,0.00183931297342927));
#1104=CARTESIAN_POINT('',(-0.00841653986006833,0.0021,0.0016804532778168));
#1105=CARTESIAN_POINT('',(-0.00847030845694042,0.0021,0.00179102223245071));
#1106=CARTESIAN_POINT('',(-0.00847030845694042,0.0019775,0.00179102223245071));
#1107=CARTESIAN_POINT('',(-0.00850027476136692,0.0021,0.00164682535815248));
#1108=CARTESIAN_POINT('',(-0.00854044379209186,0.0021,0.00176253395975465));
#1109=CARTESIAN_POINT('',(-0.00854044379209187,0.0019775,0.00176253395975465));
#1110=CARTESIAN_POINT('',(-0.0085718463214383,0.0021,0.0016217974329315));
#1111=CARTESIAN_POINT('',(-0.00861142582935128,0.0021,0.00173803864846911));
#1112=CARTESIAN_POINT('',(-0.00861142582935128,0.0019775,0.00173803864846911));
#1113=CARTESIAN_POINT('',(-0.00862569601617985,0.0021,0.00159626847812385));
#1114=CARTESIAN_POINT('',(-0.00869862805229248,0.0021,0.00169839022836396));
#1115=CARTESIAN_POINT('',(-0.00869862805229247,0.0019775,0.00169839022836396));
#1116=CARTESIAN_POINT('',(-0.00866377057722822,0.0021,0.00154464725102535));
#1117=CARTESIAN_POINT('',(-0.00878073429382554,0.0021,0.00159503621917732));
#1118=CARTESIAN_POINT('',(-0.00878073429382554,0.0019775,0.00159503621917732));
#1119=CARTESIAN_POINT('',(-0.00871092547316093,0.0021,0.00148161980592852));
#1120=CARTESIAN_POINT('',(-0.00878573873552393,0.0021,0.0015898460638808));
#1121=CARTESIAN_POINT('',(-0.00878573873552393,0.0019775,0.0015898460638808));
#1122=CARTESIAN_POINT('',(-0.0088364396624324,0.0021,0.00144129531650954));
#1123=CARTESIAN_POINT('',(-0.00880599543972022,0.0021,0.00158000951092462));
#1124=CARTESIAN_POINT('',(-0.00880599543972021,0.0019775,0.00158000951092462));
#1125=CARTESIAN_POINT('',(-0.00896570577295473,0.0021,0.00155064380213608));
#1126=CARTESIAN_POINT('',(-0.00884474063918608,0.0021,0.00159846593502749));
#1127=CARTESIAN_POINT('',(-0.00884474063918608,0.0019775,0.0015984659350275));
#1128=CARTESIAN_POINT('',(-0.00902178676229399,0.0021,0.00169479652042087));
#1129=CARTESIAN_POINT('',(-0.00891276009028537,0.0021,0.00176302191274896));
#1130=CARTESIAN_POINT('',(-0.00891276009028537,0.0019775,0.00176302191274896));
#1131=CARTESIAN_POINT('',(-0.00912322005194244,0.0021,0.00176837919336911));
#1132=CARTESIAN_POINT('',(-0.00906951998635017,0.0021,0.00188075976277562));
#1133=CARTESIAN_POINT('',(-0.00906951998635017,0.0019775,0.00188075976277562));
#1134=CARTESIAN_POINT('',(-0.00923403910341619,0.0021,0.00182316011460159));
#1135=CARTESIAN_POINT('',(-0.00917615934719222,0.0021,0.00192987125195098));
#1136=CARTESIAN_POINT('',(-0.00917615934719222,0.0019775,0.00192987125195098));
#1137=CARTESIAN_POINT('',(-0.00937017495419417,0.0021,0.00189523874124928));
#1138=CARTESIAN_POINT('',(-0.00930759038294789,0.0021,0.00200097055950773));
#1139=CARTESIAN_POINT('',(-0.00930759038294789,0.0019775,0.00200097055950773));
#1140=CARTESIAN_POINT('',(-0.00953183960071977,0.0021,0.0019909500422286));
#1141=CARTESIAN_POINT('',(-0.0094842581310295,0.0021,0.00210477748895362));
#1142=CARTESIAN_POINT('',(-0.0094842581310295,0.0019775,0.00210477748895362));
#1143=CARTESIAN_POINT('',(-0.00976826658678643,0.0021,0.00204535923661763));
#1144=CARTESIAN_POINT('',(-0.00975640311272349,0.0021,0.00216887781785086));
#1145=CARTESIAN_POINT('',(-0.00975640311272349,0.0019775,0.00216887781785086));
#1146=CARTESIAN_POINT('',(-0.0100669085992132,0.0021,0.00208875080801076));
#1147=CARTESIAN_POINT('',(-0.0100451485738477,0.0021,0.00220853762751354));
#1148=CARTESIAN_POINT('',(-0.0100451485738477,0.0019775,0.00220853762751354));
#1149=CARTESIAN_POINT('',(-0.0103638404413713,0.0021,0.00214682241930706));
#1150=CARTESIAN_POINT('',(-0.0103390379664495,0.0021,0.00226789971736659));
#1151=CARTESIAN_POINT('',(-0.0103390379664495,0.0019775,0.00226789971736659));
#1152=CARTESIAN_POINT('',(-0.0106004557496161,0.0021,0.00219066085864422));
#1153=CARTESIAN_POINT('',(-0.0105788389360453,0.0021,0.00230941656688797));
#1154=CARTESIAN_POINT('',(-0.0105788389360453,0.0019775,0.00230941656688797));
#1155=CARTESIAN_POINT('',(-0.0107504829067955,0.0021,0.00222258393723258));
#1156=CARTESIAN_POINT('',(-0.0107307863904107,0.0021,0.00234898554326827));
#1157=CARTESIAN_POINT('',(-0.0107307863904107,0.0019775,0.00234898554326827));
#1158=CARTESIAN_POINT('',(-0.0108701047492638,0.0021,0.00219943625368702));
#1159=CARTESIAN_POINT('',(-0.0109135871434895,0.0021,0.00231564354142983));
#1160=CARTESIAN_POINT('',(-0.0109135871434895,0.0019775,0.00231564354142983));
#1161=CARTESIAN_POINT('',(-0.0109870501687967,0.0021,0.0021618252431459));
#1162=CARTESIAN_POINT('',(-0.0110166307577719,0.0021,0.00228002864455093));
#1163=CARTESIAN_POINT('',(-0.0110166307577718,0.0019775,0.00228002864455093));
#1164=CARTESIAN_POINT('',(-0.0110753360989471,0.0021,0.0021367852756281));
#1165=CARTESIAN_POINT('',(-0.0111101298648911,0.0021,0.00225424013440981));
#1166=CARTESIAN_POINT('',(-0.0111101298648912,0.0019775,0.00225424013440981));
#1167=CARTESIAN_POINT('',(-0.0111340651933807,0.0021,0.00211938789941886));
#1168=CARTESIAN_POINT('',(-0.0111688589593247,0.0021,0.00223684275820056));
#1169=CARTESIAN_POINT('',(-0.0111688589593247,0.0019775,0.00223684275820056));
#1170=CARTESIAN_POINT('',(-0.00202504096429686,0.0019775,0.00440958956553454));
#1171=CARTESIAN_POINT('',(-0.00204115657975961,0.0019775,0.00442779075157855));
#1172=CARTESIAN_POINT('',(-0.0020487384836708,0.0019775,0.0044937306378871));
#1173=CARTESIAN_POINT('',(-0.00210971508160644,0.0019775,0.00457160688258891));
#1174=CARTESIAN_POINT('',(-0.0022403611756746,0.0019775,0.00468091374685193));
#1175=CARTESIAN_POINT('',(-0.00246250680018556,0.0019775,0.00479511508484908));
#1176=CARTESIAN_POINT('',(-0.00273319813923905,0.0019775,0.00493077906583771));
#1177=CARTESIAN_POINT('',(-0.00301493148013585,0.0019775,0.00504091820699663));
#1178=CARTESIAN_POINT('',(-0.00331229795910736,0.0019775,0.00510860822440733));
#1179=CARTESIAN_POINT('',(-0.00369621121065536,0.0019775,0.0052437933488283));
#1180=CARTESIAN_POINT('',(-0.00418553689712089,0.0019775,0.00537183863315896));
#1181=CARTESIAN_POINT('',(-0.004794375037785,0.0019775,0.00545524724274894));
#1182=CARTESIAN_POINT('',(-0.00531498250957601,0.0019775,0.00538147403958783));
#1183=CARTESIAN_POINT('',(-0.00570705528553164,0.0019775,0.00525941299806424));
#1184=CARTESIAN_POINT('',(-0.00596961627312251,0.0019775,0.00507554941941889));
#1185=CARTESIAN_POINT('',(-0.00622851513864106,0.0019775,0.00490959591255864));
#1186=CARTESIAN_POINT('',(-0.00645194565978644,0.0019775,0.00473818653745875));
#1187=CARTESIAN_POINT('',(-0.00647563425332231,0.0019775,0.00452208405749727));
#1188=CARTESIAN_POINT('',(-0.0065215293596779,0.0019775,0.0043172449085288));
#1189=CARTESIAN_POINT('',(-0.00660406536125508,0.0019775,0.00406636570948319));
#1190=CARTESIAN_POINT('',(-0.00670783852959255,0.0019775,0.00376940074070343));
#1191=CARTESIAN_POINT('',(-0.00685803702251244,0.0019775,0.00337184910596954));
#1192=CARTESIAN_POINT('',(-0.0071848849156376,0.0019775,0.00297062585097273));
#1193=CARTESIAN_POINT('',(-0.00754566825110824,0.0019775,0.00245146707052113));
#1194=CARTESIAN_POINT('',(-0.00799045068633975,0.0019775,0.00218215610105905));
#1195=CARTESIAN_POINT('',(-0.00825674926215424,0.0019775,0.00194152158939402));
#1196=CARTESIAN_POINT('',(-0.00841783164846799,0.0019775,0.00181432772377063));
#1197=CARTESIAN_POINT('',(-0.00856152323626385,0.0019775,0.00175216415575625));
#1198=CARTESIAN_POINT('',(-0.00869205386928574,0.0019775,0.0017137346869189));
#1199=CARTESIAN_POINT('',(-0.00875252465553052,0.0019775,0.00162309068576505));
#1200=CARTESIAN_POINT('',(-0.00882275288057,0.0019775,0.00156659751796439));
#1201=CARTESIAN_POINT('',(-0.00886877443417612,0.0019775,0.00165842381712065));
#1202=CARTESIAN_POINT('',(-0.00892097183197538,0.0019775,0.00174210497791845));
#1203=CARTESIAN_POINT('',(-0.00904135348576852,0.0019775,0.00188855044926897));
#1204=CARTESIAN_POINT('',(-0.00929865109990376,0.0019775,0.00198507960995901));
#1205=CARTESIAN_POINT('',(-0.0094804956875809,0.0019775,0.00209853978975263));
#1206=CARTESIAN_POINT('',(-0.00958129502632655,0.0019775,0.0021259597787655));
#1207=CARTESIAN_POINT('',(-0.011066812791007,0.0021,0.00213931014334845));
#1208=CARTESIAN_POINT('',(-0.0109500425594895,0.0021,0.00217390110149865));
#1209=CARTESIAN_POINT('',(-0.0107139627181552,0.0021,0.00224407869019777));
#1210=CARTESIAN_POINT('',(-0.0103588044523747,0.0021,0.0021372339669028));
#1211=CARTESIAN_POINT('',(-0.0100063799905829,0.0021,0.00207766658554994));
#1212=CARTESIAN_POINT('',(-0.00964387544977538,0.0021,0.00204011456676833));
#1213=CARTESIAN_POINT('',(-0.00937372533689041,0.0021,0.00189387918056515));
#1214=CARTESIAN_POINT('',(-0.00915065943210731,0.0021,0.00178786799803982));
#1215=CARTESIAN_POINT('',(-0.0090049959600483,0.0021,0.00167574361711028));
#1216=CARTESIAN_POINT('',(-0.00893976617205148,0.0021,0.00149558161637087));
#1217=CARTESIAN_POINT('',(-0.00873176334457885,0.0021,0.00142737825932576));
#1218=CARTESIAN_POINT('',(-0.00863182658594294,0.0021,0.00162542874834313));
#1219=CARTESIAN_POINT('',(-0.00844637552758222,0.0021,0.00165522984502851));
#1220=CARTESIAN_POINT('',(-0.00829775246238944,0.0021,0.00175189937584365));
#1221=CARTESIAN_POINT('',(-0.00811674985325369,0.0021,0.00189892557747202));
#1222=CARTESIAN_POINT('',(-0.00790165632948663,0.0021,0.00209836872341483));
#1223=CARTESIAN_POINT('',(-0.00759262926583388,0.0021,0.00227506200609652));
#1224=CARTESIAN_POINT('',(-0.00735509912233278,0.0021,0.00253984097033688));
#1225=CARTESIAN_POINT('',(-0.00713545158083671,0.0021,0.00281852493877555));
#1226=CARTESIAN_POINT('',(-0.00692239546818004,0.0021,0.00310128310986587));
#1227=CARTESIAN_POINT('',(-0.00671976057451904,0.0021,0.00339250482818127));
#1228=CARTESIAN_POINT('',(-0.00659006046661353,0.0021,0.00373152543582965));
#1229=CARTESIAN_POINT('',(-0.00647577897393454,0.0021,0.00407193302471566));
#1230=CARTESIAN_POINT('',(-0.00637054237348853,0.0021,0.00435278994564219));
#1231=CARTESIAN_POINT('',(-0.00636119302533272,0.0021,0.00460321032871199));
#1232=CARTESIAN_POINT('',(-0.00620461906356972,0.0021,0.00478915084875873));
#1233=CARTESIAN_POINT('',(-0.00594697993702348,0.0021,0.0049397144933133));
#1234=CARTESIAN_POINT('',(-0.00565455022156405,0.0021,0.00515485927324071));
#1235=CARTESIAN_POINT('',(-0.00520369664848819,0.0021,0.00527885076377781));
#1236=CARTESIAN_POINT('',(-0.00460783152357634,0.0021,0.00534407691211891));
#1237=CARTESIAN_POINT('',(-0.00393385182229676,0.0021,0.00518314457126003));
#1238=CARTESIAN_POINT('',(-0.00339009723864516,0.0021,0.00499764363858858));
#1239=CARTESIAN_POINT('',(-0.00293920246204362,0.0021,0.00489625259254352));
#1240=CARTESIAN_POINT('',(-0.00263246830546717,0.0021,0.00474036207003957));
#1241=CARTESIAN_POINT('',(-0.00238076811689371,0.0021,0.00461167520627579));
#1242=CARTESIAN_POINT('',(-0.00218283350222003,0.0021,0.00450332834841172));
#1243=CARTESIAN_POINT('',(-0.00215351869885549,0.0021,0.00436988829792368));
#1244=CARTESIAN_POINT('',(-0.00211674264059427,0.0021,0.00432836732372699));
#1245=CARTESIAN_POINT('',(-0.011066812791007,0.0021,0.00213931014334845));
#1246=CARTESIAN_POINT('',(-0.0109227736480534,0.0019775,0.00230974084697664));
#1247=CARTESIAN_POINT('',(-0.0109227736480534,0.00202404180374302,0.00230974084697664));
#1248=CARTESIAN_POINT('',(-0.0110169877822681,0.00206108891630583,0.00225446384222471));
#1249=CARTESIAN_POINT('',(-0.0110587647543431,0.0021,0.00218490494231972));
#1250=CARTESIAN_POINT('',(-0.011066812791007,0.0021,0.00213931014334845));
#1251=CARTESIAN_POINT('',(-0.0020184310618788,0.0019775,0.00440316130407154));
#1252=CARTESIAN_POINT('',(-0.0020184310618788,0.0021,0.00440316130407154));
#1253=CARTESIAN_POINT('',(-0.00209723753736004,0.0021,0.0043093754340152));
#1254=CARTESIAN_POINT('',(-0.00198807531215881,0.0019775,0.00437765394731742));
#1255=CARTESIAN_POINT('',(-0.00198807566356832,0.0021,0.00437765352911265));
#1256=CARTESIAN_POINT('',(-0.00201031060679072,0.0021,0.00423633436433328));
#1257=CARTESIAN_POINT('',(-0.00176547960949024,0.0019775,0.00435338942243657));
#1258=CARTESIAN_POINT('',(-0.00176547944640051,0.0021,0.00435338961652608));
#1259=CARTESIAN_POINT('',(-0.00177091851492482,0.0021,0.00423879080768457));
#1260=CARTESIAN_POINT('',(-0.00140069410363855,0.0019775,0.00425754319660225));
#1261=CARTESIAN_POINT('',(-0.00140069414733831,0.0021,0.00425754314459612));
#1262=CARTESIAN_POINT('',(-0.00145553286528148,0.0021,0.0041434814333292));
#1263=CARTESIAN_POINT('',(-0.00111167066213627,0.0019775,0.00412421128479482));
#1264=CARTESIAN_POINT('',(-0.00111167065042696,0.0021,0.00412421129872982));
#1265=CARTESIAN_POINT('',(-0.00114882003343935,0.0021,0.00400831777698812));
#1266=CARTESIAN_POINT('',(-0.000790845355645942,0.0019775,0.00404003519862487));
#1267=CARTESIAN_POINT('',(-0.000790845358783446,0.0021,0.004040035194891));
#1268=CARTESIAN_POINT('',(-0.000826529170428615,0.0021,0.00392265545651975));
#1269=CARTESIAN_POINT('',(-0.000472889469662944,0.0019775,0.00391344930211116));
#1270=CARTESIAN_POINT('',(-0.000472889468822245,0.0021,0.00391344930311166));
#1271=CARTESIAN_POINT('',(-0.000516838063075267,0.0021,0.00379877343541107));
#1272=CARTESIAN_POINT('',(-0.000171069634207948,0.0019775,0.00384125122419255));
#1273=CARTESIAN_POINT('',(-0.000171069634433238,0.0021,0.00384125122392444));
#1274=CARTESIAN_POINT('',(-0.000192211884713262,0.0021,0.0037201165823594));
#1275=CARTESIAN_POINT('',(0.000165218480267244,0.0019775,0.00376393846449601));
#1276=CARTESIAN_POINT('',(0.000165218480327707,0.0021,0.00376393846456797));
#1277=CARTESIAN_POINT('',(0.000132825122836353,0.0021,0.00364598299868054));
#1278=CARTESIAN_POINT('',(0.000484745636920338,0.0019775,0.00368114476687255));
#1279=CARTESIAN_POINT('',(0.000484745636903776,0.0021,0.00368114476685284));
#1280=CARTESIAN_POINT('',(0.000456418918552545,0.0021,0.00356124166481849));
#1281=CARTESIAN_POINT('',(0.000733975674548772,0.0019775,0.00364560655174583));
#1282=CARTESIAN_POINT('',(0.000733975674550832,0.0021,0.00364560655174828));
#1283=CARTESIAN_POINT('',(0.000730711087994711,0.0021,0.00352295812691755));
#1284=CARTESIAN_POINT('',(0.00099544184392761,0.0019775,0.00361102256830117));
#1285=CARTESIAN_POINT('',(0.000995441843927213,0.0021,0.00361102256830069));
#1286=CARTESIAN_POINT('',(0.000955424635155981,0.0021,0.00349190507710874));
#1287=CARTESIAN_POINT('',(0.00113773686575585,0.0019775,0.00351965466608191));
#1288=CARTESIAN_POINT('',(0.0011377368657559,0.0021,0.00351965466608197));
#1289=CARTESIAN_POINT('',(0.00107289465485951,0.0021,0.00342007873328555));
#1290=CARTESIAN_POINT('',(0.00124732709243404,0.0019775,0.00345800569349909));
#1291=CARTESIAN_POINT('',(0.00124732709243403,0.0021,0.00345800569349908));
#1292=CARTESIAN_POINT('',(0.00116609683950586,0.0021,0.00335669606008442));
#1293=CARTESIAN_POINT('',(0.00133360075845259,0.0019775,0.00329271540295891));
#1294=CARTESIAN_POINT('',(0.0013336007584526,0.0021,0.00329271540295891));
#1295=CARTESIAN_POINT('',(0.00120464537704487,0.0021,0.00328135044802954));
#1296=CARTESIAN_POINT('',(0.00132997054183555,0.0019775,0.00321701166766942));
#1297=CARTESIAN_POINT('',(0.00132997054183555,0.0021,0.00321701166766942));
#1298=CARTESIAN_POINT('',(0.00121088773691319,0.0021,0.00319832339707171));
#1299=CARTESIAN_POINT('',(0.00135668627673949,0.0019775,0.00311502412275709));
#1300=CARTESIAN_POINT('',(0.00135668627673949,0.0021,0.00311502412275709));
#1301=CARTESIAN_POINT('',(0.00123436189138088,0.0021,0.00309010407992499));
#1302=CARTESIAN_POINT('',(0.0013482077792814,0.0019775,0.00291703053857806));
#1303=CARTESIAN_POINT('',(0.0013482077792814,0.0021,0.00291703053857806));
#1304=CARTESIAN_POINT('',(0.00122846778919559,0.0021,0.00295496064991762));
#1305=CARTESIAN_POINT('',(0.00130807681309638,0.0019775,0.00277690411961711));
#1306=CARTESIAN_POINT('',(0.00130807681309638,0.0021,0.00277690411961711));
#1307=CARTESIAN_POINT('',(0.00118698958156889,0.0021,0.00279555444543809));
#1308=CARTESIAN_POINT('',(0.0013018375638616,0.0019775,0.00263728209123868));
#1309=CARTESIAN_POINT('',(0.0013018375638616,0.0021,0.00263728209123868));
#1310=CARTESIAN_POINT('',(0.0011788774344195,0.0021,0.00263256851019121));
#1311=CARTESIAN_POINT('',(0.00131511673618065,0.0019775,0.00247999695224381));
#1312=CARTESIAN_POINT('',(0.00131511673618065,0.0021,0.00247999695224381));
#1313=CARTESIAN_POINT('',(0.00119314153693223,0.0021,0.00246825707264664));
#1314=CARTESIAN_POINT('',(0.00132115010449598,0.0019775,0.00230335579781601));
#1315=CARTESIAN_POINT('',(0.00132115010449598,0.0021,0.00230335579781601));
#1316=CARTESIAN_POINT('',(0.00119877060136768,0.0021,0.00230420102642634));
#1317=CARTESIAN_POINT('',(0.0013245628187872,0.0019775,0.00214394505498717));
#1318=CARTESIAN_POINT('',(0.0013245628187872,0.0021,0.00214394505498717));
#1319=CARTESIAN_POINT('',(0.00120116348259726,0.0021,0.00213973648397728));
#1320=CARTESIAN_POINT('',(0.00132039486326189,0.0019775,0.00199621576903015));
#1321=CARTESIAN_POINT('',(0.00132039486326189,0.0021,0.00199621576903015));
#1322=CARTESIAN_POINT('',(0.00120066937633359,0.0021,0.00200308442136349));
#1323=CARTESIAN_POINT('',(0.00131026609175237,0.0019775,0.00186777136248619));
#1324=CARTESIAN_POINT('',(0.00131026609175237,0.0021,0.00186777136248619));
#1325=CARTESIAN_POINT('',(0.00118488469504082,0.0021,0.00189389144511604));
#1326=CARTESIAN_POINT('',(0.00122501695074761,0.0019775,0.0017188944147749));
#1327=CARTESIAN_POINT('',(0.00122501695074761,0.0021,0.0017188944147749));
#1328=CARTESIAN_POINT('',(0.00114536252282303,0.0021,0.00181946362706923));
#1329=CARTESIAN_POINT('',(0.00113637437440327,0.0019775,0.00167330218629539));
#1330=CARTESIAN_POINT('',(0.00113637437440327,0.00209999999999999,0.0016733021862954));
#1331=CARTESIAN_POINT('',(0.00107259882161048,0.0021,0.00177630895549198));
#1332=CARTESIAN_POINT('',(0.00105078303659073,0.0019775,0.00161315955825998));
#1333=CARTESIAN_POINT('',(0.00105078303659074,0.00210000000000001,0.00161315955825998));
#1334=CARTESIAN_POINT('',(0.000981730830305843,0.0021,0.00171536447834389));
#1335=CARTESIAN_POINT('',(0.000979269426226686,0.0019775,0.00156791670205382));
#1336=CARTESIAN_POINT('',(0.000979269426226667,0.00209999999999996,0.0015679167020538));
#1337=CARTESIAN_POINT('',(0.000912195965001321,0.0021,0.001670422315555));
#1338=CARTESIAN_POINT('',(0.000933220376429441,0.0019775,0.00153778499462294));
#1339=CARTESIAN_POINT('',(0.000933220376429441,0.0021,0.00153778499462294));
#1340=CARTESIAN_POINT('',(0.000866146915204086,0.0021,0.00164029060812411));
#1341=CARTESIAN_POINT('',(-0.00209723753736004,0.0021,0.00430937543401521));
#1342=CARTESIAN_POINT('',(-0.00201082977060846,0.0021,0.00423676863783358));
#1343=CARTESIAN_POINT('',(-0.00177301639869701,0.0021,0.00423869880951989));
#1344=CARTESIAN_POINT('',(-0.00145925309445489,0.0021,0.00414489481247389));
#1345=CARTESIAN_POINT('',(-0.00115411875185298,0.0021,0.00401123605676736));
#1346=CARTESIAN_POINT('',(-0.000729165669048044,0.0021,0.00389122668154977));
#1347=CARTESIAN_POINT('',(-0.00031375311147073,0.0021,0.00374084824117471));
#1348=CARTESIAN_POINT('',(0.00011998561486455,0.0021,0.00365117338333131));
#1349=CARTESIAN_POINT('',(0.000439791813434457,0.0021,0.00356252356337112));
#1350=CARTESIAN_POINT('',(0.000771298831004986,0.0021,0.00352392572500847));
#1351=CARTESIAN_POINT('',(0.00103878711833713,0.0021,0.00346041638700343));
#1352=CARTESIAN_POINT('',(0.00121473644590136,0.0021,0.00331043034838562));
#1353=CARTESIAN_POINT('',(0.00122105077864544,0.0021,0.00313582145491279));
#1354=CARTESIAN_POINT('',(0.00123712977425445,0.0021,0.00297760840686672));
#1355=CARTESIAN_POINT('',(0.00117398032663403,0.0021,0.00276528562319557));
#1356=CARTESIAN_POINT('',(0.00119156116137406,0.0021,0.00249437456487118));
#1357=CARTESIAN_POINT('',(0.00120080847397654,0.0021,0.00222023001964913));
#1358=CARTESIAN_POINT('',(0.00120122632638152,0.0021,0.00200649081371886));
#1359=CARTESIAN_POINT('',(0.00118121483354703,0.0021,0.00183174064877154));
#1360=CARTESIAN_POINT('',(0.00102582034118894,0.0021,0.00174897445288126));
#1361=CARTESIAN_POINT('',(0.000938287374927211,0.0021,0.00168749495296677));
#1362=CARTESIAN_POINT('',(0.000892512971549221,0.0021,0.00165754295750799));
#1363=CARTESIAN_POINT('',(0.000892512971549222,0.0021,0.00165754295750798));
#1364=CARTESIAN_POINT('',(0.00113855703966692,0.0019775,0.00167214486282319));
#1365=CARTESIAN_POINT('',(0.00118455369765086,0.0019775,0.0017022422882266));
#1366=CARTESIAN_POINT('',(0.00127701805343022,0.0019775,0.0017687845719837));
#1367=CARTESIAN_POINT('',(0.00133295579586042,0.0019775,0.0019883765243013));
#1368=CARTESIAN_POINT('',(0.00132248613783499,0.0019775,0.00226015536371746));
#1369=CARTESIAN_POINT('',(0.00130662936879693,0.0019775,0.0025333656514646));
#1370=CARTESIAN_POINT('',(0.00130346769252716,0.0019775,0.0027512931217528));
#1371=CARTESIAN_POINT('',(0.00134153530051456,0.0019775,0.00291039179687497));
#1372=CARTESIAN_POINT('',(0.00136382019117866,0.0019775,0.00307114976331094));
#1373=CARTESIAN_POINT('',(0.00133013819994236,0.0019775,0.00323202477907236));
#1374=CARTESIAN_POINT('',(0.00130459046026093,0.0019775,0.00340052532711004));
#1375=CARTESIAN_POINT('',(0.00112423064754277,0.0019775,0.00354524303230037));
#1376=CARTESIAN_POINT('',(0.000868732242554019,0.0019775,0.00364228915324858));
#1377=CARTESIAN_POINT('',(0.000419842634875253,0.0019775,0.00367918824848138));
#1378=CARTESIAN_POINT('',(-4.03938024894184E-6,0.0019775,0.00380958750914145));
#1379=CARTESIAN_POINT('',(-0.000439536574783451,0.0019775,0.00390011017845974));
#1380=CARTESIAN_POINT('',(-0.000747554655970923,0.0019775,0.00402625627387393));
#1381=CARTESIAN_POINT('',(-0.00106933357816864,0.0019775,0.00411155343292648));
#1382=CARTESIAN_POINT('',(-0.00137530012556841,0.0019775,0.00424171362617832));
#1383=CARTESIAN_POINT('',(-0.00163959689924067,0.0019775,0.00432794986665291));
#1384=CARTESIAN_POINT('',(-0.00185712488088065,0.0019775,0.00436001684853215));
#1385=CARTESIAN_POINT('',(-0.00197470645584439,0.0019775,0.00436642035267548));
#1386=CARTESIAN_POINT('',(-0.0020184310618788,0.0019775,0.00440316130407154));
#1387=CARTESIAN_POINT('',(0.00113855703966692,0.0019775,0.00167214486282319));
#1388=CARTESIAN_POINT('',(0.00113855703966408,0.0019775,0.0016721448628225));
#1389=CARTESIAN_POINT('',(0.00113855703966408,0.00202817392943987,0.0016721448628225));
#1390=CARTESIAN_POINT('',(0.00103573856475313,0.00208847419674187,0.00166604292487795));
#1391=CARTESIAN_POINT('',(0.000942067965402789,0.0021,0.00166048388322773));
#1392=CARTESIAN_POINT('',(0.000892512971549222,0.0021,0.00165754295750798));
#1393=CARTESIAN_POINT('',(-0.0108256340598038,-2.53324253716973E-32,0.0020802269079507));
#1394=CARTESIAN_POINT('',(-0.0108256340598038,-2.53324253716973E-32,0.0020802269079507));
#1395=CARTESIAN_POINT('',(-0.0108256340598038,-2.53324253716973E-32,0.0020802269079507));
#1396=CARTESIAN_POINT('',(-0.0108256340598038,-2.53324253716973E-32,0.0020802269079507));
#1397=CARTESIAN_POINT('',(-0.0108256340598038,-2.53324253716973E-32,0.0020802269079507));
#1398=CARTESIAN_POINT('',(-0.0108256340598038,-2.53324253716973E-32,0.0020802269079507));
#1399=CARTESIAN_POINT('',(-0.0108623499657698,-7.66264962685884E-20,0.00213278825402026));
#1400=CARTESIAN_POINT('',(-0.01087052125752,-3.09351977161688E-19,0.00212708032600931));
#1401=CARTESIAN_POINT('',(-0.0108775270385611,1.33416706244986E-18,0.00211839068457041));
#1402=CARTESIAN_POINT('',(-0.0108872889637599,3.00951707812009E-18,0.00209888694109433));
#1403=CARTESIAN_POINT('',(-0.0108900451079176,3.04134805417877E-18,0.00208807283905714));
#1404=CARTESIAN_POINT('',(-0.0108897171259015,-4.14753553820068E-19,0.0020781159898496));
#1405=CARTESIAN_POINT('',(-0.0108989245748588,2.65294421539753E-5,0.00218514732388685));
#1406=CARTESIAN_POINT('',(-0.0109148520366199,2.6529442153975E-5,0.00217395309968518));
#1407=CARTESIAN_POINT('',(-0.0109291923879575,2.64483055135132E-5,0.00215843402038695));
#1408=CARTESIAN_POINT('',(-0.0109491103875227,2.63658737940508E-5,0.00212107016119154));
#1409=CARTESIAN_POINT('',(-0.0109543682952025,2.63645787150502E-5,0.00209895413365104));
#1410=CARTESIAN_POINT('',(-0.0109535554513345,2.65242618379722E-5,0.00207601313358964));
#1411=CARTESIAN_POINT('',(-0.0109506926071587,0.000116860871084323,0.00225925682464611));
#1412=CARTESIAN_POINT('',(-0.0109780928134879,0.000116860871084323,0.00223991139848499));
#1413=CARTESIAN_POINT('',(-0.0110031240108988,0.000116742837140539,0.00221636671453543));
#1414=CARTESIAN_POINT('',(-0.0110374118718717,0.000116623431688807,0.00215546466281572));
#1415=CARTESIAN_POINT('',(-0.0110457093137901,0.000116622060180859,0.00211729355211566));
#1416=CARTESIAN_POINT('',(-0.0110439157541933,0.000116855385052533,0.00207303663432795));
#1417=CARTESIAN_POINT('',(-0.0109659389954862,0.000180313810424535,0.00228108307874794));
#1418=CARTESIAN_POINT('',(-0.0109970557763725,0.000180313810424535,0.0022590727468181));
#1419=CARTESIAN_POINT('',(-0.0110254266413106,0.000180312949248334,0.00223425774235808));
#1420=CARTESIAN_POINT('',(-0.0110639211587135,0.000180311226895932,0.00216758375594375));
#1421=CARTESIAN_POINT('',(-0.0110727658489866,0.000180310365719731,0.00212463978341625));
#1422=CARTESIAN_POINT('',(-0.0110705286072884,0.000180310365719731,0.0020721599978506));
#1423=CARTESIAN_POINT('',(-0.0109659389954862,0.000244999999994079,0.00228108307874794));
#1424=CARTESIAN_POINT('',(-0.0109971478772153,0.000244999999994079,0.00225900759965113));
#1425=CARTESIAN_POINT('',(-0.0110255226002747,0.000244999999994079,0.00223428309653549));
#1426=CARTESIAN_POINT('',(-0.0110639749253776,0.000244999999994079,0.00216773218504905));
#1427=CARTESIAN_POINT('',(-0.0110727735652294,0.000244999999994079,0.00212482078610502));
#1428=CARTESIAN_POINT('',(-0.0110705286072884,0.000244999999994079,0.00207215999785057));
#1429=CARTESIAN_POINT('',(-0.0108256340598038,-2.53324253716973E-32,0.0020802269079507));
#1430=CARTESIAN_POINT('',(-0.0108897171259015,-4.14753553820068E-19,0.0020781159898496));
#1431=CARTESIAN_POINT('',(-0.0109535554513345,2.65242618379722E-5,0.00207601313358964));
#1432=CARTESIAN_POINT('',(-0.0110439157541933,0.000116855385052533,0.00207303663432795));
#1433=CARTESIAN_POINT('',(-0.0110705286072884,0.000180310365719731,0.0020721599978506));
#1434=CARTESIAN_POINT('',(-0.0110705286072884,0.000244999999994079,0.00207215999785057));
#1435=CARTESIAN_POINT('',(-0.0108256340598038,0.,0.00208022690795061));
#1436=CARTESIAN_POINT('',(-0.0110705286072884,0.000245,0.00207215999785054));
#1437=CARTESIAN_POINT('',(-0.0109659389954862,0.000245,0.00228108307874796));
#1438=CARTESIAN_POINT('',(-0.0109666224407936,0.000116718299978417,0.00228059964641201));
#1439=CARTESIAN_POINT('',(-0.0108997987022573,-4.63551199582446E-20,0.00218489797528106));
#1440=CARTESIAN_POINT('',(-0.0108256340598038,-5.42101086242752E-20,0.0020802269079507));
#1441=CARTESIAN_POINT('',(-0.0109659389954862,0.000244999999994079,0.00228108307874794));
#1442=CARTESIAN_POINT('',(-0.0110705286072884,0.00024499999999408,0.00207215999785058));
#1443=CARTESIAN_POINT('',(-0.0110749591703431,0.00024499999999408,0.00217608931368275));
#1444=CARTESIAN_POINT('',(-0.0110283567589444,0.00024499999999408,0.00223693212055431));
#1445=CARTESIAN_POINT('',(-0.0109659389954862,0.00024499999999408,0.00228108307874794));
#1446=CARTESIAN_POINT('',(-0.0109225594728519,0.000245,0.00230987856973198));
#1447=CARTESIAN_POINT('',(-0.0109225594728519,9.21571846612679E-19,0.00230987856973198));
#1448=CARTESIAN_POINT('',(-0.010790047518619,0.,0.00210380678130528));
#1449=CARTESIAN_POINT('',(-0.0109345805195698,0.000245000000000037,0.00230214858201909));
#1450=CARTESIAN_POINT('',(-0.0109345805979855,3.70091690044951E-17,0.00230214870396501));
#1451=CARTESIAN_POINT('',(-0.0108020890023943,0.,0.00209606382190162));
#1452=CARTESIAN_POINT('',(-0.0109472071684728,0.000245,0.00229449554803101));
#1453=CARTESIAN_POINT('',(-0.0109472053106533,0.,0.00229449295144005));
#1454=CARTESIAN_POINT('',(-0.0108141970269116,0.,0.00208840886717477));
#1455=CARTESIAN_POINT('',(-0.0109684026409475,0.000245,0.00227933052439103));
#1456=CARTESIAN_POINT('',(-0.0109684026409475,0.,0.00227933052439103));
#1457=CARTESIAN_POINT('',(-0.010825841216355,0.,0.00208007882372535));
#1458=CARTESIAN_POINT('',(-0.0108197708880569,0.,0.00208432440080342));
#1459=CARTESIAN_POINT('',(-0.0108217374078707,0.,0.00208297592577482));
#1460=CARTESIAN_POINT('',(-0.0108236936556642,0.,0.00208161275233876));
#1461=CARTESIAN_POINT('',(-0.0108256340598038,0.,0.00208022690795069));
#1462=CARTESIAN_POINT('',(-0.0108197708880569,0.,0.00208432440080342));
#1463=CARTESIAN_POINT('',(-0.0109227736480534,0.000245,0.00230974084697664));
#1464=CARTESIAN_POINT('',(-0.0109227736480534,0.0001148078625141,0.00230974084697664));
#1465=CARTESIAN_POINT('',(-0.0108727745026939,4.26881313489772E-17,0.00220120725100709));
#1466=CARTESIAN_POINT('',(-0.0108197708880569,1.30886957861794E-29,0.0020843244008035));
#1467=CARTESIAN_POINT('',(-0.0109659389954862,0.000245,0.00228108307874794));
#1468=CARTESIAN_POINT('',(-0.0109518329043352,0.000245,0.00229106096578641));
#1469=CARTESIAN_POINT('',(-0.0109373018059973,0.000245,0.00230039869191868));
#1470=CARTESIAN_POINT('',(-0.0109227736480534,0.000245,0.00230974084697664));
#1471=CARTESIAN_POINT('',(-0.0087287022327925,0.000245,0.001662023220402));
#1472=CARTESIAN_POINT('',(-0.0087287022327925,0.,0.001662023220402));
#1473=CARTESIAN_POINT('',(-0.00853682097674642,0.,0.00150968614816356));
#1474=CARTESIAN_POINT('',(-0.00873732535073728,0.000245,0.00165116168369288));
#1475=CARTESIAN_POINT('',(-0.00873732535073727,0.,0.00165116168369287));
#1476=CARTESIAN_POINT('',(-0.00854544409469118,0.,0.00149882461145444));
#1477=CARTESIAN_POINT('',(-0.00876592125059186,0.000245,0.00161220634043496));
#1478=CARTESIAN_POINT('',(-0.00876592125059186,1.96530494440142E-19,0.00161220634043497));
#1479=CARTESIAN_POINT('',(-0.00856165193344616,-1.15704166606572E-22,0.00147631077272421));
#1480=CARTESIAN_POINT('',(-0.00877634260233771,0.000245,0.00159895323580305));
#1481=CARTESIAN_POINT('',(-0.0087763426023377,-1.15290734212306E-19,0.00159895323580305));
#1482=CARTESIAN_POINT('',(-0.00859510879082072,5.78520833032881E-22,0.00143196831385922));
#1483=CARTESIAN_POINT('',(-0.00879335160168329,0.000245,0.00158366168200981));
#1484=CARTESIAN_POINT('',(-0.00879335160168329,1.23066083678981E-19,0.00158366168200981));
#1485=CARTESIAN_POINT('',(-0.00866558754821559,-6.7108416631812E-21,0.0013659644702561));
#1486=CARTESIAN_POINT('',(-0.00880117382102201,0.000245,0.00158488643576194));
#1487=CARTESIAN_POINT('',(-0.00880117382102202,-3.60886212126963E-19,0.00158488643576194));
#1488=CARTESIAN_POINT('',(-0.00880377701147907,5.22982833061702E-20,0.00132116007410386));
#1489=CARTESIAN_POINT('',(-0.00881409433539864,0.000245,0.00158414656044025));
#1490=CARTESIAN_POINT('',(-0.00881409433539863,-7.73543013149217E-20,0.00158414656044025));
#1491=CARTESIAN_POINT('',(-0.0089694355606657,-1.9068046656763E-19,0.00137759168984676));
#1492=CARTESIAN_POINT('',(-0.00884325970428432,0.000245,0.00161597610534218));
#1493=CARTESIAN_POINT('',(-0.00884325970428432,5.45693797603064E-19,0.00161597610534218));
#1494=CARTESIAN_POINT('',(-0.00905540910935729,5.60239574709027E-19,0.00148890867926005));
#1495=CARTESIAN_POINT('',(-0.00889878776729834,0.000245,0.00169897672774082));
#1496=CARTESIAN_POINT('',(-0.00889878776729834,-7.77719003794336E-19,0.00169897672774082));
#1497=CARTESIAN_POINT('',(-0.00910469097997264,-7.78978301678757E-19,0.00157116427517924));
#1498=CARTESIAN_POINT('',(-0.00892189397269464,0.000245,0.00175135201722747));
#1499=CARTESIAN_POINT('',(-0.00892189397269464,-5.85184874513441E-19,0.00175135201722747));
#1500=CARTESIAN_POINT('',(-0.00913313739153075,-5.84924146600367E-19,0.00161838473190694));
#1501=CARTESIAN_POINT('',(-0.009067969023255,0.000244999999999999,0.00189383021130431));
#1502=CARTESIAN_POINT('',(-0.009067969023255,-9.15342177055429E-19,0.00189383021130431));
#1503=CARTESIAN_POINT('',(-0.00917296624124713,-9.15647246649451E-19,0.00165738926382953));
#1504=CARTESIAN_POINT('',(-0.00911863198908462,0.000245000000000001,0.00189606910512947));
#1505=CARTESIAN_POINT('',(-0.00911863198908462,1.40618441369656E-18,0.00189606910512947));
#1506=CARTESIAN_POINT('',(-0.00923567305900425,1.40762640047739E-18,0.00168575677461688));
#1507=CARTESIAN_POINT('',(-0.00922068001553254,0.000244999999999999,0.00195915031762508));
#1508=CARTESIAN_POINT('',(-0.00922068001553254,-9.24677922742268E-19,0.00195915031762508));
#1509=CARTESIAN_POINT('',(-0.00933172963781208,-9.31976540008342E-19,0.00173775859478264));
#1510=CARTESIAN_POINT('',(-0.0093083628028758,0.000245000000000001,0.00200077864088941));
#1511=CARTESIAN_POINT('',(-0.0093083628028758,8.48007804409648E-19,0.00200077864088942));
#1512=CARTESIAN_POINT('',(-0.00942881373110033,8.93330178148832E-19,0.00178835951465076));
#1513=CARTESIAN_POINT('',(-0.00940304734715158,0.000244999999999999,0.00205746964710411));
#1514=CARTESIAN_POINT('',(-0.00940304734715158,-1.25284417703133E-18,0.00205746964710411));
#1515=CARTESIAN_POINT('',(-0.00952340929114881,-1.33033367675838E-18,0.00184314157093372));
#1516=CARTESIAN_POINT('',(-0.00955978925537511,0.000245000000000001,0.00212804457025992));
#1517=CARTESIAN_POINT('',(-0.00955978925537511,1.46488682984791E-18,0.00212804457025992));
#1518=CARTESIAN_POINT('',(-0.00962363957704712,1.88450145447104E-18,0.00188864423308815));
#1519=CARTESIAN_POINT('',(-0.00971255491271255,0.000245,0.002155719105425));
#1520=CARTESIAN_POINT('',(-0.00971255491271255,-4.14547548561463E-19,0.002155719105425));
#1521=CARTESIAN_POINT('',(-0.00975560671243981,-5.51025154077907E-19,0.00191520472827533));
#1522=CARTESIAN_POINT('',(-0.00992937705096002,0.000245,0.00219386230450959));
#1523=CARTESIAN_POINT('',(-0.00992937705096002,-1.0526216552472E-19,0.00219386230450959));
#1524=CARTESIAN_POINT('',(-0.00996762918284173,-3.96664951329292E-20,0.00195147901399357));
#1525=CARTESIAN_POINT('',(-0.0101375719288808,0.000245000000000002,0.00222709155170795));
#1526=CARTESIAN_POINT('',(-0.0101375719288808,2.39502535291891E-18,0.00222709155170794));
#1527=CARTESIAN_POINT('',(-0.0101801666450904,2.48176608224215E-18,0.00198570636447494));
#1528=CARTESIAN_POINT('',(-0.0103433821530341,0.000245,0.00226638398316446));
#1529=CARTESIAN_POINT('',(-0.0103433821530342,-2.61851005279084E-19,0.00226638398316446));
#1530=CARTESIAN_POINT('',(-0.0103913723587011,-4.30046199192709E-19,0.00202637125813172));
#1531=CARTESIAN_POINT('',(-0.0105039524373058,0.000245,0.00229971227104117));
#1532=CARTESIAN_POINT('',(-0.0105039524373057,-6.83402242253071E-19,0.00229971227104117));
#1533=CARTESIAN_POINT('',(-0.0105496808911856,-3.36282151125926E-20,0.00205803605504867));
#1534=CARTESIAN_POINT('',(-0.0106365213398123,0.000245,0.00231910969714405));
#1535=CARTESIAN_POINT('',(-0.0106365213398123,2.38231627153398E-18,0.00231910969714406));
#1536=CARTESIAN_POINT('',(-0.0106818530173904,4.64861180517142E-19,0.00208123878605145));
#1537=CARTESIAN_POINT('',(-0.0107662061581852,0.000244999999999999,0.00234500433743279));
#1538=CARTESIAN_POINT('',(-0.0107662061581851,-3.33476320132991E-18,0.00234500433743278));
#1539=CARTESIAN_POINT('',(-0.0107755904933537,-6.68163774105137E-19,0.00209447920043605));
#1540=CARTESIAN_POINT('',(-0.0109073926294189,0.000245000000000001,0.00231622083078558));
#1541=CARTESIAN_POINT('',(-0.010907392629419,5.5275401119337E-18,0.00231622083078559));
#1542=CARTESIAN_POINT('',(-0.0108287435275621,1.17446684040711E-18,0.00208250498671137));
#1543=CARTESIAN_POINT('',(-0.010924592863666,0.000245,0.00230920193898354));
#1544=CARTESIAN_POINT('',(-0.0109245928636657,-9.54938346520449E-18,0.00230920193898351));
#1545=CARTESIAN_POINT('',(-0.0108550053317778,0.,0.00207429222142014));
#1546=CARTESIAN_POINT('',(-0.0109377431936647,0.000245,0.00230530640406222));
#1547=CARTESIAN_POINT('',(-0.0109377431936647,4.87890977618477E-19,0.00230530640406222));
#1548=CARTESIAN_POINT('',(-0.0108681556617765,0.,0.00207039668649882));
#1549=CARTESIAN_POINT('',(-0.00854660670057109,0.,0.00149729796780781));
#1550=CARTESIAN_POINT('',(-0.00857930302018005,0.,0.00145418924296312));
#1551=CARTESIAN_POINT('',(-0.00864707860271005,-9.77765593729417E-20,0.0013675750417721));
#1552=CARTESIAN_POINT('',(-0.00881210622873352,3.42217957805296E-19,0.00132242792691786));
#1553=CARTESIAN_POINT('',(-0.0089712946479466,-1.27109527184824E-18,0.00138084869409042));
#1554=CARTESIAN_POINT('',(-0.00907262788812788,8.39035308639853E-19,0.0015081454823197));
#1555=CARTESIAN_POINT('',(-0.00914593099305607,1.81808185823664E-18,0.00165889632634764));
#1556=CARTESIAN_POINT('',(-0.00935468712924251,-1.01283675233328E-18,0.00173526929115333));
#1557=CARTESIAN_POINT('',(-0.00957366702810128,2.51214798162714E-20,0.00189399769825042));
#1558=CARTESIAN_POINT('',(-0.00989125136984983,1.1199424794981E-18,0.00193567146020472));
#1559=CARTESIAN_POINT('',(-0.0102001532620079,-6.01763576860859E-19,0.00199187113378736));
#1560=CARTESIAN_POINT('',(-0.0105086711512605,1.28711182794534E-18,0.00203978327525783));
#1561=CARTESIAN_POINT('',(-0.0107159863118705,0.,0.00211085198695055));
#1562=CARTESIAN_POINT('',(-0.0108197708880569,0.,0.00208432440080342));
#1563=CARTESIAN_POINT('',(-0.00854660670057109,0.,0.00149729796780781));
#1564=CARTESIAN_POINT('',(-0.00854660670057107,-2.38450913181393E-32,0.00149729796780783));
#1565=CARTESIAN_POINT('',(-0.00859831940891196,-8.02695257909307E-21,0.00153520166989081));
#1566=CARTESIAN_POINT('',(-0.0086498337039212,2.6527428128683E-5,0.0015729599415747));
#1567=CARTESIAN_POINT('',(-0.00872274861479962,0.000116858630742252,0.00162640415573428));
#1568=CARTESIAN_POINT('',(-0.00874422329492633,0.000180312354820082,0.00164214438485715));
#1569=CARTESIAN_POINT('',(-0.00874422329492633,0.000244999999994079,0.00164214438485714));
#1570=CARTESIAN_POINT('',(-0.00874422329492633,0.000245,0.00164214438485715));
#1571=CARTESIAN_POINT('',(-0.00935506113416713,0.000245,0.00202879058050586));
#1572=CARTESIAN_POINT('',(-0.0092960564653305,0.000245,0.00199573152938274));
#1573=CARTESIAN_POINT('',(-0.00917913242546407,0.000245,0.00193176455946073));
#1574=CARTESIAN_POINT('',(-0.00898804460090583,0.000244999999999999,0.00183989112010474));
#1575=CARTESIAN_POINT('',(-0.00889738990021101,0.000245000000000001,0.00171732638397596));
#1576=CARTESIAN_POINT('',(-0.00882354157870524,0.000244999999999999,0.00155572094356082));
#1577=CARTESIAN_POINT('',(-0.00876435187162109,0.000245,0.00161514822200204));
#1578=CARTESIAN_POINT('',(-0.00874422329492633,0.000245,0.00164214438485715));
#1579=CARTESIAN_POINT('',(-0.0085461319007122,0.000244614779394209,0.00149644410676757));
#1580=CARTESIAN_POINT('',(-0.0086706592268633,0.000245,0.00170857693337629));
#1581=CARTESIAN_POINT('',(-0.00866960576632323,0.000116718299978417,0.00170919081545685));
#1582=CARTESIAN_POINT('',(-0.00861023420602522,7.85498866603064E-21,0.00160868830644903));
#1583=CARTESIAN_POINT('',(-0.00854660670056885,0.,0.0014972979678091));
#1584=CARTESIAN_POINT('',(-0.00867065922687987,0.000244999999994079,0.00170857693336665));
#1585=CARTESIAN_POINT('',(-0.00867031539003419,0.00024499893634773,0.00170799120584638));
#1586=CARTESIAN_POINT('',(-0.00869893078791851,0.000245026817955608,0.00169119319403719));
#1587=CARTESIAN_POINT('',(-0.00872407903821666,0.000245029616208265,0.00166851827410324));
#1588=CARTESIAN_POINT('',(-0.00874373941032872,0.000244999059002596,0.00164178847782386));
#1589=CARTESIAN_POINT('',(-0.00644519651581893,0.000245,0.00467986270943195));
#1590=CARTESIAN_POINT('',(-0.00644519651581893,0.,0.00467986270943195));
#1591=CARTESIAN_POINT('',(-0.0062131284514683,0.,0.00460131709524152));
#1592=CARTESIAN_POINT('',(-0.00644689381758472,0.000245,0.00467484792229883));
#1593=CARTESIAN_POINT('',(-0.00644689381758472,0.,0.00467484792229883));
#1594=CARTESIAN_POINT('',(-0.00621482575323409,0.,0.00459630230810839));
#1595=CARTESIAN_POINT('',(-0.00645262297180272,0.000245,0.00465620643723242));
#1596=CARTESIAN_POINT('',(-0.00645262297180272,1.14616913187455E-18,0.00465620643723242));
#1597=CARTESIAN_POINT('',(-0.006217292842418,-3.31297717143806E-21,0.00458875784833528));
#1598=CARTESIAN_POINT('',(-0.00644816577956442,0.000245,0.00467337560327185));
#1599=CARTESIAN_POINT('',(-0.00644816577956442,6.06297517914769E-19,0.00467337560327184));
#1600=CARTESIAN_POINT('',(-0.00622044713525925,4.41730289525081E-21,0.00458003395535701));
#1601=CARTESIAN_POINT('',(-0.00646153482041774,0.000245,0.00462759003346069));
#1602=CARTESIAN_POINT('',(-0.00646153482041774,1.14973533598287E-18,0.00462759003346069));
#1603=CARTESIAN_POINT('',(-0.00622185527098756,-7.73028006668861E-21,0.00457493747828795));
#1604=CARTESIAN_POINT('',(-0.00646345579295065,0.000245,0.00461458097258987));
#1605=CARTESIAN_POINT('',(-0.00646345579295065,-1.42359111284867E-18,0.00461458097258987));
#1606=CARTESIAN_POINT('',(-0.0062235236547653,6.68117062906696E-20,0.00456720771897736));
#1607=CARTESIAN_POINT('',(-0.00646803745507748,0.000244999999999999,0.00459191306292225));
#1608=CARTESIAN_POINT('',(-0.00646803745507748,8.78174193384402E-19,0.00459191306292225));
#1609=CARTESIAN_POINT('',(-0.00622550904192161,-1.15070740421283E-18,0.00455550600028066));
#1610=CARTESIAN_POINT('',(-0.00647090630522634,0.000245000000000001,0.00457013237826701));
#1611=CARTESIAN_POINT('',(-0.00647090630522634,-3.20468666633054E-19,0.004570132378267));
#1612=CARTESIAN_POINT('',(-0.00622863487137862,6.86302982886499E-19,0.00453463523571297));
#1613=CARTESIAN_POINT('',(-0.00647459870834669,0.000245,0.0045461801455173));
#1614=CARTESIAN_POINT('',(-0.00647459870834669,-1.50665296722461E-18,0.0045461801455173));
#1615=CARTESIAN_POINT('',(-0.00623244815011385,-4.23189824914301E-19,0.00450853517083167));
#1616=CARTESIAN_POINT('',(-0.00648331389524805,0.000245000000000001,0.0044936284010761));
#1617=CARTESIAN_POINT('',(-0.00648331389524804,3.31799946219008E-18,0.0044936284010761));
#1618=CARTESIAN_POINT('',(-0.00624291496749692,1.99230533533538E-18,0.00444608269075698));
#1619=CARTESIAN_POINT('',(-0.00650888723055964,0.000244999999999999,0.00437144799801401));
#1620=CARTESIAN_POINT('',(-0.00650888723055964,-2.81346330018849E-18,0.00437144799801401));
#1621=CARTESIAN_POINT('',(-0.00627098168070272,-1.48649117920751E-18,0.00431202736163592));
#1622=CARTESIAN_POINT('',(-0.00656127747891215,0.000245,0.00418759552517396));
#1623=CARTESIAN_POINT('',(-0.00656127747891215,1.65640766492437E-18,0.00418759552517396));
#1624=CARTESIAN_POINT('',(-0.006328959739916,-5.97102042128075E-19,0.00410908315057106));
#1625=CARTESIAN_POINT('',(-0.00664523562539319,0.000245,0.00395555497043562));
#1626=CARTESIAN_POINT('',(-0.00664523562539319,-1.9424112112495E-18,0.00395555497043562));
#1627=CARTESIAN_POINT('',(-0.0064150574205345,1.49649354187877E-19,0.00387224395336009));
#1628=CARTESIAN_POINT('',(-0.00675426700312986,0.000245,0.00362930475569569));
#1629=CARTESIAN_POINT('',(-0.00675426700312986,2.29324027560159E-18,0.00362930475569569));
#1630=CARTESIAN_POINT('',(-0.00652058944545717,-5.18769508938711E-20,0.00355238837619653));
#1631=CARTESIAN_POINT('',(-0.00690121112598671,0.000245,0.00332464552209156));
#1632=CARTESIAN_POINT('',(-0.00690121112598671,-1.16928687179736E-18,0.00332464552209156));
#1633=CARTESIAN_POINT('',(-0.00670178009192063,-2.81354212894547E-19,0.00317666054334706));
#1634=CARTESIAN_POINT('',(-0.00721053902656522,0.000245000000000001,0.00292228940136117));
#1635=CARTESIAN_POINT('',(-0.00721053902656522,1.69140178210804E-18,0.00292228940136118));
#1636=CARTESIAN_POINT('',(-0.00701798742933754,1.13139835007192E-18,0.00277317519066159));
#1637=CARTESIAN_POINT('',(-0.0074727973055177,0.000245,0.00258923440366192));
#1638=CARTESIAN_POINT('',(-0.0074727973055177,2.26159316219051E-19,0.00258923440366192));
#1639=CARTESIAN_POINT('',(-0.00727701488323851,-9.5693080359117E-20,0.00243884004701934));
#1640=CARTESIAN_POINT('',(-0.007664570990123,0.000245,0.00238543435627175));
#1641=CARTESIAN_POINT('',(-0.00766457099012299,-7.45367125615903E-19,0.00238543435627175));
#1642=CARTESIAN_POINT('',(-0.00750895556036706,-5.40321253679741E-20,0.00219451463436415));
#1643=CARTESIAN_POINT('',(-0.00785743228655592,0.000245,0.00227289159045362));
#1644=CARTESIAN_POINT('',(-0.00785743228655592,-2.54415720753215E-19,0.00227289159045362));
#1645=CARTESIAN_POINT('',(-0.00773277289181478,3.01406343083227E-19,0.0020610200849947));
#1646=CARTESIAN_POINT('',(-0.00809647961048799,0.000244999999999999,0.0020826314809526));
#1647=CARTESIAN_POINT('',(-0.00809647961048799,-1.1643158570821E-18,0.0020826314809526));
#1648=CARTESIAN_POINT('',(-0.00793051707128185,-1.15159324696493E-18,0.00190114114103164));
#1649=CARTESIAN_POINT('',(-0.0082502581334204,0.000245,0.00194789151218471));
#1650=CARTESIAN_POINT('',(-0.0082502581334204,-1.66744832099649E-19,0.00194789151218471));
#1651=CARTESIAN_POINT('',(-0.00809163188606906,1.42933478696417E-19,0.00176130539150092));
#1652=CARTESIAN_POINT('',(-0.00837190534538086,0.000245,0.00185113284099604));
#1653=CARTESIAN_POINT('',(-0.00837190534538087,4.51128915773097E-20,0.00185113284099604));
#1654=CARTESIAN_POINT('',(-0.00822422862154005,-2.69616122605646E-20,0.00165521962169916));
#1655=CARTESIAN_POINT('',(-0.00844774941451871,0.000245,0.00180252261692048));
#1656=CARTESIAN_POINT('',(-0.0084477494145187,-6.66711651288291E-20,0.00180252261692048));
#1657=CARTESIAN_POINT('',(-0.00833042920419673,7.38674308508615E-21,0.00158574516749797));
#1658=CARTESIAN_POINT('',(-0.00851958921164965,0.000245,0.00176799614474715));
#1659=CARTESIAN_POINT('',(-0.00851958921164969,1.25773345241236E-18,0.00176799614474716));
#1660=CARTESIAN_POINT('',(-0.00842830038743449,-9.23342885635774E-22,0.00154190072600026));
#1661=CARTESIAN_POINT('',(-0.00858161688133267,0.000245,0.00175257130751362));
#1662=CARTESIAN_POINT('',(-0.00858161688133261,-2.25058598131649E-18,0.0017525713075136));
#1663=CARTESIAN_POINT('',(-0.00851174541317113,1.84668577127153E-22,0.00151453912610429));
#1664=CARTESIAN_POINT('',(-0.00868199830507935,0.000245,0.00170162957427398));
#1665=CARTESIAN_POINT('',(-0.0086819983050795,4.99759822708498E-18,0.00170162957427401));
#1666=CARTESIAN_POINT('',(-0.00854979770725635,0.,0.00149535790405425));
#1667=CARTESIAN_POINT('',(-0.00869980771978952,0.000245,0.00169021542676137));
#1668=CARTESIAN_POINT('',(-0.00869980771978952,-1.62630325872826E-19,0.00169021542676137));
#1669=CARTESIAN_POINT('',(-0.00856760712196652,0.,0.00148394375654163));
#1670=CARTESIAN_POINT('',(-0.00622085571235076,0.,0.00457848257154889));
#1671=CARTESIAN_POINT('',(-0.00624666894786,0.,0.00449884257075364));
#1672=CARTESIAN_POINT('',(-0.00625786324631679,1.41763146788273E-20,0.0043309081319295));
#1673=CARTESIAN_POINT('',(-0.00633651185926744,-4.96171013758957E-20,0.00409256722880647));
#1674=CARTESIAN_POINT('',(-0.00641954066320595,1.84292090824755E-19,0.00385831946998827));
#1675=CARTESIAN_POINT('',(-0.00652433647082283,-9.78165712839086E-19,0.00354239362863622));
#1676=CARTESIAN_POINT('',(-0.00670550575731358,-1.87578859094154E-18,0.00317242484548623));
#1677=CARTESIAN_POINT('',(-0.0070174576714755,4.95539859089135E-19,0.00277357262422565));
#1678=CARTESIAN_POINT('',(-0.00727367134266774,-6.05239466430769E-21,0.0024436079289141));
#1679=CARTESIAN_POINT('',(-0.00750150328369375,-8.82136614220731E-20,0.00220098594645271));
#1680=CARTESIAN_POINT('',(-0.00772127140251118,3.79447357042041E-19,0.00206779157182362));
#1681=CARTESIAN_POINT('',(-0.00791819152674998,-1.42957576674609E-18,0.00191145764430789));
#1682=CARTESIAN_POINT('',(-0.00811025679883667,1.43572788899451E-18,0.00174769709563174));
#1683=CARTESIAN_POINT('',(-0.00830177229185772,-4.10207968284147E-19,0.00158319812501589));
#1684=CARTESIAN_POINT('',(-0.00847368791418361,0.,0.00153874740330995));
#1685=CARTESIAN_POINT('',(-0.00854660670057099,0.,0.00149729796780788));
#1686=CARTESIAN_POINT('',(-0.00622085571235076,0.,0.00457848257154889));
#1687=CARTESIAN_POINT('',(-0.00622085571235121,-1.71499407068808E-32,0.00457848257154909));
#1688=CARTESIAN_POINT('',(-0.00628222779540476,1.29416785842166E-16,0.00459703446206057));
#1689=CARTESIAN_POINT('',(-0.00634336341258204,2.65297274851215E-5,0.00461551487236756));
#1690=CARTESIAN_POINT('',(-0.00642989440393253,0.000116861640214962,0.00464167193592986));
#1691=CARTESIAN_POINT('',(-0.00645537865184368,0.000180314435825384,0.00464937545442705));
#1692=CARTESIAN_POINT('',(-0.00645537865184368,0.000244999999994079,0.00464937545442704));
#1693=CARTESIAN_POINT('',(-0.00645537865184368,0.000245,0.00464937545442704));
#1694=CARTESIAN_POINT('',(-0.00867065922687987,0.000245,0.00170857693336665));
#1695=CARTESIAN_POINT('',(-0.00860289705625055,0.000245000000000001,0.00174806392004083));
#1696=CARTESIAN_POINT('',(-0.0084456302080832,0.000245,0.0017844917373191));
#1697=CARTESIAN_POINT('',(-0.00819906538181518,0.000244999999999999,0.00199113034558572));
#1698=CARTESIAN_POINT('',(-0.00796632617735355,0.000245,0.00220484832527118));
#1699=CARTESIAN_POINT('',(-0.00768488547919174,0.000244999999999999,0.00236845816690768));
#1700=CARTESIAN_POINT('',(-0.00746316826032897,0.000245,0.00259653023463169));
#1701=CARTESIAN_POINT('',(-0.00721860661932406,0.000245000000000001,0.00291597569084774));
#1702=CARTESIAN_POINT('',(-0.0069164870100351,0.000245000000000001,0.00329513405066334));
#1703=CARTESIAN_POINT('',(-0.00671460702841482,0.000245000000000001,0.00372510424080984));
#1704=CARTESIAN_POINT('',(-0.00659095981869225,0.000244999999999999,0.00410450748774382));
#1705=CARTESIAN_POINT('',(-0.00649192215379552,0.000245000000000001,0.00441102012101127));
#1706=CARTESIAN_POINT('',(-0.00647878504259355,0.000244999999999998,0.00457239979527483));
#1707=CARTESIAN_POINT('',(-0.00645537865184368,0.000245,0.00464937545442704));
#1708=CARTESIAN_POINT('',(-0.00622011053636223,0.00024466835510436,0.00457783578307729));
#1709=CARTESIAN_POINT('',(-0.00642820679396812,0.000245,0.00470900715526188));
#1710=CARTESIAN_POINT('',(-0.00642820679396812,0.000127207868183637,0.00470900715526188));
#1711=CARTESIAN_POINT('',(-0.0062959823764089,-1.33373801435267E-5,0.00462516063820337));
#1712=CARTESIAN_POINT('',(-0.00622973682596054,-5.35678078179272E-20,0.00458407310740706));
#1713=CARTESIAN_POINT('',(-0.00622085571235119,-5.42101086242752E-20,0.00457848257155007));
#1714=CARTESIAN_POINT('',(-0.00642820679396784,0.000244999999994079,0.00470900715526232));
#1715=CARTESIAN_POINT('',(-0.00642772729706659,0.000244999235815527,0.00470870490923819));
#1716=CARTESIAN_POINT('',(-0.00643938495255574,0.000245044410222357,0.00469021055775586));
#1717=CARTESIAN_POINT('',(-0.00644855586998923,0.000245046153342389,0.00467015090575476));
#1718=CARTESIAN_POINT('',(-0.00645491605064375,0.00024499934788989,0.00464923478794641));
#1719=CARTESIAN_POINT('',(-0.00198429096616888,0.000245,0.00440888311771703));
#1720=CARTESIAN_POINT('',(-0.00198429096616888,0.,0.00440888311771703));
#1721=CARTESIAN_POINT('',(-0.002177558939635,0.,0.00425830924736662));
#1722=CARTESIAN_POINT('',(-0.00201193557170371,0.000245,0.00444436614592473));
#1723=CARTESIAN_POINT('',(-0.00201193557170371,0.,0.00444436614592473));
#1724=CARTESIAN_POINT('',(-0.00220520354516983,0.,0.00429379227557432));
#1725=CARTESIAN_POINT('',(-0.00205095055030144,0.000245,0.00449400170473923));
#1726=CARTESIAN_POINT('',(-0.00205095055030144,5.0378964975899E-22,0.00449400170473924));
#1727=CARTESIAN_POINT('',(-0.00223629498156022,5.03238880310255E-22,0.00433371894646533));
#1728=CARTESIAN_POINT('',(-0.00207451353309358,0.000245,0.00452485944544222));
#1729=CARTESIAN_POINT('',(-0.00207451353309358,-1.95918197128491E-22,0.00452485944544222));
#1730=CARTESIAN_POINT('',(-0.00227086288408477,-1.95704009009539E-22,0.00437806125372873));
#1731=CARTESIAN_POINT('',(-0.0021085625402536,0.000245,0.00456743368153035));
#1732=CARTESIAN_POINT('',(-0.0021085625402536,1.09154424114438E-21,0.00456743368153035));
#1733=CARTESIAN_POINT('',(-0.00228466283893716,1.09035090733879E-21,0.0043958238873457));
#1734=CARTESIAN_POINT('',(-0.00216183855263316,0.000245,0.00461494113515399));
#1735=CARTESIAN_POINT('',(-0.00216183855263316,-1.28186477549792E-20,0.00461494113515399));
#1736=CARTESIAN_POINT('',(-0.00231408432090578,-1.28046337323392E-20,0.00442248400581101));
#1737=CARTESIAN_POINT('',(-0.00224461590918056,0.000245,0.00467693064125863));
#1738=CARTESIAN_POINT('',(-0.00224461590918056,1.45091419130591E-19,0.00467693064125863));
#1739=CARTESIAN_POINT('',(-0.00237863541486099,1.44932797529356E-19,0.00447140724956291));
#1740=CARTESIAN_POINT('',(-0.00236687331590181,0.000244999999999999,0.00474827302055559));
#1741=CARTESIAN_POINT('',(-0.00236687331590181,-1.12893662848214E-18,0.00474827302055559));
#1742=CARTESIAN_POINT('',(-0.00248013561128357,-1.12770241534413E-18,0.00453065366955063));
#1743=CARTESIAN_POINT('',(-0.00254569232305109,0.000245,0.00483387534670098));
#1744=CARTESIAN_POINT('',(-0.00254569232305109,6.59941095264184E-19,0.00483387534670098));
#1745=CARTESIAN_POINT('',(-0.00264616983187365,6.53530138880912E-19,0.00461067713491425));
#1746=CARTESIAN_POINT('',(-0.00272926687186806,0.000245,0.00493254608396209));
#1747=CARTESIAN_POINT('',(-0.00272926687186806,-2.9478671496698E-19,0.00493254608396209));
#1748=CARTESIAN_POINT('',(-0.00285167062522171,-2.43259173207574E-19,0.00471763943483122));
#1749=CARTESIAN_POINT('',(-0.00306676970623653,0.000245,0.00505433094085218));
#1750=CARTESIAN_POINT('',(-0.00306676970623653,3.28260202557499E-19,0.00505433094085218));
#1751=CARTESIAN_POINT('',(-0.00311234568089417,1.40148691531684E-19,0.00481126690215122));
#1752=CARTESIAN_POINT('',(-0.00330751140855517,0.000245,0.00510759881671724));
#1753=CARTESIAN_POINT('',(-0.00330751140855517,-3.67732791771713E-19,0.00510759881671724));
#1754=CARTESIAN_POINT('',(-0.00338484281569834,-3.1733559291916E-19,0.00487527362940263));
#1755=CARTESIAN_POINT('',(-0.00357051479857402,0.000245000000000001,0.00520153481561812));
#1756=CARTESIAN_POINT('',(-0.00357051479857402,1.14267096452936E-18,0.00520153481561813));
#1757=CARTESIAN_POINT('',(-0.0036470565297009,1.12919368014496E-18,0.00496863925430457));
#1758=CARTESIAN_POINT('',(-0.00385748286723975,0.000245,0.00528058875372318));
#1759=CARTESIAN_POINT('',(-0.00385748286723975,-2.99823245397895E-19,0.00528058875372318));
#1760=CARTESIAN_POINT('',(-0.00391518580316993,-2.96311306712862E-19,0.005042268871808));
#1761=CARTESIAN_POINT('',(-0.00412573877522119,0.000245,0.00534486996935326));
#1762=CARTESIAN_POINT('',(-0.0041257387752212,5.66220170622189E-20,0.00534486996935325));
#1763=CARTESIAN_POINT('',(-0.00418494290480633,5.60515467064866E-20,0.00510748068583412));
#1764=CARTESIAN_POINT('',(-0.00440929240553359,0.000245,0.00541494072338456));
#1765=CARTESIAN_POINT('',(-0.00440929240553359,7.33351771490188E-20,0.00541494072338456));
#1766=CARTESIAN_POINT('',(-0.00445601782883546,7.2105119886916E-20,0.00517297441455692));
#1767=CARTESIAN_POINT('',(-0.00485739849824377,0.000245,0.00544086412321101));
#1768=CARTESIAN_POINT('',(-0.00485739849824377,-4.91062026594065E-19,0.00544086412321101));
#1769=CARTESIAN_POINT('',(-0.00482795004544213,-4.83331074967839E-19,0.00519388459487759));
#1770=CARTESIAN_POINT('',(-0.00522616826328964,0.000245000000000002,0.00539051355486922));
#1771=CARTESIAN_POINT('',(-0.00522616826328964,3.14409347756237E-18,0.00539051355486922));
#1772=CARTESIAN_POINT('',(-0.00519664056373019,3.09489704522721E-18,0.00514763994531168));
#1773=CARTESIAN_POINT('',(-0.00559310919169724,0.000245,0.00530630692928967));
#1774=CARTESIAN_POINT('',(-0.00559310919169724,-1.32562939659147E-18,0.00530630692928967));
#1775=CARTESIAN_POINT('',(-0.005510372833557,-8.31233453872203E-19,0.00507217091557032));
#1776=CARTESIAN_POINT('',(-0.0058132639587042,0.000245000000000001,0.00518263315101875));
#1777=CARTESIAN_POINT('',(-0.0058132639587042,1.03694499878114E-18,0.00518263315101875));
#1778=CARTESIAN_POINT('',(-0.00567529860695052,1.10159112215878E-18,0.00497931942292261));
#1779=CARTESIAN_POINT('',(-0.00596182578018902,0.000245,0.00508016089377975));
#1780=CARTESIAN_POINT('',(-0.00596182578018902,3.08129831835078E-19,0.00508016089377975));
#1781=CARTESIAN_POINT('',(-0.00583119014666139,-5.74142851150027E-19,0.00487358380688088));
#1782=CARTESIAN_POINT('',(-0.0061242432211899,0.000245,0.00498375074110966));
#1783=CARTESIAN_POINT('',(-0.0061242432211899,-4.49997086548326E-19,0.00498375074110966));
#1784=CARTESIAN_POINT('',(-0.00599238729028207,-3.8736453058483E-19,0.00477536153673027));
#1785=CARTESIAN_POINT('',(-0.00627943514479619,0.000245,0.00486530994416061));
#1786=CARTESIAN_POINT('',(-0.00627943514479619,5.65405002244675E-19,0.0048653099441606));
#1787=CARTESIAN_POINT('',(-0.00612449724262275,6.70325119824007E-19,0.00467676771092485));
#1788=CARTESIAN_POINT('',(-0.00634943393881314,0.000244999999999999,0.00480558948973157));
#1789=CARTESIAN_POINT('',(-0.00634943393881314,-6.94910519706093E-19,0.00480558948973157));
#1790=CARTESIAN_POINT('',(-0.00618188802680658,-8.40824811038828E-19,0.00462460234316604));
#1791=CARTESIAN_POINT('',(-0.00639181115898402,0.000245,0.00475713534038916));
#1792=CARTESIAN_POINT('',(-0.00639181115898402,5.7169144930188E-19,0.00475713534038916));
#1793=CARTESIAN_POINT('',(-0.00620544973972907,6.92130846268624E-19,0.00459885370692754));
#1794=CARTESIAN_POINT('',(-0.00640252371186171,0.000245000000000001,0.00474773299623431));
#1795=CARTESIAN_POINT('',(-0.00640252371186171,1.49359154066898E-18,0.00474773299623431));
#1796=CARTESIAN_POINT('',(-0.00621466082331723,1.1228146562601E-18,0.00458774147023646));
#1797=CARTESIAN_POINT('',(-0.00643703842557536,0.000245,0.00469514540494355));
#1798=CARTESIAN_POINT('',(-0.00643703842557536,-8.51239152590985E-19,0.00469514540494354));
#1799=CARTESIAN_POINT('',(-0.00622111649031646,-2.07928640048193E-19,0.00457828535512846));
#1800=CARTESIAN_POINT('',(-0.00643562618518457,0.000245,0.00469594151889904));
#1801=CARTESIAN_POINT('',(-0.0064356261851846,3.61384337487621E-18,0.00469594151889905));
#1802=CARTESIAN_POINT('',(-0.00622671901160427,1.24757184028888E-19,0.00456829860003826));
#1803=CARTESIAN_POINT('',(-0.00644265056956505,0.000245,0.00468452727068513));
#1804=CARTESIAN_POINT('',(-0.00644265056956493,-8.6850257299484E-18,0.00468452727068505));
#1805=CARTESIAN_POINT('',(-0.00623111286035528,0.,0.00456092792771649));
#1806=CARTESIAN_POINT('',(-0.00644553714478007,0.000245,0.0046795869571383));
#1807=CARTESIAN_POINT('',(-0.00644553714478007,0.,0.0046795869571383));
#1808=CARTESIAN_POINT('',(-0.00623399943557029,0.,0.00455598761416966));
#1809=CARTESIAN_POINT('',(-0.00256083984823864,-6.50521303491303E-19,0.00456989039802211));
#1810=CARTESIAN_POINT('',(-0.00270671019666065,-6.50521303491303E-19,0.00464177296830434));
#1811=CARTESIAN_POINT('',(-0.00299532632929263,-8.84028038952103E-19,0.00479364928184522));
#1812=CARTESIAN_POINT('',(-0.00363672785880585,5.170123738127E-19,0.00493741428407079));
#1813=CARTESIAN_POINT('',(-0.00425252492564923,-8.29744608804843E-20,0.00517174752569473));
#1814=CARTESIAN_POINT('',(-0.00490742365174297,1.59522130876726E-20,0.00518957972312607));
#1815=CARTESIAN_POINT('',(-0.0053127470915843,-1.97968112059247E-21,0.00513088746246792));
#1816=CARTESIAN_POINT('',(-0.00561995813746184,3.72983399531914E-22,0.00502310807832061));
#1817=CARTESIAN_POINT('',(-0.00582615707013776,-1.00418607566285E-22,0.00487714035478167));
#1818=CARTESIAN_POINT('',(-0.00603176941201124,2.86910307332242E-23,0.00474317738850802));
#1819=CARTESIAN_POINT('',(-0.00617758263293761,0.,0.0046519833758485));
#1820=CARTESIAN_POINT('',(-0.00622085571235117,0.,0.0045784825715501));
#1821=CARTESIAN_POINT('',(-0.00256083984823864,0.,0.00456989039802211));
#1822=CARTESIAN_POINT('',(-0.00256083984823754,1.27797847688479E-26,0.00456989039802575));
#1823=CARTESIAN_POINT('',(-0.00245476826448829,4.71246874828332E-16,0.00456468817479885));
#1824=CARTESIAN_POINT('',(-0.00234704518703633,6.83689999999894E-6,0.00455968599064335));
#1825=CARTESIAN_POINT('',(-0.00224860668782913,4.79375082652166E-5,0.00455523705790048));
#1826=CARTESIAN_POINT('',(-0.00224860668782913,4.79375082652163E-5,0.00455523705790048));
#1827=CARTESIAN_POINT('',(-0.00224860668782913,4.79375082652163E-5,0.00455523705790048));
#1828=CARTESIAN_POINT('',(-0.00224771951575548,2.84019899073133E-5,0.00452147171961743));
#1829=CARTESIAN_POINT('',(-0.00224931531186088,1.50060967470349E-5,0.00448550274018322));
#1830=CARTESIAN_POINT('',(-0.00225324434152339,7.37958060093788E-6,0.00444746300949047));
#1831=CARTESIAN_POINT('',(-0.00225324434152339,7.37958060093748E-6,0.00444746300949047));
#1832=CARTESIAN_POINT('',(-0.00225324434152329,7.37958060023727E-6,0.0044474630094905));
#1833=CARTESIAN_POINT('',(-0.00222097977977683,1.19229604068361E-5,0.00444189502826593));
#1834=CARTESIAN_POINT('',(-0.0021887804645481,2.02786402788278E-5,0.00443631436074054));
#1835=CARTESIAN_POINT('',(-0.00215801575539755,3.22721369154643E-5,0.00443098271377621));
#1836=CARTESIAN_POINT('',(-0.00215801575539768,3.2272136911857E-5,0.00443098271377611));
#1837=CARTESIAN_POINT('',(-0.00215801575539768,3.22721369159177E-5,0.00443098271377611));
#1838=CARTESIAN_POINT('',(-0.00210756660826446,5.45645646706615E-5,0.00442971548233142));
#1839=CARTESIAN_POINT('',(-0.00206567284185835,0.000101605742667475,0.00444073599889777));
#1840=CARTESIAN_POINT('',(-0.00202504095866538,0.000124447193102126,0.00440958956127309));
#1841=CARTESIAN_POINT('',(-0.00202504095866443,0.00012444719310404,0.00440958956127383));
#1842=CARTESIAN_POINT('',(-0.00202504095952618,0.000124447190669262,0.00440958956014834));
#1843=CARTESIAN_POINT('',(-0.00204630250292635,0.000120874830263207,0.00443359430771072));
#1844=CARTESIAN_POINT('',(-0.00204604897898983,0.00018068589371899,0.00448376761338849));
#1845=CARTESIAN_POINT('',(-0.00206911549803244,0.000223628099846612,0.00451775901587472));
#1846=CARTESIAN_POINT('',(-0.00208352257546252,0.000245,0.00453625111315563));
#1847=CARTESIAN_POINT('',(-0.00208352257546252,0.000245,0.00453625111315563));
#1848=CARTESIAN_POINT('',(-0.00208352257546253,0.000245,0.00453625111315564));
#1849=CARTESIAN_POINT('',(-0.00208638313891771,0.000245,0.00453992276814851));
#1850=CARTESIAN_POINT('',(-0.00208939512256768,0.000245,0.00454361053406347));
#1851=CARTESIAN_POINT('',(-0.00209255010162691,0.000245,0.00454731073952609));
#1852=CARTESIAN_POINT('',(-0.00209255010162691,0.000245,0.00454731073952609));
#1853=CARTESIAN_POINT('',(-0.00642820679396784,0.000245,0.00470900715526232));
#1854=CARTESIAN_POINT('',(-0.00637469109222587,0.000245,0.00479474621370212));
#1855=CARTESIAN_POINT('',(-0.00621552682385938,0.000245,0.00492043940481508));
#1856=CARTESIAN_POINT('',(-0.00596546651869534,0.000245000000000001,0.00507759914546469));
#1857=CARTESIAN_POINT('',(-0.00572011582821249,0.000245000000000001,0.00525094185557383));
#1858=CARTESIAN_POINT('',(-0.0053429542914052,0.000245000000000001,0.00537676886907733));
#1859=CARTESIAN_POINT('',(-0.0048552413280835,0.000244999999999999,0.00544669352493379));
#1860=CARTESIAN_POINT('',(-0.00426941792685605,0.000245000000000001,0.00539572145275568));
#1861=CARTESIAN_POINT('',(-0.00369603832008324,0.000245,0.00524135148949123));
#1862=CARTESIAN_POINT('',(-0.00322999600414911,0.000245000000000001,0.00508651467963189));
#1863=CARTESIAN_POINT('',(-0.00284661189714823,0.000245,0.00498992931429112));
#1864=CARTESIAN_POINT('',(-0.00250423194250315,0.000245,0.0048041296507073));
#1865=CARTESIAN_POINT('',(-0.0022204734467965,0.000245,0.00469734110476988));
#1866=CARTESIAN_POINT('',(-0.00209255010162691,0.000245,0.00454731073952609));
#1867=CARTESIAN_POINT('',(-0.011067615990201,0.000245,0.0021778931633885));
#1868=CARTESIAN_POINT('',(-0.011067615990201,0.,0.0021778931633885));
#1869=CARTESIAN_POINT('',(-0.0108228108086171,0.,0.00216812469013703));
#1870=CARTESIAN_POINT('',(-0.0110683653591419,0.000245,0.00215911342218103));
#1871=CARTESIAN_POINT('',(-0.0110683653591416,-1.63017917859966E-17,0.00215911342218096));
#1872=CARTESIAN_POINT('',(-0.010823560177558,0.,0.00214934494892955));
#1873=CARTESIAN_POINT('',(-0.011071136226193,0.000245,0.00213672214879324));
#1874=CARTESIAN_POINT('',(-0.0110711362261931,7.47392111879253E-18,0.00213672214879327));
#1875=CARTESIAN_POINT('',(-0.0108257648878583,3.0434096297941E-20,0.00211179887559575));
#1876=CARTESIAN_POINT('',(-0.0110665009269414,0.000245,0.00197059392980011));
#1877=CARTESIAN_POINT('',(-0.0110665009269413,-4.76602202197055E-18,0.00197059392980009));
#1878=CARTESIAN_POINT('',(-0.010824526529111,-1.52170481489702E-19,0.0020365994562787));
#1879=CARTESIAN_POINT('',(-0.0110233604697505,0.000245000000000001,0.00186238352944524));
#1880=CARTESIAN_POINT('',(-0.0110233604697505,5.52459260377155E-18,0.00186238352944525));
#1881=CARTESIAN_POINT('',(-0.0107950056862182,1.21736385191766E-18,0.00194709242142106));
#1882=CARTESIAN_POINT('',(-0.010965716390453,0.000245,0.00172650639650119));
#1883=CARTESIAN_POINT('',(-0.010965716390453,-1.6132780946499E-18,0.00172650639650119));
#1884=CARTESIAN_POINT('',(-0.0107493844246653,-5.4025023855165E-19,0.00184673964015241));
#1885=CARTESIAN_POINT('',(-0.0108280305820625,0.000245000000000001,0.00153802036139094));
#1886=CARTESIAN_POINT('',(-0.0108280305820625,1.77578573132061E-18,0.00153802036139094));
#1887=CARTESIAN_POINT('',(-0.0106616174037958,1.43826621590247E-18,0.00172486533637462));
#1888=CARTESIAN_POINT('',(-0.0106180395162205,0.000245,0.00140368092232717));
#1889=CARTESIAN_POINT('',(-0.0106180395162205,-5.97316444358898E-19,0.00140368092232716));
#1890=CARTESIAN_POINT('',(-0.0105039353352133,-4.85325197994425E-19,0.00162106520563882));
#1891=CARTESIAN_POINT('',(-0.0103555376867251,0.000245,0.0012674221360957));
#1892=CARTESIAN_POINT('',(-0.0103555376867251,3.84251629425064E-19,0.0012674221360957));
#1893=CARTESIAN_POINT('',(-0.0102416016877799,3.19530123725944E-19,0.00148245387467066));
#1894=CARTESIAN_POINT('',(-0.0100837555140281,0.000245,0.00109511891566657));
#1895=CARTESIAN_POINT('',(-0.0100837555140281,-4.71682443031095E-19,0.00109511891566657));
#1896=CARTESIAN_POINT('',(-0.00990449135321785,-4.49145123561378E-19,0.00129071510978589));
#1897=CARTESIAN_POINT('',(-0.0100102826831961,0.000245000000000001,0.000901356797826238));
#1898=CARTESIAN_POINT('',(-0.0100102826831961,1.03079569966822E-18,0.000901356797826237));
#1899=CARTESIAN_POINT('',(-0.00976164037727077,1.02790524695819E-18,0.000930173247915795));
#1900=CARTESIAN_POINT('',(-0.00998144009624496,0.000244999999999999,0.000639218956817675));
#1901=CARTESIAN_POINT('',(-0.00998144009624496,-1.41210933698847E-18,0.000639218956817676));
#1902=CARTESIAN_POINT('',(-0.00973887820258972,-1.41186221146612E-18,0.000668394209619116));
#1903=CARTESIAN_POINT('',(-0.00994617635201584,0.000245,0.000452992360818715));
#1904=CARTESIAN_POINT('',(-0.00994617635201585,5.23668329694944E-19,0.000452992360818715));
#1905=CARTESIAN_POINT('',(-0.00970827947956826,5.23622304112015E-19,0.000522008845096997));
#1906=CARTESIAN_POINT('',(-0.00986514409041364,0.000244999999999999,0.000280446867102023));
#1907=CARTESIAN_POINT('',(-0.00986514409041363,-1.16650839846215E-18,0.000280446867102022));
#1908=CARTESIAN_POINT('',(-0.00965969283935346,-1.16649813387646E-18,0.000418325149335751));
#1909=CARTESIAN_POINT('',(-0.00976859289488032,0.000245,0.000162668598582269));
#1910=CARTESIAN_POINT('',(-0.00976859289488032,2.39237443205857E-19,0.000162668598582269));
#1911=CARTESIAN_POINT('',(-0.00958793290865128,2.39242410446027E-19,0.000331063854428381));
#1912=CARTESIAN_POINT('',(-0.00960754212964122,0.000245,2.653587039724E-5));
#1913=CARTESIAN_POINT('',(-0.00960754212964122,2.09558625638726E-19,2.653587039724E-5));
#1914=CARTESIAN_POINT('',(-0.00949843604354039,2.09528492092357E-19,0.000256768360874106));
#1915=CARTESIAN_POINT('',(-0.00937506083284422,0.000244999999999999,-9.56400808071851E-6));
#1916=CARTESIAN_POINT('',(-0.00937506083284422,-1.07747194576076E-18,-9.56400808071885E-6));
#1917=CARTESIAN_POINT('',(-0.00938388175315047,-1.07735637881546E-18,0.000239361731071199));
#1918=CARTESIAN_POINT('',(-0.00920506848579606,0.000245,8.50424172587051E-6));
#1919=CARTESIAN_POINT('',(-0.00920506848579606,6.22092430528927E-19,8.50424172587071E-6));
#1920=CARTESIAN_POINT('',(-0.0092345968831414,6.21477729234017E-19,0.000249838167484935));
#1921=CARTESIAN_POINT('',(-0.00899947799821809,0.000245,3.979283676613E-5));
#1922=CARTESIAN_POINT('',(-0.00899947799821809,-2.11472145956538E-19,3.97928367661298E-5));
#1923=CARTESIAN_POINT('',(-0.00904884825206983,-2.06517669028872E-19,0.000280559320069386));
#1924=CARTESIAN_POINT('',(-0.00870055061012842,0.000245,0.0001083503287396));
#1925=CARTESIAN_POINT('',(-0.00870055061012842,1.46601699319019E-19,0.0001083503287396));
#1926=CARTESIAN_POINT('',(-0.00875616833828836,1.20831045981484E-19,0.000346940003055244));
#1927=CARTESIAN_POINT('',(-0.00844017939928088,0.000245,0.000142526743810227));
#1928=CARTESIAN_POINT('',(-0.00844017939928088,-1.80323311406985E-19,0.000142526743810227));
#1929=CARTESIAN_POINT('',(-0.00845760469346809,-1.9746645754899E-20,0.000386572325418818));
#1930=CARTESIAN_POINT('',(-0.00809297062236021,0.000245,0.000208708938062389));
#1931=CARTESIAN_POINT('',(-0.00809297062236021,1.16285044259643E-19,0.000208708938062389));
#1932=CARTESIAN_POINT('',(-0.00816506695297253,4.34886857570221E-21,0.000447690996870992));
#1933=CARTESIAN_POINT('',(-0.00779702835879786,0.000245,0.000353600902383927));
#1934=CARTESIAN_POINT('',(-0.00779702835879786,-3.3708302802594E-20,0.000353600902383927));
#1935=CARTESIAN_POINT('',(-0.00795618578712658,-3.67270713056013E-21,0.000544787842503452));
#1936=CARTESIAN_POINT('',(-0.00762477718098946,0.000245,0.000551358544985832));
#1937=CARTESIAN_POINT('',(-0.00762477718098946,1.85481669507322E-20,0.000551358544985832));
#1938=CARTESIAN_POINT('',(-0.00780721033793188,1.03419599465382E-20,0.000716703265112874));
#1939=CARTESIAN_POINT('',(-0.00751812115093679,0.000245,0.000620303084028509));
#1940=CARTESIAN_POINT('',(-0.00751812115093679,-4.04843650003348E-20,0.000620303084028509));
#1941=CARTESIAN_POINT('',(-0.00762255404831617,-3.76951326555922E-20,0.000851346745684096));
#1942=CARTESIAN_POINT('',(-0.0073978599699608,0.000245,0.000647101275802796));
#1943=CARTESIAN_POINT('',(-0.00739785996996081,1.43389293050608E-19,0.000647101275802796));
#1944=CARTESIAN_POINT('',(-0.0073945351218482,1.40438570675832E-19,0.000900966491271309));
#1945=CARTESIAN_POINT('',(-0.00727842219418549,0.000245,0.000621201718664472));
#1946=CARTESIAN_POINT('',(-0.00727842219418549,-5.33072807202107E-19,0.000621201718664472));
#1947=CARTESIAN_POINT('',(-0.00717165849060038,-5.24059150047744E-19,0.000844614096490132));
#1948=CARTESIAN_POINT('',(-0.00707346259958106,0.000245000000000001,0.000516480278778215));
#1949=CARTESIAN_POINT('',(-0.00707346259958106,1.98890193575781E-18,0.000516480278778216));
#1950=CARTESIAN_POINT('',(-0.00697175283948041,1.95579802951514E-18,0.000739286991088595));
#1951=CARTESIAN_POINT('',(-0.00674096877950132,0.000245,0.000404522676479005));
#1952=CARTESIAN_POINT('',(-0.00674096877950132,-1.51339703830634E-19,0.000404522676479004));
#1953=CARTESIAN_POINT('',(-0.00668952811427518,2.42308886720332E-20,0.000646420130005919));
#1954=CARTESIAN_POINT('',(-0.00637874943393379,0.000245,0.000329580555551213));
#1955=CARTESIAN_POINT('',(-0.00637874943393379,-4.50936050672096E-19,0.000329580555551212));
#1956=CARTESIAN_POINT('',(-0.00632937752649715,-2.39248593254467E-19,0.000568826177001852));
#1957=CARTESIAN_POINT('',(-0.00577638268043967,0.000245000000000001,0.000223660951878259));
#1958=CARTESIAN_POINT('',(-0.00577638268043967,1.37615559277572E-18,0.000223660951878259));
#1959=CARTESIAN_POINT('',(-0.00574555839906441,1.25317298169887E-18,0.000467560943236221));
#1960=CARTESIAN_POINT('',(-0.00501893823588475,0.000245,0.000150113323828409));
#1961=CARTESIAN_POINT('',(-0.00501893823588475,-3.72900529251514E-19,0.000150113323828409));
#1962=CARTESIAN_POINT('',(-0.00501277606550656,-3.24494316647928E-19,0.000395302605168083));
#1963=CARTESIAN_POINT('',(-0.0041231437854691,0.000245,0.000183404210788259));
#1964=CARTESIAN_POINT('',(-0.0041231437854691,-2.34364700175112E-19,0.000183404210788259));
#1965=CARTESIAN_POINT('',(-0.00413504911235364,-2.70729174776512E-19,0.000428204647260642));
#1966=CARTESIAN_POINT('',(-0.00324917521248025,0.000245000000000001,0.000213503385566125));
#1967=CARTESIAN_POINT('',(-0.00324917521248025,1.31035932995197E-18,0.000213503385566125));
#1968=CARTESIAN_POINT('',(-0.00325701672172791,1.40741101575398E-18,0.000458285406777363));
#1969=CARTESIAN_POINT('',(-0.00237124421218364,0.000244999999999999,0.000240583982030135));
#1970=CARTESIAN_POINT('',(-0.00237124421218364,-1.42920545043059E-18,0.000240583982030135));
#1971=CARTESIAN_POINT('',(-0.00237884393337481,-1.45578706729159E-18,0.000485774970046252));
#1972=CARTESIAN_POINT('',(-0.00161027379757725,0.000245,0.000312025366016758));
#1973=CARTESIAN_POINT('',(-0.00161027379757725,1.81244633947042E-19,0.000312025366016758));
#1974=CARTESIAN_POINT('',(-0.00164783853177275,1.84543349171864E-19,0.000554704225963471));
#1975=CARTESIAN_POINT('',(-0.0010562190416982,0.000245,0.000362623923048617));
#1976=CARTESIAN_POINT('',(-0.0010562190416982,-4.0399251018557E-20,0.000362623923048617));
#1977=CARTESIAN_POINT('',(-0.00106312263715948,-4.10206150510362E-20,0.00060781980076038));
#1978=CARTESIAN_POINT('',(-0.000626683860143004,0.000245,0.000360753881254859));
#1979=CARTESIAN_POINT('',(-0.000626683860143004,3.57633413685862E-20,0.000360753881254859));
#1980=CARTESIAN_POINT('',(-0.000622601482703187,3.59301020880067E-20,0.000605690873757517));
#1981=CARTESIAN_POINT('',(-0.00018463420064509,0.000245,0.000353427392387128));
#1982=CARTESIAN_POINT('',(-0.00018463420064509,-1.02654114455788E-19,0.000353427392387128));
#1983=CARTESIAN_POINT('',(-0.000181925215540101,-1.02699793300991E-19,0.000598433456810204));
#1984=CARTESIAN_POINT('',(0.000187198820099961,0.000245,0.000354575994995231));
#1985=CARTESIAN_POINT('',(0.000187198820099961,2.9526857796951E-19,0.000354575994995231));
#1986=CARTESIAN_POINT('',(0.000185213060323226,2.95274260379801E-19,0.000599568523695401));
#1987=CARTESIAN_POINT('',(0.000479748497915848,0.000245,0.000356228900255395));
#1988=CARTESIAN_POINT('',(0.000479748497915848,-5.10952617453961E-19,0.000356228900255395));
#1989=CARTESIAN_POINT('',(0.00047894523645181,-5.10953710023444E-19,0.000601231126385552));
#1990=CARTESIAN_POINT('',(0.000660439075623534,0.000245000000000001,0.000355867185010781));
#1991=CARTESIAN_POINT('',(0.000660439075623534,1.53992222267617E-18,0.000355867185010782));
#1992=CARTESIAN_POINT('',(0.000662523449504414,1.53992235859175E-18,0.000600862917534852));
#1993=CARTESIAN_POINT('',(0.000803266911656916,0.000245,0.000353016503047273));
#1994=CARTESIAN_POINT('',(0.000803266911656917,-7.18105566852412E-19,0.000353016503047272));
#1995=CARTESIAN_POINT('',(0.000809386172903467,-7.1810559298655E-19,0.000597959591268076));
#1996=CARTESIAN_POINT('',(0.000896489546606911,0.000245000000000001,0.000350900436000799));
#1997=CARTESIAN_POINT('',(0.000896489546606912,1.46115489895427E-18,0.0003509004360008));
#1998=CARTESIAN_POINT('',(0.00090115708388103,1.46115490220975E-18,0.000595805851447871));
#1999=CARTESIAN_POINT('',(0.000975864518730019,0.000245,0.000350288556883357));
#2000=CARTESIAN_POINT('',(0.000975864518730019,-5.34893794273288E-19,0.000350288556883356));
#2001=CARTESIAN_POINT('',(0.000974620258187446,-5.34893794906332E-19,0.000595422404967542));
#2002=CARTESIAN_POINT('',(0.00102884970872075,0.000244999999999998,0.000351798325882234));
#2003=CARTESIAN_POINT('',(0.00102884970872075,-2.36056177363081E-18,0.000351798325882233));
#2004=CARTESIAN_POINT('',(0.00102048326073196,-2.36056177352896E-18,0.000596367705068288));
#2005=CARTESIAN_POINT('',(0.00107782848547622,0.000245,0.000353810227333477));
#2006=CARTESIAN_POINT('',(0.00107782848547622,4.5286213044231E-19,0.000353810227333477));
#2007=CARTESIAN_POINT('',(0.00105715370781825,4.52862130385592E-19,0.000598677235015723));
#2008=CARTESIAN_POINT('',(0.00111380000898907,0.000245,0.000360473592376701));
#2009=CARTESIAN_POINT('',(0.00111380000898907,-5.30585817236902E-20,0.000360473592376701));
#2010=CARTESIAN_POINT('',(0.00107994848598037,-5.30585815959199E-20,0.000601345238469361));
#2011=CARTESIAN_POINT('',(0.00115582401098279,0.000245,0.000363406687408529));
#2012=CARTESIAN_POINT('',(0.00115582401098278,-2.31592932804728E-21,0.000363406687408529));
#2013=CARTESIAN_POINT('',(0.00109572402249638,-2.31592950338856E-21,0.00060444610878781));
#2014=CARTESIAN_POINT('',(0.00122854159912504,0.000245,0.00039593006473967));
#2015=CARTESIAN_POINT('',(0.00122854159912504,1.18808089983332E-20,0.00039593006473967));
#2016=CARTESIAN_POINT('',(0.00110425091823392,1.18808093057141E-20,0.000608330969682405));
#2017=CARTESIAN_POINT('',(0.00125678598246933,0.000245,0.000416116496854181));
#2018=CARTESIAN_POINT('',(0.00125678598246933,-1.09393791492045E-19,0.000416116496854181));
#2019=CARTESIAN_POINT('',(0.0011159021207883,-1.09393794149151E-19,0.000615592306034081));
#2020=CARTESIAN_POINT('',(0.00129520692614144,0.000245000000000002,0.000442441729915721));
#2021=CARTESIAN_POINT('',(0.00129520692614144,2.79701650515879E-18,0.000442441729915721));
#2022=CARTESIAN_POINT('',(0.00113990578477628,2.79701657244471E-18,0.0006332711160775));
#2023=CARTESIAN_POINT('',(0.00134199231269685,0.000244999999999999,0.000484786481939472));
#2024=CARTESIAN_POINT('',(0.00134199231269685,-1.75699014194015E-18,0.000484786481939472));
#2025=CARTESIAN_POINT('',(0.001174530169411,-1.75699065352445E-18,0.000663380249514975));
#2026=CARTESIAN_POINT('',(0.00138920305889604,0.000245,0.000530298232601143));
#2027=CARTESIAN_POINT('',(0.00138920305889604,-5.82985087766073E-19,0.000530298232601142));
#2028=CARTESIAN_POINT('',(0.00121381407593234,-5.82983224488861E-19,0.000701851647066862));
#2029=CARTESIAN_POINT('',(0.00143493148108508,0.000245,0.000581470993807345));
#2030=CARTESIAN_POINT('',(0.00143493148108508,1.85802672056637E-19,0.000581470993807346));
#2031=CARTESIAN_POINT('',(0.00125085169261544,1.85795730532082E-19,0.000742277964552798));
#2032=CARTESIAN_POINT('',(0.00149326275450546,0.000245,0.000648769475637947));
#2033=CARTESIAN_POINT('',(0.00149326275450546,-1.02554221707649E-19,0.000648769475637947));
#2034=CARTESIAN_POINT('',(0.0012795959076797,-1.02533792944234E-19,0.000778800634852556));
#2035=CARTESIAN_POINT('',(0.0015291175193022,0.000245,0.000752173946090201));
#2036=CARTESIAN_POINT('',(0.0015291175193022,1.16188153866181E-19,0.000752173946090201));
#2037=CARTESIAN_POINT('',(0.00128937775048645,1.16159746926027E-19,0.000809627409546963));
#2038=CARTESIAN_POINT('',(0.00153928787038449,0.000245,0.000822144701728899));
#2039=CARTESIAN_POINT('',(0.00153928787038449,-2.01127396936101E-19,0.000822144701728899));
#2040=CARTESIAN_POINT('',(0.0012918169521346,-2.01077559584873E-19,0.000827902011643761));
#2041=CARTESIAN_POINT('',(0.00152410702828771,0.000245000000000001,0.000928998601318825));
#2042=CARTESIAN_POINT('',(0.00152410702828771,1.09057622775043E-18,0.000928998601318825));
#2043=CARTESIAN_POINT('',(0.00128869372341552,1.09030561058321E-18,0.000846163889747595));
#2044=CARTESIAN_POINT('',(0.00151715318393183,0.000245000000000001,0.000932689961711646));
#2045=CARTESIAN_POINT('',(0.00151715318393184,9.48270487296202E-19,0.000932689961711652));
#2046=CARTESIAN_POINT('',(0.0012823095452768,9.50456855044999E-19,0.000867793717199398));
#2047=CARTESIAN_POINT('',(0.00150428743999808,0.000244999999999999,0.000981808116268286));
#2048=CARTESIAN_POINT('',(0.00150428743999804,-1.6614121678701E-18,0.000981808116268254));
#2049=CARTESIAN_POINT('',(0.00127148914699306,-1.67278556624606E-18,0.000902501373117258));
#2050=CARTESIAN_POINT('',(0.00148990977495357,0.000245,0.00102169020736302));
#2051=CARTESIAN_POINT('',(0.00148990977495389,4.53537521980402E-19,0.00102169020736328));
#2052=CARTESIAN_POINT('',(0.00125732468972232,5.44966268620054E-19,0.000945613654229754));
#2053=CARTESIAN_POINT('',(0.00146575817854759,0.000245,0.00109464159166775));
#2054=CARTESIAN_POINT('',(0.00146575817854591,-2.24524019096439E-19,0.00109464159166639));
#2055=CARTESIAN_POINT('',(0.00123413567274772,-2.66360944554823E-19,0.0010144625724987));
#2056=CARTESIAN_POINT('',(0.00143886580610435,0.000245,0.00117562444435512));
#2057=CARTESIAN_POINT('',(0.00143886580611781,-2.46971438034095E-19,0.00117562444436604));
#2058=CARTESIAN_POINT('',(0.0012050168687449,-3.27582842106907E-19,0.00110048637179378));
#2059=CARTESIAN_POINT('',(0.00140418151979092,0.000245000000000001,0.00127036290666708));
#2060=CARTESIAN_POINT('',(0.00140418151975221,9.65438333198716E-19,0.0012703629066357));
#2061=CARTESIAN_POINT('',(0.00117590630175626,1.24910947087554E-18,0.00118650577441246));
#2062=CARTESIAN_POINT('',(0.00138085843176287,0.000245,0.00134606884999979));
#2063=CARTESIAN_POINT('',(0.00138085843182985,2.63169198323044E-19,0.0013460688500541));
#2064=CARTESIAN_POINT('',(0.00115026665197125,-2.3131656868065E-19,0.00125411032515828));
#2065=CARTESIAN_POINT('',(0.00127612158047023,0.000245,0.0015102905009797));
#2066=CARTESIAN_POINT('',(0.00127612158010705,-2.54445352313701E-18,0.00151029050068522));
#2067=CARTESIAN_POINT('',(0.00111255524822269,1.38789941208395E-19,0.00131548777977141));
#2068=CARTESIAN_POINT('',(0.00125376927404179,0.000245,0.00151736723038627));
#2069=CARTESIAN_POINT('',(0.00125376927565675,1.19327600207163E-17,0.0015173672316957));
#2070=CARTESIAN_POINT('',(0.00107048335992235,0.,0.00135440872657497));
#2071=CARTESIAN_POINT('',(0.00123768423663035,0.000245,0.00153720571039499));
#2072=CARTESIAN_POINT('',(0.00123768423663035,0.,0.00153720571039499));
#2073=CARTESIAN_POINT('',(0.00104737806150239,0.,0.00138290548450998));
#2074=CARTESIAN_POINT('',(0.00130371967224129,0.000245,0.00146205427356296));
#2075=CARTESIAN_POINT('',(0.00135256585664164,0.000245,0.0014048935670733));
#2076=CARTESIAN_POINT('',(0.00141213700122878,0.000244999999999999,0.00126474907798294));
#2077=CARTESIAN_POINT('',(0.00147635011264789,0.000245,0.00105069248205856));
#2078=CARTESIAN_POINT('',(0.00156640322481427,0.000245000000000001,0.000833031811584067));
#2079=CARTESIAN_POINT('',(0.00147464658507222,0.000244999999999998,0.000606599351532067));
#2080=CARTESIAN_POINT('',(0.00131101282158284,0.000245000000000002,0.000441152082283245));
#2081=CARTESIAN_POINT('',(0.00110173072196741,0.000244999999999997,0.000336261682247635));
#2082=CARTESIAN_POINT('',(0.000865529394139635,0.000245000000000001,0.000354410090308361));
#2083=CARTESIAN_POINT('',(0.000559166598089811,0.000245,0.000356380510272091));
#2084=CARTESIAN_POINT('',(0.000173223645132714,0.000245,0.000353971767544239));
#2085=CARTESIAN_POINT('',(-0.000442643684021186,0.000245,0.000355317934656165));
#2086=CARTESIAN_POINT('',(-0.00121344490646226,0.000245,0.000371171101290946));
#2087=CARTESIAN_POINT('',(-0.00213561781061005,0.000244999999999999,0.000248884106544749));
#2088=CARTESIAN_POINT('',(-0.00306168965482743,0.000245000000000001,0.000219851429952865));
#2089=CARTESIAN_POINT('',(-0.00398755166098187,0.000245000000000001,0.000189464355735171));
#2090=CARTESIAN_POINT('',(-0.00491448796333818,0.000245,0.000147985540788376));
#2091=CARTESIAN_POINT('',(-0.00568231454861099,0.000244999999999999,0.000212236354393835));
#2092=CARTESIAN_POINT('',(-0.0062931318520831,0.000245000000000002,0.000311827615362763));
#2093=CARTESIAN_POINT('',(-0.0066709297202745,0.000245,0.000390994638559533));
#2094=CARTESIAN_POINT('',(-0.00696933550730916,0.000245,0.000476314350457385));
#2095=CARTESIAN_POINT('',(-0.00717835140592797,0.000245,0.000570245298561296));
#2096=CARTESIAN_POINT('',(-0.00740187507939822,0.000245,0.000674275939931804));
#2097=CARTESIAN_POINT('',(-0.0076237328220971,0.000245000000000001,0.000562647837558608));
#2098=CARTESIAN_POINT('',(-0.00777310816151093,0.000245,0.000381977529254596));
#2099=CARTESIAN_POINT('',(-0.00803967873711498,0.000245,0.000218727573146215));
#2100=CARTESIAN_POINT('',(-0.00843520904839256,0.000245000000000001,0.00014781929633473));
#2101=CARTESIAN_POINT('',(-0.00890010264326759,0.000244999999999999,6.79562639470981E-5));
#2102=CARTESIAN_POINT('',(-0.00928998607977727,0.000245,-2.49335798174366E-5));
#2103=CARTESIAN_POINT('',(-0.00961003270592368,0.000245000000000001,2.6124697835149E-5));
#2104=CARTESIAN_POINT('',(-0.00986181397310673,0.000244999999999999,0.000235563431586839));
#2105=CARTESIAN_POINT('',(-0.00997894468794282,0.000245000000000001,0.000538507328101559));
#2106=CARTESIAN_POINT('',(-0.00999935964996988,0.000244999999999998,0.000855897283000106));
#2107=CARTESIAN_POINT('',(-0.0100880240818522,0.000245000000000002,0.00108682340250726));
#2108=CARTESIAN_POINT('',(-0.0102898875895937,0.000245,0.00122797317626376));
#2109=CARTESIAN_POINT('',(-0.0105690880647065,0.000244999999999999,0.00137865702626913));
#2110=CARTESIAN_POINT('',(-0.0109233338590063,0.000245,0.00158407260702028));
#2111=CARTESIAN_POINT('',(-0.0110634340778618,0.000245,0.00190574106184712));
#2112=CARTESIAN_POINT('',(-0.0110705286072884,0.000245,0.00207215999785054));
#2113=CARTESIAN_POINT('',(0.00130371967224129,0.000245,0.00146205427356296));
#2114=CARTESIAN_POINT('',(0.00130371967224129,0.000245,0.00146205427356296));
#2115=CARTESIAN_POINT('',(0.00130371967224129,0.000115222756858441,0.00146205427356296));
#2116=CARTESIAN_POINT('',(0.00120950298789474,2.10087880416379E-16,0.0013933388823355));
#2117=CARTESIAN_POINT('',(0.00110281175974284,1.73869516777193E-20,0.00131948741437428));
#2118=CARTESIAN_POINT('',(0.00110281175974359,0.,0.00131948741437321));
#2119=CARTESIAN_POINT('',(-0.0108256340598038,0.,0.00208022690795061));
#2120=CARTESIAN_POINT('',(-0.0108173302565937,0.,0.00193159868703684));
#2121=CARTESIAN_POINT('',(-0.0106459577641157,1.17474028149484E-18,0.00166562042440212));
#2122=CARTESIAN_POINT('',(-0.0102345160758004,-2.08463164284135E-19,0.00149282338446286));
#2123=CARTESIAN_POINT('',(-0.00985456704526872,-3.40887624358304E-19,0.0012326701614683));
#2124=CARTESIAN_POINT('',(-0.00975425332110464,1.25319678070474E-18,0.000862794341283484));
#2125=CARTESIAN_POINT('',(-0.00972952900608961,-2.36012769922965E-19,0.000567777776525987));
#2126=CARTESIAN_POINT('',(-0.00963651831485672,6.31566866440441E-20,0.000360779804347641));
#2127=CARTESIAN_POINT('',(-0.00944505828401602,-1.66139766532117E-20,0.000220266619988754));
#2128=CARTESIAN_POINT('',(-0.00913839897549208,9.93695217614119E-21,0.000263788154069506));
#2129=CARTESIAN_POINT('',(-0.00878254392463348,-6.36268631921206E-21,0.000346635800632547));
#2130=CARTESIAN_POINT('',(-0.00833994034812535,1.22538654016364E-20,0.000395990517656396));
#2131=CARTESIAN_POINT('',(-0.00797716260859503,-3.35016685058385E-20,0.000512908150549821));
#2132=CARTESIAN_POINT('',(-0.00778149128205616,5.7852230230182E-20,0.000743260280618397));
#2133=CARTESIAN_POINT('',(-0.00759004833275468,-2.20745727098895E-19,0.000864367353364173));
#2134=CARTESIAN_POINT('',(-0.00736248626772739,8.25130678165397E-19,0.000899030076205265));
#2135=CARTESIAN_POINT('',(-0.0071462714893922,8.23350835385122E-19,0.000831791791077433));
#2136=CARTESIAN_POINT('',(-0.00694825902697675,-2.15406198758068E-19,0.000729225991885068));
#2137=CARTESIAN_POINT('',(-0.00666838295964154,1.22834012448895E-19,0.000642115789854667));
#2138=CARTESIAN_POINT('',(-0.00631255644849582,-2.84751182497104E-20,0.000565374478820581));
#2139=CARTESIAN_POINT('',(-0.00573546918321403,-4.2768781369796E-20,0.000466602190273954));
#2140=CARTESIAN_POINT('',(-0.00501164137222578,5.27294623576716E-19,0.000395636447571755));
#2141=CARTESIAN_POINT('',(-0.00414442633758564,1.95073078900005E-18,0.000427854792311617));
#2142=CARTESIAN_POINT('',(-0.00327694888863156,-5.23962137681284E-19,0.000457464202872278));
#2143=CARTESIAN_POINT('',(-0.00240939105678109,1.45117761725084E-19,0.000485274535461648));
#2144=CARTESIAN_POINT('',(-0.00168698829114953,-2.29044640616964E-20,0.00054857989107868));
#2145=CARTESIAN_POINT('',(-0.00110951215182912,1.22044829660368E-20,0.000606025353291996));
#2146=CARTESIAN_POINT('',(-0.000674465327220905,-3.46907045593841E-20,0.000606564854179208));
#2147=CARTESIAN_POINT('',(-0.000238862557724106,1.265583352715E-19,0.000598926937684435));
#2148=CARTESIAN_POINT('',(0.000195648853700339,-4.71542636526615E-19,0.000600119508122188));
#2149=CARTESIAN_POINT('',(0.000560743452419339,1.38775306960803E-18,0.000599170992129161));
#2150=CARTESIAN_POINT('',(0.000846161914909296,-4.52083087515224E-19,0.000603266355560825));
#2151=CARTESIAN_POINT('',(0.00107834460037251,8.8053831973368E-19,0.000568938856691258));
#2152=CARTESIAN_POINT('',(0.00121365238477085,-2.41163543956064E-18,0.000695010821869019));
#2153=CARTESIAN_POINT('',(0.00131078604398,2.61708306314596E-19,0.000817140109450891));
#2154=CARTESIAN_POINT('',(0.00124616369128435,8.41385601673013E-19,0.000960515067954215));
#2155=CARTESIAN_POINT('',(0.00119746803899415,8.76807605739455E-19,0.00112644803317178));
#2156=CARTESIAN_POINT('',(0.00115191517575784,0.,0.00126495801179351));
#2157=CARTESIAN_POINT('',(0.00110281175974132,0.,0.0013194874143759));
#2158=CARTESIAN_POINT('',(-0.0109227736480534,0.0021,0.00230974084697664));
#2159=CARTESIAN_POINT('',(-0.0109227736480534,0.00024499999999408,0.00230974084697664));
#2160=CARTESIAN_POINT('',(-0.0109678576543456,0.0021,0.0022807501257137));
#2161=CARTESIAN_POINT('',(-0.0109678576543456,0.00024499999999408,0.0022807501257137));
#2162=CARTESIAN_POINT('',(-0.0110602056978225,0.0021,0.00222562902338802));
#2163=CARTESIAN_POINT('',(-0.0110602056978225,0.00024499999999408,0.00222562902338802));
#2164=CARTESIAN_POINT('',(-0.011084334820413,0.0021,0.00203109058549423));
#2165=CARTESIAN_POINT('',(-0.011084334820413,0.00024499999999408,0.00203109058549423));
#2166=CARTESIAN_POINT('',(-0.0109937924233105,0.0021,0.00176462978455182));
#2167=CARTESIAN_POINT('',(-0.0109937924233105,0.00024499999999408,0.00176462978455182));
#2168=CARTESIAN_POINT('',(-0.0108495151945366,0.0021,0.00156295329842383));
#2169=CARTESIAN_POINT('',(-0.0108495151945366,0.000244999999994079,0.00156295329842383));
#2170=CARTESIAN_POINT('',(-0.0106678299463793,0.0021,0.00143082318518848));
#2171=CARTESIAN_POINT('',(-0.0106678299463793,0.00024499999999408,0.00143082318518848));
#2172=CARTESIAN_POINT('',(-0.0103515367295787,0.0021,0.00126742325566071));
#2173=CARTESIAN_POINT('',(-0.0103515367295787,0.00024499999999408,0.00126742325566071));
#2174=CARTESIAN_POINT('',(-0.00998476487480502,0.0021,0.00102215318218538));
#2175=CARTESIAN_POINT('',(-0.00998476487480502,0.00024499999999408,0.00102215318218538));
#2176=CARTESIAN_POINT('',(-0.0100001964714579,0.0021,0.000604536338784715));
#2177=CARTESIAN_POINT('',(-0.0100001964714579,0.00024499999999408,0.000604536338784715));
#2178=CARTESIAN_POINT('',(-0.00988522360603865,0.0021,0.000287162670749477));
#2179=CARTESIAN_POINT('',(-0.00988522360603865,0.000244999999994079,0.000287162670749477));
#2180=CARTESIAN_POINT('',(-0.00970343940949293,0.0021,9.90173927482171E-5));
#2181=CARTESIAN_POINT('',(-0.00970343940949293,0.00024499999999408,9.90173927482171E-5));
#2182=CARTESIAN_POINT('',(-0.00953615859824848,0.0021,2.44584237941202E-6));
#2183=CARTESIAN_POINT('',(-0.00953615859824848,0.00024499999999408,2.44584237941202E-6));
#2184=CARTESIAN_POINT('',(-0.00927798663986105,0.0021,-8.73945328066727E-6));
#2185=CARTESIAN_POINT('',(-0.00927798663986105,0.00024499999999408,-8.73945328066727E-6));
#2186=CARTESIAN_POINT('',(-0.0089533462975963,0.0021,4.94754782812955E-5));
#2187=CARTESIAN_POINT('',(-0.0089533462975963,0.000244999999994079,4.94754782812955E-5));
#2188=CARTESIAN_POINT('',(-0.00864166857569654,0.0021,0.000119712129978626));
#2189=CARTESIAN_POINT('',(-0.00864166857569654,0.00024499999999408,0.000119712129978626));
#2190=CARTESIAN_POINT('',(-0.00841436311689988,0.0021,0.000150872651880178));
#2191=CARTESIAN_POINT('',(-0.00841436311689988,0.00024499999999408,0.000150872651880178));
#2192=CARTESIAN_POINT('',(-0.00821824760972463,0.0021,0.00018099592404658));
#2193=CARTESIAN_POINT('',(-0.00821824760972463,0.00024499999999408,0.00018099592404658));
#2194=CARTESIAN_POINT('',(-0.00799729679012437,0.0021,0.000250836631624964));
#2195=CARTESIAN_POINT('',(-0.00799729679012437,0.00024499999999408,0.000250836631624964));
#2196=CARTESIAN_POINT('',(-0.00779797742901487,0.0021,0.000362785411749169));
#2197=CARTESIAN_POINT('',(-0.00779797742901487,0.00024499999999408,0.000362785411749169));
#2198=CARTESIAN_POINT('',(-0.00761087971779613,0.0021,0.000570090019172399));
#2199=CARTESIAN_POINT('',(-0.00761087971779613,0.00024499999999408,0.000570090019172399));
#2200=CARTESIAN_POINT('',(-0.00737045946587961,0.0021,0.000700503089943653));
#2201=CARTESIAN_POINT('',(-0.00737045946587961,0.00024499999999408,0.000700503089943653));
#2202=CARTESIAN_POINT('',(-0.00700340377261822,0.0021,0.000463289374099297));
#2203=CARTESIAN_POINT('',(-0.00700340377261822,0.00024499999999408,0.000463289374099297));
#2204=CARTESIAN_POINT('',(-0.00642809438719477,0.0021,0.000338057392674413));
#2205=CARTESIAN_POINT('',(-0.00642809438719477,0.000244999999994079,0.000338057392674413));
#2206=CARTESIAN_POINT('',(-0.00587716762092532,0.0021,0.000240149472485405));
#2207=CARTESIAN_POINT('',(-0.00587716762092532,0.00024499999999408,0.000240149472485405));
#2208=CARTESIAN_POINT('',(-0.0052883157969273,0.0021,0.000177970145832136));
#2209=CARTESIAN_POINT('',(-0.0052883157969273,0.00024499999999408,0.000177970145832136));
#2210=CARTESIAN_POINT('',(-0.00478207060467676,0.0021,0.000161364925905975));
#2211=CARTESIAN_POINT('',(-0.00478207060467676,0.000244999999994079,0.000161364925905975));
#2212=CARTESIAN_POINT('',(-0.00426168063204975,0.0021,0.000178148552542292));
#2213=CARTESIAN_POINT('',(-0.00426168063204975,0.00024499999999408,0.000178148552542292));
#2214=CARTESIAN_POINT('',(-0.0035851502675289,0.0021,0.000201768968818902));
#2215=CARTESIAN_POINT('',(-0.0035851502675289,0.00024499999999408,0.000201768968818902));
#2216=CARTESIAN_POINT('',(-0.00283557164799267,0.0021,0.00022653983687826));
#2217=CARTESIAN_POINT('',(-0.00283557164799267,0.00024499999999408,0.00022653983687826));
#2218=CARTESIAN_POINT('',(-0.00215064974225554,0.0021,0.000259051088584357));
#2219=CARTESIAN_POINT('',(-0.00215064974225554,0.00024499999999408,0.000259051088584357));
#2220=CARTESIAN_POINT('',(-0.00159285018035272,0.0021,0.000309609847743964));
#2221=CARTESIAN_POINT('',(-0.00159285018035272,0.00024499999999408,0.000309609847743964));
#2222=CARTESIAN_POINT('',(-0.00108550424229161,0.0021,0.000367794842794218));
#2223=CARTESIAN_POINT('',(-0.00108550424229161,0.000244999999994079,0.000367794842794218));
#2224=CARTESIAN_POINT('',(-0.000394826463191914,0.0021,0.000354902902434865));
#2225=CARTESIAN_POINT('',(-0.000394826463191914,0.00024499999999408,0.000354902902434865));
#2226=CARTESIAN_POINT('',(0.000301655946428975,0.0021,0.000355907259514853));
#2227=CARTESIAN_POINT('',(0.000301655946428975,0.00024499999999408,0.000355907259514853));
#2228=CARTESIAN_POINT('',(0.000797586218297383,0.0021,0.000353108860887347));
#2229=CARTESIAN_POINT('',(0.000797586218297383,0.000244999999994079,0.000353108860887347));
#2230=CARTESIAN_POINT('',(0.00109284177285613,0.0021,0.000348330778179056));
#2231=CARTESIAN_POINT('',(0.00109284177285613,0.00024499999999408,0.000348330778179056));
#2232=CARTESIAN_POINT('',(0.00122124596368248,0.0021,0.000383282994389554));
#2233=CARTESIAN_POINT('',(0.00122124596368248,0.000244999999994079,0.000383282994389554));
#2234=CARTESIAN_POINT('',(0.00131586698799159,0.0021,0.000460037735810715));
#2235=CARTESIAN_POINT('',(0.00131586698799159,0.00024499999999408,0.000460037735810715));
#2236=CARTESIAN_POINT('',(0.00146431854299776,0.0021,0.000596126174199232));
#2237=CARTESIAN_POINT('',(0.00146431854299776,0.00024499999999408,0.000596126174199232));
#2238=CARTESIAN_POINT('',(0.00155490284006943,0.0021,0.000791938011078214));
#2239=CARTESIAN_POINT('',(0.00155490284006943,0.000244999999994079,0.000791938011078214));
#2240=CARTESIAN_POINT('',(0.00152104970085277,0.0021,0.000932795477672624));
#2241=CARTESIAN_POINT('',(0.00152104970085277,0.000244999999994079,0.000932795477672624));
#2242=CARTESIAN_POINT('',(0.00144508615589897,0.0021,0.00114654411697249));
#2243=CARTESIAN_POINT('',(0.00144508615589897,0.00024499999999408,0.00114654411697249));
#2244=CARTESIAN_POINT('',(0.00140320840850191,0.0021,0.0013479790706248));
#2245=CARTESIAN_POINT('',(0.00140320840850191,0.00024499999999408,0.0013479790706248));
#2246=CARTESIAN_POINT('',(0.00126562749102584,0.0021,0.00148833955636807));
#2247=CARTESIAN_POINT('',(0.00126562749102584,0.00024499999999408,0.00148833955636807));
#2248=CARTESIAN_POINT('',(0.0012099121115072,0.0021,0.00157530601137923));
#2249=CARTESIAN_POINT('',(0.0012099121115072,0.00024499999999408,0.00157530601137923));
#2250=CARTESIAN_POINT('',(0.00120991211151704,0.00028,0.00157530601136386));
#2251=CARTESIAN_POINT('',(0.00123655313823576,0.00028,0.00153372188016704));
#2252=CARTESIAN_POINT('',(0.0012718706589267,0.00028,0.00149932457674857));
#2253=CARTESIAN_POINT('',(0.00130371967224129,0.00028,0.00146205427356296));
#2254=CARTESIAN_POINT('',(0.00120991211151704,0.00028,0.00157530601136386));
#2255=CARTESIAN_POINT('',(0.00130371967224129,0.00028,0.00146205427356296));
#2256=CARTESIAN_POINT('',(0.00130371967224129,0.00028,0.00146205427356296));
#2257=CARTESIAN_POINT('',(-0.0109227736480534,0.0021,0.00230974084697664));
#2258=CARTESIAN_POINT('',(-0.0109832418361893,0.0021,0.00227085751491075));
#2259=CARTESIAN_POINT('',(-0.0111354322629156,0.0021,0.00217299331421147));
#2260=CARTESIAN_POINT('',(-0.0109658689164995,0.0021,0.00162999186909902));
#2261=CARTESIAN_POINT('',(-0.0105921852563077,0.0021,0.001378027702747));
#2262=CARTESIAN_POINT('',(-0.0100510363697111,0.0021,0.00111982573124235));
#2263=CARTESIAN_POINT('',(-0.0099921753978817,0.0021,0.000749880106144006));
#2264=CARTESIAN_POINT('',(-0.0099516672362813,0.0021,0.000403030754614799));
#2265=CARTESIAN_POINT('',(-0.00975134617041052,0.0021,0.000121079882656314));
#2266=CARTESIAN_POINT('',(-0.00942058343715539,0.0021,-7.40660091420199E-5));
#2267=CARTESIAN_POINT('',(-0.00863337093340879,0.0021,0.000137211530545878));
#2268=CARTESIAN_POINT('',(-0.00823678069646391,0.0021,0.00016191135708544));
#2269=CARTESIAN_POINT('',(-0.00780910225884396,0.0021,0.000321006095130135));
#2270=CARTESIAN_POINT('',(-0.00759825905396186,0.0021,0.000599192590529478));
#2271=CARTESIAN_POINT('',(-0.00734946749953188,0.0021,0.000672134510125471));
#2272=CARTESIAN_POINT('',(-0.00703144035772235,0.0021,0.000477525030309008));
#2273=CARTESIAN_POINT('',(-0.00640823595993226,0.0021,0.000329584042067423));
#2274=CARTESIAN_POINT('',(-0.00574219960024631,0.0021,0.000219875634219472));
#2275=CARTESIAN_POINT('',(-0.00505284002751653,0.0021,0.000161728649823005));
#2276=CARTESIAN_POINT('',(-0.00448367334603488,0.0021,0.000169293127635307));
#2277=CARTESIAN_POINT('',(-0.00362278497853068,0.0021,0.000201205849456725));
#2278=CARTESIAN_POINT('',(-0.00253852722930025,0.0021,0.000235405876557842));
#2279=CARTESIAN_POINT('',(-0.00172582947672042,0.0021,0.000290790150576074));
#2280=CARTESIAN_POINT('',(-0.00108760775514648,0.0021,0.000375422743249273));
#2281=CARTESIAN_POINT('',(-0.000137620676813042,0.0021,0.000346537952869922));
#2282=CARTESIAN_POINT('',(0.000683641691646454,0.0021,0.000362600045246526));
#2283=CARTESIAN_POINT('',(0.00112559737911613,0.0021,0.000339864529938106));
#2284=CARTESIAN_POINT('',(0.00126288006227317,0.0021,0.000412728793709416));
#2285=CARTESIAN_POINT('',(0.00138687423347375,0.0021,0.000523734854545193));
#2286=CARTESIAN_POINT('',(0.00151309665466432,0.0021,0.000668308656806354));
#2287=CARTESIAN_POINT('',(0.00154675432480915,0.0021,0.000833706867842586));
#2288=CARTESIAN_POINT('',(0.00151272135864246,0.0021,0.000957929996474844));
#2289=CARTESIAN_POINT('',(0.00144306303065447,0.0021,0.00115964110633071));
#2290=CARTESIAN_POINT('',(0.00140128337163826,0.0021,0.00128794160565103));
#2291=CARTESIAN_POINT('',(0.00133629070241781,0.0021,0.00144352222725494));
#2292=CARTESIAN_POINT('',(0.00124502568104707,0.0021,0.00152049703956475));
#2293=CARTESIAN_POINT('',(0.0012099121115072,0.0021,0.00157530601137923));
#2294=CARTESIAN_POINT('',(0.00120991211151704,0.0021,0.00157530601136386));
#2295=CARTESIAN_POINT('',(0.00120991211151704,0.0021,0.00157530601136386));
#2296=CARTESIAN_POINT('',(0.0012099121115072,0.0021,0.00157530601137923));
#2297=CARTESIAN_POINT('',(0.0012099121115072,0.00028,0.00157530601137923));
#2298=CARTESIAN_POINT('',(0.00119342582560098,0.0021,0.0016010395494786));
#2299=CARTESIAN_POINT('',(0.00119342582560098,0.00028,0.0016010395494786));
#2300=CARTESIAN_POINT('',(0.0011660947331017,0.0021,0.00166358570127095));
#2301=CARTESIAN_POINT('',(0.0011660947331017,0.00028,0.00166358570127095));
#2302=CARTESIAN_POINT('',(0.00111478325482456,0.0021,0.00167655878581935));
#2303=CARTESIAN_POINT('',(0.00111478325482456,0.00028,0.00167655878581935));
#2304=CARTESIAN_POINT('',(0.0010218434154979,0.0021,0.00166084967938424));
#2305=CARTESIAN_POINT('',(0.0010218434154979,0.00028,0.00166084967938424));
#2306=CARTESIAN_POINT('',(0.000943258896877907,0.0021,0.0016605545610895));
#2307=CARTESIAN_POINT('',(0.000943258896877907,0.00028,0.0016605545610895));
#2308=CARTESIAN_POINT('',(0.000890629617619497,0.0021,0.00165743118665341));
#2309=CARTESIAN_POINT('',(0.000890629617619497,0.00028,0.00165743118665341));
#2310=CARTESIAN_POINT('',(0.0012099121115072,0.00028,0.00157530601137923));
#2311=CARTESIAN_POINT('',(0.0011815738754202,0.00028,0.0016195393264001));
#2312=CARTESIAN_POINT('',(0.00116117312416604,0.00028,0.00167348705297166));
#2313=CARTESIAN_POINT('',(0.00113855703966408,0.00028,0.0016721448628225));
#2314=CARTESIAN_POINT('',(0.00113855703966692,0.00028,0.00167214486282319));
#2315=CARTESIAN_POINT('',(0.0012099121115072,0.0021,0.00157530601137923));
#2316=CARTESIAN_POINT('',(0.0011815738754202,0.0021,0.0016195393264001));
#2317=CARTESIAN_POINT('',(0.00116117312416604,0.0021,0.00167348705297166));
#2318=CARTESIAN_POINT('',(0.00113855703966408,0.0021,0.0016721448628225));
#2319=CARTESIAN_POINT('',(0.00105591456564922,0.0021,0.00166724030409947));
#2320=CARTESIAN_POINT('',(0.00097327209163436,0.0021,0.00166233574537644));
#2321=CARTESIAN_POINT('',(0.000890629617619497,0.0021,0.00165743118665341));
#2322=CARTESIAN_POINT('',(0.00113855703966692,0.0021,0.00167214486282319));
#2323=CARTESIAN_POINT('',(0.000892512971549222,0.0021,0.00165754295750798));
#2324=CARTESIAN_POINT('',(0.000974527660921796,0.0021,0.00166241025927955));
#2325=CARTESIAN_POINT('',(0.00105654235029151,0.0021,0.00166727756105093));
#2326=CARTESIAN_POINT('',(0.00113855703966408,0.0021,0.0016721448628225));
#2327=CARTESIAN_POINT('',(0.00113855703966692,0.0021,0.00167214486282319));
#2328=CARTESIAN_POINT('',(0.00113855703966692,0.0019775,0.00167214486282319));
#2329=CARTESIAN_POINT('',(0.00113855703966692,4.58829280344146E-5,0.00167214486282319));
#2330=CARTESIAN_POINT('',(0.00120102249646014,0.0019775,0.00171301847209237));
#2331=CARTESIAN_POINT('',(0.00120102249646014,4.58829280344146E-5,0.00171301847209237));
#2332=CARTESIAN_POINT('',(0.00131757073920504,0.0019775,0.00179843718700891));
#2333=CARTESIAN_POINT('',(0.00131757073920504,4.58829280344151E-5,0.00179843718700891));
#2334=CARTESIAN_POINT('',(0.00132515030821127,0.0019775,0.00215658843239089));
#2335=CARTESIAN_POINT('',(0.00132515030821127,4.58829280344142E-5,0.00215658843239089));
#2336=CARTESIAN_POINT('',(0.00132069601984539,0.0019775,0.00243089059403764));
#2337=CARTESIAN_POINT('',(0.00132069601984539,4.58829280344146E-5,0.00243089059403764));
#2338=CARTESIAN_POINT('',(0.00128944665036921,0.0019775,0.00276170695271847));
#2339=CARTESIAN_POINT('',(0.00128944665036921,4.58829280344151E-5,0.00276170695271847));
#2340=CARTESIAN_POINT('',(0.00137328234842441,0.0019775,0.00303098539006336));
#2341=CARTESIAN_POINT('',(0.00137328234842441,4.58829280344159E-5,0.00303098539006336));
#2342=CARTESIAN_POINT('',(0.00133434984885976,0.0019775,0.003193139443759));
#2343=CARTESIAN_POINT('',(0.00133434984885976,4.58829280344146E-5,0.003193139443759));
#2344=CARTESIAN_POINT('',(0.00132352262799211,0.0019775,0.00332456990759886));
#2345=CARTESIAN_POINT('',(0.00132352262799211,4.58829280344146E-5,0.00332456990759886));
#2346=CARTESIAN_POINT('',(0.00126233503158448,0.0019775,0.00343833596856567));
#2347=CARTESIAN_POINT('',(0.00126233503158448,4.58829280344146E-5,0.00343833596856567));
#2348=CARTESIAN_POINT('',(0.00110259359924012,0.0019775,0.00355104616994983));
#2349=CARTESIAN_POINT('',(0.00110259359924012,4.58829280344142E-5,0.00355104616994983));
#2350=CARTESIAN_POINT('',(0.000927615485479384,0.0019775,0.00363056435257785));
#2351=CARTESIAN_POINT('',(0.000927615485479384,4.58829280344151E-5,0.00363056435257785));
#2352=CARTESIAN_POINT('',(0.000631141639676517,0.0019775,0.00365239382310542));
#2353=CARTESIAN_POINT('',(0.000631141639676517,4.58829280344146E-5,0.00365239382310542));
#2354=CARTESIAN_POINT('',(0.000242083131967646,0.0019775,0.00374293240503176));
#2355=CARTESIAN_POINT('',(0.000242083131967646,4.58829280344142E-5,0.00374293240503176));
#2356=CARTESIAN_POINT('',(-0.000175236130255004,0.0019775,0.00384123514428968));
#2357=CARTESIAN_POINT('',(-0.000175236130255004,4.58829280344151E-5,0.00384123514428968));
#2358=CARTESIAN_POINT('',(-0.000522656311737675,0.0019775,0.00393217960817889));
#2359=CARTESIAN_POINT('',(-0.000522656311737675,4.58829280344146E-5,0.00393217960817889));
#2360=CARTESIAN_POINT('',(-0.000857120732638922,0.0019775,0.00405744929773927));
#2361=CARTESIAN_POINT('',(-0.000857120732638922,4.58829280344146E-5,0.00405744929773927));
#2362=CARTESIAN_POINT('',(-0.00125630252547406,0.0019775,0.00417929080531638));
#2363=CARTESIAN_POINT('',(-0.00125630252547406,4.58829280344146E-5,0.00417929080531638));
#2364=CARTESIAN_POINT('',(-0.00164783653548757,0.0019775,0.00435444898460274));
#2365=CARTESIAN_POINT('',(-0.00164783653548757,4.58829280344146E-5,0.00435444898460274));
#2366=CARTESIAN_POINT('',(-0.0019680201771797,0.0019775,0.00436080200040842));
#2367=CARTESIAN_POINT('',(-0.0019680201771797,4.58829280344146E-5,0.00436080200040842));
#2368=CARTESIAN_POINT('',(-0.0020184310618788,0.0019775,0.00440316130407154));
#2369=CARTESIAN_POINT('',(-0.0020184310618788,4.58829280344146E-5,0.00440316130407154));
#2370=CARTESIAN_POINT('',(0.00118239915866966,0.000175,0.00170175516830472));
#2371=CARTESIAN_POINT('',(0.00118239915866966,0.000175,0.00170175516830472));
#2372=CARTESIAN_POINT('',(0.00118239915866966,5.74035069924604E-5,0.00170175516830472));
#2373=CARTESIAN_POINT('',(0.00118239915866966,5.74035069924604E-5,0.00170175516830472));
#2374=CARTESIAN_POINT('',(0.00116007893064059,7.75179348169631E-5,0.00168570726292519));
#2375=CARTESIAN_POINT('',(0.00113855703966692,0.000105632461014027,0.00167214486282319));
#2376=CARTESIAN_POINT('',(0.00113855703966692,0.00014,0.00167214486282319));
#2377=CARTESIAN_POINT('',(0.00113855703966692,0.00014,0.00167214486282319));
#2378=CARTESIAN_POINT('',(0.00113855703966692,0.00028,0.00167214486282319));
#2379=CARTESIAN_POINT('',(-0.0020184310618788,0.0021,0.00440316130407154));
#2380=CARTESIAN_POINT('',(-0.0020184310618788,0.00028,0.00440316130407154));
#2381=CARTESIAN_POINT('',(-0.0020184310618788,0.00028,0.00440316130407154));
#2382=CARTESIAN_POINT('',(-0.00199941068152482,0.00028,0.00438717884171224));
#2383=CARTESIAN_POINT('',(-0.00197535797254371,0.00028,0.00438071103316667));
#2384=CARTESIAN_POINT('',(-0.00195164075082653,0.00028,0.00437473535629283));
#2385=CARTESIAN_POINT('',(-0.00195164075082653,0.00028,0.00437473535629283));
#2386=CARTESIAN_POINT('',(-0.00195164075082653,0.00028,0.00437473535629283));
#2387=CARTESIAN_POINT('',(-0.00195164075082654,0.000175,0.00437473535629284));
#2388=CARTESIAN_POINT('',(-0.00195164075081955,0.000175,0.00437473535629107));
#2389=CARTESIAN_POINT('',(-0.00184727183557077,0.000175,0.0043484390674342));
#2390=CARTESIAN_POINT('',(-0.0016300563441851,0.000175,0.00433827552338799));
#2391=CARTESIAN_POINT('',(-0.00133089246738772,0.000175000000000001,0.00421812569638833));
#2392=CARTESIAN_POINT('',(-0.00103087470133483,0.000175000000000001,0.00410169381356662));
#2393=CARTESIAN_POINT('',(-0.000720086503566042,0.000175,0.00401584172718379));
#2394=CARTESIAN_POINT('',(-0.000419460308491904,0.000175,0.00389464659453711));
#2395=CARTESIAN_POINT('',(-0.000103900705627211,0.000175,0.0038284111688153));
#2396=CARTESIAN_POINT('',(0.000209047317884158,0.000175000000000001,0.00375226695250208));
#2397=CARTESIAN_POINT('',(0.000520214301110863,0.000175,0.00367085868244368));
#2398=CARTESIAN_POINT('',(0.000847271764728135,0.000174999999999999,0.00364329736844574));
#2399=CARTESIAN_POINT('',(0.00109641090060321,0.000174999999999999,0.00355813277913032));
#2400=CARTESIAN_POINT('',(0.00128037973725693,0.000175,0.003428905381383));
#2401=CARTESIAN_POINT('',(0.0013469636519494,0.000175000000000001,0.00321861774683523));
#2402=CARTESIAN_POINT('',(0.00136199222530134,0.000175,0.00295109309463063));
#2403=CARTESIAN_POINT('',(0.00128602476115543,0.000175000000000001,0.00262871252797325));
#2404=CARTESIAN_POINT('',(0.00132511273896314,0.000175,0.00230463447468833));
#2405=CARTESIAN_POINT('',(0.00133793555242916,0.000174999999999999,0.00198240125523051));
#2406=CARTESIAN_POINT('',(0.00127078264672125,0.000175,0.00176530155553445));
#2407=CARTESIAN_POINT('',(0.00118239915866966,0.000175,0.00170175516830472));
#2408=CARTESIAN_POINT('',(-0.00202184778084035,0.0020999999984997,0.00440633436872422));
#2409=CARTESIAN_POINT('',(-0.00202504095866443,0.0021,0.00440958956127383));
#2410=CARTESIAN_POINT('',(-0.00202504095866443,0.00028,0.00440958956127383));
#2411=CARTESIAN_POINT('',(-0.00347048697685351,0.00028,0.00581543585760217));
#2412=CARTESIAN_POINT('',(-0.00202504096429686,0.0019775,0.00440958956553454));
#2413=CARTESIAN_POINT('',(-0.00202504096429686,0.000112912710566087,0.00440958956553454));
#2414=CARTESIAN_POINT('',(-0.00204320078495493,0.0019775,0.00443009240027568));
#2415=CARTESIAN_POINT('',(-0.00204320078495493,0.000112912710566087,0.00443009240027568));
#2416=CARTESIAN_POINT('',(-0.00204149131898125,0.0019775,0.00448513729459741));
#2417=CARTESIAN_POINT('',(-0.00204149131898125,0.000112912710566087,0.00448513729459741));
#2418=CARTESIAN_POINT('',(-0.00214483657900893,0.0019775,0.00461766815615284));
#2419=CARTESIAN_POINT('',(-0.00214483657900893,0.000112912710566086,0.00461766815615284));
#2420=CARTESIAN_POINT('',(-0.00240426586846047,0.0019775,0.0047719690697218));
#2421=CARTESIAN_POINT('',(-0.00240426586846047,0.000112912710566087,0.0047719690697218));
#2422=CARTESIAN_POINT('',(-0.00270139125480399,0.0019775,0.00491047565478085));
#2423=CARTESIAN_POINT('',(-0.00270139125480399,0.000112912710566087,0.00491047565478085));
#2424=CARTESIAN_POINT('',(-0.00296021108635048,0.0019775,0.00502835225345336));
#2425=CARTESIAN_POINT('',(-0.00296021108635048,0.000112912710566087,0.00502835225345336));
#2426=CARTESIAN_POINT('',(-0.00328710213341855,0.0019775,0.00509929662435987));
#2427=CARTESIAN_POINT('',(-0.00328710213341855,0.000112912710566087,0.00509929662435987));
#2428=CARTESIAN_POINT('',(-0.00359933084664315,0.0019775,0.00521240939327281));
#2429=CARTESIAN_POINT('',(-0.00359933084664315,0.000112912710566087,0.00521240939327281));
#2430=CARTESIAN_POINT('',(-0.00393100422829363,0.0019775,0.00529783647730714));
#2431=CARTESIAN_POINT('',(-0.00393100422829363,0.000112912710566087,0.00529783647730714));
#2432=CARTESIAN_POINT('',(-0.00430277446195377,0.0019775,0.00539156529707136));
#2433=CARTESIAN_POINT('',(-0.00430277446195377,0.000112912710566086,0.00539156529707136));
#2434=CARTESIAN_POINT('',(-0.00462371872548322,0.0019775,0.00543573358995241));
#2435=CARTESIAN_POINT('',(-0.00462371872548322,0.000112912710566087,0.00543573358995241));
#2436=CARTESIAN_POINT('',(-0.00488261956309335,0.0019775,0.00542611784578192));
#2437=CARTESIAN_POINT('',(-0.00488261956309335,0.000112912710566087,0.00542611784578192));
#2438=CARTESIAN_POINT('',(-0.00523130583332667,0.0019775,0.0053906057649748));
#2439=CARTESIAN_POINT('',(-0.00523130583332667,0.000112912710566087,0.0053906057649748));
#2440=CARTESIAN_POINT('',(-0.0056476612047421,0.0019775,0.0052931264680232));
#2441=CARTESIAN_POINT('',(-0.0056476612047421,0.000112912710566087,0.0052931264680232));
#2442=CARTESIAN_POINT('',(-0.00588395519192577,0.0019775,0.00513036334622944));
#2443=CARTESIAN_POINT('',(-0.00588395519192577,0.000112912710566087,0.00513036334622944));
#2444=CARTESIAN_POINT('',(-0.0061634225113321,0.0019775,0.00495902250414127));
#2445=CARTESIAN_POINT('',(-0.0061634225113321,0.000112912710566087,0.00495902250414127));
#2446=CARTESIAN_POINT('',(-0.00644207247608727,0.0019775,0.00474093705742216));
#2447=CARTESIAN_POINT('',(-0.00644207247608727,0.000112912710566087,0.00474093705742216));
#2448=CARTESIAN_POINT('',(-0.00646906580831477,0.0019775,0.00456385195909234));
#2449=CARTESIAN_POINT('',(-0.00646906580831477,0.000112912710566087,0.00456385195909234));
#2450=CARTESIAN_POINT('',(-0.00653132701297333,0.0019775,0.00426963710267697));
#2451=CARTESIAN_POINT('',(-0.00653132701297333,0.000112912710566087,0.00426963710267697));
#2452=CARTESIAN_POINT('',(-0.00668613286321062,0.0019775,0.00383625499343168));
#2453=CARTESIAN_POINT('',(-0.00668613286321062,0.000112912710566087,0.00383625499343168));
#2454=CARTESIAN_POINT('',(-0.00685332346526888,0.0019775,0.00338715199037711));
#2455=CARTESIAN_POINT('',(-0.00685332346526888,0.000112912710566087,0.00338715199037711));
#2456=CARTESIAN_POINT('',(-0.00712948934714375,0.0019775,0.00303214329652227));
#2457=CARTESIAN_POINT('',(-0.00712948934714375,0.000112912710566087,0.00303214329652227));
#2458=CARTESIAN_POINT('',(-0.00733086595849364,0.0019775,0.00276545130813907));
#2459=CARTESIAN_POINT('',(-0.00733086595849364,0.000112912710566087,0.00276545130813907));
#2460=CARTESIAN_POINT('',(-0.00762132723296838,0.0019775,0.0024112277991538));
#2461=CARTESIAN_POINT('',(-0.00762132723296838,0.000112912710566086,0.0024112277991538));
#2462=CARTESIAN_POINT('',(-0.00783017385459369,0.0019775,0.00229414496619439));
#2463=CARTESIAN_POINT('',(-0.00783017385459369,0.000112912710566087,0.00229414496619439));
#2464=CARTESIAN_POINT('',(-0.00810230641798051,0.0019775,0.00207660180359316));
#2465=CARTESIAN_POINT('',(-0.00810230641798051,0.000112912710566087,0.00207660180359316));
#2466=CARTESIAN_POINT('',(-0.00831704588482158,0.0019775,0.00189200421125689));
#2467=CARTESIAN_POINT('',(-0.00831704588482158,0.000112912710566087,0.00189200421125689));
#2468=CARTESIAN_POINT('',(-0.00843043866300281,0.0019775,0.00181017660246328));
#2469=CARTESIAN_POINT('',(-0.00843043866300281,0.000112912710566087,0.00181017660246328));
#2470=CARTESIAN_POINT('',(-0.00852394352116478,0.0019775,0.00176648321830008));
#2471=CARTESIAN_POINT('',(-0.00852394352116478,0.000112912710566087,0.00176648321830008));
#2472=CARTESIAN_POINT('',(-0.00864919865044166,0.0019775,0.00172897076604901));
#2473=CARTESIAN_POINT('',(-0.00864919865044166,0.000112912710566087,0.00172897076604901));
#2474=CARTESIAN_POINT('',(-0.00874849085199585,0.0019775,0.00165079858874858));
#2475=CARTESIAN_POINT('',(-0.00874849085199585,0.000112912710566087,0.00165079858874858));
#2476=CARTESIAN_POINT('',(-0.00881479815346395,0.0019775,0.00151957053546199));
#2477=CARTESIAN_POINT('',(-0.00881479815346395,0.000112912710566086,0.00151957053546199));
#2478=CARTESIAN_POINT('',(-0.00894839605860373,0.0019775,0.00183763525654158));
#2479=CARTESIAN_POINT('',(-0.00894839605860373,0.000112912710566087,0.00183763525654158));
#2480=CARTESIAN_POINT('',(-0.00915643656933103,0.0019775,0.00191305953497206));
#2481=CARTESIAN_POINT('',(-0.00915643656933103,0.000112912710566087,0.00191305953497206));
#2482=CARTESIAN_POINT('',(-0.00938716815511247,0.0019775,0.00205361450475349));
#2483=CARTESIAN_POINT('',(-0.00938716815511247,0.000112912710566087,0.00205361450475349));
#2484=CARTESIAN_POINT('',(-0.00953682062450045,0.0019775,0.00211692109945219));
#2485=CARTESIAN_POINT('',(-0.00953682062450045,0.000112912710566087,0.00211692109945219));
#2486=CARTESIAN_POINT('',(-0.00963731878687434,0.0019775,0.00213990018831091));
#2487=CARTESIAN_POINT('',(-0.00963731878687434,0.000112912710566087,0.00213990018831091));
#2488=CARTESIAN_POINT('',(-0.00202504095866443,0.00028,0.00440958956127383));
#2489=CARTESIAN_POINT('',(-0.00496376403607428,0.0021,0.004280259225139));
#2490=CARTESIAN_POINT('',(-0.00496376403607428,0.,0.004280259225139));
#2491=CARTESIAN_POINT('',(0.00110281175974359,0.,0.00131948741437321));
#2492=CARTESIAN_POINT('',(0.000901809484656758,0.,0.00122432345559231));
#2493=CARTESIAN_POINT('',(0.000554433964428887,0.,0.00115619046744706));
#2494=CARTESIAN_POINT('',(0.000151967550037795,0.,0.00136547916179501));
#2495=CARTESIAN_POINT('',(-4.82877166506568E-5,0.,0.00155414805579108));
#2496=CARTESIAN_POINT('',(-0.000194453126465219,0.,0.00172014167516056));
#2497=CARTESIAN_POINT('',(-0.000282700575676986,0.,0.00186500648030631));
#2498=CARTESIAN_POINT('',(-0.000420312516012084,0.,0.00195721667024796));
#2499=CARTESIAN_POINT('',(-0.00063795060167251,0.,0.00200485450802864));
#2500=CARTESIAN_POINT('',(-0.000899093180709412,0.,0.00208737163989869));
#2501=CARTESIAN_POINT('',(-0.00111133068105547,0.,0.00214638501483649));
#2502=CARTESIAN_POINT('',(-0.00121703400158893,0.,0.00217676674362517));
#2503=CARTESIAN_POINT('',(-0.00121703400158893,0.,0.00217676674362517));
#2504=CARTESIAN_POINT('',(-0.00121703400158893,0.,0.00217676674362517));
#2505=CARTESIAN_POINT('',(-0.000998881372162373,0.,0.0021967537237746));
#2506=CARTESIAN_POINT('',(-0.000671891625644117,5.74753334226587E-20,0.00221725127156932));
#2507=CARTESIAN_POINT('',(-0.000289566396363952,-7.66337778968783E-20,0.00227435530583279));
#2508=CARTESIAN_POINT('',(-6.93841626545729E-5,1.34109111319537E-19,0.00221076707685759));
#2509=CARTESIAN_POINT('',(5.93740203085248E-5,-7.74995865290406E-20,0.0020239384133463));
#2510=CARTESIAN_POINT('',(0.00022787427702189,2.6950722163681E-20,0.00180425008782924));
#2511=CARTESIAN_POINT('',(0.000475701369042914,-3.35257996200244E-21,0.0016731308544194));
#2512=CARTESIAN_POINT('',(0.000681643471953307,6.44499498868194E-22,0.00157409004103715));
#2513=CARTESIAN_POINT('',(0.000822666291916554,-7.98233324286297E-23,0.00159087285596008));
#2514=CARTESIAN_POINT('',(0.000935014203412661,1.47820985978944E-23,0.00163297289849805));
#2515=CARTESIAN_POINT('',(0.000992601074484579,-8.86925915873662E-24,0.00173015550719467));
#2516=CARTESIAN_POINT('',(0.00105055124768853,0.,0.00179613400306161));
#2517=CARTESIAN_POINT('',(0.00110569078183088,0.,0.00180844500864574));
#2518=CARTESIAN_POINT('',(0.00110569078183088,0.,0.00180844500864574));
#2519=CARTESIAN_POINT('',(-0.00213421231332264,0.,0.00631466399263978));
#2520=CARTESIAN_POINT('',(0.00108024085068617,0.,0.00184384204352531));
#2521=CARTESIAN_POINT('',(0.00108024085068617,0.,0.00184384204352531));
#2522=CARTESIAN_POINT('',(0.00116473810102671,0.,0.00190459428479064));
#2523=CARTESIAN_POINT('',(0.00114139041316566,4.18312807435446E-20,0.00214529239050552));
#2524=CARTESIAN_POINT('',(0.00114729070447932,1.62208432704195E-20,0.00244148101854415));
#2525=CARTESIAN_POINT('',(0.00111331388674968,5.5915672047603E-20,0.00275809689659669));
#2526=CARTESIAN_POINT('',(0.00120712802096304,-7.7253205588006E-20,0.00305234224741932));
#2527=CARTESIAN_POINT('',(0.0011379813013187,4.15727476177247E-19,0.00337853975229406));
#2528=CARTESIAN_POINT('',(0.00081886706829107,-1.42302637324816E-18,0.00346693155318644));
#2529=CARTESIAN_POINT('',(0.000518502277701381,1.53588052174039E-18,0.0034954897031088));
#2530=CARTESIAN_POINT('',(0.000220425620399943,-6.54737566892754E-19,0.00356725645060527));
#2531=CARTESIAN_POINT('',(-7.40232928058711E-5,1.24570007170345E-18,0.00364324412101293));
#2532=CARTESIAN_POINT('',(-0.000473041992004748,-7.64972788035047E-19,0.0037238436803669));
#2533=CARTESIAN_POINT('',(-0.000853184405066202,6.9726988117716E-19,0.00387424496364688));
#2534=CARTESIAN_POINT('',(-0.00124300657844676,-9.47663932114855E-19,0.00398742544112762));
#2535=CARTESIAN_POINT('',(-0.00152437560476103,-2.35878194469724E-19,0.00411727441413441));
#2536=CARTESIAN_POINT('',(-0.00181888276264787,-1.84932078508124E-18,0.00418280934004506));
#2537=CARTESIAN_POINT('',(-0.0020340769777071,1.97866896478605E-18,0.00419829582132503));
#2538=CARTESIAN_POINT('',(-0.00211684985230115,1.97866896478605E-18,0.00425814243819263));
#2539=CARTESIAN_POINT('',(-0.00211684985230115,2.27682456221956E-19,0.00425814243819264));
#2540=CARTESIAN_POINT('',(-0.00211684985230116,0.,0.00425814243819263));
#2541=CARTESIAN_POINT('',(-0.00229142511165468,0.,0.00425986139833937));
#2542=CARTESIAN_POINT('',(-0.00263733793772111,3.05053882564574E-22,0.00430519438658408));
#2543=CARTESIAN_POINT('',(-0.00315747557056347,-1.06768858897601E-21,0.00435115036421766));
#2544=CARTESIAN_POINT('',(-0.00367617958087206,3.96570047333946E-21,0.00442235561523436));
#2545=CARTESIAN_POINT('',(-0.00419682305287813,-1.47951133043818E-20,0.00441196741881764));
#2546=CARTESIAN_POINT('',(-0.004721565213469,5.52147527441879E-20,0.00444909622672217));
#2547=CARTESIAN_POINT('',(-0.00514366425091676,-1.62517455936277E-19,0.00438737302102153));
#2548=CARTESIAN_POINT('',(-0.00545545647710679,3.75429813272221E-20,0.00424045372092061));
#2549=CARTESIAN_POINT('',(-0.0056631189305561,-2.51341520192017E-20,0.00419711122137666));
#2550=CARTESIAN_POINT('',(-0.00583147638112189,3.77328773691186E-20,0.00420438551358082));
#2551=CARTESIAN_POINT('',(-0.00596409757776398,-1.41514114804353E-19,0.00422983511793135));
#2552=CARTESIAN_POINT('',(-0.00603149081414127,4.0432604229815E-20,0.00435429751474141));
#2553=CARTESIAN_POINT('',(-0.00599135949840109,0.,0.00443745251187466));
#2554=CARTESIAN_POINT('',(-0.00597852432606839,0.,0.00447832116984251));
#2555=CARTESIAN_POINT('',(-0.00597852432606839,0.,0.00447832116984251));
#2556=CARTESIAN_POINT('',(-0.00597852432606839,0.,0.00447832116984251));
#2557=CARTESIAN_POINT('',(-0.00583413317393575,0.,0.00446430504755184));
#2558=CARTESIAN_POINT('',(-0.00554967454498735,3.18527549082127E-20,0.004475364400022));
#2559=CARTESIAN_POINT('',(-0.00500205994674736,-1.59263774541063E-19,0.00467771439274572));
#2560=CARTESIAN_POINT('',(-0.0042774976543815,5.43827522823143E-20,0.00468992179760373));
#2561=CARTESIAN_POINT('',(-0.0034171987686204,-1.55379292235184E-20,0.00467194023629328));
#2562=CARTESIAN_POINT('',(-0.00284463561514134,0.,0.00461502829547543));
#2563=CARTESIAN_POINT('',(-0.0025608398482376,0.,0.00456989039802465));
#2564=CARTESIAN_POINT('',(-0.00592875797301531,0.00028,0.00440316130407154));
#2565=CARTESIAN_POINT('',(-0.00592875797301531,6.99999999350082E-5,0.00440316130407154));
#2566=CARTESIAN_POINT('',(-0.00594112021837899,0.00028,0.00436379849970969));
#2567=CARTESIAN_POINT('',(-0.00594112021837899,6.99999999350082E-5,0.00436379849970969));
#2568=CARTESIAN_POINT('',(-0.00595513712619068,0.00028,0.00428748229006026));
#2569=CARTESIAN_POINT('',(-0.00595513712619068,6.99999999350082E-5,0.00428748229006026));
#2570=CARTESIAN_POINT('',(-0.00570391200323946,0.00028,0.00425894275946058));
#2571=CARTESIAN_POINT('',(-0.00570391200323946,6.99999999350081E-5,0.00425894275946058));
#2572=CARTESIAN_POINT('',(-0.00546977744750624,0.00028,0.00431131013289748));
#2573=CARTESIAN_POINT('',(-0.00546977744750624,6.99999999350082E-5,0.00431131013289748));
#2574=CARTESIAN_POINT('',(-0.00520364118245098,0.00028,0.0044358067858918));
#2575=CARTESIAN_POINT('',(-0.00520364118245098,6.99999999350081E-5,0.0044358067858918));
#2576=CARTESIAN_POINT('',(-0.00480467702750212,0.00028,0.00452277929278464));
#2577=CARTESIAN_POINT('',(-0.00480467702750212,6.99999999350082E-5,0.00452277929278464));
#2578=CARTESIAN_POINT('',(-0.00434227176851494,0.00028,0.00448032570813373));
#2579=CARTESIAN_POINT('',(-0.00434227176851494,6.99999999350082E-5,0.00448032570813373));
#2580=CARTESIAN_POINT('',(-0.00368545702730995,0.00028,0.00449789413759551));
#2581=CARTESIAN_POINT('',(-0.00368545702730995,6.99999999350082E-5,0.00449789413759551));
#2582=CARTESIAN_POINT('',(-0.00307682217574684,0.00028,0.00440782338573407));
#2583=CARTESIAN_POINT('',(-0.00307682217574684,6.99999999350083E-5,0.00440782338573407));
#2584=CARTESIAN_POINT('',(-0.0023928234539498,0.00028,0.00435996241946046));
#2585=CARTESIAN_POINT('',(-0.0023928234539498,6.99999999350083E-5,0.00435996241946046));
#2586=CARTESIAN_POINT('',(-0.00206522020882962,0.00028,0.00430170439777231));
#2587=CARTESIAN_POINT('',(-0.00206522020882962,6.99999999350082E-5,0.00430170439777231));
#2588=CARTESIAN_POINT('',(-0.0020219608258752,0.00028,0.00435233063016362));
#2589=CARTESIAN_POINT('',(-0.0020219608258752,6.99999999350082E-5,0.00435233063016362));
#2590=CARTESIAN_POINT('',(-0.00211616062876494,7.00000000000011E-5,0.00432813904504552));
#2591=CARTESIAN_POINT('',(-0.00208758552726033,6.9999999846708E-5,0.00432785767890902));
#2592=CARTESIAN_POINT('',(-0.002021458888666,7.90502380137958E-5,0.00433987323491807));
#2593=CARTESIAN_POINT('',(-0.00202196085541217,0.000146490646502946,0.00435233059559669));
#2594=CARTESIAN_POINT('',(-0.00202196085541217,0.000175,0.00435233059559669));
#2595=CARTESIAN_POINT('',(-0.00211616062876494,7.E-5,0.00432813904504552));
#2596=CARTESIAN_POINT('',(-0.00202196085541217,0.000175,0.00435233059559668));
#2597=CARTESIAN_POINT('',(-0.00202196085541217,0.000175,0.00435233059559668));
#2598=CARTESIAN_POINT('',(-0.00202196085541217,0.00028,0.00435233059559668));
#2599=CARTESIAN_POINT('',(-0.00592875797301531,0.00028,0.00440316130407154));
#2600=CARTESIAN_POINT('',(-0.00593875270506079,0.00028,0.00437133693312747));
#2601=CARTESIAN_POINT('',(-0.00596744391556929,0.00028,0.0042799808345445));
#2602=CARTESIAN_POINT('',(-0.0055874455073743,0.00028,0.00424873231011288));
#2603=CARTESIAN_POINT('',(-0.00526746343845759,0.00028,0.00441756171230057));
#2604=CARTESIAN_POINT('',(-0.00484197304965881,0.00028,0.00451845697723507));
#2605=CARTESIAN_POINT('',(-0.00440327877661007,0.00028,0.00448113980802352));
#2606=CARTESIAN_POINT('',(-0.00369880878816879,0.00028,0.00450216574649584));
#2607=CARTESIAN_POINT('',(-0.00298396139885704,0.00028,0.00439638889734984));
#2608=CARTESIAN_POINT('',(-0.00229307073144206,0.00028,0.00434468885763633));
#2609=CARTESIAN_POINT('',(-0.00201662160510706,0.00028,0.00431368871016618));
#2610=CARTESIAN_POINT('',(-0.00200619569963068,0.00028,0.00438769269264756));
#2611=CARTESIAN_POINT('',(-0.0020184310618788,0.00028,0.00440316130407154));
#2612=CARTESIAN_POINT('',(-0.00592875797301531,0.00028,0.00440316130407154));
#2613=CARTESIAN_POINT('',(-0.00592875797301531,0.00028,0.00440316130407154));
#2614=CARTESIAN_POINT('',(-0.00592875797301531,7.E-5,0.00440316130407154));
#2615=CARTESIAN_POINT('',(-0.00592875797301531,7.E-5,0.00440316130407154));
#2616=CARTESIAN_POINT('',(-0.00594106349616495,7.E-5,0.00436397910973228));
#2617=CARTESIAN_POINT('',(-0.00592107593648993,7.E-5,0.00427750636287676));
#2618=CARTESIAN_POINT('',(-0.0057345889850876,7.E-5,0.00426977760176833));
#2619=CARTESIAN_POINT('',(-0.00554453406838147,7.E-5,0.00428260143954754));
#2620=CARTESIAN_POINT('',(-0.00531572639616821,7.E-5,0.00438428432409842));
#2621=CARTESIAN_POINT('',(-0.00501077241507248,7.E-5,0.00449073536005414));
#2622=CARTESIAN_POINT('',(-0.00459798029467029,7.E-5,0.004503358620299));
#2623=CARTESIAN_POINT('',(-0.00410052054142586,7.E-5,0.00448759848176559));
#2624=CARTESIAN_POINT('',(-0.00360336614415386,7.E-5,0.00448475861638646));
#2625=CARTESIAN_POINT('',(-0.0031089619988011,7.E-5,0.00441552428981025));
#2626=CARTESIAN_POINT('',(-0.00261256658168795,7.E-5,0.00437356310125703));
#2627=CARTESIAN_POINT('',(-0.00228269050724524,7.E-5,0.00432977878612572));
#2628=CARTESIAN_POINT('',(-0.00211616062876494,7.E-5,0.00432813904504552));
#2629=CARTESIAN_POINT('',(-0.00202504095866443,0.00028,0.00440958956127383));
#2630=CARTESIAN_POINT('',(-0.00202504095866443,3.07857697333281E-5,0.00440958956127383));
#2631=CARTESIAN_POINT('',(-0.0020493897106922,0.00028,0.00442825413762807));
#2632=CARTESIAN_POINT('',(-0.0020493897106922,3.07857697333281E-5,0.00442825413762807));
#2633=CARTESIAN_POINT('',(-0.00210370273304485,0.00028,0.00442961842570202));
#2634=CARTESIAN_POINT('',(-0.00210370273304485,3.07857697333281E-5,0.00442961842570202));
#2635=CARTESIAN_POINT('',(-0.00215801575539768,0.00028,0.00443098271377611));
#2636=CARTESIAN_POINT('',(-0.00215801575539768,3.07857697333281E-5,0.00443098271377611));
#2637=CARTESIAN_POINT('',(-0.00215801575539768,0.00028,0.00443098271377611));
#2638=CARTESIAN_POINT('',(-0.00215801575539768,0.00028,0.00443098271377611));
#2639=CARTESIAN_POINT('',(-0.00202504095866443,0.00028,0.00440958956127383));
#2640=CARTESIAN_POINT('',(-0.00204938971069202,0.00028,0.00442825413762793));
#2641=CARTESIAN_POINT('',(-0.00210370273304485,0.00028,0.00442961842570202));
#2642=CARTESIAN_POINT('',(-0.00215801575539768,0.00028,0.00443098271377611));
#2643=CARTESIAN_POINT('',(-0.00592875797301531,0.00028,0.00440316130407154));
#2644=CARTESIAN_POINT('',(-0.00592875797301531,5.74385808454309E-6,0.00440316130407154));
#2645=CARTESIAN_POINT('',(-0.00584743075206212,0.00028,0.00439526682953066));
#2646=CARTESIAN_POINT('',(-0.00584743075206212,5.74385808454309E-6,0.00439526682953066));
#2647=CARTESIAN_POINT('',(-0.0056473220943796,0.00028,0.004375842180748));
#2648=CARTESIAN_POINT('',(-0.0056473220943796,5.74385808454309E-6,0.004375842180748));
#2649=CARTESIAN_POINT('',(-0.0050948200966193,0.00028,0.0045797272401415));
#2650=CARTESIAN_POINT('',(-0.0050948200966193,5.74385808454309E-6,0.0045797272401415));
#2651=CARTESIAN_POINT('',(-0.00444660555386613,0.00028,0.00462522337647789));
#2652=CARTESIAN_POINT('',(-0.00444660555386613,5.74385808454309E-6,0.00462522337647789));
#2653=CARTESIAN_POINT('',(-0.00366872663292335,0.00028,0.00460208830752392));
#2654=CARTESIAN_POINT('',(-0.00366872663292335,5.74385808454309E-6,0.00460208830752392));
#2655=CARTESIAN_POINT('',(-0.0029836983715702,0.00028,0.00457407680878189));
#2656=CARTESIAN_POINT('',(-0.0029836983715702,5.74385808454309E-6,0.00457407680878189));
#2657=CARTESIAN_POINT('',(-0.00244197137212627,0.00028,0.0044801933562212));
#2658=CARTESIAN_POINT('',(-0.00244197137212627,5.74385808454309E-6,0.0044801933562212));
#2659=CARTESIAN_POINT('',(-0.00215801575539768,0.00028,0.00443098271377611));
#2660=CARTESIAN_POINT('',(-0.00215801575539768,5.74385808454309E-6,0.00443098271377611));
#2661=CARTESIAN_POINT('',(-0.0022854820412835,0.000104241077332297,0.00445301744973755));
#2662=CARTESIAN_POINT('',(-0.00237725755173951,7.27474329346018E-5,0.00446880209331806));
#2663=CARTESIAN_POINT('',(-0.00247515591073703,7.00000000004555E-5,0.00448538244430364));
#2664=CARTESIAN_POINT('',(-0.00257183518630058,7.E-5,0.00450075934464861));
#2665=CARTESIAN_POINT('',(-0.0022854820412835,0.000104241077332297,0.00445301744973755));
#2666=CARTESIAN_POINT('',(-0.00257183518630058,7.E-5,0.00450075934464861));
#2667=CARTESIAN_POINT('',(-0.00257183518630058,7.E-5,0.00450075934464861));
#2668=CARTESIAN_POINT('',(-0.00285090294880522,7.E-5,0.00454514524998882));
#2669=CARTESIAN_POINT('',(-0.00341223717984001,7.E-5,0.00460090432703223));
#2670=CARTESIAN_POINT('',(-0.00425773383093694,7.E-5,0.00462153341866173));
#2671=CARTESIAN_POINT('',(-0.00511026127929152,7.00000000000001E-5,0.00459956948002144));
#2672=CARTESIAN_POINT('',(-0.00564301752967155,7.E-5,0.00437542433447096));
#2673=CARTESIAN_POINT('',(-0.00592875797301531,7.E-5,0.00440316130407154));
#2674=CARTESIAN_POINT('',(-0.00592875797301531,0.00028,0.00440316130407154));
#2675=CARTESIAN_POINT('',(-0.00584743075206212,0.00028,0.00439526682953066));
#2676=CARTESIAN_POINT('',(-0.0056473220943796,0.00028,0.004375842180748));
#2677=CARTESIAN_POINT('',(-0.0050948200966193,0.00028,0.0045797272401415));
#2678=CARTESIAN_POINT('',(-0.00444660555386613,0.00028,0.00462522337647789));
#2679=CARTESIAN_POINT('',(-0.00366872663292335,0.00028,0.00460208830752392));
#2680=CARTESIAN_POINT('',(-0.0029836983715702,0.00028,0.00457407680878189));
#2681=CARTESIAN_POINT('',(-0.00244197137212627,0.00028,0.0044801933562212));
#2682=CARTESIAN_POINT('',(-0.00215801575539768,0.00028,0.00443098271377611));
#2683=CARTESIAN_POINT('',(-0.00225324434152339,7.37958060093748E-6,0.00444746300949047));
#2684=CARTESIAN_POINT('',(-0.00226398974552466,3.96667459157812E-5,0.00444931737243484));
#2685=CARTESIAN_POINT('',(-0.00227473559460599,7.19539114660139E-5,0.00445116914805145));
#2686=CARTESIAN_POINT('',(-0.0022854820412835,0.000104241077332297,0.00445301744973755));
#2687=CARTESIAN_POINT('',(-0.00496376403607428,0.00028,0.004280259225139));
#2688=CARTESIAN_POINT('',(-0.00196874312406392,0.00028,0.00430685672320665));
#2689=CARTESIAN_POINT('',(-0.000461832305882126,0.00028,0.00210537139791996));
#2690=CARTESIAN_POINT('',(-0.000461832305882126,0.00014,0.00210537139791996));
#2691=CARTESIAN_POINT('',(-0.000403948945525736,0.00028,0.00208873429941775));
#2692=CARTESIAN_POINT('',(-0.000403948945525736,0.00014,0.00208873429941775));
#2693=CARTESIAN_POINT('',(-0.000285307552915323,0.00028,0.00205671260536472));
#2694=CARTESIAN_POINT('',(-0.000285307552915323,0.00014,0.00205671260536472));
#2695=CARTESIAN_POINT('',(-0.000140024415955926,0.00028,0.00190379673868309));
#2696=CARTESIAN_POINT('',(-0.000140024415955926,0.00014,0.00190379673868309));
#2697=CARTESIAN_POINT('',(8.62776263207796E-5,0.00028,0.00158001772385867));
#2698=CARTESIAN_POINT('',(8.62776263207796E-5,0.00014,0.00158001772385867));
#2699=CARTESIAN_POINT('',(0.000562888950428869,0.00028,0.00125528839809734));
#2700=CARTESIAN_POINT('',(0.000562888950428869,0.00014,0.00125528839809734));
#2701=CARTESIAN_POINT('',(0.00101539274607715,0.00028,0.00142080549782902));
#2702=CARTESIAN_POINT('',(0.00101539274607715,0.00014,0.00142080549782902));
#2703=CARTESIAN_POINT('',(0.0011217389454639,0.00028,0.00148896958406707));
#2704=CARTESIAN_POINT('',(0.0011217389454639,0.00014,0.00148896958406707));
#2705=CARTESIAN_POINT('',(0.00104290416963664,0.00014,0.0014460223133046));
#2706=CARTESIAN_POINT('',(0.00108981472920494,0.000140000000172445,0.00146823198522291));
#2707=CARTESIAN_POINT('',(0.00112173894430483,0.000193299495493133,0.00148896958332414));
#2708=CARTESIAN_POINT('',(0.00112173894430483,0.000245,0.00148896958332414));
#2709=CARTESIAN_POINT('',(0.00104290416963664,0.00014,0.0014460223133046));
#2710=CARTESIAN_POINT('',(0.00112173894430483,0.000245,0.00148896958332414));
#2711=CARTESIAN_POINT('',(0.00112173894430483,0.000245,0.00148896958332414));
#2712=CARTESIAN_POINT('',(0.00112173894430474,0.00028,0.00148896958332409));
#2713=CARTESIAN_POINT('',(-0.000461832305882126,0.00028,0.00210537139791996));
#2714=CARTESIAN_POINT('',(-0.000390013387073167,0.00028,0.00208472887787292));
#2715=CARTESIAN_POINT('',(-0.000244442645206346,0.00028,0.00204288827365495));
#2716=CARTESIAN_POINT('',(-0.000113118843813782,0.00028,0.00184192002865571));
#2717=CARTESIAN_POINT('',(0.000156198475722984,0.00028,0.00152141592413164));
#2718=CARTESIAN_POINT('',(0.00061556764473801,0.00028,0.00126006154379733));
#2719=CARTESIAN_POINT('',(0.00114009776970403,0.00028,0.00147344087447754));
#2720=CARTESIAN_POINT('',(0.00119316190225416,0.00028,0.00155086601357648));
#2721=CARTESIAN_POINT('',(0.00120991211151704,0.00028,0.00157530601136386));
#2722=CARTESIAN_POINT('',(-0.000461832305882126,0.00028,0.00210537139791996));
#2723=CARTESIAN_POINT('',(-0.000461832305882126,0.00028,0.00210537139791996));
#2724=CARTESIAN_POINT('',(-0.000461832305882126,0.00014,0.00210537139791996));
#2725=CARTESIAN_POINT('',(-0.000461832305882126,0.00014,0.00210537139791996));
#2726=CARTESIAN_POINT('',(-0.000389605929812244,0.00014,0.00208461176465517));
#2727=CARTESIAN_POINT('',(-0.00023971060205512,0.00014,0.00204168757163436));
#2728=CARTESIAN_POINT('',(-7.01169843493746E-5,0.00014,0.0017788350823684));
#2729=CARTESIAN_POINT('',(0.000178890921357717,0.00014,0.00150385235173489));
#2730=CARTESIAN_POINT('',(0.000602486884148967,0.00014,0.00129240547117058));
#2731=CARTESIAN_POINT('',(0.00090639234623892,0.00014,0.00138139117651998));
#2732=CARTESIAN_POINT('',(0.00104290416963663,0.00014,0.0014460223133046));
#2733=CARTESIAN_POINT('',(0.00113855703966692,0.00028,0.00167214486282319));
#2734=CARTESIAN_POINT('',(0.00113855703966692,0.00014,0.00167214486282319));
#2735=CARTESIAN_POINT('',(0.00112088044491256,0.00028,0.0016710958151296));
#2736=CARTESIAN_POINT('',(0.00112088044491256,0.00014,0.0016710958151296));
#2737=CARTESIAN_POINT('',(0.00108192790932345,0.00028,0.00159708961552083));
#2738=CARTESIAN_POINT('',(0.00108192790932345,0.00014,0.00159708961552083));
#2739=CARTESIAN_POINT('',(0.00102604054283034,0.00028,0.00152819255872798));
#2740=CARTESIAN_POINT('',(0.00102604054283034,0.00014,0.00152819255872798));
#2741=CARTESIAN_POINT('',(0.000935391510823101,0.00028,0.0014851781759346));
#2742=CARTESIAN_POINT('',(0.000935391510823101,0.00014,0.0014851781759346));
#2743=CARTESIAN_POINT('',(0.000759175786994199,0.00028,0.0014204397456055));
#2744=CARTESIAN_POINT('',(0.000759175786994199,0.00014,0.0014204397456055));
#2745=CARTESIAN_POINT('',(0.000540272944997579,0.00028,0.00148135385747666));
#2746=CARTESIAN_POINT('',(0.000540272944997579,0.00014,0.00148135385747666));
#2747=CARTESIAN_POINT('',(0.000374829624786514,0.00028,0.00156614776593974));
#2748=CARTESIAN_POINT('',(0.000374829624786514,0.00014,0.00156614776593974));
#2749=CARTESIAN_POINT('',(0.000248450353881499,0.00028,0.00163015071583618));
#2750=CARTESIAN_POINT('',(0.000248450353881499,0.00014,0.00163015071583618));
#2751=CARTESIAN_POINT('',(0.000102999027804258,0.00028,0.00175960326903064));
#2752=CARTESIAN_POINT('',(0.000102999027804258,0.00014,0.00175960326903064));
#2753=CARTESIAN_POINT('',(-5.42602554208439E-5,0.00028,0.00190844414919761));
#2754=CARTESIAN_POINT('',(-5.42602554208439E-5,0.00014,0.00190844414919761));
#2755=CARTESIAN_POINT('',(-0.000131780956163796,0.00028,0.002128462197621));
#2756=CARTESIAN_POINT('',(-0.000131780956163796,0.00014,0.002128462197621));
#2757=CARTESIAN_POINT('',(-0.000350850957975479,0.00028,0.00211553942570581));
#2758=CARTESIAN_POINT('',(-0.000350850957975479,0.00014,0.00211553942570581));
#2759=CARTESIAN_POINT('',(-0.000461832305882126,0.00028,0.00210537139791996));
#2760=CARTESIAN_POINT('',(-0.000461832305882126,0.00014,0.00210537139791996));
#2761=CARTESIAN_POINT('',(0.00113855703966692,0.00014,0.00167214486282319));
#2762=CARTESIAN_POINT('',(0.00109696292378634,0.00014,0.00166964505356641));
#2763=CARTESIAN_POINT('',(0.00107855108787782,0.00014,0.00155922875505731));
#2764=CARTESIAN_POINT('',(0.000969385394293163,0.00014,0.00150157599217647));
#2765=CARTESIAN_POINT('',(0.000855750326995366,0.00014,0.00145220119915458));
#2766=CARTESIAN_POINT('',(0.000691798002270151,0.00014,0.00142902861140414));
#2767=CARTESIAN_POINT('',(0.000500239803937516,0.00014,0.001506632906993));
#2768=CARTESIAN_POINT('',(0.000276714557088442,0.00014,0.00160224748243242));
#2769=CARTESIAN_POINT('',(9.78185061771066E-5,0.00014,0.00176633690001444));
#2770=CARTESIAN_POINT('',(-4.30160916344786E-5,0.00014,0.00190525169813557));
#2771=CARTESIAN_POINT('',(-0.000116152009013923,0.00014,0.00205433964388974));
#2772=CARTESIAN_POINT('',(-0.000257789157009173,0.00014,0.00213738551137607));
#2773=CARTESIAN_POINT('',(-0.000382728643914293,0.00014,0.00211261881604943));
#2774=CARTESIAN_POINT('',(-0.000461832305882126,0.00014,0.00210537139791996));
#2775=CARTESIAN_POINT('',(0.00113855703966692,0.00028,0.00167214486282319));
#2776=CARTESIAN_POINT('',(0.00111632629166406,0.00028,0.00167082554113012));
#2777=CARTESIAN_POINT('',(0.00106800468088702,0.00028,0.00156228842135966));
#2778=CARTESIAN_POINT('',(0.000984056196039281,0.00028,0.00150565893145242));
#2779=CARTESIAN_POINT('',(0.000773656352440325,0.00028,0.00141564921867216));
#2780=CARTESIAN_POINT('',(0.000556568190080015,0.00028,0.00147666925305168));
#2781=CARTESIAN_POINT('',(0.000388598530175056,0.00028,0.00156193499391574));
#2782=CARTESIAN_POINT('',(0.000234839257321312,0.00028,0.00163045188224579));
#2783=CARTESIAN_POINT('',(4.45487751247133E-5,0.00028,0.00181965984573932));
#2784=CARTESIAN_POINT('',(-7.26808746561289E-5,0.00028,0.00195349155300421));
#2785=CARTESIAN_POINT('',(-0.000159444979309697,0.00028,0.00213307589779019));
#2786=CARTESIAN_POINT('',(-0.000352391307691976,0.00028,0.00211539830002107));
#2787=CARTESIAN_POINT('',(-0.000461832305882126,0.00028,0.00210537139791996));
#2788=CARTESIAN_POINT('',(-0.00496376403607428,0.00028,0.004280259225139));
#2789=CARTESIAN_POINT('',(0.0011972870512219,0.00028,0.00137110320329469));
#2790=CARTESIAN_POINT('',(-0.0021407907215426,5.42101086242752E-20,0.00427739858018013));
#2791=CARTESIAN_POINT('',(-0.00202821004228368,5.42101086242752E-20,0.00441137839454633));
#2792=CARTESIAN_POINT('',(-0.00202821004228368,0.000175,0.00441137839454633));
#2793=CARTESIAN_POINT('',(-0.00212010954893077,5.42101086242752E-20,0.00426002058580445));
#2794=CARTESIAN_POINT('',(-0.00200752886967186,7.86400656644027E-19,0.00439400040017066));
#2795=CARTESIAN_POINT('',(-0.00200752886967186,0.000175,0.00439400040017065));
#2796=CARTESIAN_POINT('',(-0.00207680172119266,-6.20454916090681E-21,0.00423011434436035));
#2797=CARTESIAN_POINT('',(-0.00200625906435632,-3.36550774190853E-19,0.0043940956650598));
#2798=CARTESIAN_POINT('',(-0.00200625906435632,0.000175,0.0043940956650598));
#2799=CARTESIAN_POINT('',(-0.00197923943999279,1.39442963053085E-19,0.00419760271668027));
#2800=CARTESIAN_POINT('',(-0.00194500557371486,3.26792992163294E-19,0.00436883265759922));
#2801=CARTESIAN_POINT('',(-0.00194500557371486,0.000175,0.00436883265759921));
#2802=CARTESIAN_POINT('',(-0.0017954595432725,-1.20012053500886E-18,0.00417316561704408));
#2803=CARTESIAN_POINT('',(-0.00178321764619052,-1.32324733823196E-18,0.00434910578160675));
#2804=CARTESIAN_POINT('',(-0.00178321764619052,0.000174999999999999,0.00434910578160675));
#2805=CARTESIAN_POINT('',(-0.00153866261180808,-2.04204807917439E-19,0.00412449455958401));
#2806=CARTESIAN_POINT('',(-0.00147001719365961,-2.54582890412924E-19,0.00428764933462003));
#2807=CARTESIAN_POINT('',(-0.0014700171936596,0.000175,0.00428764933462003));
#2808=CARTESIAN_POINT('',(-0.00125855001725591,-1.5243745829781E-18,0.00399361343649384));
#2809=CARTESIAN_POINT('',(-0.00119265991172523,-1.67307668324601E-18,0.00415543391277745));
#2810=CARTESIAN_POINT('',(-0.00119265991172523,0.000174999999999999,0.00415543391277745));
#2811=CARTESIAN_POINT('',(-0.000965273503095097,-1.17929185032016E-18,0.0039051488077519));
#2812=CARTESIAN_POINT('',(-0.000922196576167956,-5.34105366753031E-19,0.00407535622440964));
#2813=CARTESIAN_POINT('',(-0.000922196576167955,0.000174999999999999,0.00407535622440964));
#2814=CARTESIAN_POINT('',(-0.000674643017228097,2.50104448918374E-18,0.0038085948030674));
#2815=CARTESIAN_POINT('',(-0.000605773447963511,2.50845554327551E-18,0.00397004108112157));
#2816=CARTESIAN_POINT('',(-0.000605773447963511,0.000175000000000002,0.00397004108112157));
#2817=CARTESIAN_POINT('',(-0.000385702564516787,-6.93369812773513E-19,0.00370528982014284));
#2818=CARTESIAN_POINT('',(-0.000345314044828116,-1.36820051270774E-18,0.00387603910310927));
#2819=CARTESIAN_POINT('',(-0.000345314044828116,0.000175,0.00387603910310927));
#2820=CARTESIAN_POINT('',(-8.49260602304124E-5,2.72434761910314E-19,0.00364611200986235));
#2821=CARTESIAN_POINT('',(-4.81982857588461E-5,5.24891619463054E-19,0.00381711437272461));
#2822=CARTESIAN_POINT('',(-4.8198285758846E-5,0.000175,0.00381711437272461));
#2823=CARTESIAN_POINT('',(0.000211079382115984,-2.33738908994918E-19,0.00356917232801102));
#2824=CARTESIAN_POINT('',(0.000257678215214693,-5.68735639271653E-19,0.00373803047249724));
#2825=CARTESIAN_POINT('',(0.000257678215214693,0.000175,0.00373803047249724));
#2826=CARTESIAN_POINT('',(0.000459340546363942,6.48669515119335E-19,0.00351094449677386));
#2827=CARTESIAN_POINT('',(0.000492183108206171,1.49911177970171E-18,0.00368290051187355));
#2828=CARTESIAN_POINT('',(0.000492183108206172,0.000175,0.00368290051187355));
#2829=CARTESIAN_POINT('',(0.000661906292642138,-1.03954218247941E-18,0.00347913918687469));
#2830=CARTESIAN_POINT('',(0.000686540806301926,-1.20229630568974E-18,0.00365253116944273));
#2831=CARTESIAN_POINT('',(0.000686540806301925,0.000174999999999999,0.00365253116944273));
#2832=CARTESIAN_POINT('',(0.000789416107528068,-1.40448269773989E-20,0.00346247572265945));
#2833=CARTESIAN_POINT('',(0.000811789802689938,3.72392349347438E-21,0.00363567966809398));
#2834=CARTESIAN_POINT('',(0.000811789802689938,0.000175,0.00363567966809399));
#2835=CARTESIAN_POINT('',(0.000890490042799501,3.14504287991615E-19,0.00344602661958004));
#2836=CARTESIAN_POINT('',(0.00092471357613442,3.15071361786108E-19,0.00361853870451673));
#2837=CARTESIAN_POINT('',(0.00092471357613442,0.000175,0.00361853870451673));
#2838=CARTESIAN_POINT('',(0.000963612646489693,-1.16347927785848E-18,0.00342274665831237));
#2839=CARTESIAN_POINT('',(0.00103877168585707,-1.17921590433823E-18,0.00358248027678867));
#2840=CARTESIAN_POINT('',(0.00103877168585707,0.000174999999999999,0.00358248027678867));
#2841=CARTESIAN_POINT('',(0.00102889223774973,5.98915328367311E-19,0.00338530669037505));
#2842=CARTESIAN_POINT('',(0.0011221712163814,6.61294760491834E-19,0.00353260789801478));
#2843=CARTESIAN_POINT('',(0.0011221712163814,0.000175,0.00353260789801478));
#2844=CARTESIAN_POINT('',(0.00108200751884776,-9.26999141614412E-19,0.00335111163726523));
#2845=CARTESIAN_POINT('',(0.00118076355810637,-1.11142015460894E-18,0.00349786029645196));
#2846=CARTESIAN_POINT('',(0.00118076355810637,0.000174999999999999,0.00349786029645196));
#2847=CARTESIAN_POINT('',(0.00111611627144405,1.31048934044596E-18,0.00332286571460376));
#2848=CARTESIAN_POINT('',(0.00123354912512856,1.56698340866623E-18,0.00345080273960635));
#2849=CARTESIAN_POINT('',(0.00123354912512856,0.000175000000000001,0.00345080273960635));
#2850=CARTESIAN_POINT('',(0.00113390202527301,-1.87143232822304E-19,0.00330493273854626));
#2851=CARTESIAN_POINT('',(0.00126676838057521,-6.37143500517884E-19,0.00342366869506368));
#2852=CARTESIAN_POINT('',(0.00126676838057521,0.000175,0.00342366869506368));
#2853=CARTESIAN_POINT('',(0.0011462514033282,2.92104909848864E-20,0.00328237826705508));
#2854=CARTESIAN_POINT('',(0.0013274270890587,3.04313683967075E-19,0.00331335078049461));
#2855=CARTESIAN_POINT('',(0.00132742708905871,0.000175,0.00331335078049461));
#2856=CARTESIAN_POINT('',(0.00115177409099528,1.07939755992955E-18,0.00325082792177115));
#2857=CARTESIAN_POINT('',(0.00132065249896267,8.53470161567748E-19,0.00328413121579078));
#2858=CARTESIAN_POINT('',(0.00132065249896266,0.000175000000000001,0.00328413121579079));
#2859=CARTESIAN_POINT('',(0.00115948954834185,-4.54472746767895E-19,0.0032008124263811));
#2860=CARTESIAN_POINT('',(0.00133533197101616,-3.2515120787693E-19,0.00322048457156572));
#2861=CARTESIAN_POINT('',(0.00133533197101619,0.000175,0.00322048457156568));
#2862=CARTESIAN_POINT('',(0.00116913039190378,-9.00157264054608E-19,0.00313790173947688));
#2863=CARTESIAN_POINT('',(0.0013396266259376,-9.34414122264275E-19,0.00317351163995461));
#2864=CARTESIAN_POINT('',(0.00133962662593736,0.000174999999999999,0.00317351163995494));
#2865=CARTESIAN_POINT('',(0.00118313791698313,2.25467404453995E-19,0.00306263914639156));
#2866=CARTESIAN_POINT('',(0.00135939432067628,2.00457618981572E-19,0.00307966456278135));
#2867=CARTESIAN_POINT('',(0.00135939432067713,0.000175,0.00307966456278016));
#2868=CARTESIAN_POINT('',(0.00117647721462555,1.60917972111453E-19,0.00298680368376741));
#2869=CARTESIAN_POINT('',(0.0013488285609822,2.95213972210811E-19,0.00294988857616039));
#2870=CARTESIAN_POINT('',(0.001348828560979,0.000175,0.00294988857616483));
#2871=CARTESIAN_POINT('',(0.00115483655666615,-9.95651280073131E-19,0.0028853891792101));
#2872=CARTESIAN_POINT('',(0.00132550058323287,-1.07279426318163E-18,0.00285014639553062));
#2873=CARTESIAN_POINT('',(0.00132550058324984,0.000174999999999999,0.00285014639550703));
#2874=CARTESIAN_POINT('',(0.00113052590263012,-7.88396262904547E-19,0.00275869721081389));
#2875=CARTESIAN_POINT('',(0.00130544899547325,-7.6558941542485E-19,0.00273885855180252));
#2876=CARTESIAN_POINT('',(0.00130544899533655,0.000175,0.00273885855199265));
#2877=CARTESIAN_POINT('',(0.00112810731049589,2.87559514177218E-19,0.00260295317837639));
#2878=CARTESIAN_POINT('',(0.00130312352313342,2.9346507348457E-19,0.00261350391040244));
#2879=CARTESIAN_POINT('',(0.00130312352363252,0.000175,0.00261350390970827));
#2880=CARTESIAN_POINT('',(0.00114215359050265,-3.65811420586809E-20,0.00244741629153861));
#2881=CARTESIAN_POINT('',(0.00131652418052312,-8.30102267677875E-20,0.00246174900259086));
#2882=CARTESIAN_POINT('',(0.00131652417866343,0.000175,0.00246174900517742));
#2883=CARTESIAN_POINT('',(0.00114619766986745,-1.41234945942493E-19,0.00229159747705914));
#2884=CARTESIAN_POINT('',(0.00132154862478091,3.85758335865819E-20,0.00229088261460071));
#2885=CARTESIAN_POINT('',(0.00132154863172058,0.000175,0.00229088260494867));
#2886=CARTESIAN_POINT('',(0.00114823007160126,6.1325355209416E-19,0.00216172249311491));
#2887=CARTESIAN_POINT('',(0.00132253384792466,8.2543654176337E-20,0.00216587681603077));
#2888=CARTESIAN_POINT('',(0.00132253382749877,0.000175,0.00216587684444013));
#2889=CARTESIAN_POINT('',(0.00114854808658168,-1.07560940458099E-18,0.00205767840267903));
#2890=CARTESIAN_POINT('',(0.00132471219485419,-1.56293744234724E-19,0.00205479872281655));
#2891=CARTESIAN_POINT('',(0.00132471223023286,0.000175,0.00205479867361013));
#2892=CARTESIAN_POINT('',(0.00114385095939258,3.70902310323601E-19,0.00198032421448356));
#2893=CARTESIAN_POINT('',(0.00131407924218222,-3.13815682270959E-18,0.0019624772750414));
#2894=CARTESIAN_POINT('',(0.00131407910714228,0.000174999999999998,0.0019624774628617));
#2895=CARTESIAN_POINT('',(0.00113461562420163,-8.27391849677679E-20,0.00190100763251134));
#2896=CARTESIAN_POINT('',(0.0013218191607323,1.30341816868187E-17,0.00186583256945513));
#2897=CARTESIAN_POINT('',(0.00132181966551337,0.000175000000000008,0.00186583186738037));
#2898=CARTESIAN_POINT('',(0.00110140948116427,5.42101086242752E-20,0.00185906097237327));
#2899=CARTESIAN_POINT('',(0.00121233540823682,-2.82125658368554E-17,0.00172327658257419));
#2900=CARTESIAN_POINT('',(0.00121233432044094,0.000174999999999983,0.00172327809553511));
#2901=CARTESIAN_POINT('',(0.00108024085068617,5.42101086242752E-20,0.00184384204352531));
#2902=CARTESIAN_POINT('',(0.00118239915866966,5.42101086242752E-20,0.00170175516830472));
#2903=CARTESIAN_POINT('',(0.00118239915866966,0.000175,0.00170175516830472));
#2904=CARTESIAN_POINT('',(-0.00195164075082653,0.000175,0.00437473535629283));
#2905=CARTESIAN_POINT('',(-0.00195164075082653,7.22595506671838E-5,0.00437473535629283));
#2906=CARTESIAN_POINT('',(-0.00201746050937259,-1.43209985864009E-18,0.00428266101555863));
#2907=CARTESIAN_POINT('',(-0.00211684985230116,7.74862398063909E-19,0.00425814243819263));
#2908=CARTESIAN_POINT('',(0.00108024085068617,0.000175,0.00184384204352531));
#2909=CARTESIAN_POINT('',(0.00108024085068617,0.000175,0.00184384204352531));
#2910=CARTESIAN_POINT('',(0.00110569078183088,0.,0.00180844500864574));
#2911=CARTESIAN_POINT('',(0.00113477081244313,9.39677057791669E-19,0.00176799905018602));
#2912=CARTESIAN_POINT('',(0.00116336352181558,1.96899398482977E-5,0.00172823088243721));
#2913=CARTESIAN_POINT('',(0.00118239915866966,5.74035069924607E-5,0.00170175516830472));
#2914=CARTESIAN_POINT('',(-0.00227361682367912,0.000104241077332297,0.00452200452541989));
#2915=CARTESIAN_POINT('',(-0.00227361682367914,0.000104241077332297,0.0045220045254199));
#2916=CARTESIAN_POINT('',(-0.00257183518630058,7.E-5,0.00450075934464861));
#2917=CARTESIAN_POINT('',(-0.00257183518629993,-9.41087485717418E-16,0.00450075934464851));
#2918=CARTESIAN_POINT('',(-0.0025608398482368,0.,0.00456989039802548));
#2919=CARTESIAN_POINT('',(-0.00247532095632212,6.99999732107875E-5,0.00448540869490906));
#2920=CARTESIAN_POINT('',(-0.0024633328525543,-1.20480053381313E-5,0.00448350196674109));
#2921=CARTESIAN_POINT('',(-0.00245872909450398,1.10745373356741E-15,0.00456488240851873));
#2922=CARTESIAN_POINT('',(-0.00237733156556772,7.27228001803651E-5,0.00446881482311092));
#2923=CARTESIAN_POINT('',(-0.00235565625985278,-2.37839281262457E-5,0.00446514964100023));
#2924=CARTESIAN_POINT('',(-0.00235429234591016,3.81122353237642E-6,0.0045600138634589));
#2925=CARTESIAN_POINT('',(-0.0022854820412835,0.000104241077332295,0.00445301744973755));
#2926=CARTESIAN_POINT('',(-0.00224574131519872,-1.51579624852397E-5,0.00444618236710666));
#2927=CARTESIAN_POINT('',(-0.00224860668782912,4.79375082652135E-5,0.00455523705790047));
#2928=CARTESIAN_POINT('',(-0.00256083984823759,7.E-5,0.00456989039802465));
#2929=CARTESIAN_POINT('',(-0.0025608398482376,0.,0.00456989039802465));
#2930=CARTESIAN_POINT('',(-0.00257183518630058,1.20370621524202E-35,0.00450075934464861));
#2931=CARTESIAN_POINT('',(-0.00257183518630058,7.E-5,0.00450075934464861));
#2932=CARTESIAN_POINT('',(-0.00284654266766382,0.,0.00461533163143611));
#2933=CARTESIAN_POINT('',(-0.00285617242827102,-5.21133733696213E-33,0.00454598338183551));
#2934=CARTESIAN_POINT('',(-0.00285617243102946,7.00000000000117E-5,0.00454598336449228));
#2935=CARTESIAN_POINT('',(-0.00342140871127409,0.,0.00467204012394783));
#2936=CARTESIAN_POINT('',(-0.00342193144168318,-1.06419040689797E-18,0.00460204380040319));
#2937=CARTESIAN_POINT('',(-0.00342193144040065,6.99999999999945E-5,0.00460204380846728));
#2938=CARTESIAN_POINT('',(-0.00428657716129791,0.,0.00469039621037542));
#2939=CARTESIAN_POINT('',(-0.00429033672977275,3.72466642414292E-18,0.00461988378899861));
#2940=CARTESIAN_POINT('',(-0.00429033673012395,7.00000000000015E-5,0.00461988378678915));
#2941=CARTESIAN_POINT('',(-0.00501518381526881,0.,0.00467617223034604));
#2942=CARTESIAN_POINT('',(-0.00500301691056923,-1.09079516707043E-17,0.00460779187757994));
#2943=CARTESIAN_POINT('',(-0.00500301691052588,6.99999999999998E-5,0.0046077918778565));
#2944=CARTESIAN_POINT('',(-0.00556448484503067,0.,0.00446867624792551));
#2945=CARTESIAN_POINT('',(-0.00553745888720976,1.88893797224391E-17,0.00440146370917833));
#2946=CARTESIAN_POINT('',(-0.00553745888721755,7.E-5,0.00440146370912241));
#2947=CARTESIAN_POINT('',(-0.00585311298251682,0.,0.00446614742718645));
#2948=CARTESIAN_POINT('',(-0.00585987612919269,-4.17694734707455E-17,0.00439647490859267));
#2949=CARTESIAN_POINT('',(-0.00585987612919488,7.E-5,0.00439647490859416));
#2950=CARTESIAN_POINT('',(-0.00599947471292614,0.,0.00448035483450892));
#2951=CARTESIAN_POINT('',(-0.00600623785960423,8.13151629364128E-20,0.00441068231591651));
#2952=CARTESIAN_POINT('',(-0.00600623785960423,7.E-5,0.00441068231591651));
#2953=CARTESIAN_POINT('',(-0.00592875797301531,7.E-5,0.00440316130407154));
#2954=CARTESIAN_POINT('',(-0.00592875797301531,2.73944487811992E-5,0.00440316130407154));
#2955=CARTESIAN_POINT('',(-0.00595538312245978,-9.48676900924816E-21,0.00444337205964533));
#2956=CARTESIAN_POINT('',(-0.00597852432606839,-9.48676900924816E-21,0.00447832116984251));
#2957=CARTESIAN_POINT('',(-0.00211616062876494,7.E-5,0.00432813904504551));
#2958=CARTESIAN_POINT('',(-0.00211616062876494,0.,0.00432813904504551));
#2959=CARTESIAN_POINT('',(-0.00211684985230116,0.,0.00425814243819263));
#2960=CARTESIAN_POINT('',(-0.002270422725968,7.00000000000071E-5,0.00432965799107616));
#2961=CARTESIAN_POINT('',(-0.00227042271562928,-1.19013518477338E-18,0.00432965904105629));
#2962=CARTESIAN_POINT('',(-0.00229247416315392,0.,0.00425987335385654));
#2963=CARTESIAN_POINT('',(-0.00264273918287732,6.99999999999966E-5,0.00437525247724969));
#2964=CARTESIAN_POINT('',(-0.00264273918767554,6.26668967156637E-19,0.00437525198995188));
#2965=CARTESIAN_POINT('',(-0.00264047378089988,0.,0.00430542311854365));
#2966=CARTESIAN_POINT('',(-0.00315174997784957,7.00000000000009E-5,0.00442127406765358));
#2967=CARTESIAN_POINT('',(-0.00315174997656388,-1.64193119078926E-19,0.00442127419822571));
#2968=CARTESIAN_POINT('',(-0.00316369422319682,0.,0.00435199490564842));
#2969=CARTESIAN_POINT('',(-0.00368125309970379,6.99999999999997E-5,0.00449330513686351));
#2970=CARTESIAN_POINT('',(-0.00368125310004833,3.01035091590658E-20,0.00449330510187279));
#2971=CARTESIAN_POINT('',(-0.00368558907182599,0.,0.00442321970400071));
#2972=CARTESIAN_POINT('',(-0.00421220638832078,7.00000000000001E-5,0.00448081256799315));
#2973=CARTESIAN_POINT('',(-0.00421220638822832,4.37790824426623E-20,0.0044808125773839));
#2974=CARTESIAN_POINT('',(-0.00420923038591472,0.,0.00441125847204817));
#2975=CARTESIAN_POINT('',(-0.00472945852573441,7.E-5,0.00452288068947261));
#2976=CARTESIAN_POINT('',(-0.00472945852575973,-2.05219838929716E-19,0.00452288068690031));
#2977=CARTESIAN_POINT('',(-0.00473773541652986,0.,0.00445118310429787));
#2978=CARTESIAN_POINT('',(-0.00518750225782765,7.E-5,0.00444590835684956));
#2979=CARTESIAN_POINT('',(-0.0051875022578245,6.1338025457521E-19,0.00444590835716955));
#2980=CARTESIAN_POINT('',(-0.00516048056071337,0.,0.00438092793439174));
#2981=CARTESIAN_POINT('',(-0.00549992630438466,7.E-5,0.00429830676054016));
#2982=CARTESIAN_POINT('',(-0.00549992630438526,-1.68573698148897E-19,0.00429830676047864));
#2983=CARTESIAN_POINT('',(-0.00547383441037288,0.,0.00423273554187803));
#2984=CARTESIAN_POINT('',(-0.00568706080217,7.E-5,0.00426724835956892));
#2985=CARTESIAN_POINT('',(-0.00568706080216993,1.85573572143019E-19,0.00426724835957656));
#2986=CARTESIAN_POINT('',(-0.00568486267414583,0.,0.00419596801331808));
#2987=CARTESIAN_POINT('',(-0.00584683190388942,7.E-5,0.00427482007039949));
#2988=CARTESIAN_POINT('',(-0.00584683190388944,-2.59660108759449E-19,0.00427482007039805));
#2989=CARTESIAN_POINT('',(-0.00585303886665314,0.,0.0042062599129546));
#2990=CARTESIAN_POINT('',(-0.00593769092473858,7.E-5,0.00431198510582721));
#2991=CARTESIAN_POINT('',(-0.00593769092473857,6.99084908198512E-20,0.0043119851058276));
#2992=CARTESIAN_POINT('',(-0.00598786791064159,0.,0.00424356002554334));
#2993=CARTESIAN_POINT('',(-0.00594828377297673,7.E-5,0.00434973284068623));
#2994=CARTESIAN_POINT('',(-0.00594828377297673,-1.99738545199576E-20,0.00434973284068612));
#2995=CARTESIAN_POINT('',(-0.00602354301917376,0.,0.00438090209852933));
#2996=CARTESIAN_POINT('',(-0.00591725684070763,7.E-5,0.00443978222589026));
#2997=CARTESIAN_POINT('',(-0.00591725684070764,0.,0.00443978222589027));
#2998=CARTESIAN_POINT('',(-0.00598404072909194,0.,0.00446075631114491));
#2999=CARTESIAN_POINT('',(-0.00590435102340127,7.E-5,0.00448087582554106));
#3000=CARTESIAN_POINT('',(-0.00590435102340127,0.,0.00448087582554106));
#3001=CARTESIAN_POINT('',(-0.0059711349117856,0.,0.00450184991079572));
#3002=CARTESIAN_POINT('',(-0.00211684985230116,7.E-5,0.00425814243819263));
#3003=CARTESIAN_POINT('',(-0.00202196085541217,0.000175,0.00435233059559669));
#3004=CARTESIAN_POINT('',(-0.00199375038534848,0.000175,0.00438534509685095));
#3005=CARTESIAN_POINT('',(-0.00195164075082654,0.000175,0.00437473535629284));
#3006=CARTESIAN_POINT('',(-0.0020219610213186,0.000138669940453149,0.00435233040143765));
#3007=CARTESIAN_POINT('',(-0.00199375060875205,0.000121899594699835,0.00438534440066197));
#3008=CARTESIAN_POINT('',(-0.0019516409684299,0.000114449900755245,0.00437473541111913));
#3009=CARTESIAN_POINT('',(-0.00203005865756289,7.48089348223114E-5,0.00433657980559441));
#3010=CARTESIAN_POINT('',(-0.0020147601974764,3.20487776311986E-5,0.00433496229993086));
#3011=CARTESIAN_POINT('',(-0.00198901342421992,8.0151137537894E-6,0.00430359226159935));
#3012=CARTESIAN_POINT('',(-0.00208447630563228,7.0000266859842E-5,0.00432782706447654));
#3013=CARTESIAN_POINT('',(-0.00207942156038805,1.04925695200325E-5,0.00432777693869102));
#3014=CARTESIAN_POINT('',(-0.00207263475055104,-2.42479746213872E-18,0.00426904969163321));
#3015=CARTESIAN_POINT('',(-0.00211616062876494,7.E-5,0.00432813904504551));
#3016=CARTESIAN_POINT('',(-0.00211616062876495,-3.41523684332934E-18,0.00432813904504551));
#3017=CARTESIAN_POINT('',(-0.00211684985230116,-7.86046575051991E-19,0.00425814243819263));
#3018=CARTESIAN_POINT('',(-0.00196874312406392,0.000175,0.00430685672320665));
#3019=CARTESIAN_POINT('',(-0.00196874312406392,0.000175,0.00430685672320665));
#3020=CARTESIAN_POINT('',(-0.00122039807371886,0.00014,0.00203587217169637));
#3021=CARTESIAN_POINT('',(-0.00122039807371886,0.,0.00203587217169637));
#3022=CARTESIAN_POINT('',(-0.00123317127099404,0.,0.0021752882591159));
#3023=CARTESIAN_POINT('',(-0.00110698893039958,0.00014,0.00204626263227548));
#3024=CARTESIAN_POINT('',(-0.00110698893039958,0.,0.00204626263227548));
#3025=CARTESIAN_POINT('',(-0.00111976212767476,0.,0.002185678719695));
#3026=CARTESIAN_POINT('',(-0.000879732737832056,0.00014,0.00206705183298558));
#3027=CARTESIAN_POINT('',(-0.000879732737832059,1.05218353637326E-22,0.00206705183298558));
#3028=CARTESIAN_POINT('',(-0.00089272722588101,0.,0.00220795857448612));
#3029=CARTESIAN_POINT('',(-0.000541475884555133,0.00014,0.00209818595673939));
#3030=CARTESIAN_POINT('',(-0.000541475884555132,-3.68264237730642E-22,0.00209818595673939));
#3031=CARTESIAN_POINT('',(-0.000553474564122103,0.,0.00223238475487539));
#3032=CARTESIAN_POINT('',(-0.000251931819732235,0.00014,0.00212427595202566));
#3033=CARTESIAN_POINT('',(-0.000251931819732235,1.07848812478259E-21,0.00212427595202566));
#3034=CARTESIAN_POINT('',(-0.000266973247438602,0.,0.00227897124377552));
#3035=CARTESIAN_POINT('',(-0.000145756500082112,0.00014,0.00208418709576245));
#3036=CARTESIAN_POINT('',(-0.000145756500082111,-1.86762577706254E-21,0.00208418709576245));
#3037=CARTESIAN_POINT('',(-4.43316448368604E-5,0.,0.00219268696414414));
#3038=CARTESIAN_POINT('',(-8.54764319084727E-5,0.00014,0.00197634978837753));
#3039=CARTESIAN_POINT('',(-8.54764319084727E-5,7.12854345892886E-21,0.00197634978837753));
#3040=CARTESIAN_POINT('',(4.22827156552915E-5,0.,0.00203623357580761));
#3041=CARTESIAN_POINT('',(6.01489047580526E-5,0.00014,0.00180383180012345));
#3042=CARTESIAN_POINT('',(6.01489047580526E-5,-2.66465480586529E-20,0.00180383180012345));
#3043=CARTESIAN_POINT('',(0.000155121156415803,0.,0.00190871792761443));
#3044=CARTESIAN_POINT('',(0.000173615196613336,0.00014,0.00168414174818378));
#3045=CARTESIAN_POINT('',(0.000173615196613336,9.94576487756826E-20,0.00168414174818378));
#3046=CARTESIAN_POINT('',(0.000274315662972596,0.,0.00178394738960036));
#3047=CARTESIAN_POINT('',(0.000376971413303507,0.00014,0.00156047693211172));
#3048=CARTESIAN_POINT('',(0.000376971413303507,-3.71184047044077E-19,0.00156047693211172));
#3049=CARTESIAN_POINT('',(0.000425351938401398,0.,0.0016945806697417));
#3050=CARTESIAN_POINT('',(0.000514774988729025,0.00014,0.00150048263395193));
#3051=CARTESIAN_POINT('',(0.000514774988729025,2.46866258290841E-19,0.00150048263395193));
#3052=CARTESIAN_POINT('',(0.000581542614039212,0.,0.00162273819934389));
#3053=CARTESIAN_POINT('',(0.000704593584832922,0.00014,0.0014218185377169));
#3054=CARTESIAN_POINT('',(0.000704593584832923,-4.72423112050937E-19,0.0014218185377169));
#3055=CARTESIAN_POINT('',(0.00072283290755296,0.,0.00156876092915397));
#3056=CARTESIAN_POINT('',(0.00086979401570419,0.00014,0.00146018852224936));
#3057=CARTESIAN_POINT('',(0.00086979401570419,7.26057767180733E-20,0.00146018852224936));
#3058=CARTESIAN_POINT('',(0.00082487780287494,0.,0.00159316469364063));
#3059=CARTESIAN_POINT('',(0.00093671116374705,0.00014,0.00148620985549386));
#3060=CARTESIAN_POINT('',(0.000936711163747051,-1.48665446548415E-19,0.00148620985549386));
#3061=CARTESIAN_POINT('',(0.000879827998427715,0.,0.00161505010966922));
#3062=CARTESIAN_POINT('',(0.000976792350170767,0.00014,0.00150994300204138));
#3063=CARTESIAN_POINT('',(0.000976792350170767,-4.9230962927271E-19,0.00150994300204138));
#3064=CARTESIAN_POINT('',(0.000912710037796935,0.,0.00163173678471578));
#3065=CARTESIAN_POINT('',(0.0010097278934956,0.00014,0.00151917310630934));
#3066=CARTESIAN_POINT('',(0.0010097278934956,3.46684281445662E-19,0.00151917310630934));
#3067=CARTESIAN_POINT('',(0.000939520970348029,0.,0.00164514511092636));
#3068=CARTESIAN_POINT('',(0.00108180344622865,0.00014,0.00159516701130947));
#3069=CARTESIAN_POINT('',(0.00108180344622865,3.42363069202686E-20,0.00159516701130947));
#3070=CARTESIAN_POINT('',(0.000954233639880912,0.,0.00166192000260945));
#3071=CARTESIAN_POINT('',(0.0010831002139184,0.00014,0.00160731717741467));
#3072=CARTESIAN_POINT('',(0.0010831002139184,4.26146849173279E-21,0.00160731717741467));
#3073=CARTESIAN_POINT('',(0.000965034564855615,0.,0.00168083656885892));
#3074=CARTESIAN_POINT('',(0.00110939583696239,0.00014,0.00164725249966339));
#3075=CARTESIAN_POINT('',(0.00110939583696239,-1.06825830266118E-19,0.00164725249966338));
#3076=CARTESIAN_POINT('',(0.000987609478447847,0.,0.00171820786431745));
#3077=CARTESIAN_POINT('',(0.00112935822862149,0.00014,0.00166887316862423));
#3078=CARTESIAN_POINT('',(0.00112935822862149,2.03424136152089E-18,0.00166887316862425));
#3079=CARTESIAN_POINT('',(0.00102454039987815,0.,0.00177297869335788));
#3080=CARTESIAN_POINT('',(0.00112297511614673,0.00014,0.00167165788271092));
#3081=CARTESIAN_POINT('',(0.0011229751161467,-7.31645055188842E-18,0.00167165788271087));
#3082=CARTESIAN_POINT('',(0.00110387920650244,0.,0.00181618417167599));
#3083=CARTESIAN_POINT('',(0.00117152853091512,0.00014,0.001674101612261));
#3084=CARTESIAN_POINT('',(0.0011715285309152,1.57155570467257E-17,0.00167410161226111));
#3085=CARTESIAN_POINT('',(0.00116323458483633,0.,0.00181385571938649));
#3086=CARTESIAN_POINT('',(0.00120046769925692,0.00014,0.00167581905661186));
#3087=CARTESIAN_POINT('',(0.00120046769925692,0.,0.00167581905661186));
#3088=CARTESIAN_POINT('',(0.00119217375317813,0.,0.00181557316373735));
#3089=CARTESIAN_POINT('',(-0.000461832305882126,0.00014,0.00210537139791996));
#3090=CARTESIAN_POINT('',(-0.000461832305882126,0.000105992204544928,0.00210537139791996));
#3091=CARTESIAN_POINT('',(-0.000540066157154596,7.68752373938923E-5,0.00211276747884668));
#3092=CARTESIAN_POINT('',(-0.000658341989852959,4.1802581187157E-5,0.00212394905326856));
#3093=CARTESIAN_POINT('',(-0.000824463453233941,1.83106345505837E-5,0.00213965386348625));
#3094=CARTESIAN_POINT('',(-0.0010202594840109,3.06672672658156E-6,0.00215816405140617));
#3095=CARTESIAN_POINT('',(-0.00115040570172307,1.70666969581661E-18,0.00217046782966667));
#3096=CARTESIAN_POINT('',(-0.00121703400158893,6.73168697548087E-32,0.00217676674362517));
#3097=CARTESIAN_POINT('',(0.00104290416963664,0.00014,0.0014460223133046));
#3098=CARTESIAN_POINT('',(0.00104290416963664,0.,0.0014460223133046));
#3099=CARTESIAN_POINT('',(0.00110281175974359,0.,0.00131948741437321));
#3100=CARTESIAN_POINT('',(0.000866861968423365,0.00014,0.00136267563091994));
#3101=CARTESIAN_POINT('',(0.000866861906506681,-8.48975161945906E-17,0.00136267576169723));
#3102=CARTESIAN_POINT('',(0.000900603403275377,0.,0.00122375268824568));
#3103=CARTESIAN_POINT('',(0.000572019897188536,0.00014,0.00130320529823645));
#3104=CARTESIAN_POINT('',(0.000572019911186751,1.93916992843403E-17,0.00130320526867012));
#3105=CARTESIAN_POINT('',(0.00055061316349695,0.,0.00115591168077205));
#3106=CARTESIAN_POINT('',(0.000232766017110163,0.00014,0.0014827759655507));
#3107=CARTESIAN_POINT('',(0.000232766014418698,-4.02032674237039E-18,0.00148277597123547));
#3108=CARTESIAN_POINT('',(0.000147219475453123,0.,0.0013692274482252));
#3109=CARTESIAN_POINT('',(5.05934298468381E-5,0.00014,0.00165326118112249));
#3110=CARTESIAN_POINT('',(5.05934301816464E-5,5.00113801862532E-19,0.00165326118041532));
#3111=CARTESIAN_POINT('',(-5.40614186530482E-5,0.,0.00155885173908299));
#3112=CARTESIAN_POINT('',(-9.42273245512062E-5,0.00014,0.00181873741994589));
#3113=CARTESIAN_POINT('',(-9.42273246155682E-5,-9.61394948784801E-20,0.00181873742008183));
#3114=CARTESIAN_POINT('',(-0.000199242598544288,0.,0.00172856316032484));
#3115=CARTESIAN_POINT('',(-0.000143289722026159,0.00014,0.00191146939004996));
#3116=CARTESIAN_POINT('',(-0.000143289722018193,1.18996690507876E-20,0.00191146939003314));
#3117=CARTESIAN_POINT('',(-0.000275837832714915,0.,0.0018448459978195));
#3118=CARTESIAN_POINT('',(-0.00029014988026289,0.00014,0.00205402528282487));
#3119=CARTESIAN_POINT('',(-0.000290149880264357,-2.19150531572163E-21,0.00205402528282797));
#3120=CARTESIAN_POINT('',(-0.000355215373837608,0.,0.00192552579943003));
#3121=CARTESIAN_POINT('',(-0.000430328037913275,0.00014,0.00209604017163285));
#3122=CARTESIAN_POINT('',(-0.000430328037912438,1.24936284354224E-21,0.00209604017163109));
#3123=CARTESIAN_POINT('',(-0.000461515009647775,0.,0.0019603454530489));
#3124=CARTESIAN_POINT('',(-0.000603175671877098,0.00014,0.00214619612369809));
#3125=CARTESIAN_POINT('',(-0.000603175671877703,-9.01179755997682E-22,0.00214619612369936));
#3126=CARTESIAN_POINT('',(-0.000647249569178863,0.,0.00201246769417425));
#3127=CARTESIAN_POINT('',(-0.000876586986924658,0.00014,0.00222450964672576));
#3128=CARTESIAN_POINT('',(-0.000876586986924425,3.27701729453702E-22,0.00222450964672531));
#3129=CARTESIAN_POINT('',(-0.00091329692675941,0.,0.0020896576234533));
#3130=CARTESIAN_POINT('',(-0.00108724407746321,0.00014,0.00228513009168219));
#3131=CARTESIAN_POINT('',(-0.00108724407746324,0.,0.00228513009168215));
#3132=CARTESIAN_POINT('',(-0.00112591773928918,0.,0.00215057769340932));
#3133=CARTESIAN_POINT('',(-0.0011935816179198,0.00014,0.00231569411084358));
#3134=CARTESIAN_POINT('',(-0.0011935816179198,0.,0.00231569411084358));
#3135=CARTESIAN_POINT('',(-0.00123225527974576,0.,0.00218114171257075));
#3136=CARTESIAN_POINT('',(0.00110281175974359,0.00014,0.00131948741437321));
#3137=CARTESIAN_POINT('',(0.00112173894430483,0.000245,0.00148896958332414));
#3138=CARTESIAN_POINT('',(0.00122445741733673,0.000245,0.00155480842711516));
#3139=CARTESIAN_POINT('',(0.00130371967224129,0.000245,0.00146205427356296));
#3140=CARTESIAN_POINT('',(0.00112173840292568,0.000188741473095632,0.0014889692363196));
#3141=CARTESIAN_POINT('',(0.00122445608099954,0.000122750925773436,0.00155480734021029));
#3142=CARTESIAN_POINT('',(0.0013037195821593,0.00011373010388981,0.00146205437897856));
#3143=CARTESIAN_POINT('',(0.00108714175696999,0.000140000327470403,0.00146696647394067));
#3144=CARTESIAN_POINT('',(0.00114202683490931,1.91862429599483E-5,0.00149295166678682));
#3145=CARTESIAN_POINT('',(0.0012069877407377,4.97394386314662E-20,0.00139159810025842));
#3146=CARTESIAN_POINT('',(0.00104290416963664,0.00014,0.0014460223133046));
#3147=CARTESIAN_POINT('',(0.00104290416963664,-1.35525271560688E-18,0.0014460223133046));
#3148=CARTESIAN_POINT('',(0.00110281175974359,0.,0.00131948741437321));
#3149=CARTESIAN_POINT('',(0.00119728705122188,0.000245,0.00137110320329468));
#3150=CARTESIAN_POINT('',(0.0011972870512219,0.000245,0.00137110320329469));
#3151=CARTESIAN_POINT('',(-0.00955092553049326,-0.00105,0.00361614930443465));
#3152=CARTESIAN_POINT('',(-0.00955092553049326,-0.00105,0.00361614930443465));
#3153=CARTESIAN_POINT('',(-0.00955092553049326,-0.00105,0.00339739930443465));
#3154=CARTESIAN_POINT('',(-0.00862909349422939,-0.00105,0.00432270177252808));
#3155=CARTESIAN_POINT('',(-0.00850631222128868,-0.00105,0.00526467962190509));
#3156=CARTESIAN_POINT('',(-0.00850631222128868,-0.00105,0.00526467962190509));
#3157=CARTESIAN_POINT('',(-0.00850631222128868,-0.00105,0.00504508831331641));
#3158=CARTESIAN_POINT('',(-0.00862909349422939,-0.00105,0.00432270177252808));
#3159=CARTESIAN_POINT('',(-0.00798267237842083,-0.00056,0.00382174551486969));
#3160=CARTESIAN_POINT('',(-0.00798267237842083,-0.00133533665285029,0.00382174551486969));
#3161=CARTESIAN_POINT('',(-0.00794094599085737,-0.00056,0.00387314163134382));
#3162=CARTESIAN_POINT('',(-0.00794094599085737,-0.00133533665285029,0.00387314163134382));
#3163=CARTESIAN_POINT('',(-0.00777125790669246,-0.00056,0.00401578445326865));
#3164=CARTESIAN_POINT('',(-0.00777125790669246,-0.00133533665285029,0.00401578445326865));
#3165=CARTESIAN_POINT('',(-0.00759701221046072,-0.00056,0.00426317205023716));
#3166=CARTESIAN_POINT('',(-0.00759701221046072,-0.00133533665285029,0.00426317205023716));
#3167=CARTESIAN_POINT('',(-0.00741991685897346,-0.00056,0.00410133267100726));
#3168=CARTESIAN_POINT('',(-0.00741991685897346,-0.00133533665285029,0.00410133267100726));
#3169=CARTESIAN_POINT('',(-0.00771534922607435,-0.00056,0.00376032668158118));
#3170=CARTESIAN_POINT('',(-0.00771534922607435,-0.00133533665285029,0.00376032668158118));
#3171=CARTESIAN_POINT('',(-0.00785564955602107,-0.00056,0.00348456659755503));
#3172=CARTESIAN_POINT('',(-0.00785564955602107,-0.00133533665285029,0.00348456659755503));
#3173=CARTESIAN_POINT('',(-0.00798110742911725,-0.00056,0.00318126729686247));
#3174=CARTESIAN_POINT('',(-0.00798110742911725,-0.00133533665285029,0.00318126729686247));
#3175=CARTESIAN_POINT('',(-0.00813304794980995,-0.00056,0.00314783485685728));
#3176=CARTESIAN_POINT('',(-0.00813304794980995,-0.00133533665285029,0.00314783485685728));
#3177=CARTESIAN_POINT('',(-0.00819824180375871,-0.00056,0.00324676394807868));
#3178=CARTESIAN_POINT('',(-0.00819824180375871,-0.00133533665285029,0.00324676394807868));
#3179=CARTESIAN_POINT('',(-0.00810693402377026,-0.00056,0.00356430509628063));
#3180=CARTESIAN_POINT('',(-0.00810693402377026,-0.00133533665285029,0.00356430509628063));
#3181=CARTESIAN_POINT('',(-0.00802853179580354,-0.00056,0.00373899361537495));
#3182=CARTESIAN_POINT('',(-0.00802853179580354,-0.00133533665285029,0.00373899361537495));
#3183=CARTESIAN_POINT('',(-0.00800605276770296,-0.00056,0.00379294692287735));
#3184=CARTESIAN_POINT('',(-0.00800605276770296,-0.00133533665285029,0.00379294692287735));
#3185=CARTESIAN_POINT('',(-0.00798267237842083,-0.00056,0.00382174551486969));
#3186=CARTESIAN_POINT('',(-0.00798267237842083,-0.00133533665285029,0.00382174551486969));
#3187=CARTESIAN_POINT('',(-0.00798267237842083,-0.00056,0.00382174551486969));
#3188=CARTESIAN_POINT('',(-0.00794094599085737,-0.00056,0.00387314163134382));
#3189=CARTESIAN_POINT('',(-0.00777125790669246,-0.00056,0.00401578445326865));
#3190=CARTESIAN_POINT('',(-0.00759701221046072,-0.00056,0.00426317205023716));
#3191=CARTESIAN_POINT('',(-0.00741991685897346,-0.00056,0.00410133267100726));
#3192=CARTESIAN_POINT('',(-0.00771534922607435,-0.00056,0.00376032668158118));
#3193=CARTESIAN_POINT('',(-0.00785564955602107,-0.00056,0.00348456659755503));
#3194=CARTESIAN_POINT('',(-0.00798110742911725,-0.00056,0.00318126729686247));
#3195=CARTESIAN_POINT('',(-0.00813304794980995,-0.00056,0.00314783485685728));
#3196=CARTESIAN_POINT('',(-0.00819824180375871,-0.00056,0.00324676394807868));
#3197=CARTESIAN_POINT('',(-0.00810693402377026,-0.00056,0.00356430509628063));
#3198=CARTESIAN_POINT('',(-0.00802853179580354,-0.00056,0.00373899361537495));
#3199=CARTESIAN_POINT('',(-0.00800605276770296,-0.00056,0.00379294692287735));
#3200=CARTESIAN_POINT('',(-0.00798267237842083,-0.00056,0.00382174551486969));
#3201=CARTESIAN_POINT('',(-0.00798267237842083,-0.00056,0.00382174551486969));
#3202=CARTESIAN_POINT('',(-0.00862909349422939,-0.00056,0.00432270177252808));
#3203=MECHANICAL_DESIGN_GEOMETRIC_PRESENTATION_REPRESENTATION('',(#722,
#12,#13,#14),#3204);
#3204=(
GEOMETRIC_REPRESENTATION_CONTEXT(3)
GLOBAL_UNCERTAINTY_ASSIGNED_CONTEXT((#3205))
GLOBAL_UNIT_ASSIGNED_CONTEXT((#3208,#3207,#3206))
REPRESENTATION_CONTEXT('Part 1','TOP_LEVEL_ASSEMBLY_PART')
);
#3205=UNCERTAINTY_MEASURE_WITH_UNIT(LENGTH_MEASURE(2.E-5),#3208,
'DISTANCE_ACCURACY_VALUE','Maximum Tolerance applied to model');
#3206=(
NAMED_UNIT(*)
SI_UNIT($,.STERADIAN.)
SOLID_ANGLE_UNIT()
);
#3207=(
NAMED_UNIT(*)
PLANE_ANGLE_UNIT()
SI_UNIT($,.RADIAN.)
);
#3208=(
LENGTH_UNIT()
NAMED_UNIT(*)
SI_UNIT($,.METRE.)
);
#3209=PRODUCT_DEFINITION_SHAPE('','',#3210);
#3210=PRODUCT_DEFINITION('','',#3212,#3211);
#3211=PRODUCT_DEFINITION_CONTEXT('',#3218,'design');
#3212=PRODUCT_DEFINITION_FORMATION_WITH_SPECIFIED_SOURCE('','',#3214,
 .NOT_KNOWN.);
#3213=PRODUCT_RELATED_PRODUCT_CATEGORY('','',(#3214));
#3214=PRODUCT('Part 1','Part 1','Part 1',(#3216));
#3215=PRODUCT_CATEGORY('','');
#3216=PRODUCT_CONTEXT('',#3218,'mechanical');
#3217=APPLICATION_PROTOCOL_DEFINITION('international standard',
'ap242_managed_model_based_3d_engineering',2020,#3218);
#3218=APPLICATION_CONTEXT('managed model based 3d engineering');
ENDSEC;
END-ISO-10303-21;
