ISO-10303-21;
HEADER;
/* Generated by software containing ST-Developer
 * from STEP Tools, Inc. (www.steptools.com) 
 */
/* OPTION: using custom renumber hook */

FILE_DESCRIPTION(
/* description */ ('STEP AP242 Edition 2',
'CAx-IF Rec.Pracs.---Representation and Presentation of Product Manufa
cturing Information (PMI)---4.0---2014-10-13',
'CAx-IF Rec.Pracs.---3D Tessellated Geometry---0.4---2014-09-14','2;1',
'CAx-IF Rec.Pracs.---User Defined Attributes---1.5---2016-08-15'),
/* implementation_level */ '2;1');

FILE_NAME(
/* name */ 'Tjinga Clock',
/* time_stamp */ '2026-09-04T21:59:41Z',
/* author */ (''),
/* organization */ (''),
/* preprocessor_version */ 'ST-DEVELOPER v20',
/* originating_system */ 'ONSHAPE BY PTC INC, 1.220',
/* authorisation */ '  ');

FILE_SCHEMA (('AP242_MANAGED_MODEL_BASED_3D_ENGINEERING_MIM_LF { 1 0 10303 442 3 1 4 }'));
ENDSEC;

DATA;
#10=SHAPE_REPRESENTATION_RELATIONSHIP('','',#2084,#11);
#11=ADVANCED_BREP_SHAPE_REPRESENTATION('',(#2082),#2995);
#12=CYLINDRICAL_SURFACE('',#2099,0.000167958571330411);
#13=CYLINDRICAL_SURFACE('',#2100,0.000196930754798102);
#14=CYLINDRICAL_SURFACE('',#2105,0.0045);
#15=CYLINDRICAL_SURFACE('',#2119,0.00521470129472589);
#16=CYLINDRICAL_SURFACE('',#2120,0.0018);
#17=CYLINDRICAL_SURFACE('',#2121,0.00042);
#18=CYLINDRICAL_SURFACE('',#2122,0.00042);
#19=CYLINDRICAL_SURFACE('',#2185,0.00036);
#20=CYLINDRICAL_SURFACE('',#2188,0.00075);
#21=CIRCLE('',#2087,0.0045);
#22=CIRCLE('',#2088,0.00036);
#23=CIRCLE('',#2089,0.000196930754798102);
#24=CIRCLE('',#2090,0.00036);
#25=CIRCLE('',#2091,0.000167958571330411);
#26=CIRCLE('',#2093,0.00036);
#27=CIRCLE('',#2094,0.000167958571330411);
#28=CIRCLE('',#2101,0.000196930754798102);
#29=CIRCLE('',#2106,0.0045);
#30=CIRCLE('',#2109,0.00075);
#31=CIRCLE('',#2110,0.00042);
#32=CIRCLE('',#2111,0.0018);
#33=CIRCLE('',#2112,0.00521470129472589);
#34=CIRCLE('',#2113,0.00042);
#35=CIRCLE('',#2115,0.00042);
#36=CIRCLE('',#2116,0.00042);
#37=CIRCLE('',#2117,0.00521470129472589);
#38=CIRCLE('',#2118,0.0018);
#39=CIRCLE('',#2184,0.00036);
#40=CIRCLE('',#2186,0.00036);
#41=CIRCLE('',#2189,0.00075);
#42=ORIENTED_EDGE('',*,*,#436,.T.);
#43=ORIENTED_EDGE('',*,*,#437,.T.);
#44=ORIENTED_EDGE('',*,*,#438,.F.);
#45=ORIENTED_EDGE('',*,*,#439,.F.);
#46=ORIENTED_EDGE('',*,*,#440,.T.);
#47=ORIENTED_EDGE('',*,*,#441,.T.);
#48=ORIENTED_EDGE('',*,*,#442,.F.);
#49=ORIENTED_EDGE('',*,*,#443,.F.);
#50=ORIENTED_EDGE('',*,*,#444,.T.);
#51=ORIENTED_EDGE('',*,*,#445,.T.);
#52=ORIENTED_EDGE('',*,*,#446,.F.);
#53=ORIENTED_EDGE('',*,*,#447,.F.);
#54=ORIENTED_EDGE('',*,*,#448,.T.);
#55=ORIENTED_EDGE('',*,*,#449,.T.);
#56=ORIENTED_EDGE('',*,*,#450,.F.);
#57=ORIENTED_EDGE('',*,*,#451,.F.);
#58=ORIENTED_EDGE('',*,*,#452,.T.);
#59=ORIENTED_EDGE('',*,*,#453,.T.);
#60=ORIENTED_EDGE('',*,*,#454,.F.);
#61=ORIENTED_EDGE('',*,*,#455,.F.);
#62=ORIENTED_EDGE('',*,*,#456,.T.);
#63=ORIENTED_EDGE('',*,*,#457,.T.);
#64=ORIENTED_EDGE('',*,*,#458,.F.);
#65=ORIENTED_EDGE('',*,*,#459,.F.);
#66=ORIENTED_EDGE('',*,*,#460,.T.);
#67=ORIENTED_EDGE('',*,*,#461,.T.);
#68=ORIENTED_EDGE('',*,*,#462,.F.);
#69=ORIENTED_EDGE('',*,*,#463,.F.);
#70=ORIENTED_EDGE('',*,*,#464,.T.);
#71=ORIENTED_EDGE('',*,*,#465,.T.);
#72=ORIENTED_EDGE('',*,*,#466,.F.);
#73=ORIENTED_EDGE('',*,*,#467,.F.);
#74=ORIENTED_EDGE('',*,*,#468,.T.);
#75=ORIENTED_EDGE('',*,*,#469,.T.);
#76=ORIENTED_EDGE('',*,*,#470,.F.);
#77=ORIENTED_EDGE('',*,*,#471,.F.);
#78=ORIENTED_EDGE('',*,*,#472,.T.);
#79=ORIENTED_EDGE('',*,*,#473,.T.);
#80=ORIENTED_EDGE('',*,*,#474,.F.);
#81=ORIENTED_EDGE('',*,*,#475,.F.);
#82=ORIENTED_EDGE('',*,*,#476,.T.);
#83=ORIENTED_EDGE('',*,*,#477,.T.);
#84=ORIENTED_EDGE('',*,*,#478,.F.);
#85=ORIENTED_EDGE('',*,*,#479,.F.);
#86=ORIENTED_EDGE('',*,*,#480,.T.);
#87=ORIENTED_EDGE('',*,*,#481,.T.);
#88=ORIENTED_EDGE('',*,*,#482,.F.);
#89=ORIENTED_EDGE('',*,*,#483,.F.);
#90=ORIENTED_EDGE('',*,*,#484,.T.);
#91=ORIENTED_EDGE('',*,*,#485,.F.);
#92=ORIENTED_EDGE('',*,*,#486,.F.);
#93=ORIENTED_EDGE('',*,*,#487,.F.);
#94=ORIENTED_EDGE('',*,*,#488,.F.);
#95=ORIENTED_EDGE('',*,*,#489,.F.);
#96=ORIENTED_EDGE('',*,*,#490,.F.);
#97=ORIENTED_EDGE('',*,*,#491,.F.);
#98=ORIENTED_EDGE('',*,*,#492,.F.);
#99=ORIENTED_EDGE('',*,*,#493,.F.);
#100=ORIENTED_EDGE('',*,*,#494,.T.);
#101=ORIENTED_EDGE('',*,*,#495,.T.);
#102=ORIENTED_EDGE('',*,*,#496,.T.);
#103=ORIENTED_EDGE('',*,*,#497,.F.);
#104=ORIENTED_EDGE('',*,*,#498,.T.);
#105=ORIENTED_EDGE('',*,*,#488,.T.);
#106=ORIENTED_EDGE('',*,*,#499,.T.);
#107=ORIENTED_EDGE('',*,*,#486,.T.);
#108=ORIENTED_EDGE('',*,*,#500,.T.);
#109=ORIENTED_EDGE('',*,*,#501,.T.);
#110=ORIENTED_EDGE('',*,*,#502,.T.);
#111=ORIENTED_EDGE('',*,*,#495,.F.);
#112=ORIENTED_EDGE('',*,*,#503,.T.);
#113=ORIENTED_EDGE('',*,*,#492,.T.);
#114=ORIENTED_EDGE('',*,*,#504,.T.);
#115=ORIENTED_EDGE('',*,*,#490,.T.);
#116=ORIENTED_EDGE('',*,*,#505,.T.);
#117=ORIENTED_EDGE('',*,*,#493,.T.);
#118=ORIENTED_EDGE('',*,*,#506,.T.);
#119=ORIENTED_EDGE('',*,*,#504,.F.);
#120=ORIENTED_EDGE('',*,*,#491,.T.);
#121=ORIENTED_EDGE('',*,*,#506,.F.);
#122=ORIENTED_EDGE('',*,*,#496,.F.);
#123=ORIENTED_EDGE('',*,*,#502,.F.);
#124=ORIENTED_EDGE('',*,*,#507,.F.);
#125=ORIENTED_EDGE('',*,*,#499,.F.);
#126=ORIENTED_EDGE('',*,*,#487,.T.);
#127=ORIENTED_EDGE('',*,*,#508,.T.);
#128=ORIENTED_EDGE('',*,*,#509,.T.);
#129=ORIENTED_EDGE('',*,*,#510,.F.);
#130=ORIENTED_EDGE('',*,*,#511,.T.);
#131=ORIENTED_EDGE('',*,*,#512,.F.);
#132=ORIENTED_EDGE('',*,*,#513,.T.);
#133=ORIENTED_EDGE('',*,*,#514,.T.);
#134=ORIENTED_EDGE('',*,*,#515,.T.);
#135=ORIENTED_EDGE('',*,*,#516,.F.);
#136=ORIENTED_EDGE('',*,*,#517,.T.);
#137=ORIENTED_EDGE('',*,*,#518,.T.);
#138=ORIENTED_EDGE('',*,*,#519,.T.);
#139=ORIENTED_EDGE('',*,*,#484,.F.);
#140=ORIENTED_EDGE('',*,*,#520,.T.);
#141=ORIENTED_EDGE('',*,*,#521,.T.);
#142=ORIENTED_EDGE('',*,*,#522,.T.);
#143=ORIENTED_EDGE('',*,*,#523,.F.);
#144=ORIENTED_EDGE('',*,*,#524,.T.);
#145=ORIENTED_EDGE('',*,*,#525,.F.);
#146=ORIENTED_EDGE('',*,*,#520,.F.);
#147=ORIENTED_EDGE('',*,*,#510,.T.);
#148=ORIENTED_EDGE('',*,*,#526,.T.);
#149=ORIENTED_EDGE('',*,*,#512,.T.);
#150=ORIENTED_EDGE('',*,*,#527,.T.);
#151=ORIENTED_EDGE('',*,*,#516,.T.);
#152=ORIENTED_EDGE('',*,*,#528,.T.);
#153=ORIENTED_EDGE('',*,*,#523,.T.);
#154=ORIENTED_EDGE('',*,*,#529,.T.);
#155=ORIENTED_EDGE('',*,*,#514,.F.);
#156=ORIENTED_EDGE('',*,*,#530,.T.);
#157=ORIENTED_EDGE('',*,*,#508,.F.);
#158=ORIENTED_EDGE('',*,*,#531,.T.);
#159=ORIENTED_EDGE('',*,*,#521,.F.);
#160=ORIENTED_EDGE('',*,*,#532,.T.);
#161=ORIENTED_EDGE('',*,*,#518,.F.);
#162=ORIENTED_EDGE('',*,*,#533,.T.);
#163=ORIENTED_EDGE('',*,*,#528,.F.);
#164=ORIENTED_EDGE('',*,*,#519,.F.);
#165=ORIENTED_EDGE('',*,*,#532,.F.);
#166=ORIENTED_EDGE('',*,*,#524,.F.);
#167=ORIENTED_EDGE('',*,*,#527,.F.);
#168=ORIENTED_EDGE('',*,*,#515,.F.);
#169=ORIENTED_EDGE('',*,*,#533,.F.);
#170=ORIENTED_EDGE('',*,*,#517,.F.);
#171=ORIENTED_EDGE('',*,*,#526,.F.);
#172=ORIENTED_EDGE('',*,*,#509,.F.);
#173=ORIENTED_EDGE('',*,*,#530,.F.);
#174=ORIENTED_EDGE('',*,*,#513,.F.);
#175=ORIENTED_EDGE('',*,*,#529,.F.);
#176=ORIENTED_EDGE('',*,*,#522,.F.);
#177=ORIENTED_EDGE('',*,*,#531,.F.);
#178=ORIENTED_EDGE('',*,*,#511,.F.);
#179=ORIENTED_EDGE('',*,*,#480,.F.);
#180=ORIENTED_EDGE('',*,*,#534,.F.);
#181=ORIENTED_EDGE('',*,*,#535,.T.);
#182=ORIENTED_EDGE('',*,*,#536,.T.);
#183=ORIENTED_EDGE('',*,*,#483,.T.);
#184=ORIENTED_EDGE('',*,*,#537,.F.);
#185=ORIENTED_EDGE('',*,*,#538,.F.);
#186=ORIENTED_EDGE('',*,*,#534,.T.);
#187=ORIENTED_EDGE('',*,*,#482,.T.);
#188=ORIENTED_EDGE('',*,*,#539,.F.);
#189=ORIENTED_EDGE('',*,*,#540,.F.);
#190=ORIENTED_EDGE('',*,*,#537,.T.);
#191=ORIENTED_EDGE('',*,*,#481,.F.);
#192=ORIENTED_EDGE('',*,*,#536,.F.);
#193=ORIENTED_EDGE('',*,*,#541,.T.);
#194=ORIENTED_EDGE('',*,*,#539,.T.);
#195=ORIENTED_EDGE('',*,*,#535,.F.);
#196=ORIENTED_EDGE('',*,*,#538,.T.);
#197=ORIENTED_EDGE('',*,*,#540,.T.);
#198=ORIENTED_EDGE('',*,*,#541,.F.);
#199=ORIENTED_EDGE('',*,*,#476,.F.);
#200=ORIENTED_EDGE('',*,*,#542,.F.);
#201=ORIENTED_EDGE('',*,*,#543,.T.);
#202=ORIENTED_EDGE('',*,*,#544,.T.);
#203=ORIENTED_EDGE('',*,*,#479,.T.);
#204=ORIENTED_EDGE('',*,*,#545,.F.);
#205=ORIENTED_EDGE('',*,*,#546,.F.);
#206=ORIENTED_EDGE('',*,*,#542,.T.);
#207=ORIENTED_EDGE('',*,*,#478,.T.);
#208=ORIENTED_EDGE('',*,*,#547,.F.);
#209=ORIENTED_EDGE('',*,*,#548,.F.);
#210=ORIENTED_EDGE('',*,*,#545,.T.);
#211=ORIENTED_EDGE('',*,*,#477,.F.);
#212=ORIENTED_EDGE('',*,*,#544,.F.);
#213=ORIENTED_EDGE('',*,*,#549,.T.);
#214=ORIENTED_EDGE('',*,*,#547,.T.);
#215=ORIENTED_EDGE('',*,*,#543,.F.);
#216=ORIENTED_EDGE('',*,*,#546,.T.);
#217=ORIENTED_EDGE('',*,*,#548,.T.);
#218=ORIENTED_EDGE('',*,*,#549,.F.);
#219=ORIENTED_EDGE('',*,*,#472,.F.);
#220=ORIENTED_EDGE('',*,*,#550,.F.);
#221=ORIENTED_EDGE('',*,*,#551,.T.);
#222=ORIENTED_EDGE('',*,*,#552,.T.);
#223=ORIENTED_EDGE('',*,*,#475,.T.);
#224=ORIENTED_EDGE('',*,*,#553,.F.);
#225=ORIENTED_EDGE('',*,*,#554,.F.);
#226=ORIENTED_EDGE('',*,*,#550,.T.);
#227=ORIENTED_EDGE('',*,*,#474,.T.);
#228=ORIENTED_EDGE('',*,*,#555,.F.);
#229=ORIENTED_EDGE('',*,*,#556,.F.);
#230=ORIENTED_EDGE('',*,*,#553,.T.);
#231=ORIENTED_EDGE('',*,*,#473,.F.);
#232=ORIENTED_EDGE('',*,*,#552,.F.);
#233=ORIENTED_EDGE('',*,*,#557,.T.);
#234=ORIENTED_EDGE('',*,*,#555,.T.);
#235=ORIENTED_EDGE('',*,*,#551,.F.);
#236=ORIENTED_EDGE('',*,*,#554,.T.);
#237=ORIENTED_EDGE('',*,*,#556,.T.);
#238=ORIENTED_EDGE('',*,*,#557,.F.);
#239=ORIENTED_EDGE('',*,*,#468,.F.);
#240=ORIENTED_EDGE('',*,*,#558,.F.);
#241=ORIENTED_EDGE('',*,*,#559,.T.);
#242=ORIENTED_EDGE('',*,*,#560,.T.);
#243=ORIENTED_EDGE('',*,*,#471,.T.);
#244=ORIENTED_EDGE('',*,*,#561,.F.);
#245=ORIENTED_EDGE('',*,*,#562,.F.);
#246=ORIENTED_EDGE('',*,*,#558,.T.);
#247=ORIENTED_EDGE('',*,*,#470,.T.);
#248=ORIENTED_EDGE('',*,*,#563,.F.);
#249=ORIENTED_EDGE('',*,*,#564,.F.);
#250=ORIENTED_EDGE('',*,*,#561,.T.);
#251=ORIENTED_EDGE('',*,*,#469,.F.);
#252=ORIENTED_EDGE('',*,*,#560,.F.);
#253=ORIENTED_EDGE('',*,*,#565,.T.);
#254=ORIENTED_EDGE('',*,*,#563,.T.);
#255=ORIENTED_EDGE('',*,*,#559,.F.);
#256=ORIENTED_EDGE('',*,*,#562,.T.);
#257=ORIENTED_EDGE('',*,*,#564,.T.);
#258=ORIENTED_EDGE('',*,*,#565,.F.);
#259=ORIENTED_EDGE('',*,*,#464,.F.);
#260=ORIENTED_EDGE('',*,*,#566,.F.);
#261=ORIENTED_EDGE('',*,*,#567,.T.);
#262=ORIENTED_EDGE('',*,*,#568,.T.);
#263=ORIENTED_EDGE('',*,*,#467,.T.);
#264=ORIENTED_EDGE('',*,*,#569,.F.);
#265=ORIENTED_EDGE('',*,*,#570,.F.);
#266=ORIENTED_EDGE('',*,*,#566,.T.);
#267=ORIENTED_EDGE('',*,*,#466,.T.);
#268=ORIENTED_EDGE('',*,*,#571,.F.);
#269=ORIENTED_EDGE('',*,*,#572,.F.);
#270=ORIENTED_EDGE('',*,*,#569,.T.);
#271=ORIENTED_EDGE('',*,*,#465,.F.);
#272=ORIENTED_EDGE('',*,*,#568,.F.);
#273=ORIENTED_EDGE('',*,*,#573,.T.);
#274=ORIENTED_EDGE('',*,*,#571,.T.);
#275=ORIENTED_EDGE('',*,*,#567,.F.);
#276=ORIENTED_EDGE('',*,*,#570,.T.);
#277=ORIENTED_EDGE('',*,*,#572,.T.);
#278=ORIENTED_EDGE('',*,*,#573,.F.);
#279=ORIENTED_EDGE('',*,*,#460,.F.);
#280=ORIENTED_EDGE('',*,*,#574,.F.);
#281=ORIENTED_EDGE('',*,*,#575,.T.);
#282=ORIENTED_EDGE('',*,*,#576,.T.);
#283=ORIENTED_EDGE('',*,*,#463,.T.);
#284=ORIENTED_EDGE('',*,*,#577,.F.);
#285=ORIENTED_EDGE('',*,*,#578,.F.);
#286=ORIENTED_EDGE('',*,*,#574,.T.);
#287=ORIENTED_EDGE('',*,*,#462,.T.);
#288=ORIENTED_EDGE('',*,*,#579,.F.);
#289=ORIENTED_EDGE('',*,*,#580,.F.);
#290=ORIENTED_EDGE('',*,*,#577,.T.);
#291=ORIENTED_EDGE('',*,*,#461,.F.);
#292=ORIENTED_EDGE('',*,*,#576,.F.);
#293=ORIENTED_EDGE('',*,*,#581,.T.);
#294=ORIENTED_EDGE('',*,*,#579,.T.);
#295=ORIENTED_EDGE('',*,*,#575,.F.);
#296=ORIENTED_EDGE('',*,*,#578,.T.);
#297=ORIENTED_EDGE('',*,*,#580,.T.);
#298=ORIENTED_EDGE('',*,*,#581,.F.);
#299=ORIENTED_EDGE('',*,*,#456,.F.);
#300=ORIENTED_EDGE('',*,*,#582,.F.);
#301=ORIENTED_EDGE('',*,*,#583,.T.);
#302=ORIENTED_EDGE('',*,*,#584,.T.);
#303=ORIENTED_EDGE('',*,*,#459,.T.);
#304=ORIENTED_EDGE('',*,*,#585,.F.);
#305=ORIENTED_EDGE('',*,*,#586,.F.);
#306=ORIENTED_EDGE('',*,*,#582,.T.);
#307=ORIENTED_EDGE('',*,*,#458,.T.);
#308=ORIENTED_EDGE('',*,*,#587,.F.);
#309=ORIENTED_EDGE('',*,*,#588,.F.);
#310=ORIENTED_EDGE('',*,*,#585,.T.);
#311=ORIENTED_EDGE('',*,*,#457,.F.);
#312=ORIENTED_EDGE('',*,*,#584,.F.);
#313=ORIENTED_EDGE('',*,*,#589,.T.);
#314=ORIENTED_EDGE('',*,*,#587,.T.);
#315=ORIENTED_EDGE('',*,*,#583,.F.);
#316=ORIENTED_EDGE('',*,*,#586,.T.);
#317=ORIENTED_EDGE('',*,*,#588,.T.);
#318=ORIENTED_EDGE('',*,*,#589,.F.);
#319=ORIENTED_EDGE('',*,*,#452,.F.);
#320=ORIENTED_EDGE('',*,*,#590,.F.);
#321=ORIENTED_EDGE('',*,*,#591,.T.);
#322=ORIENTED_EDGE('',*,*,#592,.T.);
#323=ORIENTED_EDGE('',*,*,#455,.T.);
#324=ORIENTED_EDGE('',*,*,#593,.F.);
#325=ORIENTED_EDGE('',*,*,#594,.F.);
#326=ORIENTED_EDGE('',*,*,#590,.T.);
#327=ORIENTED_EDGE('',*,*,#454,.T.);
#328=ORIENTED_EDGE('',*,*,#595,.F.);
#329=ORIENTED_EDGE('',*,*,#596,.F.);
#330=ORIENTED_EDGE('',*,*,#593,.T.);
#331=ORIENTED_EDGE('',*,*,#453,.F.);
#332=ORIENTED_EDGE('',*,*,#592,.F.);
#333=ORIENTED_EDGE('',*,*,#597,.T.);
#334=ORIENTED_EDGE('',*,*,#595,.T.);
#335=ORIENTED_EDGE('',*,*,#591,.F.);
#336=ORIENTED_EDGE('',*,*,#594,.T.);
#337=ORIENTED_EDGE('',*,*,#596,.T.);
#338=ORIENTED_EDGE('',*,*,#597,.F.);
#339=ORIENTED_EDGE('',*,*,#448,.F.);
#340=ORIENTED_EDGE('',*,*,#598,.F.);
#341=ORIENTED_EDGE('',*,*,#599,.T.);
#342=ORIENTED_EDGE('',*,*,#600,.T.);
#343=ORIENTED_EDGE('',*,*,#451,.T.);
#344=ORIENTED_EDGE('',*,*,#601,.F.);
#345=ORIENTED_EDGE('',*,*,#602,.F.);
#346=ORIENTED_EDGE('',*,*,#598,.T.);
#347=ORIENTED_EDGE('',*,*,#450,.T.);
#348=ORIENTED_EDGE('',*,*,#603,.F.);
#349=ORIENTED_EDGE('',*,*,#604,.F.);
#350=ORIENTED_EDGE('',*,*,#601,.T.);
#351=ORIENTED_EDGE('',*,*,#449,.F.);
#352=ORIENTED_EDGE('',*,*,#600,.F.);
#353=ORIENTED_EDGE('',*,*,#605,.T.);
#354=ORIENTED_EDGE('',*,*,#603,.T.);
#355=ORIENTED_EDGE('',*,*,#599,.F.);
#356=ORIENTED_EDGE('',*,*,#602,.T.);
#357=ORIENTED_EDGE('',*,*,#604,.T.);
#358=ORIENTED_EDGE('',*,*,#605,.F.);
#359=ORIENTED_EDGE('',*,*,#444,.F.);
#360=ORIENTED_EDGE('',*,*,#606,.F.);
#361=ORIENTED_EDGE('',*,*,#607,.T.);
#362=ORIENTED_EDGE('',*,*,#608,.T.);
#363=ORIENTED_EDGE('',*,*,#447,.T.);
#364=ORIENTED_EDGE('',*,*,#609,.F.);
#365=ORIENTED_EDGE('',*,*,#610,.F.);
#366=ORIENTED_EDGE('',*,*,#606,.T.);
#367=ORIENTED_EDGE('',*,*,#446,.T.);
#368=ORIENTED_EDGE('',*,*,#611,.F.);
#369=ORIENTED_EDGE('',*,*,#612,.F.);
#370=ORIENTED_EDGE('',*,*,#609,.T.);
#371=ORIENTED_EDGE('',*,*,#445,.F.);
#372=ORIENTED_EDGE('',*,*,#608,.F.);
#373=ORIENTED_EDGE('',*,*,#613,.T.);
#374=ORIENTED_EDGE('',*,*,#611,.T.);
#375=ORIENTED_EDGE('',*,*,#607,.F.);
#376=ORIENTED_EDGE('',*,*,#610,.T.);
#377=ORIENTED_EDGE('',*,*,#612,.T.);
#378=ORIENTED_EDGE('',*,*,#613,.F.);
#379=ORIENTED_EDGE('',*,*,#440,.F.);
#380=ORIENTED_EDGE('',*,*,#614,.F.);
#381=ORIENTED_EDGE('',*,*,#615,.T.);
#382=ORIENTED_EDGE('',*,*,#616,.T.);
#383=ORIENTED_EDGE('',*,*,#443,.T.);
#384=ORIENTED_EDGE('',*,*,#617,.F.);
#385=ORIENTED_EDGE('',*,*,#618,.F.);
#386=ORIENTED_EDGE('',*,*,#614,.T.);
#387=ORIENTED_EDGE('',*,*,#442,.T.);
#388=ORIENTED_EDGE('',*,*,#619,.F.);
#389=ORIENTED_EDGE('',*,*,#620,.F.);
#390=ORIENTED_EDGE('',*,*,#617,.T.);
#391=ORIENTED_EDGE('',*,*,#441,.F.);
#392=ORIENTED_EDGE('',*,*,#616,.F.);
#393=ORIENTED_EDGE('',*,*,#621,.T.);
#394=ORIENTED_EDGE('',*,*,#619,.T.);
#395=ORIENTED_EDGE('',*,*,#615,.F.);
#396=ORIENTED_EDGE('',*,*,#618,.T.);
#397=ORIENTED_EDGE('',*,*,#620,.T.);
#398=ORIENTED_EDGE('',*,*,#621,.F.);
#399=ORIENTED_EDGE('',*,*,#436,.F.);
#400=ORIENTED_EDGE('',*,*,#622,.F.);
#401=ORIENTED_EDGE('',*,*,#623,.T.);
#402=ORIENTED_EDGE('',*,*,#624,.T.);
#403=ORIENTED_EDGE('',*,*,#439,.T.);
#404=ORIENTED_EDGE('',*,*,#625,.F.);
#405=ORIENTED_EDGE('',*,*,#626,.F.);
#406=ORIENTED_EDGE('',*,*,#622,.T.);
#407=ORIENTED_EDGE('',*,*,#438,.T.);
#408=ORIENTED_EDGE('',*,*,#627,.F.);
#409=ORIENTED_EDGE('',*,*,#628,.F.);
#410=ORIENTED_EDGE('',*,*,#625,.T.);
#411=ORIENTED_EDGE('',*,*,#437,.F.);
#412=ORIENTED_EDGE('',*,*,#624,.F.);
#413=ORIENTED_EDGE('',*,*,#629,.T.);
#414=ORIENTED_EDGE('',*,*,#627,.T.);
#415=ORIENTED_EDGE('',*,*,#623,.F.);
#416=ORIENTED_EDGE('',*,*,#626,.T.);
#417=ORIENTED_EDGE('',*,*,#628,.T.);
#418=ORIENTED_EDGE('',*,*,#629,.F.);
#419=ORIENTED_EDGE('',*,*,#501,.F.);
#420=ORIENTED_EDGE('',*,*,#630,.T.);
#421=ORIENTED_EDGE('',*,*,#497,.T.);
#422=ORIENTED_EDGE('',*,*,#507,.T.);
#423=ORIENTED_EDGE('',*,*,#498,.F.);
#424=ORIENTED_EDGE('',*,*,#630,.F.);
#425=ORIENTED_EDGE('',*,*,#500,.F.);
#426=ORIENTED_EDGE('',*,*,#485,.T.);
#427=ORIENTED_EDGE('',*,*,#503,.F.);
#428=ORIENTED_EDGE('',*,*,#494,.F.);
#429=ORIENTED_EDGE('',*,*,#505,.F.);
#430=ORIENTED_EDGE('',*,*,#489,.T.);
#431=ORIENTED_EDGE('',*,*,#631,.F.);
#432=ORIENTED_EDGE('',*,*,#631,.T.);
#433=ORIENTED_EDGE('',*,*,#632,.F.);
#434=ORIENTED_EDGE('',*,*,#525,.T.);
#435=ORIENTED_EDGE('',*,*,#632,.T.);
#436=EDGE_CURVE('',#633,#634,#766,.T.);
#437=EDGE_CURVE('',#634,#635,#767,.T.);
#438=EDGE_CURVE('',#636,#635,#768,.T.);
#439=EDGE_CURVE('',#633,#636,#769,.T.);
#440=EDGE_CURVE('',#637,#638,#770,.T.);
#441=EDGE_CURVE('',#638,#639,#771,.T.);
#442=EDGE_CURVE('',#640,#639,#772,.T.);
#443=EDGE_CURVE('',#637,#640,#773,.T.);
#444=EDGE_CURVE('',#641,#642,#774,.T.);
#445=EDGE_CURVE('',#642,#643,#775,.T.);
#446=EDGE_CURVE('',#644,#643,#776,.T.);
#447=EDGE_CURVE('',#641,#644,#777,.T.);
#448=EDGE_CURVE('',#645,#646,#778,.T.);
#449=EDGE_CURVE('',#646,#647,#779,.T.);
#450=EDGE_CURVE('',#648,#647,#780,.T.);
#451=EDGE_CURVE('',#645,#648,#781,.T.);
#452=EDGE_CURVE('',#649,#650,#782,.T.);
#453=EDGE_CURVE('',#650,#651,#783,.T.);
#454=EDGE_CURVE('',#652,#651,#784,.T.);
#455=EDGE_CURVE('',#649,#652,#785,.T.);
#456=EDGE_CURVE('',#653,#654,#786,.T.);
#457=EDGE_CURVE('',#654,#655,#787,.T.);
#458=EDGE_CURVE('',#656,#655,#788,.T.);
#459=EDGE_CURVE('',#653,#656,#789,.T.);
#460=EDGE_CURVE('',#657,#658,#790,.T.);
#461=EDGE_CURVE('',#658,#659,#791,.T.);
#462=EDGE_CURVE('',#660,#659,#792,.T.);
#463=EDGE_CURVE('',#657,#660,#793,.T.);
#464=EDGE_CURVE('',#661,#662,#794,.T.);
#465=EDGE_CURVE('',#662,#663,#795,.T.);
#466=EDGE_CURVE('',#664,#663,#796,.T.);
#467=EDGE_CURVE('',#661,#664,#797,.T.);
#468=EDGE_CURVE('',#665,#666,#798,.T.);
#469=EDGE_CURVE('',#666,#667,#799,.T.);
#470=EDGE_CURVE('',#668,#667,#800,.T.);
#471=EDGE_CURVE('',#665,#668,#801,.T.);
#472=EDGE_CURVE('',#669,#670,#802,.T.);
#473=EDGE_CURVE('',#670,#671,#803,.T.);
#474=EDGE_CURVE('',#672,#671,#804,.T.);
#475=EDGE_CURVE('',#669,#672,#805,.T.);
#476=EDGE_CURVE('',#673,#674,#806,.T.);
#477=EDGE_CURVE('',#674,#675,#807,.T.);
#478=EDGE_CURVE('',#676,#675,#808,.T.);
#479=EDGE_CURVE('',#673,#676,#809,.T.);
#480=EDGE_CURVE('',#677,#678,#810,.T.);
#481=EDGE_CURVE('',#678,#679,#811,.T.);
#482=EDGE_CURVE('',#680,#679,#812,.T.);
#483=EDGE_CURVE('',#677,#680,#813,.T.);
#484=EDGE_CURVE('',#681,#681,#21,.T.);
#485=EDGE_CURVE('',#682,#683,#22,.T.);
#486=EDGE_CURVE('',#684,#682,#814,.T.);
#487=EDGE_CURVE('',#685,#684,#23,.T.);
#488=EDGE_CURVE('',#686,#685,#815,.T.);
#489=EDGE_CURVE('',#687,#686,#24,.T.);
#490=EDGE_CURVE('',#688,#687,#816,.T.);
#491=EDGE_CURVE('',#689,#688,#25,.T.);
#492=EDGE_CURVE('',#683,#689,#817,.T.);
#493=EDGE_CURVE('',#690,#691,#818,.T.);
#494=EDGE_CURVE('',#690,#692,#26,.F.);
#495=EDGE_CURVE('',#692,#693,#819,.T.);
#496=EDGE_CURVE('',#693,#691,#27,.T.);
#497=EDGE_CURVE('',#694,#695,#820,.T.);
#498=EDGE_CURVE('',#694,#686,#821,.T.);
#499=EDGE_CURVE('',#685,#695,#822,.F.);
#500=EDGE_CURVE('',#682,#696,#823,.F.);
#501=EDGE_CURVE('',#696,#697,#824,.T.);
#502=EDGE_CURVE('',#697,#684,#825,.T.);
#503=EDGE_CURVE('',#692,#683,#826,.T.);
#504=EDGE_CURVE('',#689,#693,#827,.F.);
#505=EDGE_CURVE('',#687,#690,#828,.F.);
#506=EDGE_CURVE('',#691,#688,#829,.T.);
#507=EDGE_CURVE('',#695,#697,#28,.T.);
#508=EDGE_CURVE('',#698,#699,#830,.T.);
#509=EDGE_CURVE('',#699,#700,#831,.F.);
#510=EDGE_CURVE('',#701,#700,#832,.T.);
#511=EDGE_CURVE('',#701,#698,#833,.T.);
#512=EDGE_CURVE('',#702,#703,#834,.T.);
#513=EDGE_CURVE('',#702,#704,#835,.T.);
#514=EDGE_CURVE('',#704,#705,#836,.T.);
#515=EDGE_CURVE('',#705,#703,#837,.F.);
#516=EDGE_CURVE('',#706,#707,#838,.T.);
#517=EDGE_CURVE('',#706,#708,#839,.T.);
#518=EDGE_CURVE('',#708,#709,#840,.T.);
#519=EDGE_CURVE('',#709,#707,#841,.F.);
#520=EDGE_CURVE('',#710,#710,#29,.T.);
#521=EDGE_CURVE('',#711,#712,#842,.T.);
#522=EDGE_CURVE('',#712,#713,#843,.F.);
#523=EDGE_CURVE('',#714,#713,#844,.T.);
#524=EDGE_CURVE('',#714,#711,#845,.T.);
#525=EDGE_CURVE('',#715,#715,#30,.T.);
#526=EDGE_CURVE('',#700,#702,#31,.T.);
#527=EDGE_CURVE('',#703,#706,#32,.T.);
#528=EDGE_CURVE('',#707,#714,#33,.T.);
#529=EDGE_CURVE('',#713,#701,#34,.T.);
#530=EDGE_CURVE('',#704,#699,#35,.F.);
#531=EDGE_CURVE('',#698,#712,#36,.F.);
#532=EDGE_CURVE('',#711,#709,#37,.F.);
#533=EDGE_CURVE('',#708,#705,#38,.F.);
#534=EDGE_CURVE('',#716,#677,#846,.T.);
#535=EDGE_CURVE('',#716,#717,#847,.T.);
#536=EDGE_CURVE('',#717,#678,#848,.T.);
#537=EDGE_CURVE('',#718,#680,#849,.T.);
#538=EDGE_CURVE('',#716,#718,#850,.T.);
#539=EDGE_CURVE('',#719,#679,#851,.T.);
#540=EDGE_CURVE('',#718,#719,#852,.T.);
#541=EDGE_CURVE('',#717,#719,#853,.T.);
#542=EDGE_CURVE('',#720,#673,#854,.T.);
#543=EDGE_CURVE('',#720,#721,#855,.T.);
#544=EDGE_CURVE('',#721,#674,#856,.T.);
#545=EDGE_CURVE('',#722,#676,#857,.T.);
#546=EDGE_CURVE('',#720,#722,#858,.T.);
#547=EDGE_CURVE('',#723,#675,#859,.T.);
#548=EDGE_CURVE('',#722,#723,#860,.T.);
#549=EDGE_CURVE('',#721,#723,#861,.T.);
#550=EDGE_CURVE('',#724,#669,#862,.T.);
#551=EDGE_CURVE('',#724,#725,#863,.T.);
#552=EDGE_CURVE('',#725,#670,#864,.T.);
#553=EDGE_CURVE('',#726,#672,#865,.T.);
#554=EDGE_CURVE('',#724,#726,#866,.T.);
#555=EDGE_CURVE('',#727,#671,#867,.T.);
#556=EDGE_CURVE('',#726,#727,#868,.T.);
#557=EDGE_CURVE('',#725,#727,#869,.T.);
#558=EDGE_CURVE('',#728,#665,#870,.T.);
#559=EDGE_CURVE('',#728,#729,#871,.T.);
#560=EDGE_CURVE('',#729,#666,#872,.T.);
#561=EDGE_CURVE('',#730,#668,#873,.T.);
#562=EDGE_CURVE('',#728,#730,#874,.T.);
#563=EDGE_CURVE('',#731,#667,#875,.T.);
#564=EDGE_CURVE('',#730,#731,#876,.T.);
#565=EDGE_CURVE('',#729,#731,#877,.T.);
#566=EDGE_CURVE('',#732,#661,#878,.T.);
#567=EDGE_CURVE('',#732,#733,#879,.T.);
#568=EDGE_CURVE('',#733,#662,#880,.T.);
#569=EDGE_CURVE('',#734,#664,#881,.T.);
#570=EDGE_CURVE('',#732,#734,#882,.T.);
#571=EDGE_CURVE('',#735,#663,#883,.T.);
#572=EDGE_CURVE('',#734,#735,#884,.T.);
#573=EDGE_CURVE('',#733,#735,#885,.T.);
#574=EDGE_CURVE('',#736,#657,#886,.T.);
#575=EDGE_CURVE('',#736,#737,#887,.T.);
#576=EDGE_CURVE('',#737,#658,#888,.T.);
#577=EDGE_CURVE('',#738,#660,#889,.T.);
#578=EDGE_CURVE('',#736,#738,#890,.T.);
#579=EDGE_CURVE('',#739,#659,#891,.T.);
#580=EDGE_CURVE('',#738,#739,#892,.T.);
#581=EDGE_CURVE('',#737,#739,#893,.T.);
#582=EDGE_CURVE('',#740,#653,#894,.T.);
#583=EDGE_CURVE('',#740,#741,#895,.T.);
#584=EDGE_CURVE('',#741,#654,#896,.T.);
#585=EDGE_CURVE('',#742,#656,#897,.T.);
#586=EDGE_CURVE('',#740,#742,#898,.T.);
#587=EDGE_CURVE('',#743,#655,#899,.T.);
#588=EDGE_CURVE('',#742,#743,#900,.T.);
#589=EDGE_CURVE('',#741,#743,#901,.T.);
#590=EDGE_CURVE('',#744,#649,#902,.T.);
#591=EDGE_CURVE('',#744,#745,#903,.T.);
#592=EDGE_CURVE('',#745,#650,#904,.T.);
#593=EDGE_CURVE('',#746,#652,#905,.T.);
#594=EDGE_CURVE('',#744,#746,#906,.T.);
#595=EDGE_CURVE('',#747,#651,#907,.T.);
#596=EDGE_CURVE('',#746,#747,#908,.T.);
#597=EDGE_CURVE('',#745,#747,#909,.T.);
#598=EDGE_CURVE('',#748,#645,#910,.T.);
#599=EDGE_CURVE('',#748,#749,#911,.T.);
#600=EDGE_CURVE('',#749,#646,#912,.T.);
#601=EDGE_CURVE('',#750,#648,#913,.T.);
#602=EDGE_CURVE('',#748,#750,#914,.T.);
#603=EDGE_CURVE('',#751,#647,#915,.T.);
#604=EDGE_CURVE('',#750,#751,#916,.T.);
#605=EDGE_CURVE('',#749,#751,#917,.T.);
#606=EDGE_CURVE('',#752,#641,#918,.T.);
#607=EDGE_CURVE('',#752,#753,#919,.T.);
#608=EDGE_CURVE('',#753,#642,#920,.T.);
#609=EDGE_CURVE('',#754,#644,#921,.T.);
#610=EDGE_CURVE('',#752,#754,#922,.T.);
#611=EDGE_CURVE('',#755,#643,#923,.T.);
#612=EDGE_CURVE('',#754,#755,#924,.T.);
#613=EDGE_CURVE('',#753,#755,#925,.T.);
#614=EDGE_CURVE('',#756,#637,#926,.T.);
#615=EDGE_CURVE('',#756,#757,#927,.T.);
#616=EDGE_CURVE('',#757,#638,#928,.T.);
#617=EDGE_CURVE('',#758,#640,#929,.T.);
#618=EDGE_CURVE('',#756,#758,#930,.T.);
#619=EDGE_CURVE('',#759,#639,#931,.T.);
#620=EDGE_CURVE('',#758,#759,#932,.T.);
#621=EDGE_CURVE('',#757,#759,#933,.T.);
#622=EDGE_CURVE('',#760,#633,#934,.T.);
#623=EDGE_CURVE('',#760,#761,#935,.T.);
#624=EDGE_CURVE('',#761,#634,#936,.T.);
#625=EDGE_CURVE('',#762,#636,#937,.T.);
#626=EDGE_CURVE('',#760,#762,#938,.T.);
#627=EDGE_CURVE('',#763,#635,#939,.T.);
#628=EDGE_CURVE('',#762,#763,#940,.T.);
#629=EDGE_CURVE('',#761,#763,#941,.T.);
#630=EDGE_CURVE('',#696,#694,#39,.F.);
#631=EDGE_CURVE('',#764,#764,#40,.T.);
#632=EDGE_CURVE('',#765,#765,#41,.T.);
#633=VERTEX_POINT('',#2582);
#634=VERTEX_POINT('',#2583);
#635=VERTEX_POINT('',#2585);
#636=VERTEX_POINT('',#2587);
#637=VERTEX_POINT('',#2590);
#638=VERTEX_POINT('',#2591);
#639=VERTEX_POINT('',#2593);
#640=VERTEX_POINT('',#2595);
#641=VERTEX_POINT('',#2598);
#642=VERTEX_POINT('',#2599);
#643=VERTEX_POINT('',#2601);
#644=VERTEX_POINT('',#2603);
#645=VERTEX_POINT('',#2606);
#646=VERTEX_POINT('',#2607);
#647=VERTEX_POINT('',#2609);
#648=VERTEX_POINT('',#2611);
#649=VERTEX_POINT('',#2614);
#650=VERTEX_POINT('',#2615);
#651=VERTEX_POINT('',#2617);
#652=VERTEX_POINT('',#2619);
#653=VERTEX_POINT('',#2622);
#654=VERTEX_POINT('',#2623);
#655=VERTEX_POINT('',#2625);
#656=VERTEX_POINT('',#2627);
#657=VERTEX_POINT('',#2630);
#658=VERTEX_POINT('',#2631);
#659=VERTEX_POINT('',#2633);
#660=VERTEX_POINT('',#2635);
#661=VERTEX_POINT('',#2638);
#662=VERTEX_POINT('',#2639);
#663=VERTEX_POINT('',#2641);
#664=VERTEX_POINT('',#2643);
#665=VERTEX_POINT('',#2646);
#666=VERTEX_POINT('',#2647);
#667=VERTEX_POINT('',#2649);
#668=VERTEX_POINT('',#2651);
#669=VERTEX_POINT('',#2654);
#670=VERTEX_POINT('',#2655);
#671=VERTEX_POINT('',#2657);
#672=VERTEX_POINT('',#2659);
#673=VERTEX_POINT('',#2662);
#674=VERTEX_POINT('',#2663);
#675=VERTEX_POINT('',#2665);
#676=VERTEX_POINT('',#2667);
#677=VERTEX_POINT('',#2670);
#678=VERTEX_POINT('',#2671);
#679=VERTEX_POINT('',#2673);
#680=VERTEX_POINT('',#2675);
#681=VERTEX_POINT('',#2678);
#682=VERTEX_POINT('',#2680);
#683=VERTEX_POINT('',#2681);
#684=VERTEX_POINT('',#2683);
#685=VERTEX_POINT('',#2685);
#686=VERTEX_POINT('',#2687);
#687=VERTEX_POINT('',#2689);
#688=VERTEX_POINT('',#2691);
#689=VERTEX_POINT('',#2693);
#690=VERTEX_POINT('',#2697);
#691=VERTEX_POINT('',#2698);
#692=VERTEX_POINT('',#2700);
#693=VERTEX_POINT('',#2702);
#694=VERTEX_POINT('',#2706);
#695=VERTEX_POINT('',#2707);
#696=VERTEX_POINT('',#2712);
#697=VERTEX_POINT('',#2714);
#698=VERTEX_POINT('',#2727);
#699=VERTEX_POINT('',#2728);
#700=VERTEX_POINT('',#2730);
#701=VERTEX_POINT('',#2732);
#702=VERTEX_POINT('',#2736);
#703=VERTEX_POINT('',#2737);
#704=VERTEX_POINT('',#2739);
#705=VERTEX_POINT('',#2741);
#706=VERTEX_POINT('',#2745);
#707=VERTEX_POINT('',#2746);
#708=VERTEX_POINT('',#2748);
#709=VERTEX_POINT('',#2750);
#710=VERTEX_POINT('',#2754);
#711=VERTEX_POINT('',#2757);
#712=VERTEX_POINT('',#2758);
#713=VERTEX_POINT('',#2760);
#714=VERTEX_POINT('',#2762);
#715=VERTEX_POINT('',#2766);
#716=VERTEX_POINT('',#2782);
#717=VERTEX_POINT('',#2784);
#718=VERTEX_POINT('',#2788);
#719=VERTEX_POINT('',#2792);
#720=VERTEX_POINT('',#2799);
#721=VERTEX_POINT('',#2801);
#722=VERTEX_POINT('',#2805);
#723=VERTEX_POINT('',#2809);
#724=VERTEX_POINT('',#2816);
#725=VERTEX_POINT('',#2818);
#726=VERTEX_POINT('',#2822);
#727=VERTEX_POINT('',#2826);
#728=VERTEX_POINT('',#2833);
#729=VERTEX_POINT('',#2835);
#730=VERTEX_POINT('',#2839);
#731=VERTEX_POINT('',#2843);
#732=VERTEX_POINT('',#2850);
#733=VERTEX_POINT('',#2852);
#734=VERTEX_POINT('',#2856);
#735=VERTEX_POINT('',#2860);
#736=VERTEX_POINT('',#2867);
#737=VERTEX_POINT('',#2869);
#738=VERTEX_POINT('',#2873);
#739=VERTEX_POINT('',#2877);
#740=VERTEX_POINT('',#2884);
#741=VERTEX_POINT('',#2886);
#742=VERTEX_POINT('',#2890);
#743=VERTEX_POINT('',#2894);
#744=VERTEX_POINT('',#2901);
#745=VERTEX_POINT('',#2903);
#746=VERTEX_POINT('',#2907);
#747=VERTEX_POINT('',#2911);
#748=VERTEX_POINT('',#2918);
#749=VERTEX_POINT('',#2920);
#750=VERTEX_POINT('',#2924);
#751=VERTEX_POINT('',#2928);
#752=VERTEX_POINT('',#2935);
#753=VERTEX_POINT('',#2937);
#754=VERTEX_POINT('',#2941);
#755=VERTEX_POINT('',#2945);
#756=VERTEX_POINT('',#2952);
#757=VERTEX_POINT('',#2954);
#758=VERTEX_POINT('',#2958);
#759=VERTEX_POINT('',#2962);
#760=VERTEX_POINT('',#2969);
#761=VERTEX_POINT('',#2971);
#762=VERTEX_POINT('',#2975);
#763=VERTEX_POINT('',#2979);
#764=VERTEX_POINT('',#2988);
#765=VERTEX_POINT('',#2992);
#766=LINE('',#2581,#942);
#767=LINE('',#2584,#943);
#768=LINE('',#2586,#944);
#769=LINE('',#2588,#945);
#770=LINE('',#2589,#946);
#771=LINE('',#2592,#947);
#772=LINE('',#2594,#948);
#773=LINE('',#2596,#949);
#774=LINE('',#2597,#950);
#775=LINE('',#2600,#951);
#776=LINE('',#2602,#952);
#777=LINE('',#2604,#953);
#778=LINE('',#2605,#954);
#779=LINE('',#2608,#955);
#780=LINE('',#2610,#956);
#781=LINE('',#2612,#957);
#782=LINE('',#2613,#958);
#783=LINE('',#2616,#959);
#784=LINE('',#2618,#960);
#785=LINE('',#2620,#961);
#786=LINE('',#2621,#962);
#787=LINE('',#2624,#963);
#788=LINE('',#2626,#964);
#789=LINE('',#2628,#965);
#790=LINE('',#2629,#966);
#791=LINE('',#2632,#967);
#792=LINE('',#2634,#968);
#793=LINE('',#2636,#969);
#794=LINE('',#2637,#970);
#795=LINE('',#2640,#971);
#796=LINE('',#2642,#972);
#797=LINE('',#2644,#973);
#798=LINE('',#2645,#974);
#799=LINE('',#2648,#975);
#800=LINE('',#2650,#976);
#801=LINE('',#2652,#977);
#802=LINE('',#2653,#978);
#803=LINE('',#2656,#979);
#804=LINE('',#2658,#980);
#805=LINE('',#2660,#981);
#806=LINE('',#2661,#982);
#807=LINE('',#2664,#983);
#808=LINE('',#2666,#984);
#809=LINE('',#2668,#985);
#810=LINE('',#2669,#986);
#811=LINE('',#2672,#987);
#812=LINE('',#2674,#988);
#813=LINE('',#2676,#989);
#814=LINE('',#2682,#990);
#815=LINE('',#2686,#991);
#816=LINE('',#2690,#992);
#817=LINE('',#2694,#993);
#818=LINE('',#2696,#994);
#819=LINE('',#2701,#995);
#820=LINE('',#2705,#996);
#821=LINE('',#2708,#997);
#822=LINE('',#2709,#998);
#823=LINE('',#2711,#999);
#824=LINE('',#2713,#1000);
#825=LINE('',#2715,#1001);
#826=LINE('',#2717,#1002);
#827=LINE('',#2718,#1003);
#828=LINE('',#2720,#1004);
#829=LINE('',#2721,#1005);
#830=LINE('',#2726,#1006);
#831=LINE('',#2729,#1007);
#832=LINE('',#2731,#1008);
#833=LINE('',#2733,#1009);
#834=LINE('',#2735,#1010);
#835=LINE('',#2738,#1011);
#836=LINE('',#2740,#1012);
#837=LINE('',#2742,#1013);
#838=LINE('',#2744,#1014);
#839=LINE('',#2747,#1015);
#840=LINE('',#2749,#1016);
#841=LINE('',#2751,#1017);
#842=LINE('',#2756,#1018);
#843=LINE('',#2759,#1019);
#844=LINE('',#2761,#1020);
#845=LINE('',#2763,#1021);
#846=LINE('',#2781,#1022);
#847=LINE('',#2783,#1023);
#848=LINE('',#2785,#1024);
#849=LINE('',#2787,#1025);
#850=LINE('',#2789,#1026);
#851=LINE('',#2791,#1027);
#852=LINE('',#2793,#1028);
#853=LINE('',#2795,#1029);
#854=LINE('',#2798,#1030);
#855=LINE('',#2800,#1031);
#856=LINE('',#2802,#1032);
#857=LINE('',#2804,#1033);
#858=LINE('',#2806,#1034);
#859=LINE('',#2808,#1035);
#860=LINE('',#2810,#1036);
#861=LINE('',#2812,#1037);
#862=LINE('',#2815,#1038);
#863=LINE('',#2817,#1039);
#864=LINE('',#2819,#1040);
#865=LINE('',#2821,#1041);
#866=LINE('',#2823,#1042);
#867=LINE('',#2825,#1043);
#868=LINE('',#2827,#1044);
#869=LINE('',#2829,#1045);
#870=LINE('',#2832,#1046);
#871=LINE('',#2834,#1047);
#872=LINE('',#2836,#1048);
#873=LINE('',#2838,#1049);
#874=LINE('',#2840,#1050);
#875=LINE('',#2842,#1051);
#876=LINE('',#2844,#1052);
#877=LINE('',#2846,#1053);
#878=LINE('',#2849,#1054);
#879=LINE('',#2851,#1055);
#880=LINE('',#2853,#1056);
#881=LINE('',#2855,#1057);
#882=LINE('',#2857,#1058);
#883=LINE('',#2859,#1059);
#884=LINE('',#2861,#1060);
#885=LINE('',#2863,#1061);
#886=LINE('',#2866,#1062);
#887=LINE('',#2868,#1063);
#888=LINE('',#2870,#1064);
#889=LINE('',#2872,#1065);
#890=LINE('',#2874,#1066);
#891=LINE('',#2876,#1067);
#892=LINE('',#2878,#1068);
#893=LINE('',#2880,#1069);
#894=LINE('',#2883,#1070);
#895=LINE('',#2885,#1071);
#896=LINE('',#2887,#1072);
#897=LINE('',#2889,#1073);
#898=LINE('',#2891,#1074);
#899=LINE('',#2893,#1075);
#900=LINE('',#2895,#1076);
#901=LINE('',#2897,#1077);
#902=LINE('',#2900,#1078);
#903=LINE('',#2902,#1079);
#904=LINE('',#2904,#1080);
#905=LINE('',#2906,#1081);
#906=LINE('',#2908,#1082);
#907=LINE('',#2910,#1083);
#908=LINE('',#2912,#1084);
#909=LINE('',#2914,#1085);
#910=LINE('',#2917,#1086);
#911=LINE('',#2919,#1087);
#912=LINE('',#2921,#1088);
#913=LINE('',#2923,#1089);
#914=LINE('',#2925,#1090);
#915=LINE('',#2927,#1091);
#916=LINE('',#2929,#1092);
#917=LINE('',#2931,#1093);
#918=LINE('',#2934,#1094);
#919=LINE('',#2936,#1095);
#920=LINE('',#2938,#1096);
#921=LINE('',#2940,#1097);
#922=LINE('',#2942,#1098);
#923=LINE('',#2944,#1099);
#924=LINE('',#2946,#1100);
#925=LINE('',#2948,#1101);
#926=LINE('',#2951,#1102);
#927=LINE('',#2953,#1103);
#928=LINE('',#2955,#1104);
#929=LINE('',#2957,#1105);
#930=LINE('',#2959,#1106);
#931=LINE('',#2961,#1107);
#932=LINE('',#2963,#1108);
#933=LINE('',#2965,#1109);
#934=LINE('',#2968,#1110);
#935=LINE('',#2970,#1111);
#936=LINE('',#2972,#1112);
#937=LINE('',#2974,#1113);
#938=LINE('',#2976,#1114);
#939=LINE('',#2978,#1115);
#940=LINE('',#2980,#1116);
#941=LINE('',#2982,#1117);
#942=VECTOR('',#2195,1.);
#943=VECTOR('',#2196,1.);
#944=VECTOR('',#2197,1.);
#945=VECTOR('',#2198,1.);
#946=VECTOR('',#2199,1.);
#947=VECTOR('',#2200,1.);
#948=VECTOR('',#2201,1.);
#949=VECTOR('',#2202,1.);
#950=VECTOR('',#2203,1.);
#951=VECTOR('',#2204,1.);
#952=VECTOR('',#2205,1.);
#953=VECTOR('',#2206,1.);
#954=VECTOR('',#2207,1.);
#955=VECTOR('',#2208,1.);
#956=VECTOR('',#2209,1.);
#957=VECTOR('',#2210,1.);
#958=VECTOR('',#2211,1.);
#959=VECTOR('',#2212,1.);
#960=VECTOR('',#2213,1.);
#961=VECTOR('',#2214,1.);
#962=VECTOR('',#2215,1.);
#963=VECTOR('',#2216,1.);
#964=VECTOR('',#2217,1.);
#965=VECTOR('',#2218,1.);
#966=VECTOR('',#2219,1.);
#967=VECTOR('',#2220,1.);
#968=VECTOR('',#2221,1.);
#969=VECTOR('',#2222,1.);
#970=VECTOR('',#2223,1.);
#971=VECTOR('',#2224,1.);
#972=VECTOR('',#2225,1.);
#973=VECTOR('',#2226,1.);
#974=VECTOR('',#2227,1.);
#975=VECTOR('',#2228,1.);
#976=VECTOR('',#2229,1.);
#977=VECTOR('',#2230,1.);
#978=VECTOR('',#2231,1.);
#979=VECTOR('',#2232,1.);
#980=VECTOR('',#2233,1.);
#981=VECTOR('',#2234,1.);
#982=VECTOR('',#2235,1.);
#983=VECTOR('',#2236,1.);
#984=VECTOR('',#2237,1.);
#985=VECTOR('',#2238,1.);
#986=VECTOR('',#2239,1.);
#987=VECTOR('',#2240,1.);
#988=VECTOR('',#2241,1.);
#989=VECTOR('',#2242,1.);
#990=VECTOR('',#2247,1.);
#991=VECTOR('',#2250,1.);
#992=VECTOR('',#2253,1.);
#993=VECTOR('',#2256,1.);
#994=VECTOR('',#2259,1.);
#995=VECTOR('',#2262,1.);
#996=VECTOR('',#2267,1.);
#997=VECTOR('',#2268,1.);
#998=VECTOR('',#2269,1.);
#999=VECTOR('',#2272,1.);
#1000=VECTOR('',#2273,1.);
#1001=VECTOR('',#2274,1.);
#1002=VECTOR('',#2277,1.);
#1003=VECTOR('',#2278,1.);
#1004=VECTOR('',#2281,1.);
#1005=VECTOR('',#2282,1.);
#1006=VECTOR('',#2291,1.);
#1007=VECTOR('',#2292,1.);
#1008=VECTOR('',#2293,1.);
#1009=VECTOR('',#2294,1.);
#1010=VECTOR('',#2297,1.);
#1011=VECTOR('',#2298,1.);
#1012=VECTOR('',#2299,1.);
#1013=VECTOR('',#2300,1.);
#1014=VECTOR('',#2303,1.);
#1015=VECTOR('',#2304,1.);
#1016=VECTOR('',#2305,1.);
#1017=VECTOR('',#2306,1.);
#1018=VECTOR('',#2313,1.);
#1019=VECTOR('',#2314,1.);
#1020=VECTOR('',#2315,1.);
#1021=VECTOR('',#2316,1.);
#1022=VECTOR('',#2349,1.);
#1023=VECTOR('',#2350,1.);
#1024=VECTOR('',#2351,1.);
#1025=VECTOR('',#2354,1.);
#1026=VECTOR('',#2355,1.);
#1027=VECTOR('',#2358,1.);
#1028=VECTOR('',#2359,1.);
#1029=VECTOR('',#2362,1.);
#1030=VECTOR('',#2367,1.);
#1031=VECTOR('',#2368,1.);
#1032=VECTOR('',#2369,1.);
#1033=VECTOR('',#2372,1.);
#1034=VECTOR('',#2373,1.);
#1035=VECTOR('',#2376,1.);
#1036=VECTOR('',#2377,1.);
#1037=VECTOR('',#2380,1.);
#1038=VECTOR('',#2385,1.);
#1039=VECTOR('',#2386,1.);
#1040=VECTOR('',#2387,1.);
#1041=VECTOR('',#2390,1.);
#1042=VECTOR('',#2391,1.);
#1043=VECTOR('',#2394,1.);
#1044=VECTOR('',#2395,1.);
#1045=VECTOR('',#2398,1.);
#1046=VECTOR('',#2403,1.);
#1047=VECTOR('',#2404,1.);
#1048=VECTOR('',#2405,1.);
#1049=VECTOR('',#2408,1.);
#1050=VECTOR('',#2409,1.);
#1051=VECTOR('',#2412,1.);
#1052=VECTOR('',#2413,1.);
#1053=VECTOR('',#2416,1.);
#1054=VECTOR('',#2421,1.);
#1055=VECTOR('',#2422,1.);
#1056=VECTOR('',#2423,1.);
#1057=VECTOR('',#2426,1.);
#1058=VECTOR('',#2427,1.);
#1059=VECTOR('',#2430,1.);
#1060=VECTOR('',#2431,1.);
#1061=VECTOR('',#2434,1.);
#1062=VECTOR('',#2439,1.);
#1063=VECTOR('',#2440,1.);
#1064=VECTOR('',#2441,1.);
#1065=VECTOR('',#2444,1.);
#1066=VECTOR('',#2445,1.);
#1067=VECTOR('',#2448,1.);
#1068=VECTOR('',#2449,1.);
#1069=VECTOR('',#2452,1.);
#1070=VECTOR('',#2457,1.);
#1071=VECTOR('',#2458,1.);
#1072=VECTOR('',#2459,1.);
#1073=VECTOR('',#2462,1.);
#1074=VECTOR('',#2463,1.);
#1075=VECTOR('',#2466,1.);
#1076=VECTOR('',#2467,1.);
#1077=VECTOR('',#2470,1.);
#1078=VECTOR('',#2475,1.);
#1079=VECTOR('',#2476,1.);
#1080=VECTOR('',#2477,1.);
#1081=VECTOR('',#2480,1.);
#1082=VECTOR('',#2481,1.);
#1083=VECTOR('',#2484,1.);
#1084=VECTOR('',#2485,1.);
#1085=VECTOR('',#2488,1.);
#1086=VECTOR('',#2493,1.);
#1087=VECTOR('',#2494,1.);
#1088=VECTOR('',#2495,1.);
#1089=VECTOR('',#2498,1.);
#1090=VECTOR('',#2499,1.);
#1091=VECTOR('',#2502,1.);
#1092=VECTOR('',#2503,1.);
#1093=VECTOR('',#2506,1.);
#1094=VECTOR('',#2511,1.);
#1095=VECTOR('',#2512,1.);
#1096=VECTOR('',#2513,1.);
#1097=VECTOR('',#2516,1.);
#1098=VECTOR('',#2517,1.);
#1099=VECTOR('',#2520,1.);
#1100=VECTOR('',#2521,1.);
#1101=VECTOR('',#2524,1.);
#1102=VECTOR('',#2529,1.);
#1103=VECTOR('',#2530,1.);
#1104=VECTOR('',#2531,1.);
#1105=VECTOR('',#2534,1.);
#1106=VECTOR('',#2535,1.);
#1107=VECTOR('',#2538,1.);
#1108=VECTOR('',#2539,1.);
#1109=VECTOR('',#2542,1.);
#1110=VECTOR('',#2547,1.);
#1111=VECTOR('',#2548,1.);
#1112=VECTOR('',#2549,1.);
#1113=VECTOR('',#2552,1.);
#1114=VECTOR('',#2553,1.);
#1115=VECTOR('',#2556,1.);
#1116=VECTOR('',#2557,1.);
#1117=VECTOR('',#2560,1.);
#1118=EDGE_LOOP('',(#42,#43,#44,#45));
#1119=EDGE_LOOP('',(#46,#47,#48,#49));
#1120=EDGE_LOOP('',(#50,#51,#52,#53));
#1121=EDGE_LOOP('',(#54,#55,#56,#57));
#1122=EDGE_LOOP('',(#58,#59,#60,#61));
#1123=EDGE_LOOP('',(#62,#63,#64,#65));
#1124=EDGE_LOOP('',(#66,#67,#68,#69));
#1125=EDGE_LOOP('',(#70,#71,#72,#73));
#1126=EDGE_LOOP('',(#74,#75,#76,#77));
#1127=EDGE_LOOP('',(#78,#79,#80,#81));
#1128=EDGE_LOOP('',(#82,#83,#84,#85));
#1129=EDGE_LOOP('',(#86,#87,#88,#89));
#1130=EDGE_LOOP('',(#90));
#1131=EDGE_LOOP('',(#91,#92,#93,#94,#95,#96,#97,#98));
#1132=EDGE_LOOP('',(#99,#100,#101,#102));
#1133=EDGE_LOOP('',(#103,#104,#105,#106));
#1134=EDGE_LOOP('',(#107,#108,#109,#110));
#1135=EDGE_LOOP('',(#111,#112,#113,#114));
#1136=EDGE_LOOP('',(#115,#116,#117,#118));
#1137=EDGE_LOOP('',(#119,#120,#121,#122));
#1138=EDGE_LOOP('',(#123,#124,#125,#126));
#1139=EDGE_LOOP('',(#127,#128,#129,#130));
#1140=EDGE_LOOP('',(#131,#132,#133,#134));
#1141=EDGE_LOOP('',(#135,#136,#137,#138));
#1142=EDGE_LOOP('',(#139));
#1143=EDGE_LOOP('',(#140));
#1144=EDGE_LOOP('',(#141,#142,#143,#144));
#1145=EDGE_LOOP('',(#145));
#1146=EDGE_LOOP('',(#146));
#1147=EDGE_LOOP('',(#147,#148,#149,#150,#151,#152,#153,#154));
#1148=EDGE_LOOP('',(#155,#156,#157,#158,#159,#160,#161,#162));
#1149=EDGE_LOOP('',(#163,#164,#165,#166));
#1150=EDGE_LOOP('',(#167,#168,#169,#170));
#1151=EDGE_LOOP('',(#171,#172,#173,#174));
#1152=EDGE_LOOP('',(#175,#176,#177,#178));
#1153=EDGE_LOOP('',(#179,#180,#181,#182));
#1154=EDGE_LOOP('',(#183,#184,#185,#186));
#1155=EDGE_LOOP('',(#187,#188,#189,#190));
#1156=EDGE_LOOP('',(#191,#192,#193,#194));
#1157=EDGE_LOOP('',(#195,#196,#197,#198));
#1158=EDGE_LOOP('',(#199,#200,#201,#202));
#1159=EDGE_LOOP('',(#203,#204,#205,#206));
#1160=EDGE_LOOP('',(#207,#208,#209,#210));
#1161=EDGE_LOOP('',(#211,#212,#213,#214));
#1162=EDGE_LOOP('',(#215,#216,#217,#218));
#1163=EDGE_LOOP('',(#219,#220,#221,#222));
#1164=EDGE_LOOP('',(#223,#224,#225,#226));
#1165=EDGE_LOOP('',(#227,#228,#229,#230));
#1166=EDGE_LOOP('',(#231,#232,#233,#234));
#1167=EDGE_LOOP('',(#235,#236,#237,#238));
#1168=EDGE_LOOP('',(#239,#240,#241,#242));
#1169=EDGE_LOOP('',(#243,#244,#245,#246));
#1170=EDGE_LOOP('',(#247,#248,#249,#250));
#1171=EDGE_LOOP('',(#251,#252,#253,#254));
#1172=EDGE_LOOP('',(#255,#256,#257,#258));
#1173=EDGE_LOOP('',(#259,#260,#261,#262));
#1174=EDGE_LOOP('',(#263,#264,#265,#266));
#1175=EDGE_LOOP('',(#267,#268,#269,#270));
#1176=EDGE_LOOP('',(#271,#272,#273,#274));
#1177=EDGE_LOOP('',(#275,#276,#277,#278));
#1178=EDGE_LOOP('',(#279,#280,#281,#282));
#1179=EDGE_LOOP('',(#283,#284,#285,#286));
#1180=EDGE_LOOP('',(#287,#288,#289,#290));
#1181=EDGE_LOOP('',(#291,#292,#293,#294));
#1182=EDGE_LOOP('',(#295,#296,#297,#298));
#1183=EDGE_LOOP('',(#299,#300,#301,#302));
#1184=EDGE_LOOP('',(#303,#304,#305,#306));
#1185=EDGE_LOOP('',(#307,#308,#309,#310));
#1186=EDGE_LOOP('',(#311,#312,#313,#314));
#1187=EDGE_LOOP('',(#315,#316,#317,#318));
#1188=EDGE_LOOP('',(#319,#320,#321,#322));
#1189=EDGE_LOOP('',(#323,#324,#325,#326));
#1190=EDGE_LOOP('',(#327,#328,#329,#330));
#1191=EDGE_LOOP('',(#331,#332,#333,#334));
#1192=EDGE_LOOP('',(#335,#336,#337,#338));
#1193=EDGE_LOOP('',(#339,#340,#341,#342));
#1194=EDGE_LOOP('',(#343,#344,#345,#346));
#1195=EDGE_LOOP('',(#347,#348,#349,#350));
#1196=EDGE_LOOP('',(#351,#352,#353,#354));
#1197=EDGE_LOOP('',(#355,#356,#357,#358));
#1198=EDGE_LOOP('',(#359,#360,#361,#362));
#1199=EDGE_LOOP('',(#363,#364,#365,#366));
#1200=EDGE_LOOP('',(#367,#368,#369,#370));
#1201=EDGE_LOOP('',(#371,#372,#373,#374));
#1202=EDGE_LOOP('',(#375,#376,#377,#378));
#1203=EDGE_LOOP('',(#379,#380,#381,#382));
#1204=EDGE_LOOP('',(#383,#384,#385,#386));
#1205=EDGE_LOOP('',(#387,#388,#389,#390));
#1206=EDGE_LOOP('',(#391,#392,#393,#394));
#1207=EDGE_LOOP('',(#395,#396,#397,#398));
#1208=EDGE_LOOP('',(#399,#400,#401,#402));
#1209=EDGE_LOOP('',(#403,#404,#405,#406));
#1210=EDGE_LOOP('',(#407,#408,#409,#410));
#1211=EDGE_LOOP('',(#411,#412,#413,#414));
#1212=EDGE_LOOP('',(#415,#416,#417,#418));
#1213=EDGE_LOOP('',(#419,#420,#421,#422));
#1214=EDGE_LOOP('',(#423,#424,#425,#426,#427,#428,#429,#430));
#1215=EDGE_LOOP('',(#431));
#1216=EDGE_LOOP('',(#432));
#1217=EDGE_LOOP('',(#433));
#1218=EDGE_LOOP('',(#434));
#1219=EDGE_LOOP('',(#435));
#1220=FACE_BOUND('',#1118,.T.);
#1221=FACE_BOUND('',#1119,.T.);
#1222=FACE_BOUND('',#1120,.T.);
#1223=FACE_BOUND('',#1121,.T.);
#1224=FACE_BOUND('',#1122,.T.);
#1225=FACE_BOUND('',#1123,.T.);
#1226=FACE_BOUND('',#1124,.T.);
#1227=FACE_BOUND('',#1125,.T.);
#1228=FACE_BOUND('',#1126,.T.);
#1229=FACE_BOUND('',#1127,.T.);
#1230=FACE_BOUND('',#1128,.T.);
#1231=FACE_BOUND('',#1129,.T.);
#1232=FACE_BOUND('',#1130,.T.);
#1233=FACE_BOUND('',#1131,.T.);
#1234=FACE_BOUND('',#1132,.T.);
#1235=FACE_BOUND('',#1133,.T.);
#1236=FACE_BOUND('',#1134,.T.);
#1237=FACE_BOUND('',#1135,.T.);
#1238=FACE_BOUND('',#1136,.T.);
#1239=FACE_BOUND('',#1137,.T.);
#1240=FACE_BOUND('',#1138,.T.);
#1241=FACE_BOUND('',#1139,.T.);
#1242=FACE_BOUND('',#1140,.T.);
#1243=FACE_BOUND('',#1141,.T.);
#1244=FACE_BOUND('',#1142,.T.);
#1245=FACE_BOUND('',#1143,.T.);
#1246=FACE_BOUND('',#1144,.T.);
#1247=FACE_BOUND('',#1145,.T.);
#1248=FACE_BOUND('',#1146,.T.);
#1249=FACE_BOUND('',#1147,.T.);
#1250=FACE_BOUND('',#1148,.T.);
#1251=FACE_BOUND('',#1149,.T.);
#1252=FACE_BOUND('',#1150,.T.);
#1253=FACE_BOUND('',#1151,.T.);
#1254=FACE_BOUND('',#1152,.T.);
#1255=FACE_BOUND('',#1153,.T.);
#1256=FACE_BOUND('',#1154,.T.);
#1257=FACE_BOUND('',#1155,.T.);
#1258=FACE_BOUND('',#1156,.T.);
#1259=FACE_BOUND('',#1157,.T.);
#1260=FACE_BOUND('',#1158,.T.);
#1261=FACE_BOUND('',#1159,.T.);
#1262=FACE_BOUND('',#1160,.T.);
#1263=FACE_BOUND('',#1161,.T.);
#1264=FACE_BOUND('',#1162,.T.);
#1265=FACE_BOUND('',#1163,.T.);
#1266=FACE_BOUND('',#1164,.T.);
#1267=FACE_BOUND('',#1165,.T.);
#1268=FACE_BOUND('',#1166,.T.);
#1269=FACE_BOUND('',#1167,.T.);
#1270=FACE_BOUND('',#1168,.T.);
#1271=FACE_BOUND('',#1169,.T.);
#1272=FACE_BOUND('',#1170,.T.);
#1273=FACE_BOUND('',#1171,.T.);
#1274=FACE_BOUND('',#1172,.T.);
#1275=FACE_BOUND('',#1173,.T.);
#1276=FACE_BOUND('',#1174,.T.);
#1277=FACE_BOUND('',#1175,.T.);
#1278=FACE_BOUND('',#1176,.T.);
#1279=FACE_BOUND('',#1177,.T.);
#1280=FACE_BOUND('',#1178,.T.);
#1281=FACE_BOUND('',#1179,.T.);
#1282=FACE_BOUND('',#1180,.T.);
#1283=FACE_BOUND('',#1181,.T.);
#1284=FACE_BOUND('',#1182,.T.);
#1285=FACE_BOUND('',#1183,.T.);
#1286=FACE_BOUND('',#1184,.T.);
#1287=FACE_BOUND('',#1185,.T.);
#1288=FACE_BOUND('',#1186,.T.);
#1289=FACE_BOUND('',#1187,.T.);
#1290=FACE_BOUND('',#1188,.T.);
#1291=FACE_BOUND('',#1189,.T.);
#1292=FACE_BOUND('',#1190,.T.);
#1293=FACE_BOUND('',#1191,.T.);
#1294=FACE_BOUND('',#1192,.T.);
#1295=FACE_BOUND('',#1193,.T.);
#1296=FACE_BOUND('',#1194,.T.);
#1297=FACE_BOUND('',#1195,.T.);
#1298=FACE_BOUND('',#1196,.T.);
#1299=FACE_BOUND('',#1197,.T.);
#1300=FACE_BOUND('',#1198,.T.);
#1301=FACE_BOUND('',#1199,.T.);
#1302=FACE_BOUND('',#1200,.T.);
#1303=FACE_BOUND('',#1201,.T.);
#1304=FACE_BOUND('',#1202,.T.);
#1305=FACE_BOUND('',#1203,.T.);
#1306=FACE_BOUND('',#1204,.T.);
#1307=FACE_BOUND('',#1205,.T.);
#1308=FACE_BOUND('',#1206,.T.);
#1309=FACE_BOUND('',#1207,.T.);
#1310=FACE_BOUND('',#1208,.T.);
#1311=FACE_BOUND('',#1209,.T.);
#1312=FACE_BOUND('',#1210,.T.);
#1313=FACE_BOUND('',#1211,.T.);
#1314=FACE_BOUND('',#1212,.T.);
#1315=FACE_BOUND('',#1213,.T.);
#1316=FACE_BOUND('',#1214,.T.);
#1317=FACE_BOUND('',#1215,.T.);
#1318=FACE_BOUND('',#1216,.T.);
#1319=FACE_BOUND('',#1217,.T.);
#1320=FACE_BOUND('',#1218,.T.);
#1321=FACE_BOUND('',#1219,.T.);
#1322=PLANE('',#2086);
#1323=PLANE('',#2092);
#1324=PLANE('',#2095);
#1325=PLANE('',#2096);
#1326=PLANE('',#2097);
#1327=PLANE('',#2098);
#1328=PLANE('',#2102);
#1329=PLANE('',#2103);
#1330=PLANE('',#2104);
#1331=PLANE('',#2107);
#1332=PLANE('',#2108);
#1333=PLANE('',#2114);
#1334=PLANE('',#2123);
#1335=PLANE('',#2124);
#1336=PLANE('',#2125);
#1337=PLANE('',#2126);
#1338=PLANE('',#2127);
#1339=PLANE('',#2128);
#1340=PLANE('',#2129);
#1341=PLANE('',#2130);
#1342=PLANE('',#2131);
#1343=PLANE('',#2132);
#1344=PLANE('',#2133);
#1345=PLANE('',#2134);
#1346=PLANE('',#2135);
#1347=PLANE('',#2136);
#1348=PLANE('',#2137);
#1349=PLANE('',#2138);
#1350=PLANE('',#2139);
#1351=PLANE('',#2140);
#1352=PLANE('',#2141);
#1353=PLANE('',#2142);
#1354=PLANE('',#2143);
#1355=PLANE('',#2144);
#1356=PLANE('',#2145);
#1357=PLANE('',#2146);
#1358=PLANE('',#2147);
#1359=PLANE('',#2148);
#1360=PLANE('',#2149);
#1361=PLANE('',#2150);
#1362=PLANE('',#2151);
#1363=PLANE('',#2152);
#1364=PLANE('',#2153);
#1365=PLANE('',#2154);
#1366=PLANE('',#2155);
#1367=PLANE('',#2156);
#1368=PLANE('',#2157);
#1369=PLANE('',#2158);
#1370=PLANE('',#2159);
#1371=PLANE('',#2160);
#1372=PLANE('',#2161);
#1373=PLANE('',#2162);
#1374=PLANE('',#2163);
#1375=PLANE('',#2164);
#1376=PLANE('',#2165);
#1377=PLANE('',#2166);
#1378=PLANE('',#2167);
#1379=PLANE('',#2168);
#1380=PLANE('',#2169);
#1381=PLANE('',#2170);
#1382=PLANE('',#2171);
#1383=PLANE('',#2172);
#1384=PLANE('',#2173);
#1385=PLANE('',#2174);
#1386=PLANE('',#2175);
#1387=PLANE('',#2176);
#1388=PLANE('',#2177);
#1389=PLANE('',#2178);
#1390=PLANE('',#2179);
#1391=PLANE('',#2180);
#1392=PLANE('',#2181);
#1393=PLANE('',#2182);
#1394=PLANE('',#2183);
#1395=PLANE('',#2187);
#1396=PLANE('',#2190);
#1397=OVER_RIDING_STYLED_ITEM('',(#1568),#1481,#1566);
#1398=OVER_RIDING_STYLED_ITEM('',(#1569),#1482,#1566);
#1399=OVER_RIDING_STYLED_ITEM('',(#1570),#1483,#1566);
#1400=OVER_RIDING_STYLED_ITEM('',(#1571),#1484,#1566);
#1401=OVER_RIDING_STYLED_ITEM('',(#1572),#1485,#1566);
#1402=OVER_RIDING_STYLED_ITEM('',(#1573),#1486,#1566);
#1403=OVER_RIDING_STYLED_ITEM('',(#1574),#1487,#1566);
#1404=OVER_RIDING_STYLED_ITEM('',(#1575),#1488,#1566);
#1405=OVER_RIDING_STYLED_ITEM('',(#1576),#1489,#1566);
#1406=OVER_RIDING_STYLED_ITEM('',(#1577),#1490,#1566);
#1407=OVER_RIDING_STYLED_ITEM('',(#1578),#1491,#1566);
#1408=OVER_RIDING_STYLED_ITEM('',(#1579),#1492,#1566);
#1409=OVER_RIDING_STYLED_ITEM('',(#1580),#1493,#1566);
#1410=OVER_RIDING_STYLED_ITEM('',(#1581),#1494,#1566);
#1411=OVER_RIDING_STYLED_ITEM('',(#1582),#1495,#1566);
#1412=OVER_RIDING_STYLED_ITEM('',(#1583),#1496,#1566);
#1413=OVER_RIDING_STYLED_ITEM('',(#1584),#1497,#1566);
#1414=OVER_RIDING_STYLED_ITEM('',(#1585),#1498,#1566);
#1415=OVER_RIDING_STYLED_ITEM('',(#1586),#1499,#1566);
#1416=OVER_RIDING_STYLED_ITEM('',(#1587),#1500,#1566);
#1417=OVER_RIDING_STYLED_ITEM('',(#1588),#1501,#1566);
#1418=OVER_RIDING_STYLED_ITEM('',(#1589),#1502,#1566);
#1419=OVER_RIDING_STYLED_ITEM('',(#1590),#1503,#1566);
#1420=OVER_RIDING_STYLED_ITEM('',(#1591),#1504,#1566);
#1421=OVER_RIDING_STYLED_ITEM('',(#1592),#1505,#1566);
#1422=OVER_RIDING_STYLED_ITEM('',(#1593),#1506,#1566);
#1423=OVER_RIDING_STYLED_ITEM('',(#1594),#1507,#1566);
#1424=OVER_RIDING_STYLED_ITEM('',(#1595),#1508,#1566);
#1425=OVER_RIDING_STYLED_ITEM('',(#1596),#1509,#1566);
#1426=OVER_RIDING_STYLED_ITEM('',(#1597),#1510,#1566);
#1427=OVER_RIDING_STYLED_ITEM('',(#1598),#1511,#1566);
#1428=OVER_RIDING_STYLED_ITEM('',(#1599),#1512,#1566);
#1429=OVER_RIDING_STYLED_ITEM('',(#1600),#1513,#1566);
#1430=OVER_RIDING_STYLED_ITEM('',(#1601),#1514,#1566);
#1431=OVER_RIDING_STYLED_ITEM('',(#1602),#1515,#1566);
#1432=OVER_RIDING_STYLED_ITEM('',(#1603),#1516,#1566);
#1433=OVER_RIDING_STYLED_ITEM('',(#1604),#1517,#1566);
#1434=OVER_RIDING_STYLED_ITEM('',(#1605),#1518,#1566);
#1435=OVER_RIDING_STYLED_ITEM('',(#1606),#1519,#1566);
#1436=OVER_RIDING_STYLED_ITEM('',(#1607),#1520,#1566);
#1437=OVER_RIDING_STYLED_ITEM('',(#1608),#1521,#1566);
#1438=OVER_RIDING_STYLED_ITEM('',(#1609),#1522,#1566);
#1439=OVER_RIDING_STYLED_ITEM('',(#1610),#1523,#1566);
#1440=OVER_RIDING_STYLED_ITEM('',(#1611),#1524,#1566);
#1441=OVER_RIDING_STYLED_ITEM('',(#1612),#1525,#1566);
#1442=OVER_RIDING_STYLED_ITEM('',(#1613),#1526,#1566);
#1443=OVER_RIDING_STYLED_ITEM('',(#1614),#1527,#1566);
#1444=OVER_RIDING_STYLED_ITEM('',(#1615),#1528,#1566);
#1445=OVER_RIDING_STYLED_ITEM('',(#1616),#1529,#1566);
#1446=OVER_RIDING_STYLED_ITEM('',(#1617),#1530,#1566);
#1447=OVER_RIDING_STYLED_ITEM('',(#1618),#1531,#1566);
#1448=OVER_RIDING_STYLED_ITEM('',(#1619),#1532,#1566);
#1449=OVER_RIDING_STYLED_ITEM('',(#1620),#1533,#1566);
#1450=OVER_RIDING_STYLED_ITEM('',(#1621),#1534,#1566);
#1451=OVER_RIDING_STYLED_ITEM('',(#1622),#1535,#1566);
#1452=OVER_RIDING_STYLED_ITEM('',(#1623),#1536,#1566);
#1453=OVER_RIDING_STYLED_ITEM('',(#1624),#1537,#1566);
#1454=OVER_RIDING_STYLED_ITEM('',(#1625),#1538,#1566);
#1455=OVER_RIDING_STYLED_ITEM('',(#1626),#1539,#1566);
#1456=OVER_RIDING_STYLED_ITEM('',(#1627),#1540,#1566);
#1457=OVER_RIDING_STYLED_ITEM('',(#1628),#1541,#1566);
#1458=OVER_RIDING_STYLED_ITEM('',(#1629),#1542,#1566);
#1459=OVER_RIDING_STYLED_ITEM('',(#1630),#1543,#1566);
#1460=OVER_RIDING_STYLED_ITEM('',(#1631),#1544,#1566);
#1461=OVER_RIDING_STYLED_ITEM('',(#1632),#1545,#1566);
#1462=OVER_RIDING_STYLED_ITEM('',(#1633),#1546,#1566);
#1463=OVER_RIDING_STYLED_ITEM('',(#1634),#1547,#1566);
#1464=OVER_RIDING_STYLED_ITEM('',(#1635),#1548,#1566);
#1465=OVER_RIDING_STYLED_ITEM('',(#1636),#1549,#1566);
#1466=OVER_RIDING_STYLED_ITEM('',(#1637),#1550,#1566);
#1467=OVER_RIDING_STYLED_ITEM('',(#1638),#1551,#1566);
#1468=OVER_RIDING_STYLED_ITEM('',(#1639),#1552,#1566);
#1469=OVER_RIDING_STYLED_ITEM('',(#1640),#1553,#1566);
#1470=OVER_RIDING_STYLED_ITEM('',(#1641),#1554,#1566);
#1471=OVER_RIDING_STYLED_ITEM('',(#1642),#1555,#1566);
#1472=OVER_RIDING_STYLED_ITEM('',(#1643),#1556,#1566);
#1473=OVER_RIDING_STYLED_ITEM('',(#1644),#1557,#1566);
#1474=OVER_RIDING_STYLED_ITEM('',(#1645),#1558,#1566);
#1475=OVER_RIDING_STYLED_ITEM('',(#1646),#1559,#1566);
#1476=OVER_RIDING_STYLED_ITEM('',(#1647),#1560,#1566);
#1477=OVER_RIDING_STYLED_ITEM('',(#1648),#1561,#1566);
#1478=OVER_RIDING_STYLED_ITEM('',(#1649),#1562,#1566);
#1479=OVER_RIDING_STYLED_ITEM('',(#1650),#1563,#1566);
#1480=OVER_RIDING_STYLED_ITEM('',(#1651),#1564,#1566);
#1481=ADVANCED_FACE('Face appearance 3',(#1220,#1221,#1222,#1223,#1224,
#1225,#1226,#1227,#1228,#1229,#1230,#1231,#1232,#1233),#1322,.T.);
#1482=ADVANCED_FACE('Face appearance 1',(#1234),#1323,.T.);
#1483=ADVANCED_FACE('Face appearance 1',(#1235),#1324,.T.);
#1484=ADVANCED_FACE('Face appearance 1',(#1236),#1325,.T.);
#1485=ADVANCED_FACE('Face appearance 1',(#1237),#1326,.T.);
#1486=ADVANCED_FACE('Face appearance 1',(#1238),#1327,.T.);
#1487=ADVANCED_FACE('Face appearance 1',(#1239),#12,.T.);
#1488=ADVANCED_FACE('Face appearance 1',(#1240),#13,.T.);
#1489=ADVANCED_FACE('Face appearance 3',(#1241),#1328,.F.);
#1490=ADVANCED_FACE('Face appearance 3',(#1242),#1329,.F.);
#1491=ADVANCED_FACE('Face appearance 3',(#1243),#1330,.F.);
#1492=ADVANCED_FACE('Face appearance 3',(#1244,#1245),#14,.F.);
#1493=ADVANCED_FACE('Face appearance 3',(#1246),#1331,.F.);
#1494=ADVANCED_FACE('Face appearance 3',(#1247,#1248,#1249),#1332,.T.);
#1495=ADVANCED_FACE('Face appearance 3',(#1250),#1333,.F.);
#1496=ADVANCED_FACE('Face appearance 3',(#1251),#15,.T.);
#1497=ADVANCED_FACE('Face appearance 3',(#1252),#16,.T.);
#1498=ADVANCED_FACE('Face appearance 3',(#1253),#17,.T.);
#1499=ADVANCED_FACE('Face appearance 3',(#1254),#18,.T.);
#1500=ADVANCED_FACE('Face appearance 1',(#1255),#1334,.T.);
#1501=ADVANCED_FACE('Face appearance 1',(#1256),#1335,.F.);
#1502=ADVANCED_FACE('Face appearance 1',(#1257),#1336,.F.);
#1503=ADVANCED_FACE('Face appearance 1',(#1258),#1337,.T.);
#1504=ADVANCED_FACE('Face appearance 1',(#1259),#1338,.T.);
#1505=ADVANCED_FACE('Face appearance 1',(#1260),#1339,.T.);
#1506=ADVANCED_FACE('Face appearance 1',(#1261),#1340,.F.);
#1507=ADVANCED_FACE('Face appearance 1',(#1262),#1341,.F.);
#1508=ADVANCED_FACE('Face appearance 1',(#1263),#1342,.T.);
#1509=ADVANCED_FACE('Face appearance 1',(#1264),#1343,.T.);
#1510=ADVANCED_FACE('Face appearance 1',(#1265),#1344,.T.);
#1511=ADVANCED_FACE('Face appearance 1',(#1266),#1345,.F.);
#1512=ADVANCED_FACE('Face appearance 1',(#1267),#1346,.F.);
#1513=ADVANCED_FACE('Face appearance 1',(#1268),#1347,.T.);
#1514=ADVANCED_FACE('Face appearance 1',(#1269),#1348,.T.);
#1515=ADVANCED_FACE('Face appearance 1',(#1270),#1349,.T.);
#1516=ADVANCED_FACE('Face appearance 1',(#1271),#1350,.F.);
#1517=ADVANCED_FACE('Face appearance 1',(#1272),#1351,.F.);
#1518=ADVANCED_FACE('Face appearance 1',(#1273),#1352,.T.);
#1519=ADVANCED_FACE('Face appearance 1',(#1274),#1353,.T.);
#1520=ADVANCED_FACE('Face appearance 1',(#1275),#1354,.T.);
#1521=ADVANCED_FACE('Face appearance 1',(#1276),#1355,.F.);
#1522=ADVANCED_FACE('Face appearance 1',(#1277),#1356,.F.);
#1523=ADVANCED_FACE('Face appearance 1',(#1278),#1357,.T.);
#1524=ADVANCED_FACE('Face appearance 1',(#1279),#1358,.T.);
#1525=ADVANCED_FACE('Face appearance 1',(#1280),#1359,.T.);
#1526=ADVANCED_FACE('Face appearance 1',(#1281),#1360,.F.);
#1527=ADVANCED_FACE('Face appearance 1',(#1282),#1361,.F.);
#1528=ADVANCED_FACE('Face appearance 1',(#1283),#1362,.T.);
#1529=ADVANCED_FACE('Face appearance 1',(#1284),#1363,.T.);
#1530=ADVANCED_FACE('Face appearance 1',(#1285),#1364,.T.);
#1531=ADVANCED_FACE('Face appearance 1',(#1286),#1365,.F.);
#1532=ADVANCED_FACE('Face appearance 1',(#1287),#1366,.F.);
#1533=ADVANCED_FACE('Face appearance 1',(#1288),#1367,.T.);
#1534=ADVANCED_FACE('Face appearance 1',(#1289),#1368,.T.);
#1535=ADVANCED_FACE('Face appearance 1',(#1290),#1369,.T.);
#1536=ADVANCED_FACE('Face appearance 1',(#1291),#1370,.F.);
#1537=ADVANCED_FACE('Face appearance 1',(#1292),#1371,.F.);
#1538=ADVANCED_FACE('Face appearance 1',(#1293),#1372,.T.);
#1539=ADVANCED_FACE('Face appearance 1',(#1294),#1373,.T.);
#1540=ADVANCED_FACE('Face appearance 1',(#1295),#1374,.T.);
#1541=ADVANCED_FACE('Face appearance 1',(#1296),#1375,.F.);
#1542=ADVANCED_FACE('Face appearance 1',(#1297),#1376,.F.);
#1543=ADVANCED_FACE('Face appearance 1',(#1298),#1377,.T.);
#1544=ADVANCED_FACE('Face appearance 1',(#1299),#1378,.T.);
#1545=ADVANCED_FACE('Face appearance 1',(#1300),#1379,.T.);
#1546=ADVANCED_FACE('Face appearance 1',(#1301),#1380,.F.);
#1547=ADVANCED_FACE('Face appearance 1',(#1302),#1381,.F.);
#1548=ADVANCED_FACE('Face appearance 1',(#1303),#1382,.T.);
#1549=ADVANCED_FACE('Face appearance 1',(#1304),#1383,.T.);
#1550=ADVANCED_FACE('Face appearance 1',(#1305),#1384,.T.);
#1551=ADVANCED_FACE('Face appearance 1',(#1306),#1385,.F.);
#1552=ADVANCED_FACE('Face appearance 1',(#1307),#1386,.F.);
#1553=ADVANCED_FACE('Face appearance 1',(#1308),#1387,.T.);
#1554=ADVANCED_FACE('Face appearance 1',(#1309),#1388,.T.);
#1555=ADVANCED_FACE('Face appearance 1',(#1310),#1389,.T.);
#1556=ADVANCED_FACE('Face appearance 1',(#1311),#1390,.F.);
#1557=ADVANCED_FACE('Face appearance 1',(#1312),#1391,.F.);
#1558=ADVANCED_FACE('Face appearance 1',(#1313),#1392,.T.);
#1559=ADVANCED_FACE('Face appearance 1',(#1314),#1393,.T.);
#1560=ADVANCED_FACE('Face appearance 1',(#1315),#1394,.T.);
#1561=ADVANCED_FACE('Face appearance 1',(#1316,#1317),#19,.T.);
#1562=ADVANCED_FACE('Face appearance 2',(#1318),#1395,.T.);
#1563=ADVANCED_FACE('Face appearance 4',(#1319,#1320),#20,.T.);
#1564=ADVANCED_FACE('Face appearance 4',(#1321),#1396,.T.);
#1565=CLOSED_SHELL('',(#1481,#1482,#1483,#1484,#1485,#1486,#1487,#1488,
#1489,#1490,#1491,#1492,#1493,#1494,#1495,#1496,#1497,#1498,#1499,#1500,
#1501,#1502,#1503,#1504,#1505,#1506,#1507,#1508,#1509,#1510,#1511,#1512,
#1513,#1514,#1515,#1516,#1517,#1518,#1519,#1520,#1521,#1522,#1523,#1524,
#1525,#1526,#1527,#1528,#1529,#1530,#1531,#1532,#1533,#1534,#1535,#1536,
#1537,#1538,#1539,#1540,#1541,#1542,#1543,#1544,#1545,#1546,#1547,#1548,
#1549,#1550,#1551,#1552,#1553,#1554,#1555,#1556,#1557,#1558,#1559,#1560,
#1561,#1562,#1563,#1564));
#1566=STYLED_ITEM('',(#1567),#2082);
#1567=PRESENTATION_STYLE_ASSIGNMENT((#1652));
#1568=PRESENTATION_STYLE_ASSIGNMENT((#1653));
#1569=PRESENTATION_STYLE_ASSIGNMENT((#1654));
#1570=PRESENTATION_STYLE_ASSIGNMENT((#1655));
#1571=PRESENTATION_STYLE_ASSIGNMENT((#1656));
#1572=PRESENTATION_STYLE_ASSIGNMENT((#1657));
#1573=PRESENTATION_STYLE_ASSIGNMENT((#1658));
#1574=PRESENTATION_STYLE_ASSIGNMENT((#1659));
#1575=PRESENTATION_STYLE_ASSIGNMENT((#1660));
#1576=PRESENTATION_STYLE_ASSIGNMENT((#1661));
#1577=PRESENTATION_STYLE_ASSIGNMENT((#1662));
#1578=PRESENTATION_STYLE_ASSIGNMENT((#1663));
#1579=PRESENTATION_STYLE_ASSIGNMENT((#1664));
#1580=PRESENTATION_STYLE_ASSIGNMENT((#1665));
#1581=PRESENTATION_STYLE_ASSIGNMENT((#1666));
#1582=PRESENTATION_STYLE_ASSIGNMENT((#1667));
#1583=PRESENTATION_STYLE_ASSIGNMENT((#1668));
#1584=PRESENTATION_STYLE_ASSIGNMENT((#1669));
#1585=PRESENTATION_STYLE_ASSIGNMENT((#1670));
#1586=PRESENTATION_STYLE_ASSIGNMENT((#1671));
#1587=PRESENTATION_STYLE_ASSIGNMENT((#1672));
#1588=PRESENTATION_STYLE_ASSIGNMENT((#1673));
#1589=PRESENTATION_STYLE_ASSIGNMENT((#1674));
#1590=PRESENTATION_STYLE_ASSIGNMENT((#1675));
#1591=PRESENTATION_STYLE_ASSIGNMENT((#1676));
#1592=PRESENTATION_STYLE_ASSIGNMENT((#1677));
#1593=PRESENTATION_STYLE_ASSIGNMENT((#1678));
#1594=PRESENTATION_STYLE_ASSIGNMENT((#1679));
#1595=PRESENTATION_STYLE_ASSIGNMENT((#1680));
#1596=PRESENTATION_STYLE_ASSIGNMENT((#1681));
#1597=PRESENTATION_STYLE_ASSIGNMENT((#1682));
#1598=PRESENTATION_STYLE_ASSIGNMENT((#1683));
#1599=PRESENTATION_STYLE_ASSIGNMENT((#1684));
#1600=PRESENTATION_STYLE_ASSIGNMENT((#1685));
#1601=PRESENTATION_STYLE_ASSIGNMENT((#1686));
#1602=PRESENTATION_STYLE_ASSIGNMENT((#1687));
#1603=PRESENTATION_STYLE_ASSIGNMENT((#1688));
#1604=PRESENTATION_STYLE_ASSIGNMENT((#1689));
#1605=PRESENTATION_STYLE_ASSIGNMENT((#1690));
#1606=PRESENTATION_STYLE_ASSIGNMENT((#1691));
#1607=PRESENTATION_STYLE_ASSIGNMENT((#1692));
#1608=PRESENTATION_STYLE_ASSIGNMENT((#1693));
#1609=PRESENTATION_STYLE_ASSIGNMENT((#1694));
#1610=PRESENTATION_STYLE_ASSIGNMENT((#1695));
#1611=PRESENTATION_STYLE_ASSIGNMENT((#1696));
#1612=PRESENTATION_STYLE_ASSIGNMENT((#1697));
#1613=PRESENTATION_STYLE_ASSIGNMENT((#1698));
#1614=PRESENTATION_STYLE_ASSIGNMENT((#1699));
#1615=PRESENTATION_STYLE_ASSIGNMENT((#1700));
#1616=PRESENTATION_STYLE_ASSIGNMENT((#1701));
#1617=PRESENTATION_STYLE_ASSIGNMENT((#1702));
#1618=PRESENTATION_STYLE_ASSIGNMENT((#1703));
#1619=PRESENTATION_STYLE_ASSIGNMENT((#1704));
#1620=PRESENTATION_STYLE_ASSIGNMENT((#1705));
#1621=PRESENTATION_STYLE_ASSIGNMENT((#1706));
#1622=PRESENTATION_STYLE_ASSIGNMENT((#1707));
#1623=PRESENTATION_STYLE_ASSIGNMENT((#1708));
#1624=PRESENTATION_STYLE_ASSIGNMENT((#1709));
#1625=PRESENTATION_STYLE_ASSIGNMENT((#1710));
#1626=PRESENTATION_STYLE_ASSIGNMENT((#1711));
#1627=PRESENTATION_STYLE_ASSIGNMENT((#1712));
#1628=PRESENTATION_STYLE_ASSIGNMENT((#1713));
#1629=PRESENTATION_STYLE_ASSIGNMENT((#1714));
#1630=PRESENTATION_STYLE_ASSIGNMENT((#1715));
#1631=PRESENTATION_STYLE_ASSIGNMENT((#1716));
#1632=PRESENTATION_STYLE_ASSIGNMENT((#1717));
#1633=PRESENTATION_STYLE_ASSIGNMENT((#1718));
#1634=PRESENTATION_STYLE_ASSIGNMENT((#1719));
#1635=PRESENTATION_STYLE_ASSIGNMENT((#1720));
#1636=PRESENTATION_STYLE_ASSIGNMENT((#1721));
#1637=PRESENTATION_STYLE_ASSIGNMENT((#1722));
#1638=PRESENTATION_STYLE_ASSIGNMENT((#1723));
#1639=PRESENTATION_STYLE_ASSIGNMENT((#1724));
#1640=PRESENTATION_STYLE_ASSIGNMENT((#1725));
#1641=PRESENTATION_STYLE_ASSIGNMENT((#1726));
#1642=PRESENTATION_STYLE_ASSIGNMENT((#1727));
#1643=PRESENTATION_STYLE_ASSIGNMENT((#1728));
#1644=PRESENTATION_STYLE_ASSIGNMENT((#1729));
#1645=PRESENTATION_STYLE_ASSIGNMENT((#1730));
#1646=PRESENTATION_STYLE_ASSIGNMENT((#1731));
#1647=PRESENTATION_STYLE_ASSIGNMENT((#1732));
#1648=PRESENTATION_STYLE_ASSIGNMENT((#1733));
#1649=PRESENTATION_STYLE_ASSIGNMENT((#1734));
#1650=PRESENTATION_STYLE_ASSIGNMENT((#1735));
#1651=PRESENTATION_STYLE_ASSIGNMENT((#1736));
#1652=SURFACE_STYLE_USAGE(.BOTH.,#1737);
#1653=SURFACE_STYLE_USAGE(.BOTH.,#1738);
#1654=SURFACE_STYLE_USAGE(.BOTH.,#1739);
#1655=SURFACE_STYLE_USAGE(.BOTH.,#1740);
#1656=SURFACE_STYLE_USAGE(.BOTH.,#1741);
#1657=SURFACE_STYLE_USAGE(.BOTH.,#1742);
#1658=SURFACE_STYLE_USAGE(.BOTH.,#1743);
#1659=SURFACE_STYLE_USAGE(.BOTH.,#1744);
#1660=SURFACE_STYLE_USAGE(.BOTH.,#1745);
#1661=SURFACE_STYLE_USAGE(.BOTH.,#1746);
#1662=SURFACE_STYLE_USAGE(.BOTH.,#1747);
#1663=SURFACE_STYLE_USAGE(.BOTH.,#1748);
#1664=SURFACE_STYLE_USAGE(.BOTH.,#1749);
#1665=SURFACE_STYLE_USAGE(.BOTH.,#1750);
#1666=SURFACE_STYLE_USAGE(.BOTH.,#1751);
#1667=SURFACE_STYLE_USAGE(.BOTH.,#1752);
#1668=SURFACE_STYLE_USAGE(.BOTH.,#1753);
#1669=SURFACE_STYLE_USAGE(.BOTH.,#1754);
#1670=SURFACE_STYLE_USAGE(.BOTH.,#1755);
#1671=SURFACE_STYLE_USAGE(.BOTH.,#1756);
#1672=SURFACE_STYLE_USAGE(.BOTH.,#1757);
#1673=SURFACE_STYLE_USAGE(.BOTH.,#1758);
#1674=SURFACE_STYLE_USAGE(.BOTH.,#1759);
#1675=SURFACE_STYLE_USAGE(.BOTH.,#1760);
#1676=SURFACE_STYLE_USAGE(.BOTH.,#1761);
#1677=SURFACE_STYLE_USAGE(.BOTH.,#1762);
#1678=SURFACE_STYLE_USAGE(.BOTH.,#1763);
#1679=SURFACE_STYLE_USAGE(.BOTH.,#1764);
#1680=SURFACE_STYLE_USAGE(.BOTH.,#1765);
#1681=SURFACE_STYLE_USAGE(.BOTH.,#1766);
#1682=SURFACE_STYLE_USAGE(.BOTH.,#1767);
#1683=SURFACE_STYLE_USAGE(.BOTH.,#1768);
#1684=SURFACE_STYLE_USAGE(.BOTH.,#1769);
#1685=SURFACE_STYLE_USAGE(.BOTH.,#1770);
#1686=SURFACE_STYLE_USAGE(.BOTH.,#1771);
#1687=SURFACE_STYLE_USAGE(.BOTH.,#1772);
#1688=SURFACE_STYLE_USAGE(.BOTH.,#1773);
#1689=SURFACE_STYLE_USAGE(.BOTH.,#1774);
#1690=SURFACE_STYLE_USAGE(.BOTH.,#1775);
#1691=SURFACE_STYLE_USAGE(.BOTH.,#1776);
#1692=SURFACE_STYLE_USAGE(.BOTH.,#1777);
#1693=SURFACE_STYLE_USAGE(.BOTH.,#1778);
#1694=SURFACE_STYLE_USAGE(.BOTH.,#1779);
#1695=SURFACE_STYLE_USAGE(.BOTH.,#1780);
#1696=SURFACE_STYLE_USAGE(.BOTH.,#1781);
#1697=SURFACE_STYLE_USAGE(.BOTH.,#1782);
#1698=SURFACE_STYLE_USAGE(.BOTH.,#1783);
#1699=SURFACE_STYLE_USAGE(.BOTH.,#1784);
#1700=SURFACE_STYLE_USAGE(.BOTH.,#1785);
#1701=SURFACE_STYLE_USAGE(.BOTH.,#1786);
#1702=SURFACE_STYLE_USAGE(.BOTH.,#1787);
#1703=SURFACE_STYLE_USAGE(.BOTH.,#1788);
#1704=SURFACE_STYLE_USAGE(.BOTH.,#1789);
#1705=SURFACE_STYLE_USAGE(.BOTH.,#1790);
#1706=SURFACE_STYLE_USAGE(.BOTH.,#1791);
#1707=SURFACE_STYLE_USAGE(.BOTH.,#1792);
#1708=SURFACE_STYLE_USAGE(.BOTH.,#1793);
#1709=SURFACE_STYLE_USAGE(.BOTH.,#1794);
#1710=SURFACE_STYLE_USAGE(.BOTH.,#1795);
#1711=SURFACE_STYLE_USAGE(.BOTH.,#1796);
#1712=SURFACE_STYLE_USAGE(.BOTH.,#1797);
#1713=SURFACE_STYLE_USAGE(.BOTH.,#1798);
#1714=SURFACE_STYLE_USAGE(.BOTH.,#1799);
#1715=SURFACE_STYLE_USAGE(.BOTH.,#1800);
#1716=SURFACE_STYLE_USAGE(.BOTH.,#1801);
#1717=SURFACE_STYLE_USAGE(.BOTH.,#1802);
#1718=SURFACE_STYLE_USAGE(.BOTH.,#1803);
#1719=SURFACE_STYLE_USAGE(.BOTH.,#1804);
#1720=SURFACE_STYLE_USAGE(.BOTH.,#1805);
#1721=SURFACE_STYLE_USAGE(.BOTH.,#1806);
#1722=SURFACE_STYLE_USAGE(.BOTH.,#1807);
#1723=SURFACE_STYLE_USAGE(.BOTH.,#1808);
#1724=SURFACE_STYLE_USAGE(.BOTH.,#1809);
#1725=SURFACE_STYLE_USAGE(.BOTH.,#1810);
#1726=SURFACE_STYLE_USAGE(.BOTH.,#1811);
#1727=SURFACE_STYLE_USAGE(.BOTH.,#1812);
#1728=SURFACE_STYLE_USAGE(.BOTH.,#1813);
#1729=SURFACE_STYLE_USAGE(.BOTH.,#1814);
#1730=SURFACE_STYLE_USAGE(.BOTH.,#1815);
#1731=SURFACE_STYLE_USAGE(.BOTH.,#1816);
#1732=SURFACE_STYLE_USAGE(.BOTH.,#1817);
#1733=SURFACE_STYLE_USAGE(.BOTH.,#1818);
#1734=SURFACE_STYLE_USAGE(.BOTH.,#1819);
#1735=SURFACE_STYLE_USAGE(.BOTH.,#1820);
#1736=SURFACE_STYLE_USAGE(.BOTH.,#1821);
#1737=SURFACE_SIDE_STYLE('',(#1822));
#1738=SURFACE_SIDE_STYLE('',(#1823));
#1739=SURFACE_SIDE_STYLE('',(#1824));
#1740=SURFACE_SIDE_STYLE('',(#1825));
#1741=SURFACE_SIDE_STYLE('',(#1826));
#1742=SURFACE_SIDE_STYLE('',(#1827));
#1743=SURFACE_SIDE_STYLE('',(#1828));
#1744=SURFACE_SIDE_STYLE('',(#1829));
#1745=SURFACE_SIDE_STYLE('',(#1830));
#1746=SURFACE_SIDE_STYLE('',(#1831));
#1747=SURFACE_SIDE_STYLE('',(#1832));
#1748=SURFACE_SIDE_STYLE('',(#1833));
#1749=SURFACE_SIDE_STYLE('',(#1834));
#1750=SURFACE_SIDE_STYLE('',(#1835));
#1751=SURFACE_SIDE_STYLE('',(#1836));
#1752=SURFACE_SIDE_STYLE('',(#1837));
#1753=SURFACE_SIDE_STYLE('',(#1838));
#1754=SURFACE_SIDE_STYLE('',(#1839));
#1755=SURFACE_SIDE_STYLE('',(#1840));
#1756=SURFACE_SIDE_STYLE('',(#1841));
#1757=SURFACE_SIDE_STYLE('',(#1842));
#1758=SURFACE_SIDE_STYLE('',(#1843));
#1759=SURFACE_SIDE_STYLE('',(#1844));
#1760=SURFACE_SIDE_STYLE('',(#1845));
#1761=SURFACE_SIDE_STYLE('',(#1846));
#1762=SURFACE_SIDE_STYLE('',(#1847));
#1763=SURFACE_SIDE_STYLE('',(#1848));
#1764=SURFACE_SIDE_STYLE('',(#1849));
#1765=SURFACE_SIDE_STYLE('',(#1850));
#1766=SURFACE_SIDE_STYLE('',(#1851));
#1767=SURFACE_SIDE_STYLE('',(#1852));
#1768=SURFACE_SIDE_STYLE('',(#1853));
#1769=SURFACE_SIDE_STYLE('',(#1854));
#1770=SURFACE_SIDE_STYLE('',(#1855));
#1771=SURFACE_SIDE_STYLE('',(#1856));
#1772=SURFACE_SIDE_STYLE('',(#1857));
#1773=SURFACE_SIDE_STYLE('',(#1858));
#1774=SURFACE_SIDE_STYLE('',(#1859));
#1775=SURFACE_SIDE_STYLE('',(#1860));
#1776=SURFACE_SIDE_STYLE('',(#1861));
#1777=SURFACE_SIDE_STYLE('',(#1862));
#1778=SURFACE_SIDE_STYLE('',(#1863));
#1779=SURFACE_SIDE_STYLE('',(#1864));
#1780=SURFACE_SIDE_STYLE('',(#1865));
#1781=SURFACE_SIDE_STYLE('',(#1866));
#1782=SURFACE_SIDE_STYLE('',(#1867));
#1783=SURFACE_SIDE_STYLE('',(#1868));
#1784=SURFACE_SIDE_STYLE('',(#1869));
#1785=SURFACE_SIDE_STYLE('',(#1870));
#1786=SURFACE_SIDE_STYLE('',(#1871));
#1787=SURFACE_SIDE_STYLE('',(#1872));
#1788=SURFACE_SIDE_STYLE('',(#1873));
#1789=SURFACE_SIDE_STYLE('',(#1874));
#1790=SURFACE_SIDE_STYLE('',(#1875));
#1791=SURFACE_SIDE_STYLE('',(#1876));
#1792=SURFACE_SIDE_STYLE('',(#1877));
#1793=SURFACE_SIDE_STYLE('',(#1878));
#1794=SURFACE_SIDE_STYLE('',(#1879));
#1795=SURFACE_SIDE_STYLE('',(#1880));
#1796=SURFACE_SIDE_STYLE('',(#1881));
#1797=SURFACE_SIDE_STYLE('',(#1882));
#1798=SURFACE_SIDE_STYLE('',(#1883));
#1799=SURFACE_SIDE_STYLE('',(#1884));
#1800=SURFACE_SIDE_STYLE('',(#1885));
#1801=SURFACE_SIDE_STYLE('',(#1886));
#1802=SURFACE_SIDE_STYLE('',(#1887));
#1803=SURFACE_SIDE_STYLE('',(#1888));
#1804=SURFACE_SIDE_STYLE('',(#1889));
#1805=SURFACE_SIDE_STYLE('',(#1890));
#1806=SURFACE_SIDE_STYLE('',(#1891));
#1807=SURFACE_SIDE_STYLE('',(#1892));
#1808=SURFACE_SIDE_STYLE('',(#1893));
#1809=SURFACE_SIDE_STYLE('',(#1894));
#1810=SURFACE_SIDE_STYLE('',(#1895));
#1811=SURFACE_SIDE_STYLE('',(#1896));
#1812=SURFACE_SIDE_STYLE('',(#1897));
#1813=SURFACE_SIDE_STYLE('',(#1898));
#1814=SURFACE_SIDE_STYLE('',(#1899));
#1815=SURFACE_SIDE_STYLE('',(#1900));
#1816=SURFACE_SIDE_STYLE('',(#1901));
#1817=SURFACE_SIDE_STYLE('',(#1902));
#1818=SURFACE_SIDE_STYLE('',(#1903));
#1819=SURFACE_SIDE_STYLE('',(#1904));
#1820=SURFACE_SIDE_STYLE('',(#1905));
#1821=SURFACE_SIDE_STYLE('',(#1906));
#1822=SURFACE_STYLE_FILL_AREA(#1907);
#1823=SURFACE_STYLE_FILL_AREA(#1908);
#1824=SURFACE_STYLE_FILL_AREA(#1909);
#1825=SURFACE_STYLE_FILL_AREA(#1910);
#1826=SURFACE_STYLE_FILL_AREA(#1911);
#1827=SURFACE_STYLE_FILL_AREA(#1912);
#1828=SURFACE_STYLE_FILL_AREA(#1913);
#1829=SURFACE_STYLE_FILL_AREA(#1914);
#1830=SURFACE_STYLE_FILL_AREA(#1915);
#1831=SURFACE_STYLE_FILL_AREA(#1916);
#1832=SURFACE_STYLE_FILL_AREA(#1917);
#1833=SURFACE_STYLE_FILL_AREA(#1918);
#1834=SURFACE_STYLE_FILL_AREA(#1919);
#1835=SURFACE_STYLE_FILL_AREA(#1920);
#1836=SURFACE_STYLE_FILL_AREA(#1921);
#1837=SURFACE_STYLE_FILL_AREA(#1922);
#1838=SURFACE_STYLE_FILL_AREA(#1923);
#1839=SURFACE_STYLE_FILL_AREA(#1924);
#1840=SURFACE_STYLE_FILL_AREA(#1925);
#1841=SURFACE_STYLE_FILL_AREA(#1926);
#1842=SURFACE_STYLE_FILL_AREA(#1927);
#1843=SURFACE_STYLE_FILL_AREA(#1928);
#1844=SURFACE_STYLE_FILL_AREA(#1929);
#1845=SURFACE_STYLE_FILL_AREA(#1930);
#1846=SURFACE_STYLE_FILL_AREA(#1931);
#1847=SURFACE_STYLE_FILL_AREA(#1932);
#1848=SURFACE_STYLE_FILL_AREA(#1933);
#1849=SURFACE_STYLE_FILL_AREA(#1934);
#1850=SURFACE_STYLE_FILL_AREA(#1935);
#1851=SURFACE_STYLE_FILL_AREA(#1936);
#1852=SURFACE_STYLE_FILL_AREA(#1937);
#1853=SURFACE_STYLE_FILL_AREA(#1938);
#1854=SURFACE_STYLE_FILL_AREA(#1939);
#1855=SURFACE_STYLE_FILL_AREA(#1940);
#1856=SURFACE_STYLE_FILL_AREA(#1941);
#1857=SURFACE_STYLE_FILL_AREA(#1942);
#1858=SURFACE_STYLE_FILL_AREA(#1943);
#1859=SURFACE_STYLE_FILL_AREA(#1944);
#1860=SURFACE_STYLE_FILL_AREA(#1945);
#1861=SURFACE_STYLE_FILL_AREA(#1946);
#1862=SURFACE_STYLE_FILL_AREA(#1947);
#1863=SURFACE_STYLE_FILL_AREA(#1948);
#1864=SURFACE_STYLE_FILL_AREA(#1949);
#1865=SURFACE_STYLE_FILL_AREA(#1950);
#1866=SURFACE_STYLE_FILL_AREA(#1951);
#1867=SURFACE_STYLE_FILL_AREA(#1952);
#1868=SURFACE_STYLE_FILL_AREA(#1953);
#1869=SURFACE_STYLE_FILL_AREA(#1954);
#1870=SURFACE_STYLE_FILL_AREA(#1955);
#1871=SURFACE_STYLE_FILL_AREA(#1956);
#1872=SURFACE_STYLE_FILL_AREA(#1957);
#1873=SURFACE_STYLE_FILL_AREA(#1958);
#1874=SURFACE_STYLE_FILL_AREA(#1959);
#1875=SURFACE_STYLE_FILL_AREA(#1960);
#1876=SURFACE_STYLE_FILL_AREA(#1961);
#1877=SURFACE_STYLE_FILL_AREA(#1962);
#1878=SURFACE_STYLE_FILL_AREA(#1963);
#1879=SURFACE_STYLE_FILL_AREA(#1964);
#1880=SURFACE_STYLE_FILL_AREA(#1965);
#1881=SURFACE_STYLE_FILL_AREA(#1966);
#1882=SURFACE_STYLE_FILL_AREA(#1967);
#1883=SURFACE_STYLE_FILL_AREA(#1968);
#1884=SURFACE_STYLE_FILL_AREA(#1969);
#1885=SURFACE_STYLE_FILL_AREA(#1970);
#1886=SURFACE_STYLE_FILL_AREA(#1971);
#1887=SURFACE_STYLE_FILL_AREA(#1972);
#1888=SURFACE_STYLE_FILL_AREA(#1973);
#1889=SURFACE_STYLE_FILL_AREA(#1974);
#1890=SURFACE_STYLE_FILL_AREA(#1975);
#1891=SURFACE_STYLE_FILL_AREA(#1976);
#1892=SURFACE_STYLE_FILL_AREA(#1977);
#1893=SURFACE_STYLE_FILL_AREA(#1978);
#1894=SURFACE_STYLE_FILL_AREA(#1979);
#1895=SURFACE_STYLE_FILL_AREA(#1980);
#1896=SURFACE_STYLE_FILL_AREA(#1981);
#1897=SURFACE_STYLE_FILL_AREA(#1982);
#1898=SURFACE_STYLE_FILL_AREA(#1983);
#1899=SURFACE_STYLE_FILL_AREA(#1984);
#1900=SURFACE_STYLE_FILL_AREA(#1985);
#1901=SURFACE_STYLE_FILL_AREA(#1986);
#1902=SURFACE_STYLE_FILL_AREA(#1987);
#1903=SURFACE_STYLE_FILL_AREA(#1988);
#1904=SURFACE_STYLE_FILL_AREA(#1989);
#1905=SURFACE_STYLE_FILL_AREA(#1990);
#1906=SURFACE_STYLE_FILL_AREA(#1991);
#1907=FILL_AREA_STYLE('',(#1992));
#1908=FILL_AREA_STYLE('',(#1993));
#1909=FILL_AREA_STYLE('',(#1994));
#1910=FILL_AREA_STYLE('',(#1995));
#1911=FILL_AREA_STYLE('',(#1996));
#1912=FILL_AREA_STYLE('',(#1997));
#1913=FILL_AREA_STYLE('',(#1998));
#1914=FILL_AREA_STYLE('',(#1999));
#1915=FILL_AREA_STYLE('',(#2000));
#1916=FILL_AREA_STYLE('',(#2001));
#1917=FILL_AREA_STYLE('',(#2002));
#1918=FILL_AREA_STYLE('',(#2003));
#1919=FILL_AREA_STYLE('',(#2004));
#1920=FILL_AREA_STYLE('',(#2005));
#1921=FILL_AREA_STYLE('',(#2006));
#1922=FILL_AREA_STYLE('',(#2007));
#1923=FILL_AREA_STYLE('',(#2008));
#1924=FILL_AREA_STYLE('',(#2009));
#1925=FILL_AREA_STYLE('',(#2010));
#1926=FILL_AREA_STYLE('',(#2011));
#1927=FILL_AREA_STYLE('',(#2012));
#1928=FILL_AREA_STYLE('',(#2013));
#1929=FILL_AREA_STYLE('',(#2014));
#1930=FILL_AREA_STYLE('',(#2015));
#1931=FILL_AREA_STYLE('',(#2016));
#1932=FILL_AREA_STYLE('',(#2017));
#1933=FILL_AREA_STYLE('',(#2018));
#1934=FILL_AREA_STYLE('',(#2019));
#1935=FILL_AREA_STYLE('',(#2020));
#1936=FILL_AREA_STYLE('',(#2021));
#1937=FILL_AREA_STYLE('',(#2022));
#1938=FILL_AREA_STYLE('',(#2023));
#1939=FILL_AREA_STYLE('',(#2024));
#1940=FILL_AREA_STYLE('',(#2025));
#1941=FILL_AREA_STYLE('',(#2026));
#1942=FILL_AREA_STYLE('',(#2027));
#1943=FILL_AREA_STYLE('',(#2028));
#1944=FILL_AREA_STYLE('',(#2029));
#1945=FILL_AREA_STYLE('',(#2030));
#1946=FILL_AREA_STYLE('',(#2031));
#1947=FILL_AREA_STYLE('',(#2032));
#1948=FILL_AREA_STYLE('',(#2033));
#1949=FILL_AREA_STYLE('',(#2034));
#1950=FILL_AREA_STYLE('',(#2035));
#1951=FILL_AREA_STYLE('',(#2036));
#1952=FILL_AREA_STYLE('',(#2037));
#1953=FILL_AREA_STYLE('',(#2038));
#1954=FILL_AREA_STYLE('',(#2039));
#1955=FILL_AREA_STYLE('',(#2040));
#1956=FILL_AREA_STYLE('',(#2041));
#1957=FILL_AREA_STYLE('',(#2042));
#1958=FILL_AREA_STYLE('',(#2043));
#1959=FILL_AREA_STYLE('',(#2044));
#1960=FILL_AREA_STYLE('',(#2045));
#1961=FILL_AREA_STYLE('',(#2046));
#1962=FILL_AREA_STYLE('',(#2047));
#1963=FILL_AREA_STYLE('',(#2048));
#1964=FILL_AREA_STYLE('',(#2049));
#1965=FILL_AREA_STYLE('',(#2050));
#1966=FILL_AREA_STYLE('',(#2051));
#1967=FILL_AREA_STYLE('',(#2052));
#1968=FILL_AREA_STYLE('',(#2053));
#1969=FILL_AREA_STYLE('',(#2054));
#1970=FILL_AREA_STYLE('',(#2055));
#1971=FILL_AREA_STYLE('',(#2056));
#1972=FILL_AREA_STYLE('',(#2057));
#1973=FILL_AREA_STYLE('',(#2058));
#1974=FILL_AREA_STYLE('',(#2059));
#1975=FILL_AREA_STYLE('',(#2060));
#1976=FILL_AREA_STYLE('',(#2061));
#1977=FILL_AREA_STYLE('',(#2062));
#1978=FILL_AREA_STYLE('',(#2063));
#1979=FILL_AREA_STYLE('',(#2064));
#1980=FILL_AREA_STYLE('',(#2065));
#1981=FILL_AREA_STYLE('',(#2066));
#1982=FILL_AREA_STYLE('',(#2067));
#1983=FILL_AREA_STYLE('',(#2068));
#1984=FILL_AREA_STYLE('',(#2069));
#1985=FILL_AREA_STYLE('',(#2070));
#1986=FILL_AREA_STYLE('',(#2071));
#1987=FILL_AREA_STYLE('',(#2072));
#1988=FILL_AREA_STYLE('',(#2073));
#1989=FILL_AREA_STYLE('',(#2074));
#1990=FILL_AREA_STYLE('',(#2075));
#1991=FILL_AREA_STYLE('',(#2076));
#1992=FILL_AREA_STYLE_COLOUR('',#2077);
#1993=FILL_AREA_STYLE_COLOUR('',#2078);
#1994=FILL_AREA_STYLE_COLOUR('',#2079);
#1995=FILL_AREA_STYLE_COLOUR('',#2079);
#1996=FILL_AREA_STYLE_COLOUR('',#2079);
#1997=FILL_AREA_STYLE_COLOUR('',#2079);
#1998=FILL_AREA_STYLE_COLOUR('',#2079);
#1999=FILL_AREA_STYLE_COLOUR('',#2079);
#2000=FILL_AREA_STYLE_COLOUR('',#2079);
#2001=FILL_AREA_STYLE_COLOUR('',#2078);
#2002=FILL_AREA_STYLE_COLOUR('',#2078);
#2003=FILL_AREA_STYLE_COLOUR('',#2078);
#2004=FILL_AREA_STYLE_COLOUR('',#2078);
#2005=FILL_AREA_STYLE_COLOUR('',#2078);
#2006=FILL_AREA_STYLE_COLOUR('',#2078);
#2007=FILL_AREA_STYLE_COLOUR('',#2078);
#2008=FILL_AREA_STYLE_COLOUR('',#2078);
#2009=FILL_AREA_STYLE_COLOUR('',#2078);
#2010=FILL_AREA_STYLE_COLOUR('',#2078);
#2011=FILL_AREA_STYLE_COLOUR('',#2078);
#2012=FILL_AREA_STYLE_COLOUR('',#2079);
#2013=FILL_AREA_STYLE_COLOUR('',#2079);
#2014=FILL_AREA_STYLE_COLOUR('',#2079);
#2015=FILL_AREA_STYLE_COLOUR('',#2079);
#2016=FILL_AREA_STYLE_COLOUR('',#2079);
#2017=FILL_AREA_STYLE_COLOUR('',#2079);
#2018=FILL_AREA_STYLE_COLOUR('',#2079);
#2019=FILL_AREA_STYLE_COLOUR('',#2079);
#2020=FILL_AREA_STYLE_COLOUR('',#2079);
#2021=FILL_AREA_STYLE_COLOUR('',#2079);
#2022=FILL_AREA_STYLE_COLOUR('',#2079);
#2023=FILL_AREA_STYLE_COLOUR('',#2079);
#2024=FILL_AREA_STYLE_COLOUR('',#2079);
#2025=FILL_AREA_STYLE_COLOUR('',#2079);
#2026=FILL_AREA_STYLE_COLOUR('',#2079);
#2027=FILL_AREA_STYLE_COLOUR('',#2079);
#2028=FILL_AREA_STYLE_COLOUR('',#2079);
#2029=FILL_AREA_STYLE_COLOUR('',#2079);
#2030=FILL_AREA_STYLE_COLOUR('',#2079);
#2031=FILL_AREA_STYLE_COLOUR('',#2079);
#2032=FILL_AREA_STYLE_COLOUR('',#2079);
#2033=FILL_AREA_STYLE_COLOUR('',#2079);
#2034=FILL_AREA_STYLE_COLOUR('',#2079);
#2035=FILL_AREA_STYLE_COLOUR('',#2079);
#2036=FILL_AREA_STYLE_COLOUR('',#2079);
#2037=FILL_AREA_STYLE_COLOUR('',#2079);
#2038=FILL_AREA_STYLE_COLOUR('',#2079);
#2039=FILL_AREA_STYLE_COLOUR('',#2079);
#2040=FILL_AREA_STYLE_COLOUR('',#2079);
#2041=FILL_AREA_STYLE_COLOUR('',#2079);
#2042=FILL_AREA_STYLE_COLOUR('',#2079);
#2043=FILL_AREA_STYLE_COLOUR('',#2079);
#2044=FILL_AREA_STYLE_COLOUR('',#2079);
#2045=FILL_AREA_STYLE_COLOUR('',#2079);
#2046=FILL_AREA_STYLE_COLOUR('',#2079);
#2047=FILL_AREA_STYLE_COLOUR('',#2079);
#2048=FILL_AREA_STYLE_COLOUR('',#2079);
#2049=FILL_AREA_STYLE_COLOUR('',#2079);
#2050=FILL_AREA_STYLE_COLOUR('',#2079);
#2051=FILL_AREA_STYLE_COLOUR('',#2079);
#2052=FILL_AREA_STYLE_COLOUR('',#2079);
#2053=FILL_AREA_STYLE_COLOUR('',#2079);
#2054=FILL_AREA_STYLE_COLOUR('',#2079);
#2055=FILL_AREA_STYLE_COLOUR('',#2079);
#2056=FILL_AREA_STYLE_COLOUR('',#2079);
#2057=FILL_AREA_STYLE_COLOUR('',#2079);
#2058=FILL_AREA_STYLE_COLOUR('',#2079);
#2059=FILL_AREA_STYLE_COLOUR('',#2079);
#2060=FILL_AREA_STYLE_COLOUR('',#2079);
#2061=FILL_AREA_STYLE_COLOUR('',#2079);
#2062=FILL_AREA_STYLE_COLOUR('',#2079);
#2063=FILL_AREA_STYLE_COLOUR('',#2079);
#2064=FILL_AREA_STYLE_COLOUR('',#2079);
#2065=FILL_AREA_STYLE_COLOUR('',#2079);
#2066=FILL_AREA_STYLE_COLOUR('',#2079);
#2067=FILL_AREA_STYLE_COLOUR('',#2079);
#2068=FILL_AREA_STYLE_COLOUR('',#2079);
#2069=FILL_AREA_STYLE_COLOUR('',#2079);
#2070=FILL_AREA_STYLE_COLOUR('',#2079);
#2071=FILL_AREA_STYLE_COLOUR('',#2079);
#2072=FILL_AREA_STYLE_COLOUR('',#2079);
#2073=FILL_AREA_STYLE_COLOUR('',#2079);
#2074=FILL_AREA_STYLE_COLOUR('',#2080);
#2075=FILL_AREA_STYLE_COLOUR('',#2081);
#2076=FILL_AREA_STYLE_COLOUR('',#2081);
#2077=COLOUR_RGB('',0.615686274509804,0.811764705882353,0.929411764705882);
#2078=COLOUR_RGB('',0.937254901960784,0.901960784313726,0.627450980392157);
#2079=COLOUR_RGB('',0.145098039215686,0.145098039215686,0.188235294117647);
#2080=COLOUR_RGB('',0.866666666666667,0.32156862745098,0.156862745098039);
#2081=COLOUR_RGB('',0.886274509803922,0.482352941176471,0.203921568627451);
#2082=MANIFOLD_SOLID_BREP('Part 1',#1565);
#2083=SHAPE_DEFINITION_REPRESENTATION(#3000,#2084);
#2084=SHAPE_REPRESENTATION('Part 1',(#2085),#2995);
#2085=AXIS2_PLACEMENT_3D('',#2579,#2191,#2192);
#2086=AXIS2_PLACEMENT_3D('',#2580,#2193,#2194);
#2087=AXIS2_PLACEMENT_3D('',#2677,#2243,#2244);
#2088=AXIS2_PLACEMENT_3D('',#2679,#2245,#2246);
#2089=AXIS2_PLACEMENT_3D('',#2684,#2248,#2249);
#2090=AXIS2_PLACEMENT_3D('',#2688,#2251,#2252);
#2091=AXIS2_PLACEMENT_3D('',#2692,#2254,#2255);
#2092=AXIS2_PLACEMENT_3D('',#2695,#2257,#2258);
#2093=AXIS2_PLACEMENT_3D('',#2699,#2260,#2261);
#2094=AXIS2_PLACEMENT_3D('',#2703,#2263,#2264);
#2095=AXIS2_PLACEMENT_3D('',#2704,#2265,#2266);
#2096=AXIS2_PLACEMENT_3D('',#2710,#2270,#2271);
#2097=AXIS2_PLACEMENT_3D('',#2716,#2275,#2276);
#2098=AXIS2_PLACEMENT_3D('',#2719,#2279,#2280);
#2099=AXIS2_PLACEMENT_3D('',#2722,#2283,#2284);
#2100=AXIS2_PLACEMENT_3D('',#2723,#2285,#2286);
#2101=AXIS2_PLACEMENT_3D('',#2724,#2287,#2288);
#2102=AXIS2_PLACEMENT_3D('',#2725,#2289,#2290);
#2103=AXIS2_PLACEMENT_3D('',#2734,#2295,#2296);
#2104=AXIS2_PLACEMENT_3D('',#2743,#2301,#2302);
#2105=AXIS2_PLACEMENT_3D('',#2752,#2307,#2308);
#2106=AXIS2_PLACEMENT_3D('',#2753,#2309,#2310);
#2107=AXIS2_PLACEMENT_3D('',#2755,#2311,#2312);
#2108=AXIS2_PLACEMENT_3D('',#2764,#2317,#2318);
#2109=AXIS2_PLACEMENT_3D('',#2765,#2319,#2320);
#2110=AXIS2_PLACEMENT_3D('',#2767,#2321,#2322);
#2111=AXIS2_PLACEMENT_3D('',#2768,#2323,#2324);
#2112=AXIS2_PLACEMENT_3D('',#2769,#2325,#2326);
#2113=AXIS2_PLACEMENT_3D('',#2770,#2327,#2328);
#2114=AXIS2_PLACEMENT_3D('',#2771,#2329,#2330);
#2115=AXIS2_PLACEMENT_3D('',#2772,#2331,#2332);
#2116=AXIS2_PLACEMENT_3D('',#2773,#2333,#2334);
#2117=AXIS2_PLACEMENT_3D('',#2774,#2335,#2336);
#2118=AXIS2_PLACEMENT_3D('',#2775,#2337,#2338);
#2119=AXIS2_PLACEMENT_3D('',#2776,#2339,#2340);
#2120=AXIS2_PLACEMENT_3D('',#2777,#2341,#2342);
#2121=AXIS2_PLACEMENT_3D('',#2778,#2343,#2344);
#2122=AXIS2_PLACEMENT_3D('',#2779,#2345,#2346);
#2123=AXIS2_PLACEMENT_3D('',#2780,#2347,#2348);
#2124=AXIS2_PLACEMENT_3D('',#2786,#2352,#2353);
#2125=AXIS2_PLACEMENT_3D('',#2790,#2356,#2357);
#2126=AXIS2_PLACEMENT_3D('',#2794,#2360,#2361);
#2127=AXIS2_PLACEMENT_3D('',#2796,#2363,#2364);
#2128=AXIS2_PLACEMENT_3D('',#2797,#2365,#2366);
#2129=AXIS2_PLACEMENT_3D('',#2803,#2370,#2371);
#2130=AXIS2_PLACEMENT_3D('',#2807,#2374,#2375);
#2131=AXIS2_PLACEMENT_3D('',#2811,#2378,#2379);
#2132=AXIS2_PLACEMENT_3D('',#2813,#2381,#2382);
#2133=AXIS2_PLACEMENT_3D('',#2814,#2383,#2384);
#2134=AXIS2_PLACEMENT_3D('',#2820,#2388,#2389);
#2135=AXIS2_PLACEMENT_3D('',#2824,#2392,#2393);
#2136=AXIS2_PLACEMENT_3D('',#2828,#2396,#2397);
#2137=AXIS2_PLACEMENT_3D('',#2830,#2399,#2400);
#2138=AXIS2_PLACEMENT_3D('',#2831,#2401,#2402);
#2139=AXIS2_PLACEMENT_3D('',#2837,#2406,#2407);
#2140=AXIS2_PLACEMENT_3D('',#2841,#2410,#2411);
#2141=AXIS2_PLACEMENT_3D('',#2845,#2414,#2415);
#2142=AXIS2_PLACEMENT_3D('',#2847,#2417,#2418);
#2143=AXIS2_PLACEMENT_3D('',#2848,#2419,#2420);
#2144=AXIS2_PLACEMENT_3D('',#2854,#2424,#2425);
#2145=AXIS2_PLACEMENT_3D('',#2858,#2428,#2429);
#2146=AXIS2_PLACEMENT_3D('',#2862,#2432,#2433);
#2147=AXIS2_PLACEMENT_3D('',#2864,#2435,#2436);
#2148=AXIS2_PLACEMENT_3D('',#2865,#2437,#2438);
#2149=AXIS2_PLACEMENT_3D('',#2871,#2442,#2443);
#2150=AXIS2_PLACEMENT_3D('',#2875,#2446,#2447);
#2151=AXIS2_PLACEMENT_3D('',#2879,#2450,#2451);
#2152=AXIS2_PLACEMENT_3D('',#2881,#2453,#2454);
#2153=AXIS2_PLACEMENT_3D('',#2882,#2455,#2456);
#2154=AXIS2_PLACEMENT_3D('',#2888,#2460,#2461);
#2155=AXIS2_PLACEMENT_3D('',#2892,#2464,#2465);
#2156=AXIS2_PLACEMENT_3D('',#2896,#2468,#2469);
#2157=AXIS2_PLACEMENT_3D('',#2898,#2471,#2472);
#2158=AXIS2_PLACEMENT_3D('',#2899,#2473,#2474);
#2159=AXIS2_PLACEMENT_3D('',#2905,#2478,#2479);
#2160=AXIS2_PLACEMENT_3D('',#2909,#2482,#2483);
#2161=AXIS2_PLACEMENT_3D('',#2913,#2486,#2487);
#2162=AXIS2_PLACEMENT_3D('',#2915,#2489,#2490);
#2163=AXIS2_PLACEMENT_3D('',#2916,#2491,#2492);
#2164=AXIS2_PLACEMENT_3D('',#2922,#2496,#2497);
#2165=AXIS2_PLACEMENT_3D('',#2926,#2500,#2501);
#2166=AXIS2_PLACEMENT_3D('',#2930,#2504,#2505);
#2167=AXIS2_PLACEMENT_3D('',#2932,#2507,#2508);
#2168=AXIS2_PLACEMENT_3D('',#2933,#2509,#2510);
#2169=AXIS2_PLACEMENT_3D('',#2939,#2514,#2515);
#2170=AXIS2_PLACEMENT_3D('',#2943,#2518,#2519);
#2171=AXIS2_PLACEMENT_3D('',#2947,#2522,#2523);
#2172=AXIS2_PLACEMENT_3D('',#2949,#2525,#2526);
#2173=AXIS2_PLACEMENT_3D('',#2950,#2527,#2528);
#2174=AXIS2_PLACEMENT_3D('',#2956,#2532,#2533);
#2175=AXIS2_PLACEMENT_3D('',#2960,#2536,#2537);
#2176=AXIS2_PLACEMENT_3D('',#2964,#2540,#2541);
#2177=AXIS2_PLACEMENT_3D('',#2966,#2543,#2544);
#2178=AXIS2_PLACEMENT_3D('',#2967,#2545,#2546);
#2179=AXIS2_PLACEMENT_3D('',#2973,#2550,#2551);
#2180=AXIS2_PLACEMENT_3D('',#2977,#2554,#2555);
#2181=AXIS2_PLACEMENT_3D('',#2981,#2558,#2559);
#2182=AXIS2_PLACEMENT_3D('',#2983,#2561,#2562);
#2183=AXIS2_PLACEMENT_3D('',#2984,#2563,#2564);
#2184=AXIS2_PLACEMENT_3D('',#2985,#2565,#2566);
#2185=AXIS2_PLACEMENT_3D('',#2986,#2567,#2568);
#2186=AXIS2_PLACEMENT_3D('',#2987,#2569,#2570);
#2187=AXIS2_PLACEMENT_3D('',#2989,#2571,#2572);
#2188=AXIS2_PLACEMENT_3D('',#2990,#2573,#2574);
#2189=AXIS2_PLACEMENT_3D('',#2991,#2575,#2576);
#2190=AXIS2_PLACEMENT_3D('',#2993,#2577,#2578);
#2191=DIRECTION('',(0.,0.,1.));
#2192=DIRECTION('',(1.,0.,0.));
#2193=DIRECTION('',(0.,-1.,0.));
#2194=DIRECTION('',(1.,0.,0.));
#2195=DIRECTION('',(0.5,0.,0.866025403784438));
#2196=DIRECTION('',(0.866025403784438,0.,-0.5));
#2197=DIRECTION('',(0.5,0.,0.866025403784438));
#2198=DIRECTION('',(0.866025403784438,0.,-0.5));
#2199=DIRECTION('',(-1.,0.,0.));
#2200=DIRECTION('',(5.42101086242752E-17,0.,1.));
#2201=DIRECTION('',(-1.,0.,0.));
#2202=DIRECTION('',(5.42101086242752E-17,0.,1.));
#2203=DIRECTION('',(-0.866025403784438,0.,0.5));
#2204=DIRECTION('',(0.5,0.,0.866025403784438));
#2205=DIRECTION('',(-0.866025403784438,0.,0.5));
#2206=DIRECTION('',(0.5,0.,0.866025403784438));
#2207=DIRECTION('',(-0.5,0.,-0.866025403784439));
#2208=DIRECTION('',(-0.866025403784439,0.,0.5));
#2209=DIRECTION('',(-0.5,0.,-0.866025403784439));
#2210=DIRECTION('',(-0.866025403784439,0.,0.5));
#2211=DIRECTION('',(1.,0.,-1.22464679914735E-16));
#2212=DIRECTION('',(-1.7667478853901E-16,0.,-1.));
#2213=DIRECTION('',(1.,0.,-1.22464679914735E-16));
#2214=DIRECTION('',(-1.7667478853901E-16,0.,-1.));
#2215=DIRECTION('',(0.5,0.,-0.866025403784439));
#2216=DIRECTION('',(-0.866025403784439,0.,-0.5));
#2217=DIRECTION('',(0.5,0.,-0.866025403784439));
#2218=DIRECTION('',(-0.866025403784439,0.,-0.5));
#2219=DIRECTION('',(0.866025403784439,0.,-0.5));
#2220=DIRECTION('',(-0.5,0.,-0.866025403784439));
#2221=DIRECTION('',(0.866025403784439,0.,-0.5));
#2222=DIRECTION('',(-0.5,0.,-0.866025403784439));
#2223=DIRECTION('',(-0.866025403784439,0.,-0.5));
#2224=DIRECTION('',(-0.5,0.,0.866025403784439));
#2225=DIRECTION('',(-0.866025403784439,0.,-0.5));
#2226=DIRECTION('',(-0.5,0.,0.866025403784439));
#2227=DIRECTION('',(-0.5,0.,0.866025403784439));
#2228=DIRECTION('',(0.866025403784439,0.,0.5));
#2229=DIRECTION('',(-0.5,0.,0.866025403784439));
#2230=DIRECTION('',(0.866025403784439,0.,0.5));
#2231=DIRECTION('',(1.83697019872103E-16,0.,1.));
#2232=DIRECTION('',(1.,0.,-2.37907128496378E-16));
#2233=DIRECTION('',(1.83697019872103E-16,0.,1.));
#2234=DIRECTION('',(1.,0.,-2.37907128496378E-16));
#2235=DIRECTION('',(-6.12323399573677E-17,0.,-1.));
#2236=DIRECTION('',(-1.,0.,1.15442448581643E-16));
#2237=DIRECTION('',(-6.12323399573677E-17,0.,-1.));
#2238=DIRECTION('',(-1.,0.,1.15442448581643E-16));
#2239=DIRECTION('',(0.866025403784439,0.,0.5));
#2240=DIRECTION('',(0.5,0.,-0.866025403784439));
#2241=DIRECTION('',(0.866025403784439,0.,0.5));
#2242=DIRECTION('',(0.5,0.,-0.866025403784439));
#2243=DIRECTION('',(0.,-1.,0.));
#2244=DIRECTION('',(0.,0.,-1.));
#2245=DIRECTION('',(0.,-1.,0.));
#2246=DIRECTION('',(0.,0.,-1.));
#2247=DIRECTION('',(-0.937765499038581,0.,-0.347269159029305));
#2248=DIRECTION('',(0.,-1.,0.));
#2249=DIRECTION('',(0.,0.,-1.));
#2250=DIRECTION('',(0.937765499038581,0.,0.347269159029305));
#2251=DIRECTION('',(0.,-1.,0.));
#2252=DIRECTION('',(0.,0.,-1.));
#2253=DIRECTION('',(0.799802720621004,0.,-0.600262949120833));
#2254=DIRECTION('',(0.,-1.,0.));
#2255=DIRECTION('',(0.,0.,-1.));
#2256=DIRECTION('',(-0.799802720621004,0.,0.600262949120833));
#2257=DIRECTION('',(0.,-1.,0.));
#2258=DIRECTION('',(0.,0.,-1.));
#2259=DIRECTION('',(-0.799802720621004,0.,0.600262949120833));
#2260=DIRECTION('',(0.,-1.,0.));
#2261=DIRECTION('',(0.,0.,-1.));
#2262=DIRECTION('',(-0.799802720621004,0.,0.600262949120833));
#2263=DIRECTION('',(0.,-1.,0.));
#2264=DIRECTION('',(0.,0.,-1.));
#2265=DIRECTION('',(0.347269159029305,0.,-0.937765499038581));
#2266=DIRECTION('',(-0.937765499038581,0.,-0.347269159029305));
#2267=DIRECTION('',(0.937765499038581,0.,0.347269159029305));
#2268=DIRECTION('',(0.,1.,0.));
#2269=DIRECTION('',(-2.82462452922045E-16,1.,-1.04600242367797E-16));
#2270=DIRECTION('',(-0.347269159029305,0.,0.937765499038581));
#2271=DIRECTION('',(0.937765499038581,0.,0.347269159029305));
#2272=DIRECTION('',(0.,1.,0.));
#2273=DIRECTION('',(0.937765499038581,0.,0.347269159029305));
#2274=DIRECTION('',(-2.82462452922045E-16,1.,-1.04600242367797E-16));
#2275=DIRECTION('',(0.600262949120833,1.30072177088566E-16,0.799802720621004));
#2276=DIRECTION('',(0.799802720621004,0.,-0.600262949120833));
#2277=DIRECTION('',(0.,1.,0.));
#2278=DIRECTION('',(-4.94490887912417E-16,1.,2.08491890942364E-16));
#2279=DIRECTION('',(-0.600262949120833,-8.6714784725711E-17,-0.799802720621004));
#2280=DIRECTION('',(-0.799802720621004,0.,0.600262949120833));
#2281=DIRECTION('',(0.,1.,0.));
#2282=DIRECTION('',(-4.68465051706501E-16,1.,2.43169251313209E-16));
#2283=DIRECTION('',(0.,-1.,-8.67361737988403E-16));
#2284=DIRECTION('',(0.,8.67361737988403E-16,-1.));
#2285=DIRECTION('',(0.,1.,-8.67361737988404E-16));
#2286=DIRECTION('',(0.,8.67361737988404E-16,1.));
#2287=DIRECTION('',(0.,-1.,0.));
#2288=DIRECTION('',(0.,0.,-1.));
#2289=DIRECTION('',(0.,0.,1.));
#2290=DIRECTION('',(1.,0.,0.));
#2291=DIRECTION('',(1.,0.,0.));
#2292=DIRECTION('',(0.,1.,0.));
#2293=DIRECTION('',(1.,0.,0.));
#2294=DIRECTION('',(0.,1.,0.));
#2295=DIRECTION('',(-1.,0.,0.));
#2296=DIRECTION('',(0.,0.,1.));
#2297=DIRECTION('',(0.,0.,1.));
#2298=DIRECTION('',(0.,1.,0.));
#2299=DIRECTION('',(0.,0.,1.));
#2300=DIRECTION('',(0.,1.,0.));
#2301=DIRECTION('',(0.,0.,-1.));
#2302=DIRECTION('',(-1.,0.,0.));
#2303=DIRECTION('',(-1.,0.,0.));
#2304=DIRECTION('',(0.,1.,0.));
#2305=DIRECTION('',(-1.,0.,0.));
#2306=DIRECTION('',(0.,1.,0.));
#2307=DIRECTION('',(0.,1.,0.));
#2308=DIRECTION('',(0.,0.,1.));
#2309=DIRECTION('',(0.,-1.,0.));
#2310=DIRECTION('',(0.,0.,-1.));
#2311=DIRECTION('',(1.,0.,0.));
#2312=DIRECTION('',(0.,0.,-1.));
#2313=DIRECTION('',(0.,0.,-1.));
#2314=DIRECTION('',(0.,1.,0.));
#2315=DIRECTION('',(0.,0.,-1.));
#2316=DIRECTION('',(0.,1.,0.));
#2317=DIRECTION('',(0.,-1.,0.));
#2318=DIRECTION('',(1.,0.,0.));
#2319=DIRECTION('',(0.,-1.,0.));
#2320=DIRECTION('',(0.,0.,-1.));
#2321=DIRECTION('',(0.,-1.,0.));
#2322=DIRECTION('',(0.,0.,-1.));
#2323=DIRECTION('',(0.,-1.,0.));
#2324=DIRECTION('',(0.,0.,-1.));
#2325=DIRECTION('',(0.,-1.,0.));
#2326=DIRECTION('',(0.,0.,-1.));
#2327=DIRECTION('',(0.,-1.,0.));
#2328=DIRECTION('',(0.,0.,-1.));
#2329=DIRECTION('',(0.,-1.,0.));
#2330=DIRECTION('',(1.,0.,0.));
#2331=DIRECTION('',(0.,-1.,0.));
#2332=DIRECTION('',(0.,0.,-1.));
#2333=DIRECTION('',(0.,-1.,0.));
#2334=DIRECTION('',(0.,0.,-1.));
#2335=DIRECTION('',(0.,-1.,0.));
#2336=DIRECTION('',(0.,0.,-1.));
#2337=DIRECTION('',(0.,-1.,0.));
#2338=DIRECTION('',(0.,0.,-1.));
#2339=DIRECTION('',(0.,1.,0.));
#2340=DIRECTION('',(0.,0.,1.));
#2341=DIRECTION('',(0.,1.,0.));
#2342=DIRECTION('',(0.,0.,1.));
#2343=DIRECTION('',(0.,1.,0.));
#2344=DIRECTION('',(0.,0.,1.));
#2345=DIRECTION('',(0.,1.,0.));
#2346=DIRECTION('',(0.,0.,1.));
#2347=DIRECTION('',(-0.5,0.,0.866025403784439));
#2348=DIRECTION('',(0.866025403784439,0.,0.5));
#2349=DIRECTION('',(0.,1.,0.));
#2350=DIRECTION('',(0.866025403784439,0.,0.5));
#2351=DIRECTION('',(0.,1.,0.));
#2352=DIRECTION('',(0.866025403784439,0.,0.5));
#2353=DIRECTION('',(0.5,0.,-0.866025403784439));
#2354=DIRECTION('',(0.,1.,0.));
#2355=DIRECTION('',(0.5,0.,-0.866025403784439));
#2356=DIRECTION('',(-0.5,0.,0.866025403784439));
#2357=DIRECTION('',(0.866025403784439,0.,0.5));
#2358=DIRECTION('',(0.,1.,0.));
#2359=DIRECTION('',(0.866025403784439,0.,0.5));
#2360=DIRECTION('',(0.866025403784439,0.,0.5));
#2361=DIRECTION('',(0.5,0.,-0.866025403784439));
#2362=DIRECTION('',(0.5,0.,-0.866025403784439));
#2363=DIRECTION('',(0.,-1.,0.));
#2364=DIRECTION('',(-0.866025403784439,0.,-0.5));
#2365=DIRECTION('',(1.,0.,-6.12323399573677E-17));
#2366=DIRECTION('',(-6.12323399573677E-17,0.,-1.));
#2367=DIRECTION('',(0.,1.,0.));
#2368=DIRECTION('',(-6.12323399573677E-17,0.,-1.));
#2369=DIRECTION('',(0.,1.,0.));
#2370=DIRECTION('',(-1.15442448581643E-16,0.,-1.));
#2371=DIRECTION('',(-1.,0.,1.15442448581643E-16));
#2372=DIRECTION('',(0.,1.,0.));
#2373=DIRECTION('',(-1.,0.,1.15442448581643E-16));
#2374=DIRECTION('',(1.,0.,-6.12323399573677E-17));
#2375=DIRECTION('',(-6.12323399573677E-17,0.,-1.));
#2376=DIRECTION('',(0.,1.,0.));
#2377=DIRECTION('',(-6.12323399573677E-17,0.,-1.));
#2378=DIRECTION('',(-1.15442448581643E-16,0.,-1.));
#2379=DIRECTION('',(-1.,0.,1.15442448581643E-16));
#2380=DIRECTION('',(-1.,0.,1.15442448581643E-16));
#2381=DIRECTION('',(0.,-1.,0.));
#2382=DIRECTION('',(6.12323399573677E-17,0.,1.));
#2383=DIRECTION('',(-1.,0.,1.83697019872103E-16));
#2384=DIRECTION('',(1.83697019872103E-16,0.,1.));
#2385=DIRECTION('',(0.,1.,0.));
#2386=DIRECTION('',(1.83697019872103E-16,0.,1.));
#2387=DIRECTION('',(0.,1.,0.));
#2388=DIRECTION('',(2.37907128496378E-16,0.,1.));
#2389=DIRECTION('',(1.,0.,-2.37907128496378E-16));
#2390=DIRECTION('',(0.,1.,0.));
#2391=DIRECTION('',(1.,0.,-2.37907128496378E-16));
#2392=DIRECTION('',(-1.,0.,1.83697019872103E-16));
#2393=DIRECTION('',(1.83697019872103E-16,0.,1.));
#2394=DIRECTION('',(0.,1.,0.));
#2395=DIRECTION('',(1.83697019872103E-16,0.,1.));
#2396=DIRECTION('',(2.37907128496378E-16,0.,1.));
#2397=DIRECTION('',(1.,0.,-2.37907128496378E-16));
#2398=DIRECTION('',(1.,0.,-2.37907128496378E-16));
#2399=DIRECTION('',(0.,-1.,0.));
#2400=DIRECTION('',(-1.83697019872103E-16,0.,-1.));
#2401=DIRECTION('',(-0.866025403784439,0.,-0.5));
#2402=DIRECTION('',(-0.5,0.,0.866025403784439));
#2403=DIRECTION('',(0.,1.,0.));
#2404=DIRECTION('',(-0.5,0.,0.866025403784439));
#2405=DIRECTION('',(0.,1.,0.));
#2406=DIRECTION('',(-0.5,0.,0.866025403784439));
#2407=DIRECTION('',(0.866025403784439,0.,0.5));
#2408=DIRECTION('',(0.,1.,0.));
#2409=DIRECTION('',(0.866025403784439,0.,0.5));
#2410=DIRECTION('',(-0.866025403784439,0.,-0.5));
#2411=DIRECTION('',(-0.5,0.,0.866025403784439));
#2412=DIRECTION('',(0.,1.,0.));
#2413=DIRECTION('',(-0.5,0.,0.866025403784439));
#2414=DIRECTION('',(-0.5,0.,0.866025403784439));
#2415=DIRECTION('',(0.866025403784439,0.,0.5));
#2416=DIRECTION('',(0.866025403784439,0.,0.5));
#2417=DIRECTION('',(0.,-1.,0.));
#2418=DIRECTION('',(0.5,0.,-0.866025403784439));
#2419=DIRECTION('',(0.5,0.,-0.866025403784439));
#2420=DIRECTION('',(-0.866025403784439,0.,-0.5));
#2421=DIRECTION('',(0.,1.,0.));
#2422=DIRECTION('',(-0.866025403784439,0.,-0.5));
#2423=DIRECTION('',(0.,1.,0.));
#2424=DIRECTION('',(-0.866025403784439,0.,-0.5));
#2425=DIRECTION('',(-0.5,0.,0.866025403784439));
#2426=DIRECTION('',(0.,1.,0.));
#2427=DIRECTION('',(-0.5,0.,0.866025403784439));
#2428=DIRECTION('',(0.5,0.,-0.866025403784439));
#2429=DIRECTION('',(-0.866025403784439,0.,-0.5));
#2430=DIRECTION('',(0.,1.,0.));
#2431=DIRECTION('',(-0.866025403784439,0.,-0.5));
#2432=DIRECTION('',(-0.866025403784439,0.,-0.5));
#2433=DIRECTION('',(-0.5,0.,0.866025403784439));
#2434=DIRECTION('',(-0.5,0.,0.866025403784439));
#2435=DIRECTION('',(0.,-1.,0.));
#2436=DIRECTION('',(0.866025403784439,0.,0.5));
#2437=DIRECTION('',(0.5,0.,0.866025403784439));
#2438=DIRECTION('',(0.866025403784439,0.,-0.5));
#2439=DIRECTION('',(0.,1.,0.));
#2440=DIRECTION('',(0.866025403784439,0.,-0.5));
#2441=DIRECTION('',(0.,1.,0.));
#2442=DIRECTION('',(0.866025403784439,0.,-0.5));
#2443=DIRECTION('',(-0.5,0.,-0.866025403784439));
#2444=DIRECTION('',(0.,1.,0.));
#2445=DIRECTION('',(-0.5,0.,-0.866025403784439));
#2446=DIRECTION('',(0.5,0.,0.866025403784439));
#2447=DIRECTION('',(0.866025403784439,0.,-0.5));
#2448=DIRECTION('',(0.,1.,0.));
#2449=DIRECTION('',(0.866025403784439,0.,-0.5));
#2450=DIRECTION('',(0.866025403784439,0.,-0.5));
#2451=DIRECTION('',(-0.5,0.,-0.866025403784439));
#2452=DIRECTION('',(-0.5,0.,-0.866025403784439));
#2453=DIRECTION('',(0.,-1.,0.));
#2454=DIRECTION('',(-0.866025403784439,0.,0.5));
#2455=DIRECTION('',(0.866025403784439,0.,0.5));
#2456=DIRECTION('',(0.5,0.,-0.866025403784439));
#2457=DIRECTION('',(0.,1.,0.));
#2458=DIRECTION('',(0.5,0.,-0.866025403784439));
#2459=DIRECTION('',(0.,1.,0.));
#2460=DIRECTION('',(0.5,0.,-0.866025403784439));
#2461=DIRECTION('',(-0.866025403784439,0.,-0.5));
#2462=DIRECTION('',(0.,1.,0.));
#2463=DIRECTION('',(-0.866025403784439,0.,-0.5));
#2464=DIRECTION('',(0.866025403784439,0.,0.5));
#2465=DIRECTION('',(0.5,0.,-0.866025403784439));
#2466=DIRECTION('',(0.,1.,0.));
#2467=DIRECTION('',(0.5,0.,-0.866025403784439));
#2468=DIRECTION('',(0.5,0.,-0.866025403784439));
#2469=DIRECTION('',(-0.866025403784439,0.,-0.5));
#2470=DIRECTION('',(-0.866025403784439,0.,-0.5));
#2471=DIRECTION('',(0.,-1.,0.));
#2472=DIRECTION('',(-0.5,0.,0.866025403784439));
#2473=DIRECTION('',(1.22464679914735E-16,0.,1.));
#2474=DIRECTION('',(1.,0.,-1.22464679914735E-16));
#2475=DIRECTION('',(0.,1.,0.));
#2476=DIRECTION('',(1.,0.,-1.22464679914735E-16));
#2477=DIRECTION('',(0.,1.,0.));
#2478=DIRECTION('',(1.,0.,-1.7667478853901E-16));
#2479=DIRECTION('',(-1.7667478853901E-16,0.,-1.));
#2480=DIRECTION('',(0.,1.,0.));
#2481=DIRECTION('',(-1.7667478853901E-16,0.,-1.));
#2482=DIRECTION('',(1.22464679914735E-16,0.,1.));
#2483=DIRECTION('',(1.,0.,-1.22464679914735E-16));
#2484=DIRECTION('',(0.,1.,0.));
#2485=DIRECTION('',(1.,0.,-1.22464679914735E-16));
#2486=DIRECTION('',(1.,0.,-1.7667478853901E-16));
#2487=DIRECTION('',(-1.7667478853901E-16,0.,-1.));
#2488=DIRECTION('',(-1.7667478853901E-16,0.,-1.));
#2489=DIRECTION('',(0.,-1.,0.));
#2490=DIRECTION('',(-1.,0.,1.22464679914735E-16));
#2491=DIRECTION('',(0.866025403784439,0.,-0.5));
#2492=DIRECTION('',(-0.5,0.,-0.866025403784439));
#2493=DIRECTION('',(0.,1.,0.));
#2494=DIRECTION('',(-0.5,0.,-0.866025403784439));
#2495=DIRECTION('',(0.,1.,0.));
#2496=DIRECTION('',(-0.5,0.,-0.866025403784439));
#2497=DIRECTION('',(-0.866025403784439,0.,0.5));
#2498=DIRECTION('',(0.,1.,0.));
#2499=DIRECTION('',(-0.866025403784439,0.,0.5));
#2500=DIRECTION('',(0.866025403784439,0.,-0.5));
#2501=DIRECTION('',(-0.5,0.,-0.866025403784439));
#2502=DIRECTION('',(0.,1.,0.));
#2503=DIRECTION('',(-0.5,0.,-0.866025403784439));
#2504=DIRECTION('',(-0.5,0.,-0.866025403784439));
#2505=DIRECTION('',(-0.866025403784439,0.,0.5));
#2506=DIRECTION('',(-0.866025403784439,0.,0.5));
#2507=DIRECTION('',(0.,-1.,0.));
#2508=DIRECTION('',(0.5,0.,0.866025403784439));
#2509=DIRECTION('',(-0.5,0.,-0.866025403784438));
#2510=DIRECTION('',(-0.866025403784438,0.,0.5));
#2511=DIRECTION('',(0.,1.,0.));
#2512=DIRECTION('',(-0.866025403784438,0.,0.5));
#2513=DIRECTION('',(0.,1.,0.));
#2514=DIRECTION('',(-0.866025403784438,0.,0.5));
#2515=DIRECTION('',(0.5,0.,0.866025403784438));
#2516=DIRECTION('',(0.,1.,0.));
#2517=DIRECTION('',(0.5,0.,0.866025403784438));
#2518=DIRECTION('',(-0.5,0.,-0.866025403784438));
#2519=DIRECTION('',(-0.866025403784438,0.,0.5));
#2520=DIRECTION('',(0.,1.,0.));
#2521=DIRECTION('',(-0.866025403784438,0.,0.5));
#2522=DIRECTION('',(-0.866025403784438,0.,0.5));
#2523=DIRECTION('',(0.5,0.,0.866025403784438));
#2524=DIRECTION('',(0.5,0.,0.866025403784438));
#2525=DIRECTION('',(0.,-1.,0.));
#2526=DIRECTION('',(0.866025403784438,0.,-0.5));
#2527=DIRECTION('',(0.,0.,-1.));
#2528=DIRECTION('',(-1.,0.,0.));
#2529=DIRECTION('',(0.,1.,0.));
#2530=DIRECTION('',(-1.,0.,0.));
#2531=DIRECTION('',(0.,1.,0.));
#2532=DIRECTION('',(-1.,0.,5.42101086242752E-17));
#2533=DIRECTION('',(5.42101086242752E-17,0.,1.));
#2534=DIRECTION('',(0.,1.,0.));
#2535=DIRECTION('',(5.42101086242752E-17,0.,1.));
#2536=DIRECTION('',(0.,0.,-1.));
#2537=DIRECTION('',(-1.,0.,0.));
#2538=DIRECTION('',(0.,1.,0.));
#2539=DIRECTION('',(-1.,0.,0.));
#2540=DIRECTION('',(-1.,0.,5.42101086242752E-17));
#2541=DIRECTION('',(5.42101086242752E-17,0.,1.));
#2542=DIRECTION('',(5.42101086242752E-17,0.,1.));
#2543=DIRECTION('',(0.,-1.,0.));
#2544=DIRECTION('',(1.,0.,0.));
#2545=DIRECTION('',(-0.866025403784438,0.,0.5));
#2546=DIRECTION('',(0.5,0.,0.866025403784438));
#2547=DIRECTION('',(0.,1.,0.));
#2548=DIRECTION('',(0.5,0.,0.866025403784438));
#2549=DIRECTION('',(0.,1.,0.));
#2550=DIRECTION('',(0.5,0.,0.866025403784438));
#2551=DIRECTION('',(0.866025403784438,0.,-0.5));
#2552=DIRECTION('',(0.,1.,0.));
#2553=DIRECTION('',(0.866025403784438,0.,-0.5));
#2554=DIRECTION('',(-0.866025403784438,0.,0.5));
#2555=DIRECTION('',(0.5,0.,0.866025403784438));
#2556=DIRECTION('',(0.,1.,0.));
#2557=DIRECTION('',(0.5,0.,0.866025403784438));
#2558=DIRECTION('',(0.5,0.,0.866025403784438));
#2559=DIRECTION('',(0.866025403784438,0.,-0.5));
#2560=DIRECTION('',(0.866025403784438,0.,-0.5));
#2561=DIRECTION('',(0.,-1.,0.));
#2562=DIRECTION('',(-0.5,0.,-0.866025403784438));
#2563=DIRECTION('',(0.,-1.,0.));
#2564=DIRECTION('',(0.,0.,-1.));
#2565=DIRECTION('',(0.,-1.,0.));
#2566=DIRECTION('',(0.,0.,-1.));
#2567=DIRECTION('',(0.,1.,0.));
#2568=DIRECTION('',(0.,0.,1.));
#2569=DIRECTION('',(0.,-1.,0.));
#2570=DIRECTION('',(0.,0.,-1.));
#2571=DIRECTION('',(0.,-1.,0.));
#2572=DIRECTION('',(1.,0.,0.));
#2573=DIRECTION('',(0.,1.,0.));
#2574=DIRECTION('',(0.,0.,1.));
#2575=DIRECTION('',(0.,-1.,0.));
#2576=DIRECTION('',(0.,0.,-1.));
#2577=DIRECTION('',(0.,-1.,0.));
#2578=DIRECTION('',(1.,0.,0.));
#2579=CARTESIAN_POINT('',(0.,0.,0.));
#2580=CARTESIAN_POINT('',(0.000547599808569527,-0.0057,0.000468642913900309));
#2581=CARTESIAN_POINT('',(0.00336798364105817,-0.0057,-0.00124630899138353));
#2582=CARTESIAN_POINT('',(0.00333048364105817,-0.0057,-0.00131126089666736));
#2583=CARTESIAN_POINT('',(0.00348048364105817,-0.0057,-0.00105145327553203));
#2584=CARTESIAN_POINT('',(0.0037402912621935,-0.0057,-0.00120145327553203));
#2585=CARTESIAN_POINT('',(0.00400009888332884,-0.0057,-0.00135145327553203));
#2586=CARTESIAN_POINT('',(0.00388759888332884,-0.0057,-0.00154630899138353));
#2587=CARTESIAN_POINT('',(0.00385009888332884,-0.0057,-0.00161126089666736));
#2588=CARTESIAN_POINT('',(0.0035902912621935,-0.0057,-0.00146126089666736));
#2589=CARTESIAN_POINT('',(0.000622599808569528,-0.0057,0.00376864291390031));
#2590=CARTESIAN_POINT('',(0.000697599808569528,-0.0057,0.00376864291390031));
#2591=CARTESIAN_POINT('',(0.000397599808569528,-0.0057,0.00376864291390031));
#2592=CARTESIAN_POINT('',(0.000397599808569528,-0.0057,0.00406864291390031));
#2593=CARTESIAN_POINT('',(0.000397599808569528,-0.0057,0.00436864291390031));
#2594=CARTESIAN_POINT('',(0.000622599808569528,-0.0057,0.00436864291390031));
#2595=CARTESIAN_POINT('',(0.000697599808569528,-0.0057,0.00436864291390031));
#2596=CARTESIAN_POINT('',(0.000697599808569528,-0.0057,0.00406864291390031));
#2597=CARTESIAN_POINT('',(0.00226255171385337,-0.0057,0.00328902674638895));
#2598=CARTESIAN_POINT('',(0.00232750361913719,-0.0057,0.00325152674638895));
#2599=CARTESIAN_POINT('',(0.00206769599800186,-0.0057,0.00340152674638895));
#2600=CARTESIAN_POINT('',(0.00221769599800186,-0.0057,0.00366133436752428));
#2601=CARTESIAN_POINT('',(0.00236769599800186,-0.0057,0.00392114198865962));
#2602=CARTESIAN_POINT('',(0.00256255171385337,-0.0057,0.00380864198865962));
#2603=CARTESIAN_POINT('',(0.00262750361913719,-0.0057,0.00377114198865962));
#2604=CARTESIAN_POINT('',(0.00247750361913719,-0.0057,0.00351133436752428));
#2605=CARTESIAN_POINT('',(-0.00227278402391912,-0.0057,0.00218359481918414));
#2606=CARTESIAN_POINT('',(-0.00223528402391912,-0.0057,0.00224854672446797));
#2607=CARTESIAN_POINT('',(-0.00238528402391912,-0.0057,0.00198873910333264));
#2608=CARTESIAN_POINT('',(-0.00264509164505445,-0.0057,0.00213873910333265));
#2609=CARTESIAN_POINT('',(-0.00290489926618978,-0.0057,0.00228873910333265));
#2610=CARTESIAN_POINT('',(-0.00279239926618978,-0.0057,0.00248359481918414));
#2611=CARTESIAN_POINT('',(-0.00275489926618978,-0.0057,0.00254854672446798));
#2612=CARTESIAN_POINT('',(-0.00249509164505445,-0.0057,0.00239854672446797));
#2613=CARTESIAN_POINT('',(0.000472599808569528,-0.0057,-0.00283135708609969));
#2614=CARTESIAN_POINT('',(0.000397599808569528,-0.0057,-0.00283135708609969));
#2615=CARTESIAN_POINT('',(0.000697599808569528,-0.0057,-0.00283135708609969));
#2616=CARTESIAN_POINT('',(0.000697599808569528,-0.0057,-0.00313135708609969));
#2617=CARTESIAN_POINT('',(0.000697599808569528,-0.0057,-0.00343135708609969));
#2618=CARTESIAN_POINT('',(0.000472599808569528,-0.0057,-0.00343135708609969));
#2619=CARTESIAN_POINT('',(0.000397599808569528,-0.0057,-0.00343135708609969));
#2620=CARTESIAN_POINT('',(0.000397599808569528,-0.0057,-0.00313135708609969));
#2621=CARTESIAN_POINT('',(-0.00234778402391912,-0.0057,-0.00111640518081586));
#2622=CARTESIAN_POINT('',(-0.00238528402391912,-0.0057,-0.00105145327553202));
#2623=CARTESIAN_POINT('',(-0.00223528402391912,-0.0057,-0.00131126089666736));
#2624=CARTESIAN_POINT('',(-0.00249509164505445,-0.0057,-0.00146126089666736));
#2625=CARTESIAN_POINT('',(-0.00275489926618978,-0.0057,-0.00161126089666736));
#2626=CARTESIAN_POINT('',(-0.00286739926618978,-0.0057,-0.00141640518081586));
#2627=CARTESIAN_POINT('',(-0.00290489926618978,-0.0057,-0.00135145327553203));
#2628=CARTESIAN_POINT('',(-0.00264509164505445,-0.0057,-0.00120145327553202));
#2629=CARTESIAN_POINT('',(-0.00116735209671431,-0.0057,-0.00235174091858834));
#2630=CARTESIAN_POINT('',(-0.00123230400199814,-0.0057,-0.00231424091858834));
#2631=CARTESIAN_POINT('',(-0.000972496380862807,-0.0057,-0.00246424091858834));
#2632=CARTESIAN_POINT('',(-0.00112249638086281,-0.0057,-0.00272404853972367));
#2633=CARTESIAN_POINT('',(-0.00127249638086281,-0.0057,-0.002983856160859));
#2634=CARTESIAN_POINT('',(-0.00146735209671431,-0.0057,-0.002871356160859));
#2635=CARTESIAN_POINT('',(-0.00153230400199814,-0.0057,-0.002833856160859));
#2636=CARTESIAN_POINT('',(-0.00138230400199814,-0.0057,-0.00257404853972367));
#2637=CARTESIAN_POINT('',(-0.00103744828614664,-0.0057,0.00336402674638895));
#2638=CARTESIAN_POINT('',(-0.000972496380862806,-0.0057,0.00340152674638895));
#2639=CARTESIAN_POINT('',(-0.00123230400199814,-0.0057,0.00325152674638895));
#2640=CARTESIAN_POINT('',(-0.00138230400199814,-0.0057,0.00351133436752429));
#2641=CARTESIAN_POINT('',(-0.00153230400199814,-0.0057,0.00377114198865962));
#2642=CARTESIAN_POINT('',(-0.00133744828614664,-0.0057,0.00388364198865962));
#2643=CARTESIAN_POINT('',(-0.00127249638086281,-0.0057,0.00392114198865962));
#2644=CARTESIAN_POINT('',(-0.00112249638086281,-0.0057,0.00366133436752429));
#2645=CARTESIAN_POINT('',(0.00344298364105818,-0.0057,0.00205369100861648));
#2646=CARTESIAN_POINT('',(0.00348048364105817,-0.0057,0.00198873910333264));
#2647=CARTESIAN_POINT('',(0.00333048364105818,-0.0057,0.00224854672446797));
#2648=CARTESIAN_POINT('',(0.00359029126219351,-0.0057,0.00239854672446797));
#2649=CARTESIAN_POINT('',(0.00385009888332884,-0.0057,0.00254854672446797));
#2650=CARTESIAN_POINT('',(0.00396259888332884,-0.0057,0.00235369100861648));
#2651=CARTESIAN_POINT('',(0.00400009888332884,-0.0057,0.00228873910333264));
#2652=CARTESIAN_POINT('',(0.00374029126219351,-0.0057,0.00213873910333264));
#2653=CARTESIAN_POINT('',(0.00384759980856953,-0.0057,0.000393642913900308));
#2654=CARTESIAN_POINT('',(0.00384759980856953,-0.0057,0.000318642913900308));
#2655=CARTESIAN_POINT('',(0.00384759980856953,-0.0057,0.000618642913900308));
#2656=CARTESIAN_POINT('',(0.00414759980856953,-0.0057,0.000618642913900308));
#2657=CARTESIAN_POINT('',(0.00444759980856953,-0.0057,0.000618642913900308));
#2658=CARTESIAN_POINT('',(0.00444759980856953,-0.0057,0.000393642913900308));
#2659=CARTESIAN_POINT('',(0.00444759980856953,-0.0057,0.000318642913900308));
#2660=CARTESIAN_POINT('',(0.00414759980856953,-0.0057,0.000318642913900308));
#2661=CARTESIAN_POINT('',(-0.00275240019143048,-0.0057,0.000543642913900309));
#2662=CARTESIAN_POINT('',(-0.00275240019143048,-0.0057,0.000618642913900309));
#2663=CARTESIAN_POINT('',(-0.00275240019143048,-0.0057,0.000318642913900308));
#2664=CARTESIAN_POINT('',(-0.00305240019143047,-0.0057,0.000318642913900308));
#2665=CARTESIAN_POINT('',(-0.00335240019143047,-0.0057,0.000318642913900308));
#2666=CARTESIAN_POINT('',(-0.00335240019143047,-0.0057,0.000543642913900309));
#2667=CARTESIAN_POINT('',(-0.00335240019143047,-0.0057,0.000618642913900309));
#2668=CARTESIAN_POINT('',(-0.00305240019143047,-0.0057,0.000618642913900309));
#2669=CARTESIAN_POINT('',(0.0021326479032857,-0.0057,-0.00242674091858834));
#2670=CARTESIAN_POINT('',(0.00206769599800186,-0.0057,-0.00246424091858834));
#2671=CARTESIAN_POINT('',(0.00232750361913719,-0.0057,-0.00231424091858834));
#2672=CARTESIAN_POINT('',(0.00247750361913719,-0.0057,-0.00257404853972367));
#2673=CARTESIAN_POINT('',(0.00262750361913719,-0.0057,-0.002833856160859));
#2674=CARTESIAN_POINT('',(0.00243264790328569,-0.0057,-0.00294635616085901));
#2675=CARTESIAN_POINT('',(0.00236769599800186,-0.0057,-0.002983856160859));
#2676=CARTESIAN_POINT('',(0.00221769599800186,-0.0057,-0.00272404853972367));
#2677=CARTESIAN_POINT('',(0.000547599808569528,-0.0057,0.000468642913900309));
#2678=CARTESIAN_POINT('',(0.000547599808569528,-0.0057,-0.00403135708609969));
#2679=CARTESIAN_POINT('',(0.000547599808569528,-0.0057,0.000468642913900309));
#2680=CARTESIAN_POINT('',(0.000761817508007788,-0.0057,0.000757971061938794));
#2681=CARTESIAN_POINT('',(0.000393747664357035,-0.0057,0.00079411106552381));
#2682=CARTESIAN_POINT('',(0.000479211830963784,-0.0057,0.000653317781449595));
#2683=CARTESIAN_POINT('',(0.00365823687270457,-0.0057,0.00183056023055894));
#2684=CARTESIAN_POINT('',(0.00372662485031032,-0.0057,0.00164588536300966));
#2685=CARTESIAN_POINT('',(0.00379501282791606,-0.0057,0.00146121049546037));
#2686=CARTESIAN_POINT('',(0.000615987786175271,-0.0057,0.000283968046351021));
#2687=CARTESIAN_POINT('',(0.000898593463219274,-0.0057,0.00038862132684022));
#2688=CARTESIAN_POINT('',(0.000547599808569528,-0.0057,0.000468642913900309));
#2689=CARTESIAN_POINT('',(0.000192109049643207,-0.0057,0.000525443620920451));
#2690=CARTESIAN_POINT('',(0.000446780501212613,-0.0057,0.00033430919159863));
#2691=CARTESIAN_POINT('',(-0.00166531419098711,-0.0057,0.00191946532582367));
#2692=CARTESIAN_POINT('',(-0.00156449488363019,-0.0057,0.00205379904812536));
#2693=CARTESIAN_POINT('',(-0.00146367557627328,-0.0057,0.00218813277042704));
#2694=CARTESIAN_POINT('',(0.000648419115926442,-0.0057,0.000602976636201989));
#2695=CARTESIAN_POINT('',(0.000547599808569528,-0.006,0.000468642913900308));
#2696=CARTESIAN_POINT('',(0.000547599808569528,-0.006,0.000258642913900309));
#2697=CARTESIAN_POINT('',(0.000192109049643206,-0.006,0.000525443620920451));
#2698=CARTESIAN_POINT('',(-0.00166531419098711,-0.006,0.00191946532582367));
#2699=CARTESIAN_POINT('',(0.000547599808569528,-0.006,0.000468642913900309));
#2700=CARTESIAN_POINT('',(0.000393747664357035,-0.006,0.00079411106552381));
#2701=CARTESIAN_POINT('',(0.000547599808569528,-0.006,0.000678642913900309));
#2702=CARTESIAN_POINT('',(-0.00146367557627328,-0.006,0.00218813277042704));
#2703=CARTESIAN_POINT('',(-0.00156449488363019,-0.006,0.00205379904812536));
#2704=CARTESIAN_POINT('',(0.000547599808569528,-0.0057,0.000258642913900308));
#2705=CARTESIAN_POINT('',(0.000547599808569528,-0.006,0.000258642913900308));
#2706=CARTESIAN_POINT('',(0.000898593463219274,-0.006,0.00038862132684022));
#2707=CARTESIAN_POINT('',(0.00379501282791606,-0.006,0.00146121049546037));
#2708=CARTESIAN_POINT('',(0.000898593463219274,-0.00606,0.00038862132684022));
#2709=CARTESIAN_POINT('',(0.00379501282791606,-0.0057,0.00146121049546037));
#2710=CARTESIAN_POINT('',(0.000547599808569528,-0.0057,0.000678642913900308));
#2711=CARTESIAN_POINT('',(0.000761817508007788,-0.00606,0.000757971061938794));
#2712=CARTESIAN_POINT('',(0.000761817508007788,-0.006,0.000757971061938794));
#2713=CARTESIAN_POINT('',(0.000547599808569528,-0.006,0.000678642913900308));
#2714=CARTESIAN_POINT('',(0.00365823687270457,-0.006,0.00183056023055894));
#2715=CARTESIAN_POINT('',(0.00365823687270457,-0.0057,0.00183056023055894));
#2716=CARTESIAN_POINT('',(0.000547599808569528,-0.0057,0.000678642913900309));
#2717=CARTESIAN_POINT('',(0.000393747664357035,-0.00606,0.00079411106552381));
#2718=CARTESIAN_POINT('',(-0.00146367557627328,-0.0057,0.00218813277042704));
#2719=CARTESIAN_POINT('',(0.000547599808569528,-0.0057,0.000258642913900309));
#2720=CARTESIAN_POINT('',(0.000192109049643207,-0.00606,0.000525443620920451));
#2721=CARTESIAN_POINT('',(-0.00166531419098711,-0.0057,0.00191946532582367));
#2722=CARTESIAN_POINT('',(-0.00156449488363019,-0.0057,0.00205379904812536));
#2723=CARTESIAN_POINT('',(0.00372662485031032,-0.006,0.00164588536300966));
#2724=CARTESIAN_POINT('',(0.00372662485031032,-0.006,0.00164588536300966));
#2725=CARTESIAN_POINT('',(-0.00233240019143048,-0.0072,-0.00529135708609969));
#2726=CARTESIAN_POINT('',(-0.00233240019143048,-0.0024,-0.00529135708609969));
#2727=CARTESIAN_POINT('',(-0.00479240019143047,-0.0024,-0.00529135708609969));
#2728=CARTESIAN_POINT('',(0.00588759980856953,-0.0024,-0.00529135708609969));
#2729=CARTESIAN_POINT('',(0.00588759980856953,-0.0072,-0.00529135708609969));
#2730=CARTESIAN_POINT('',(0.00588759980856953,-0.0072,-0.00529135708609969));
#2731=CARTESIAN_POINT('',(-0.00233240019143048,-0.0072,-0.00529135708609969));
#2732=CARTESIAN_POINT('',(-0.00479240019143047,-0.0072,-0.00529135708609969));
#2733=CARTESIAN_POINT('',(-0.00479240019143047,-0.0072,-0.00529135708609969));
#2734=CARTESIAN_POINT('',(0.00630759980856953,-0.0072,0.00046864291390031));
#2735=CARTESIAN_POINT('',(0.00630759980856953,-0.0072,0.00046864291390031));
#2736=CARTESIAN_POINT('',(0.00630759980856953,-0.0072,-0.00487135708609969));
#2737=CARTESIAN_POINT('',(0.00630759980856953,-0.0072,0.00442864291390031));
#2738=CARTESIAN_POINT('',(0.00630759980856953,-0.0072,-0.00487135708609969));
#2739=CARTESIAN_POINT('',(0.00630759980856953,-0.0024,-0.00487135708609969));
#2740=CARTESIAN_POINT('',(0.00630759980856953,-0.0024,0.00046864291390031));
#2741=CARTESIAN_POINT('',(0.00630759980856953,-0.0024,0.00442864291390031));
#2742=CARTESIAN_POINT('',(0.00630759980856953,-0.0072,0.00442864291390031));
#2743=CARTESIAN_POINT('',(0.000547599808569527,-0.0072,0.00622864291390031));
#2744=CARTESIAN_POINT('',(0.000547599808569527,-0.0072,0.00622864291390031));
#2745=CARTESIAN_POINT('',(0.00450759980856953,-0.0072,0.00622864291390031));
#2746=CARTESIAN_POINT('',(2.30110329541341E-6,-0.0072,0.00622864291390031));
#2747=CARTESIAN_POINT('',(0.00450759980856953,-0.0072,0.00622864291390031));
#2748=CARTESIAN_POINT('',(0.00450759980856953,-0.0024,0.00622864291390031));
#2749=CARTESIAN_POINT('',(0.000547599808569527,-0.0024,0.00622864291390031));
#2750=CARTESIAN_POINT('',(2.30110329541341E-6,-0.0024,0.00622864291390031));
#2751=CARTESIAN_POINT('',(2.30110329541341E-6,-0.0072,0.00622864291390031));
#2752=CARTESIAN_POINT('',(0.000547599808569528,-0.0072,0.000468642913900309));
#2753=CARTESIAN_POINT('',(0.000547599808569528,-0.0072,0.000468642913900309));
#2754=CARTESIAN_POINT('',(0.000547599808569528,-0.0072,-0.00403135708609969));
#2755=CARTESIAN_POINT('',(-0.00521240019143047,-0.0072,0.000468642913900309));
#2756=CARTESIAN_POINT('',(-0.00521240019143047,-0.0024,0.000468642913900309));
#2757=CARTESIAN_POINT('',(-0.00521240019143047,-0.0024,0.00101394161917442));
#2758=CARTESIAN_POINT('',(-0.00521240019143047,-0.0024,-0.00487135708609969));
#2759=CARTESIAN_POINT('',(-0.00521240019143047,-0.0072,-0.00487135708609969));
#2760=CARTESIAN_POINT('',(-0.00521240019143047,-0.0072,-0.00487135708609969));
#2761=CARTESIAN_POINT('',(-0.00521240019143047,-0.0072,0.000468642913900309));
#2762=CARTESIAN_POINT('',(-0.00521240019143047,-0.0072,0.00101394161917442));
#2763=CARTESIAN_POINT('',(-0.00521240019143047,-0.0072,0.00101394161917442));
#2764=CARTESIAN_POINT('',(0.000547599808569527,-0.0072,0.000468642913900309));
#2765=CARTESIAN_POINT('',(0.00478239435274337,-0.0072,0.00470343745807415));
#2766=CARTESIAN_POINT('',(0.00478239435274337,-0.0072,0.00395343745807415));
#2767=CARTESIAN_POINT('',(0.00588759980856953,-0.0072,-0.00487135708609969));
#2768=CARTESIAN_POINT('',(0.00450759980856953,-0.0072,0.00442864291390031));
#2769=CARTESIAN_POINT('',(2.30110329541341E-6,-0.0072,0.00101394161917442));
#2770=CARTESIAN_POINT('',(-0.00479240019143047,-0.0072,-0.00487135708609969));
#2771=CARTESIAN_POINT('',(0.000547599808569527,-0.0024,0.000468642913900309));
#2772=CARTESIAN_POINT('',(0.00588759980856953,-0.0024,-0.00487135708609969));
#2773=CARTESIAN_POINT('',(-0.00479240019143047,-0.0024,-0.00487135708609969));
#2774=CARTESIAN_POINT('',(2.30110329541341E-6,-0.0024,0.00101394161917442));
#2775=CARTESIAN_POINT('',(0.00450759980856953,-0.0024,0.00442864291390031));
#2776=CARTESIAN_POINT('',(2.30110329541341E-6,-0.0072,0.00101394161917442));
#2777=CARTESIAN_POINT('',(0.00450759980856953,-0.0072,0.00442864291390031));
#2778=CARTESIAN_POINT('',(0.00588759980856953,-0.0072,-0.00487135708609969));
#2779=CARTESIAN_POINT('',(-0.00479240019143047,-0.0072,-0.00487135708609969));
#2780=CARTESIAN_POINT('',(0.0021326479032857,-0.006,-0.00242674091858834));
#2781=CARTESIAN_POINT('',(0.00206769599800186,-0.006,-0.00246424091858834));
#2782=CARTESIAN_POINT('',(0.00206769599800186,-0.006,-0.00246424091858834));
#2783=CARTESIAN_POINT('',(0.0021326479032857,-0.006,-0.00242674091858834));
#2784=CARTESIAN_POINT('',(0.00232750361913719,-0.006,-0.00231424091858834));
#2785=CARTESIAN_POINT('',(0.00232750361913719,-0.006,-0.00231424091858834));
#2786=CARTESIAN_POINT('',(0.00221769599800186,-0.006,-0.00272404853972367));
#2787=CARTESIAN_POINT('',(0.00236769599800186,-0.006,-0.002983856160859));
#2788=CARTESIAN_POINT('',(0.00236769599800186,-0.006,-0.002983856160859));
#2789=CARTESIAN_POINT('',(0.00221769599800186,-0.006,-0.00272404853972367));
#2790=CARTESIAN_POINT('',(0.00243264790328569,-0.006,-0.00294635616085901));
#2791=CARTESIAN_POINT('',(0.00262750361913719,-0.006,-0.002833856160859));
#2792=CARTESIAN_POINT('',(0.00262750361913719,-0.006,-0.002833856160859));
#2793=CARTESIAN_POINT('',(0.00243264790328569,-0.006,-0.00294635616085901));
#2794=CARTESIAN_POINT('',(0.00247750361913719,-0.006,-0.00257404853972367));
#2795=CARTESIAN_POINT('',(0.00247750361913719,-0.006,-0.00257404853972367));
#2796=CARTESIAN_POINT('',(0.000547599808569528,-0.006,0.000468642913900309));
#2797=CARTESIAN_POINT('',(-0.00275240019143048,-0.006,0.000543642913900309));
#2798=CARTESIAN_POINT('',(-0.00275240019143048,-0.006,0.000618642913900309));
#2799=CARTESIAN_POINT('',(-0.00275240019143048,-0.006,0.000618642913900309));
#2800=CARTESIAN_POINT('',(-0.00275240019143048,-0.006,0.000543642913900309));
#2801=CARTESIAN_POINT('',(-0.00275240019143048,-0.006,0.000318642913900308));
#2802=CARTESIAN_POINT('',(-0.00275240019143048,-0.006,0.000318642913900308));
#2803=CARTESIAN_POINT('',(-0.00305240019143047,-0.006,0.000618642913900309));
#2804=CARTESIAN_POINT('',(-0.00335240019143047,-0.006,0.000618642913900309));
#2805=CARTESIAN_POINT('',(-0.00335240019143047,-0.006,0.000618642913900309));
#2806=CARTESIAN_POINT('',(-0.00305240019143047,-0.006,0.000618642913900309));
#2807=CARTESIAN_POINT('',(-0.00335240019143047,-0.006,0.000543642913900309));
#2808=CARTESIAN_POINT('',(-0.00335240019143047,-0.006,0.000318642913900308));
#2809=CARTESIAN_POINT('',(-0.00335240019143047,-0.006,0.000318642913900308));
#2810=CARTESIAN_POINT('',(-0.00335240019143047,-0.006,0.000543642913900309));
#2811=CARTESIAN_POINT('',(-0.00305240019143047,-0.006,0.000318642913900308));
#2812=CARTESIAN_POINT('',(-0.00305240019143047,-0.006,0.000318642913900308));
#2813=CARTESIAN_POINT('',(0.000547599808569528,-0.006,0.000468642913900309));
#2814=CARTESIAN_POINT('',(0.00384759980856953,-0.006,0.000393642913900308));
#2815=CARTESIAN_POINT('',(0.00384759980856953,-0.006,0.000318642913900308));
#2816=CARTESIAN_POINT('',(0.00384759980856953,-0.006,0.000318642913900308));
#2817=CARTESIAN_POINT('',(0.00384759980856953,-0.006,0.000393642913900308));
#2818=CARTESIAN_POINT('',(0.00384759980856953,-0.006,0.000618642913900308));
#2819=CARTESIAN_POINT('',(0.00384759980856953,-0.006,0.000618642913900308));
#2820=CARTESIAN_POINT('',(0.00414759980856953,-0.006,0.000318642913900308));
#2821=CARTESIAN_POINT('',(0.00444759980856953,-0.006,0.000318642913900308));
#2822=CARTESIAN_POINT('',(0.00444759980856953,-0.006,0.000318642913900308));
#2823=CARTESIAN_POINT('',(0.00414759980856953,-0.006,0.000318642913900308));
#2824=CARTESIAN_POINT('',(0.00444759980856953,-0.006,0.000393642913900308));
#2825=CARTESIAN_POINT('',(0.00444759980856953,-0.006,0.000618642913900308));
#2826=CARTESIAN_POINT('',(0.00444759980856953,-0.006,0.000618642913900308));
#2827=CARTESIAN_POINT('',(0.00444759980856953,-0.006,0.000393642913900308));
#2828=CARTESIAN_POINT('',(0.00414759980856953,-0.006,0.000618642913900308));
#2829=CARTESIAN_POINT('',(0.00414759980856953,-0.006,0.000618642913900308));
#2830=CARTESIAN_POINT('',(0.000547599808569528,-0.006,0.000468642913900309));
#2831=CARTESIAN_POINT('',(0.00344298364105818,-0.006,0.00205369100861648));
#2832=CARTESIAN_POINT('',(0.00348048364105817,-0.006,0.00198873910333264));
#2833=CARTESIAN_POINT('',(0.00348048364105817,-0.006,0.00198873910333264));
#2834=CARTESIAN_POINT('',(0.00344298364105818,-0.006,0.00205369100861648));
#2835=CARTESIAN_POINT('',(0.00333048364105818,-0.006,0.00224854672446797));
#2836=CARTESIAN_POINT('',(0.00333048364105818,-0.006,0.00224854672446797));
#2837=CARTESIAN_POINT('',(0.00374029126219351,-0.006,0.00213873910333264));
#2838=CARTESIAN_POINT('',(0.00400009888332884,-0.006,0.00228873910333264));
#2839=CARTESIAN_POINT('',(0.00400009888332884,-0.006,0.00228873910333264));
#2840=CARTESIAN_POINT('',(0.00374029126219351,-0.006,0.00213873910333264));
#2841=CARTESIAN_POINT('',(0.00396259888332884,-0.006,0.00235369100861648));
#2842=CARTESIAN_POINT('',(0.00385009888332884,-0.006,0.00254854672446797));
#2843=CARTESIAN_POINT('',(0.00385009888332884,-0.006,0.00254854672446797));
#2844=CARTESIAN_POINT('',(0.00396259888332884,-0.006,0.00235369100861648));
#2845=CARTESIAN_POINT('',(0.00359029126219351,-0.006,0.00239854672446797));
#2846=CARTESIAN_POINT('',(0.00359029126219351,-0.006,0.00239854672446797));
#2847=CARTESIAN_POINT('',(0.000547599808569528,-0.006,0.000468642913900309));
#2848=CARTESIAN_POINT('',(-0.00103744828614664,-0.006,0.00336402674638895));
#2849=CARTESIAN_POINT('',(-0.000972496380862806,-0.006,0.00340152674638895));
#2850=CARTESIAN_POINT('',(-0.000972496380862806,-0.006,0.00340152674638895));
#2851=CARTESIAN_POINT('',(-0.00103744828614664,-0.006,0.00336402674638895));
#2852=CARTESIAN_POINT('',(-0.00123230400199814,-0.006,0.00325152674638895));
#2853=CARTESIAN_POINT('',(-0.00123230400199814,-0.006,0.00325152674638895));
#2854=CARTESIAN_POINT('',(-0.00112249638086281,-0.006,0.00366133436752429));
#2855=CARTESIAN_POINT('',(-0.00127249638086281,-0.006,0.00392114198865962));
#2856=CARTESIAN_POINT('',(-0.00127249638086281,-0.006,0.00392114198865962));
#2857=CARTESIAN_POINT('',(-0.00112249638086281,-0.006,0.00366133436752429));
#2858=CARTESIAN_POINT('',(-0.00133744828614664,-0.006,0.00388364198865962));
#2859=CARTESIAN_POINT('',(-0.00153230400199814,-0.006,0.00377114198865962));
#2860=CARTESIAN_POINT('',(-0.00153230400199814,-0.006,0.00377114198865962));
#2861=CARTESIAN_POINT('',(-0.00133744828614664,-0.006,0.00388364198865962));
#2862=CARTESIAN_POINT('',(-0.00138230400199814,-0.006,0.00351133436752429));
#2863=CARTESIAN_POINT('',(-0.00138230400199814,-0.006,0.00351133436752429));
#2864=CARTESIAN_POINT('',(0.000547599808569528,-0.006,0.000468642913900309));
#2865=CARTESIAN_POINT('',(-0.00116735209671431,-0.006,-0.00235174091858834));
#2866=CARTESIAN_POINT('',(-0.00123230400199814,-0.006,-0.00231424091858834));
#2867=CARTESIAN_POINT('',(-0.00123230400199814,-0.006,-0.00231424091858834));
#2868=CARTESIAN_POINT('',(-0.00116735209671431,-0.006,-0.00235174091858834));
#2869=CARTESIAN_POINT('',(-0.000972496380862807,-0.006,-0.00246424091858834));
#2870=CARTESIAN_POINT('',(-0.000972496380862807,-0.006,-0.00246424091858834));
#2871=CARTESIAN_POINT('',(-0.00138230400199814,-0.006,-0.00257404853972367));
#2872=CARTESIAN_POINT('',(-0.00153230400199814,-0.006,-0.002833856160859));
#2873=CARTESIAN_POINT('',(-0.00153230400199814,-0.006,-0.002833856160859));
#2874=CARTESIAN_POINT('',(-0.00138230400199814,-0.006,-0.00257404853972367));
#2875=CARTESIAN_POINT('',(-0.00146735209671431,-0.006,-0.002871356160859));
#2876=CARTESIAN_POINT('',(-0.00127249638086281,-0.006,-0.002983856160859));
#2877=CARTESIAN_POINT('',(-0.00127249638086281,-0.006,-0.002983856160859));
#2878=CARTESIAN_POINT('',(-0.00146735209671431,-0.006,-0.002871356160859));
#2879=CARTESIAN_POINT('',(-0.00112249638086281,-0.006,-0.00272404853972367));
#2880=CARTESIAN_POINT('',(-0.00112249638086281,-0.006,-0.00272404853972367));
#2881=CARTESIAN_POINT('',(0.000547599808569528,-0.006,0.000468642913900309));
#2882=CARTESIAN_POINT('',(-0.00234778402391912,-0.006,-0.00111640518081586));
#2883=CARTESIAN_POINT('',(-0.00238528402391912,-0.006,-0.00105145327553202));
#2884=CARTESIAN_POINT('',(-0.00238528402391912,-0.006,-0.00105145327553202));
#2885=CARTESIAN_POINT('',(-0.00234778402391912,-0.006,-0.00111640518081586));
#2886=CARTESIAN_POINT('',(-0.00223528402391912,-0.006,-0.00131126089666736));
#2887=CARTESIAN_POINT('',(-0.00223528402391912,-0.006,-0.00131126089666736));
#2888=CARTESIAN_POINT('',(-0.00264509164505445,-0.006,-0.00120145327553202));
#2889=CARTESIAN_POINT('',(-0.00290489926618978,-0.006,-0.00135145327553203));
#2890=CARTESIAN_POINT('',(-0.00290489926618978,-0.006,-0.00135145327553203));
#2891=CARTESIAN_POINT('',(-0.00264509164505445,-0.006,-0.00120145327553202));
#2892=CARTESIAN_POINT('',(-0.00286739926618978,-0.006,-0.00141640518081586));
#2893=CARTESIAN_POINT('',(-0.00275489926618978,-0.006,-0.00161126089666736));
#2894=CARTESIAN_POINT('',(-0.00275489926618978,-0.006,-0.00161126089666736));
#2895=CARTESIAN_POINT('',(-0.00286739926618978,-0.006,-0.00141640518081586));
#2896=CARTESIAN_POINT('',(-0.00249509164505445,-0.006,-0.00146126089666736));
#2897=CARTESIAN_POINT('',(-0.00249509164505445,-0.006,-0.00146126089666736));
#2898=CARTESIAN_POINT('',(0.000547599808569528,-0.006,0.000468642913900309));
#2899=CARTESIAN_POINT('',(0.000472599808569528,-0.006,-0.00283135708609969));
#2900=CARTESIAN_POINT('',(0.000397599808569528,-0.006,-0.00283135708609969));
#2901=CARTESIAN_POINT('',(0.000397599808569528,-0.006,-0.00283135708609969));
#2902=CARTESIAN_POINT('',(0.000472599808569528,-0.006,-0.00283135708609969));
#2903=CARTESIAN_POINT('',(0.000697599808569528,-0.006,-0.00283135708609969));
#2904=CARTESIAN_POINT('',(0.000697599808569528,-0.006,-0.00283135708609969));
#2905=CARTESIAN_POINT('',(0.000397599808569528,-0.006,-0.00313135708609969));
#2906=CARTESIAN_POINT('',(0.000397599808569528,-0.006,-0.00343135708609969));
#2907=CARTESIAN_POINT('',(0.000397599808569528,-0.006,-0.00343135708609969));
#2908=CARTESIAN_POINT('',(0.000397599808569528,-0.006,-0.00313135708609969));
#2909=CARTESIAN_POINT('',(0.000472599808569528,-0.006,-0.00343135708609969));
#2910=CARTESIAN_POINT('',(0.000697599808569528,-0.006,-0.00343135708609969));
#2911=CARTESIAN_POINT('',(0.000697599808569528,-0.006,-0.00343135708609969));
#2912=CARTESIAN_POINT('',(0.000472599808569528,-0.006,-0.00343135708609969));
#2913=CARTESIAN_POINT('',(0.000697599808569528,-0.006,-0.00313135708609969));
#2914=CARTESIAN_POINT('',(0.000697599808569528,-0.006,-0.00313135708609969));
#2915=CARTESIAN_POINT('',(0.000547599808569528,-0.006,0.000468642913900309));
#2916=CARTESIAN_POINT('',(-0.00227278402391912,-0.006,0.00218359481918414));
#2917=CARTESIAN_POINT('',(-0.00223528402391912,-0.006,0.00224854672446797));
#2918=CARTESIAN_POINT('',(-0.00223528402391912,-0.006,0.00224854672446797));
#2919=CARTESIAN_POINT('',(-0.00227278402391912,-0.006,0.00218359481918414));
#2920=CARTESIAN_POINT('',(-0.00238528402391912,-0.006,0.00198873910333264));
#2921=CARTESIAN_POINT('',(-0.00238528402391912,-0.006,0.00198873910333264));
#2922=CARTESIAN_POINT('',(-0.00249509164505445,-0.006,0.00239854672446797));
#2923=CARTESIAN_POINT('',(-0.00275489926618978,-0.006,0.00254854672446798));
#2924=CARTESIAN_POINT('',(-0.00275489926618978,-0.006,0.00254854672446798));
#2925=CARTESIAN_POINT('',(-0.00249509164505445,-0.006,0.00239854672446797));
#2926=CARTESIAN_POINT('',(-0.00279239926618978,-0.006,0.00248359481918414));
#2927=CARTESIAN_POINT('',(-0.00290489926618978,-0.006,0.00228873910333265));
#2928=CARTESIAN_POINT('',(-0.00290489926618978,-0.006,0.00228873910333265));
#2929=CARTESIAN_POINT('',(-0.00279239926618978,-0.006,0.00248359481918414));
#2930=CARTESIAN_POINT('',(-0.00264509164505445,-0.006,0.00213873910333265));
#2931=CARTESIAN_POINT('',(-0.00264509164505445,-0.006,0.00213873910333265));
#2932=CARTESIAN_POINT('',(0.000547599808569528,-0.006,0.000468642913900309));
#2933=CARTESIAN_POINT('',(0.00226255171385337,-0.006,0.00328902674638895));
#2934=CARTESIAN_POINT('',(0.00232750361913719,-0.006,0.00325152674638895));
#2935=CARTESIAN_POINT('',(0.00232750361913719,-0.006,0.00325152674638895));
#2936=CARTESIAN_POINT('',(0.00226255171385337,-0.006,0.00328902674638895));
#2937=CARTESIAN_POINT('',(0.00206769599800186,-0.006,0.00340152674638895));
#2938=CARTESIAN_POINT('',(0.00206769599800186,-0.006,0.00340152674638895));
#2939=CARTESIAN_POINT('',(0.00247750361913719,-0.006,0.00351133436752428));
#2940=CARTESIAN_POINT('',(0.00262750361913719,-0.006,0.00377114198865962));
#2941=CARTESIAN_POINT('',(0.00262750361913719,-0.006,0.00377114198865962));
#2942=CARTESIAN_POINT('',(0.00247750361913719,-0.006,0.00351133436752428));
#2943=CARTESIAN_POINT('',(0.00256255171385337,-0.006,0.00380864198865962));
#2944=CARTESIAN_POINT('',(0.00236769599800186,-0.006,0.00392114198865962));
#2945=CARTESIAN_POINT('',(0.00236769599800186,-0.006,0.00392114198865962));
#2946=CARTESIAN_POINT('',(0.00256255171385337,-0.006,0.00380864198865962));
#2947=CARTESIAN_POINT('',(0.00221769599800186,-0.006,0.00366133436752428));
#2948=CARTESIAN_POINT('',(0.00221769599800186,-0.006,0.00366133436752428));
#2949=CARTESIAN_POINT('',(0.000547599808569528,-0.006,0.000468642913900309));
#2950=CARTESIAN_POINT('',(0.000622599808569528,-0.006,0.00376864291390031));
#2951=CARTESIAN_POINT('',(0.000697599808569528,-0.006,0.00376864291390031));
#2952=CARTESIAN_POINT('',(0.000697599808569528,-0.006,0.00376864291390031));
#2953=CARTESIAN_POINT('',(0.000622599808569528,-0.006,0.00376864291390031));
#2954=CARTESIAN_POINT('',(0.000397599808569528,-0.006,0.00376864291390031));
#2955=CARTESIAN_POINT('',(0.000397599808569528,-0.006,0.00376864291390031));
#2956=CARTESIAN_POINT('',(0.000697599808569528,-0.006,0.00406864291390031));
#2957=CARTESIAN_POINT('',(0.000697599808569528,-0.006,0.00436864291390031));
#2958=CARTESIAN_POINT('',(0.000697599808569528,-0.006,0.00436864291390031));
#2959=CARTESIAN_POINT('',(0.000697599808569528,-0.006,0.00406864291390031));
#2960=CARTESIAN_POINT('',(0.000622599808569528,-0.006,0.00436864291390031));
#2961=CARTESIAN_POINT('',(0.000397599808569528,-0.006,0.00436864291390031));
#2962=CARTESIAN_POINT('',(0.000397599808569528,-0.006,0.00436864291390031));
#2963=CARTESIAN_POINT('',(0.000622599808569528,-0.006,0.00436864291390031));
#2964=CARTESIAN_POINT('',(0.000397599808569528,-0.006,0.00406864291390031));
#2965=CARTESIAN_POINT('',(0.000397599808569528,-0.006,0.00406864291390031));
#2966=CARTESIAN_POINT('',(0.000547599808569528,-0.006,0.000468642913900309));
#2967=CARTESIAN_POINT('',(0.00336798364105817,-0.006,-0.00124630899138353));
#2968=CARTESIAN_POINT('',(0.00333048364105817,-0.006,-0.00131126089666736));
#2969=CARTESIAN_POINT('',(0.00333048364105817,-0.006,-0.00131126089666736));
#2970=CARTESIAN_POINT('',(0.00336798364105817,-0.006,-0.00124630899138353));
#2971=CARTESIAN_POINT('',(0.00348048364105817,-0.006,-0.00105145327553203));
#2972=CARTESIAN_POINT('',(0.00348048364105817,-0.006,-0.00105145327553203));
#2973=CARTESIAN_POINT('',(0.0035902912621935,-0.006,-0.00146126089666736));
#2974=CARTESIAN_POINT('',(0.00385009888332884,-0.006,-0.00161126089666736));
#2975=CARTESIAN_POINT('',(0.00385009888332884,-0.006,-0.00161126089666736));
#2976=CARTESIAN_POINT('',(0.0035902912621935,-0.006,-0.00146126089666736));
#2977=CARTESIAN_POINT('',(0.00388759888332884,-0.006,-0.00154630899138353));
#2978=CARTESIAN_POINT('',(0.00400009888332884,-0.006,-0.00135145327553203));
#2979=CARTESIAN_POINT('',(0.00400009888332884,-0.006,-0.00135145327553203));
#2980=CARTESIAN_POINT('',(0.00388759888332884,-0.006,-0.00154630899138353));
#2981=CARTESIAN_POINT('',(0.0037402912621935,-0.006,-0.00120145327553203));
#2982=CARTESIAN_POINT('',(0.0037402912621935,-0.006,-0.00120145327553203));
#2983=CARTESIAN_POINT('',(0.000547599808569528,-0.006,0.000468642913900309));
#2984=CARTESIAN_POINT('',(0.000547599808569528,-0.006,0.000468642913900308));
#2985=CARTESIAN_POINT('',(0.000547599808569528,-0.006,0.000468642913900309));
#2986=CARTESIAN_POINT('',(0.000547599808569528,-0.00606,0.000468642913900309));
#2987=CARTESIAN_POINT('',(0.000547599808569528,-0.00606,0.000468642913900309));
#2988=CARTESIAN_POINT('',(0.000547599808569528,-0.00606,0.000108642913900309));
#2989=CARTESIAN_POINT('',(0.000547599808569528,-0.00606,0.000468642913900309));
#2990=CARTESIAN_POINT('',(0.00478239435274337,-0.00774,0.00470343745807415));
#2991=CARTESIAN_POINT('',(0.00478239435274337,-0.00774,0.00470343745807415));
#2992=CARTESIAN_POINT('',(0.00478239435274337,-0.00774,0.00395343745807415));
#2993=CARTESIAN_POINT('',(0.000547599808569527,-0.00774,0.000468642913900309));
#2994=MECHANICAL_DESIGN_GEOMETRIC_PRESENTATION_REPRESENTATION('',(#1566,
#1397,#1398,#1399,#1400,#1401,#1402,#1403,#1404,#1405,#1406,#1407,#1408,
#1409,#1410,#1411,#1412,#1413,#1414,#1415,#1416,#1417,#1418,#1419,#1420,
#1421,#1422,#1423,#1424,#1425,#1426,#1427,#1428,#1429,#1430,#1431,#1432,
#1433,#1434,#1435,#1436,#1437,#1438,#1439,#1440,#1441,#1442,#1443,#1444,
#1445,#1446,#1447,#1448,#1449,#1450,#1451,#1452,#1453,#1454,#1455,#1456,
#1457,#1458,#1459,#1460,#1461,#1462,#1463,#1464,#1465,#1466,#1467,#1468,
#1469,#1470,#1471,#1472,#1473,#1474,#1475,#1476,#1477,#1478,#1479,#1480),
#2995);
#2995=(
GEOMETRIC_REPRESENTATION_CONTEXT(3)
GLOBAL_UNCERTAINTY_ASSIGNED_CONTEXT((#2996))
GLOBAL_UNIT_ASSIGNED_CONTEXT((#2999,#2998,#2997))
REPRESENTATION_CONTEXT('Part 1','TOP_LEVEL_ASSEMBLY_PART')
);
#2996=UNCERTAINTY_MEASURE_WITH_UNIT(LENGTH_MEASURE(1.E-8),#2999,
'DISTANCE_ACCURACY_VALUE','Maximum Tolerance applied to model');
#2997=(
NAMED_UNIT(*)
SI_UNIT($,.STERADIAN.)
SOLID_ANGLE_UNIT()
);
#2998=(
NAMED_UNIT(*)
PLANE_ANGLE_UNIT()
SI_UNIT($,.RADIAN.)
);
#2999=(
LENGTH_UNIT()
NAMED_UNIT(*)
SI_UNIT($,.METRE.)
);
#3000=PRODUCT_DEFINITION_SHAPE('','',#3001);
#3001=PRODUCT_DEFINITION('','',#3003,#3002);
#3002=PRODUCT_DEFINITION_CONTEXT('',#3009,'design');
#3003=PRODUCT_DEFINITION_FORMATION_WITH_SPECIFIED_SOURCE('','',#3005,
 .NOT_KNOWN.);
#3004=PRODUCT_RELATED_PRODUCT_CATEGORY('','',(#3005));
#3005=PRODUCT('Part 1','Part 1','Part 1',(#3007));
#3006=PRODUCT_CATEGORY('','');
#3007=PRODUCT_CONTEXT('',#3009,'mechanical');
#3008=APPLICATION_PROTOCOL_DEFINITION('international standard',
'ap242_managed_model_based_3d_engineering',2020,#3009);
#3009=APPLICATION_CONTEXT('managed model based 3d engineering');
ENDSEC;
END-ISO-10303-21;
